customer_id,customer_name,email,phone_number,city,latitude,longitude,created_at,membership_level
1,최민준,chmj859@daum.net,,대구,35.8714,128.6014,2021-08-17,일반
2,최예린,chngr858@gmail.com,,창원,35.2271,128.6811,2022-03-09,MVP
3,박지후,bjh338@gmail.com,010-9928-7873,수원,37.2636,127.0286,2021-07-23,우수
4,윤수빈,ngsb703@daum.net,010-6574-5552,서울,37.5665,126.978,2021-06-13,우수
5,정지후,jjh881@daum.net,010-6881-6635,부산,35.1796,129.0756,2021-04-05,일반
6,장현정,jhj144@nate.com,010-7201-2291,수원,37.2636,127.0286,2021-05-08,일반
7,송우진,sngj949@daum.net,010-1750-4733,창원,35.2271,128.6811,2021-07-16,일반
8,임예준,ngngj975@naver.com,010-6977-3664,부산,35.1796,129.0756,2022-01-25,VIP
9,한지원,hjng314@daum.net,010-3803-9751,전주,35.8219,127.148,2022-12-01,우수
10,윤하준,nghj573@nate.com,010-4598-6313,대전,36.3504,127.3845,2022-10-18,우수
11,이현우,nghng941@gmail.com,010-4456-6155,광주,35.1595,126.8526,2022-02-15,일반
12,조서현,jsh611@nate.com,,청주,36.6424,127.489,2022-04-15,MVP
13,정현우,jhng862@daum.net,010-7543-6930,전주,35.8219,127.148,2022-08-22,VIP
14,윤주원,ngjng621@nate.com,010-3504-3621,부산,35.1796,129.0756,2021-02-18,일반
15,서하린,shr165@nate.com,010-9669-5119,울산,35.5398,129.3114,2022-09-03,일반
16,송지현,sjh111@gmail.com,010-6573-2827,청주,36.6424,127.489,2022-07-04,일반
17,임서연,ngsng261@nate.com,010-3927-9317,서울,37.5665,126.978,2021-09-27,일반
18,최지현,chjh740@daum.net,010-3504-7126,청주,36.6424,127.489,2022-06-04,우수
19,강지아,gjng897@gmail.com,010-2832-6947,창원,35.2271,128.6811,2021-11-28,일반
20,임현우,nghng159@naver.com,,창원,35.2271,128.6811,2021-03-22,일반
21,황영민,hngm170@naver.com,010-3705-5342,인천,37.4563,126.7052,2022-11-07,우수
22,안지현,ngjh721@nate.com,010-4295-6107,대구,35.8714,128.6014,2022-07-07,일반
23,신예린,sngr765@daum.net,010-5061-4681,세종,36.48,127.289,2022-06-14,일반
24,박유진,bngj121@naver.com,,창원,35.2271,128.6811,2021-08-14,일반
25,이현우,nghng169@gmail.com,010-5562-8953,광주,35.1595,126.8526,2021-03-14,일반
26,조지아,jjng235@nate.com,010-4119-2545,대구,35.8714,128.6014,2022-04-30,우수
27,최예린,chngr541@daum.net,010-1887-2612,울산,35.5398,129.3114,2022-02-25,일반
28,이지민,ngjm845@daum.net,,부산,35.1796,129.0756,2021-09-12,우수
29,송수빈,ssb243@nate.com,010-2235-8260,인천,37.4563,126.7052,2021-10-13,우수
30,송도윤,sdng151@gmail.com,,부산,35.1796,129.0756,2021-08-31,일반
31,황민서,hms318@nate.com,010-7396-5345,서울,37.5665,126.978,2021-06-18,우수
32,권우진,gngj533@nate.com,010-1958-9883,인천,37.4563,126.7052,2021-07-14,일반
33,이채원,ngchng421@gmail.com,010-9701-3579,서울,37.5665,126.978,2022-08-22,일반
34,이하늘,nghn182@naver.com,,부산,35.1796,129.0756,2022-09-02,VIP
35,윤지민,ngjm222@naver.com,,창원,35.2271,128.6811,2022-09-01,MVP
36,박서연,bsng773@daum.net,010-6147-4910,대전,36.3504,127.3845,2021-07-29,VIP
37,장지민,jjm234@daum.net,010-2188-1152,세종,36.48,127.289,2021-11-20,일반
38,권하린,ghr676@gmail.com,010-5345-3170,부산,35.1796,129.0756,2022-07-05,일반
39,한태현,hth170@naver.com,,광주,35.1595,126.8526,2021-10-19,우수
40,송가은,sgng409@gmail.com,010-2697-3200,청주,36.6424,127.489,2022-07-22,일반
41,장도윤,jdng209@naver.com,010-6617-4335,대전,36.3504,127.3845,2021-10-16,일반
42,장하늘,jhn600@daum.net,010-5533-1722,서울,37.5665,126.978,2021-04-05,일반
43,김유진,gngj889@naver.com,,청주,36.6424,127.489,2021-09-26,일반
44,권지아,gjng822@nate.com,,수원,37.2636,127.0286,2021-01-10,VIP
45,정지아,jjng136@daum.net,,창원,35.2271,128.6811,2022-07-20,일반
46,정서준,jsj415@daum.net,010-5088-2684,서울,37.5665,126.978,2022-01-02,우수
47,한나윤,hnng673@nate.com,010-4878-3662,창원,35.2271,128.6811,2021-06-08,일반
48,강태현,gth522@gmail.com,010-7745-5065,인천,37.4563,126.7052,2021-12-07,우수
49,장하준,jhj906@gmail.com,010-4644-4269,울산,35.5398,129.3114,2021-02-09,우수
50,권지원,gjng412@naver.com,010-7528-6378,대구,35.8714,128.6014,2021-01-25,일반
51,장지현,jjh171@daum.net,010-9785-6425,광주,35.1595,126.8526,2022-10-19,MVP
52,김도윤,gdng998@daum.net,010-5349-1626,인천,37.4563,126.7052,2022-08-18,우수
53,최하린,chhr544@daum.net,010-9379-2894,전주,35.8219,127.148,2021-11-18,VIP
54,신태현,sth690@naver.com,010-1027-9518,대전,36.3504,127.3845,2021-02-15,VIP
55,송예린,sngr836@naver.com,,광주,35.1595,126.8526,2022-03-18,우수
56,오하린,nghr421@gmail.com,010-7691-6344,전주,35.8219,127.148,2021-11-04,VIP
57,신가은,sgng402@naver.com,010-7211-3851,대구,35.8714,128.6014,2022-03-07,일반
58,전우진,jngj515@gmail.com,010-6279-8618,대전,36.3504,127.3845,2021-10-21,일반
59,권수빈,gsb791@naver.com,010-3780-2389,수원,37.2636,127.0286,2022-04-30,일반
60,임하늘,nghn779@daum.net,010-4680-4262,부산,35.1796,129.0756,2021-08-29,일반
61,정민준,jmj147@naver.com,010-2193-8461,세종,36.48,127.289,2022-09-18,일반
62,서태현,sth744@naver.com,010-7547-4997,전주,35.8219,127.148,2022-12-15,일반
63,정서현,jsh804@gmail.com,010-9486-8611,부산,35.1796,129.0756,2022-03-12,VIP
64,이지아,ngjng355@gmail.com,010-9702-6198,세종,36.48,127.289,2021-05-17,일반
65,권하린,ghr934@nate.com,010-8777-8373,수원,37.2636,127.0286,2022-04-02,일반
66,장나윤,jnng353@daum.net,010-5499-8206,수원,37.2636,127.0286,2022-05-12,우수
67,박가은,bgng392@naver.com,010-9849-2320,대전,36.3504,127.3845,2021-12-10,일반
68,정주원,jjng336@nate.com,010-2052-7797,전주,35.8219,127.148,2021-06-06,VIP
69,서유진,sngj655@nate.com,010-7883-7381,울산,35.5398,129.3114,2021-03-05,일반
70,전가은,jgng120@nate.com,010-5892-7389,세종,36.48,127.289,2021-01-07,MVP
71,서지아,sjng865@naver.com,010-8956-1475,세종,36.48,127.289,2021-08-13,우수
72,신유진,sngj784@nate.com,010-3091-9751,전주,35.8219,127.148,2021-06-19,일반
73,김도현,gdh503@gmail.com,010-8564-3977,부산,35.1796,129.0756,2022-10-21,일반
74,이지훈,ngjh488@daum.net,010-7211-5558,대구,35.8714,128.6014,2022-04-11,VIP
75,서지훈,sjh954@gmail.com,010-1853-6733,세종,36.48,127.289,2021-01-20,우수
76,윤서현,ngsh170@gmail.com,,서울,37.5665,126.978,2021-09-11,우수
77,김하린,ghr256@naver.com,010-4571-8619,인천,37.4563,126.7052,2022-04-30,우수
78,장나윤,jnng477@naver.com,010-2876-3683,창원,35.2271,128.6811,2022-09-14,일반
79,임도윤,ngdng692@gmail.com,010-7149-7498,대전,36.3504,127.3845,2022-08-13,일반
80,조예준,jngj706@naver.com,010-2983-1672,부산,35.1796,129.0756,2022-12-15,일반
81,한지아,hjng538@daum.net,010-1207-7882,부산,35.1796,129.0756,2022-06-03,VIP
82,황도윤,hdng543@daum.net,010-8135-3885,청주,36.6424,127.489,2022-04-16,우수
83,안서현,ngsh376@nate.com,010-5397-6280,세종,36.48,127.289,2022-03-23,일반
84,윤영민,ngngm188@daum.net,010-7209-6511,세종,36.48,127.289,2021-09-07,일반
85,김민서,gms971@daum.net,010-5232-6576,인천,37.4563,126.7052,2022-05-15,일반
86,장태현,jth710@daum.net,010-4130-2402,수원,37.2636,127.0286,2021-01-11,일반
87,윤채원,ngchng516@nate.com,010-9041-8342,수원,37.2636,127.0286,2021-09-04,우수
88,김예준,gngj401@naver.com,010-7046-8753,울산,35.5398,129.3114,2022-12-10,우수
89,송하늘,shn452@nate.com,010-8434-5438,전주,35.8219,127.148,2022-07-18,VIP
90,임지훈,ngjh336@gmail.com,010-9779-4033,전주,35.8219,127.148,2021-07-17,일반
91,조지후,jjh856@nate.com,010-9595-5636,대전,36.3504,127.3845,2022-08-27,일반
92,최영민,chngm298@daum.net,,대구,35.8714,128.6014,2022-01-05,우수
93,김가은,ggng646@naver.com,010-5786-3068,대전,36.3504,127.3845,2021-02-16,우수
94,황도윤,hdng993@gmail.com,010-8216-6582,창원,35.2271,128.6811,2021-10-19,우수
95,강서준,gsj358@nate.com,010-2213-1878,부산,35.1796,129.0756,2021-03-08,우수
96,정주원,jjng930@daum.net,,부산,35.1796,129.0756,2021-09-12,일반
97,서하린,shr710@naver.com,010-8253-5871,수원,37.2636,127.0286,2022-01-25,우수
98,전서연,jsng412@gmail.com,010-4404-4457,창원,35.2271,128.6811,2021-04-12,일반
99,장예린,jngr183@naver.com,010-3564-1043,대구,35.8714,128.6014,2021-06-27,일반
100,서수빈,ssb805@nate.com,010-5632-8438,대전,36.3504,127.3845,2021-02-03,일반
101,박예린,bngr339@daum.net,010-4241-7965,청주,36.6424,127.489,2022-08-27,일반
102,최지아,chjng330@naver.com,,대전,36.3504,127.3845,2021-05-26,우수
103,강현정,ghj414@daum.net,010-5982-7594,세종,36.48,127.289,2021-05-08,일반
104,장하늘,jhn652@nate.com,010-8078-6280,세종,36.48,127.289,2021-03-24,우수
105,장민준,jmj193@naver.com,010-1339-5415,청주,36.6424,127.489,2022-08-13,VIP
106,전서준,jsj881@naver.com,010-5557-3973,세종,36.48,127.289,2022-06-16,일반
107,전서연,jsng750@nate.com,010-6460-6260,부산,35.1796,129.0756,2022-04-27,일반
108,최지현,chjh264@daum.net,010-7561-1601,울산,35.5398,129.3114,2022-12-12,우수
109,권예준,gngj422@daum.net,010-7622-9431,광주,35.1595,126.8526,2021-04-29,일반
110,김예린,gngr990@nate.com,,울산,35.5398,129.3114,2021-02-25,일반
111,한하린,hhr874@nate.com,010-4335-5375,청주,36.6424,127.489,2022-03-29,일반
112,송주원,sjng394@nate.com,,전주,35.8219,127.148,2022-05-12,일반
113,윤가은,nggng262@daum.net,010-2527-4681,수원,37.2636,127.0286,2021-01-15,VIP
114,최수빈,chsb220@naver.com,010-5479-7807,세종,36.48,127.289,2021-10-26,VIP
115,황민서,hms349@nate.com,010-9327-3236,수원,37.2636,127.0286,2021-05-29,우수
116,박지훈,bjh891@nate.com,010-1042-5634,광주,35.1595,126.8526,2022-06-04,VIP
117,임영민,ngngm701@nate.com,010-6654-6446,인천,37.4563,126.7052,2022-04-03,VIP
118,송나윤,snng656@nate.com,010-4912-7274,세종,36.48,127.289,2021-11-26,일반
119,윤지현,ngjh894@nate.com,010-7246-7325,서울,37.5665,126.978,2021-11-22,VIP
120,정민서,jms137@naver.com,010-2644-8213,수원,37.2636,127.0286,2022-08-28,우수
121,최하늘,chhn567@gmail.com,010-3529-2225,전주,35.8219,127.148,2021-05-28,VIP
122,황현정,hhj371@daum.net,010-2315-6383,창원,35.2271,128.6811,2022-12-11,VIP
123,송지민,sjm424@nate.com,010-4846-5708,수원,37.2636,127.0286,2021-02-06,일반
124,윤채원,ngchng192@nate.com,010-2646-8269,부산,35.1796,129.0756,2022-10-11,일반
125,강가은,ggng406@gmail.com,010-5806-6873,서울,37.5665,126.978,2021-11-29,일반
126,한서연,hsng249@naver.com,010-3950-3785,수원,37.2636,127.0286,2022-02-26,일반
127,강예준,gngj724@nate.com,010-3344-4804,창원,35.2271,128.6811,2022-12-01,VIP
128,권서현,gsh360@nate.com,,대전,36.3504,127.3845,2022-11-14,VIP
129,권태현,gth394@naver.com,010-5901-7951,부산,35.1796,129.0756,2022-03-29,일반
130,장수빈,jsb965@daum.net,010-2747-4886,대구,35.8714,128.6014,2022-01-29,우수
131,신시아,ssng467@daum.net,,전주,35.8219,127.148,2021-10-30,일반
132,신지훈,sjh108@gmail.com,010-5689-4770,창원,35.2271,128.6811,2022-05-24,일반
133,한현우,hhng751@naver.com,010-3240-2591,창원,35.2271,128.6811,2021-09-14,일반
134,이우진,ngngj907@nate.com,010-3153-2476,서울,37.5665,126.978,2022-08-17,일반
135,임유진,ngngj865@nate.com,,인천,37.4563,126.7052,2021-07-25,VIP
136,송태현,sth474@daum.net,010-8894-5835,인천,37.4563,126.7052,2021-09-21,일반
137,오현정,nghj217@nate.com,010-4696-7511,부산,35.1796,129.0756,2021-05-25,우수
138,송지원,sjng192@nate.com,010-8451-7038,서울,37.5665,126.978,2021-09-28,우수
139,장시아,jsng490@daum.net,010-1410-6374,부산,35.1796,129.0756,2022-11-23,일반
140,윤서현,ngsh164@nate.com,010-2911-3290,전주,35.8219,127.148,2021-11-06,MVP
141,이서준,ngsj411@nate.com,010-9807-3222,부산,35.1796,129.0756,2021-04-10,MVP
142,신수빈,ssb479@nate.com,010-2622-9017,창원,35.2271,128.6811,2021-06-08,일반
143,서지훈,sjh133@daum.net,010-4868-6942,대구,35.8714,128.6014,2022-03-31,일반
144,최예린,chngr476@daum.net,010-3001-8450,서울,37.5665,126.978,2022-02-12,일반
145,박예린,bngr317@gmail.com,010-3063-4362,서울,37.5665,126.978,2021-12-08,일반
146,박영민,bngm883@naver.com,010-4817-6383,창원,35.2271,128.6811,2021-08-10,일반
147,정현정,jhj710@gmail.com,010-9850-5106,대전,36.3504,127.3845,2021-05-29,우수
148,강도윤,gdng776@gmail.com,010-4898-6304,인천,37.4563,126.7052,2021-01-16,우수
149,김하준,ghj371@gmail.com,010-2041-8802,인천,37.4563,126.7052,2022-03-08,일반
150,권나윤,gnng470@gmail.com,010-1710-9543,세종,36.48,127.289,2022-05-31,일반
151,임수빈,ngsb758@gmail.com,010-7984-2768,서울,37.5665,126.978,2022-05-06,VIP
152,황가은,hgng554@gmail.com,010-2076-3067,부산,35.1796,129.0756,2021-11-26,일반
153,장하린,jhr748@daum.net,010-8433-9282,울산,35.5398,129.3114,2022-09-04,일반
154,서도윤,sdng912@gmail.com,010-4522-8046,청주,36.6424,127.489,2022-10-29,일반
155,권태현,gth333@nate.com,010-2557-6120,광주,35.1595,126.8526,2022-04-10,MVP
156,서유진,sngj781@daum.net,010-8770-2099,광주,35.1595,126.8526,2021-06-06,일반
157,박영민,bngm187@gmail.com,010-7105-3131,울산,35.5398,129.3114,2021-04-09,우수
158,송서준,ssj700@daum.net,010-7929-1842,청주,36.6424,127.489,2021-05-06,우수
159,임하린,nghr419@daum.net,010-3535-8900,부산,35.1796,129.0756,2022-08-15,일반
160,윤지현,ngjh210@daum.net,,수원,37.2636,127.0286,2022-01-12,우수
161,장시아,jsng331@nate.com,010-1430-5381,수원,37.2636,127.0286,2022-09-29,일반
162,김하준,ghj379@daum.net,,광주,35.1595,126.8526,2021-12-26,우수
163,정시아,jsng773@nate.com,010-1502-2503,부산,35.1796,129.0756,2021-05-26,우수
164,안지후,ngjh485@nate.com,,세종,36.48,127.289,2021-12-16,우수
165,임채원,ngchng432@gmail.com,,서울,37.5665,126.978,2021-06-09,일반
166,이예린,ngngr183@daum.net,010-8242-7785,세종,36.48,127.289,2022-11-09,VIP
167,장지후,jjh873@gmail.com,,광주,35.1595,126.8526,2022-03-17,일반
168,전민서,jms639@daum.net,010-1897-1125,서울,37.5665,126.978,2021-08-14,일반
169,조우진,jngj316@naver.com,010-1126-9149,대전,36.3504,127.3845,2021-10-24,일반
170,서하준,shj232@nate.com,010-6802-2180,수원,37.2636,127.0286,2022-12-22,우수
171,신지현,sjh859@gmail.com,010-2275-6129,울산,35.5398,129.3114,2021-01-20,우수
172,전서연,jsng687@nate.com,010-2887-7636,전주,35.8219,127.148,2022-10-18,일반
173,김유진,gngj275@nate.com,,전주,35.8219,127.148,2022-01-06,우수
174,최현우,chhng546@nate.com,010-6083-6562,수원,37.2636,127.0286,2021-03-22,일반
175,윤유진,ngngj897@naver.com,010-9693-9355,부산,35.1796,129.0756,2022-06-07,우수
176,조태현,jth894@daum.net,010-4871-2684,광주,35.1595,126.8526,2022-10-23,일반
177,정지훈,jjh302@naver.com,010-2234-3902,창원,35.2271,128.6811,2021-06-06,우수
178,황수빈,hsb872@nate.com,010-6295-6179,청주,36.6424,127.489,2022-08-02,일반
179,정수빈,jsb169@nate.com,010-5500-1920,세종,36.48,127.289,2022-10-09,VIP
180,한하늘,hhn175@daum.net,,세종,36.48,127.289,2022-04-08,일반
181,한영민,hngm393@gmail.com,010-9307-7299,청주,36.6424,127.489,2021-04-03,일반
182,권시아,gsng667@gmail.com,010-6267-8792,세종,36.48,127.289,2022-08-09,일반
183,안주원,ngjng163@nate.com,010-2381-9266,부산,35.1796,129.0756,2021-12-18,VIP
184,강서준,gsj353@nate.com,010-3600-6962,세종,36.48,127.289,2022-06-21,VIP
185,한도현,hdh389@nate.com,010-1857-6482,울산,35.5398,129.3114,2021-12-13,일반
186,박유진,bngj196@nate.com,010-3463-6461,대전,36.3504,127.3845,2021-09-16,우수
187,박시아,bsng779@naver.com,010-7421-3112,광주,35.1595,126.8526,2021-11-14,VIP
188,박우진,bngj672@nate.com,010-9624-2531,청주,36.6424,127.489,2021-12-03,우수
189,서하늘,shn470@gmail.com,,광주,35.1595,126.8526,2021-11-13,우수
190,조유진,jngj884@nate.com,010-3538-2264,대구,35.8714,128.6014,2021-08-20,일반
191,임지현,ngjh907@gmail.com,010-9626-1618,수원,37.2636,127.0286,2022-07-07,일반
192,오태현,ngth884@naver.com,,창원,35.2271,128.6811,2022-01-21,VIP
193,강영민,gngm809@naver.com,,전주,35.8219,127.148,2022-03-25,VIP
194,한예린,hngr836@naver.com,010-8355-4833,세종,36.48,127.289,2022-09-18,우수
195,송현우,shng416@nate.com,010-8218-8564,대구,35.8714,128.6014,2022-01-12,일반
196,임나윤,ngnng491@nate.com,010-3267-5096,인천,37.4563,126.7052,2021-07-24,일반
197,이서현,ngsh592@daum.net,010-9452-3042,수원,37.2636,127.0286,2021-04-16,우수
198,임예준,ngngj881@naver.com,010-3414-8167,대전,36.3504,127.3845,2022-04-06,VIP
199,박도현,bdh327@nate.com,010-7495-9224,광주,35.1595,126.8526,2021-01-28,VIP
200,한현우,hhng495@gmail.com,,광주,35.1595,126.8526,2021-08-18,우수
201,최영민,chngm831@daum.net,,인천,37.4563,126.7052,2021-05-21,우수
202,황가은,hgng951@naver.com,010-1086-2298,전주,35.8219,127.148,2022-04-26,일반
203,김지훈,gjh320@naver.com,010-2821-5720,수원,37.2636,127.0286,2022-09-16,일반
204,윤우진,ngngj224@gmail.com,010-8489-2029,대구,35.8714,128.6014,2022-03-06,VIP
205,최영민,chngm611@gmail.com,010-3352-5772,청주,36.6424,127.489,2022-06-12,우수
206,서민준,smj729@daum.net,010-2402-9576,대구,35.8714,128.6014,2022-08-08,일반
207,한예준,hngj638@gmail.com,,울산,35.5398,129.3114,2022-04-27,일반
208,신지원,sjng359@gmail.com,010-2698-6447,광주,35.1595,126.8526,2021-03-11,우수
209,정서준,jsj460@daum.net,010-8612-8840,청주,36.6424,127.489,2021-06-29,일반
210,강현정,ghj238@gmail.com,,전주,35.8219,127.148,2022-04-14,일반
211,조서준,jsj910@naver.com,010-9444-7524,서울,37.5665,126.978,2021-11-20,우수
212,송민서,sms359@gmail.com,010-1783-6438,청주,36.6424,127.489,2021-07-15,우수
213,장도윤,jdng918@daum.net,010-7334-6554,울산,35.5398,129.3114,2022-02-14,우수
214,강민서,gms808@nate.com,010-2353-7955,광주,35.1595,126.8526,2022-06-16,일반
215,박서연,bsng716@naver.com,010-2311-6372,수원,37.2636,127.0286,2021-10-28,우수
216,임우진,ngngj556@nate.com,010-8325-1693,인천,37.4563,126.7052,2022-12-08,일반
217,한하린,hhr545@daum.net,,청주,36.6424,127.489,2021-02-28,일반
218,신지원,sjng625@naver.com,010-8179-1570,서울,37.5665,126.978,2021-05-27,우수
219,정예준,jngj341@daum.net,010-1530-3513,광주,35.1595,126.8526,2022-01-28,우수
220,권지원,gjng480@nate.com,,부산,35.1796,129.0756,2022-08-11,VIP
221,한지민,hjm421@daum.net,,대구,35.8714,128.6014,2021-04-27,우수
222,강민서,gms630@nate.com,010-5264-8311,수원,37.2636,127.0286,2021-05-01,우수
223,조하린,jhr392@nate.com,,대구,35.8714,128.6014,2021-05-06,일반
224,박수빈,bsb276@nate.com,010-6236-6692,부산,35.1796,129.0756,2022-11-30,일반
225,박지아,bjng655@daum.net,010-3852-6922,대전,36.3504,127.3845,2021-06-11,일반
226,안현우,nghng224@naver.com,010-1430-6912,인천,37.4563,126.7052,2021-08-31,일반
227,송시아,ssng477@nate.com,010-2412-2077,수원,37.2636,127.0286,2021-05-13,MVP
228,임지민,ngjm834@nate.com,010-2208-3053,수원,37.2636,127.0286,2022-02-25,일반
229,오서현,ngsh175@nate.com,010-3102-3981,세종,36.48,127.289,2022-11-28,VIP
230,정서연,jsng614@gmail.com,,부산,35.1796,129.0756,2022-06-15,우수
231,강하준,ghj430@naver.com,010-2292-5105,광주,35.1595,126.8526,2022-06-16,우수
232,조서현,jsh664@daum.net,010-9740-2530,인천,37.4563,126.7052,2022-10-03,우수
233,안서현,ngsh272@naver.com,010-6531-1674,인천,37.4563,126.7052,2022-11-06,우수
234,김예준,gngj146@daum.net,010-7825-1496,청주,36.6424,127.489,2021-08-04,일반
235,황태현,hth742@daum.net,010-7653-5873,청주,36.6424,127.489,2021-11-06,일반
236,권예준,gngj805@gmail.com,010-8609-4342,인천,37.4563,126.7052,2022-03-27,우수
237,오하린,nghr247@daum.net,010-6658-7532,전주,35.8219,127.148,2021-11-23,일반
238,정나윤,jnng479@gmail.com,010-5382-8366,광주,35.1595,126.8526,2021-09-05,일반
239,윤주원,ngjng199@gmail.com,010-7850-5067,대전,36.3504,127.3845,2022-01-29,우수
240,강영민,gngm435@daum.net,010-9433-8648,대구,35.8714,128.6014,2021-06-13,일반
241,황태현,hth415@nate.com,010-9281-8491,서울,37.5665,126.978,2021-04-03,VIP
242,윤지후,ngjh697@daum.net,010-8710-5681,서울,37.5665,126.978,2021-02-21,MVP
243,송민준,smj967@gmail.com,010-6992-7606,울산,35.5398,129.3114,2021-05-18,VIP
244,한서준,hsj510@gmail.com,,창원,35.2271,128.6811,2022-07-30,일반
245,송우진,sngj175@nate.com,010-5582-2946,수원,37.2636,127.0286,2022-04-07,일반
246,정도윤,jdng503@daum.net,010-3363-4261,광주,35.1595,126.8526,2022-07-26,VIP
247,안지민,ngjm612@gmail.com,,서울,37.5665,126.978,2021-02-09,일반
248,오현정,nghj585@nate.com,010-3290-6373,인천,37.4563,126.7052,2022-09-13,MVP
249,오하준,nghj502@daum.net,010-9351-9721,창원,35.2271,128.6811,2021-12-11,MVP
250,황가은,hgng676@daum.net,010-2795-7824,세종,36.48,127.289,2021-01-18,VIP
251,전우진,jngj915@gmail.com,010-4728-1841,창원,35.2271,128.6811,2022-05-01,일반
252,전민서,jms274@nate.com,010-2800-4125,인천,37.4563,126.7052,2022-11-29,일반
253,김수빈,gsb421@nate.com,010-7723-9221,인천,37.4563,126.7052,2022-02-27,VIP
254,황지현,hjh968@gmail.com,010-6325-8837,전주,35.8219,127.148,2021-05-22,일반
255,안지민,ngjm421@naver.com,010-6804-5331,세종,36.48,127.289,2022-06-30,일반
256,황지후,hjh352@daum.net,010-5876-5735,수원,37.2636,127.0286,2021-11-02,우수
257,조가은,jgng821@nate.com,010-5480-5715,광주,35.1595,126.8526,2022-05-07,VIP
258,최시아,chsng792@nate.com,010-3399-5758,울산,35.5398,129.3114,2021-12-20,우수
259,이우진,ngngj831@gmail.com,010-8849-4505,광주,35.1595,126.8526,2022-03-29,우수
260,조영민,jngm651@daum.net,010-2789-4920,수원,37.2636,127.0286,2022-12-14,일반
261,윤서준,ngsj785@naver.com,,청주,36.6424,127.489,2021-08-27,우수
262,서유진,sngj834@nate.com,010-1084-3587,부산,35.1796,129.0756,2022-11-29,MVP
263,서서현,ssh999@nate.com,,세종,36.48,127.289,2022-10-29,일반
264,임유진,ngngj392@gmail.com,010-9767-1611,부산,35.1796,129.0756,2022-10-30,우수
265,강서연,gsng957@naver.com,010-4052-5742,서울,37.5665,126.978,2022-02-11,VIP
266,이민준,ngmj405@gmail.com,010-9901-9590,광주,35.1595,126.8526,2021-10-19,우수
267,황태현,hth237@nate.com,010-6417-3662,대전,36.3504,127.3845,2021-07-17,우수
268,권서현,gsh363@naver.com,010-4164-3875,서울,37.5665,126.978,2021-12-12,우수
269,신영민,sngm537@daum.net,010-4027-3303,부산,35.1796,129.0756,2022-02-15,일반
270,황유진,hngj354@gmail.com,010-5374-6400,대전,36.3504,127.3845,2022-01-28,일반
271,임시아,ngsng840@gmail.com,010-4871-2017,대전,36.3504,127.3845,2022-11-01,VIP
272,최수빈,chsb414@naver.com,010-6095-2923,울산,35.5398,129.3114,2022-12-04,VIP
273,임지원,ngjng729@naver.com,010-8454-7121,대구,35.8714,128.6014,2021-05-17,VIP
274,서가은,sgng662@nate.com,010-5054-2341,수원,37.2636,127.0286,2022-11-12,VIP
275,안수빈,ngsb640@daum.net,,부산,35.1796,129.0756,2022-08-01,우수
276,송태현,sth617@naver.com,,창원,35.2271,128.6811,2022-07-04,우수
277,오지현,ngjh632@nate.com,010-9008-2489,부산,35.1796,129.0756,2022-11-28,우수
278,안수빈,ngsb928@gmail.com,010-8484-1945,세종,36.48,127.289,2021-05-16,우수
279,송수빈,ssb788@daum.net,010-1049-4570,전주,35.8219,127.148,2021-01-23,우수
280,전예준,jngj146@nate.com,,광주,35.1595,126.8526,2022-12-19,우수
281,이도현,ngdh170@nate.com,010-3218-7887,서울,37.5665,126.978,2021-10-21,VIP
282,한태현,hth491@nate.com,,울산,35.5398,129.3114,2022-01-20,일반
283,송주원,sjng769@daum.net,010-7439-9664,부산,35.1796,129.0756,2021-07-02,일반
284,정채원,jchng328@gmail.com,010-9920-7948,서울,37.5665,126.978,2021-11-02,일반
285,송지민,sjm943@naver.com,010-5516-4088,대구,35.8714,128.6014,2022-04-17,우수
286,최서준,chsj928@nate.com,010-2102-2653,창원,35.2271,128.6811,2021-01-17,일반
287,이수빈,ngsb712@gmail.com,010-4839-9843,대구,35.8714,128.6014,2021-02-15,일반
288,조나윤,jnng984@gmail.com,010-4836-6224,인천,37.4563,126.7052,2022-05-31,우수
289,전하린,jhr891@daum.net,010-9540-4621,대구,35.8714,128.6014,2021-11-06,일반
290,서우진,sngj381@gmail.com,010-3869-7999,수원,37.2636,127.0286,2022-08-29,우수
291,송민서,sms148@daum.net,010-9592-6222,청주,36.6424,127.489,2022-11-19,일반
292,서서연,ssng252@daum.net,010-8758-4948,울산,35.5398,129.3114,2021-07-08,일반
293,윤우진,ngngj978@naver.com,010-7824-9683,세종,36.48,127.289,2021-03-01,VIP
294,정지민,jjm348@daum.net,010-8369-7079,대구,35.8714,128.6014,2021-12-05,일반
295,박지아,bjng841@naver.com,010-1647-2192,서울,37.5665,126.978,2021-10-02,일반
296,조현정,jhj879@naver.com,010-6455-5967,세종,36.48,127.289,2021-08-02,우수
297,김지후,gjh294@gmail.com,010-4350-7498,전주,35.8219,127.148,2022-05-06,우수
298,윤지아,ngjng429@daum.net,010-6886-6053,울산,35.5398,129.3114,2022-04-23,일반
299,장지원,jjng625@nate.com,010-8692-6246,세종,36.48,127.289,2021-04-11,우수
300,조지원,jjng420@nate.com,010-3390-1265,서울,37.5665,126.978,2022-07-31,일반
301,장지아,jjng698@nate.com,,대전,36.3504,127.3845,2021-06-06,일반
302,윤지민,ngjm683@naver.com,010-6530-5216,세종,36.48,127.289,2022-07-18,우수
303,황채원,hchng757@nate.com,010-6770-3773,세종,36.48,127.289,2021-06-22,우수
304,정채원,jchng659@nate.com,010-1962-9584,인천,37.4563,126.7052,2022-07-10,우수
305,이영민,ngngm967@gmail.com,010-7756-3252,청주,36.6424,127.489,2021-02-19,우수
306,윤예준,ngngj824@naver.com,010-7114-1990,서울,37.5665,126.978,2021-08-12,MVP
307,황예린,hngr599@gmail.com,010-1194-1274,서울,37.5665,126.978,2022-06-29,우수
308,안채원,ngchng381@daum.net,010-8054-3937,서울,37.5665,126.978,2022-05-30,일반
309,최도현,chdh198@naver.com,010-5135-6807,대구,35.8714,128.6014,2021-07-16,우수
310,장현정,jhj506@gmail.com,010-4984-4700,광주,35.1595,126.8526,2022-02-20,일반
311,임예린,ngngr947@gmail.com,010-2531-7640,청주,36.6424,127.489,2022-10-28,일반
312,신지민,sjm665@nate.com,,서울,37.5665,126.978,2022-10-15,일반
313,강예준,gngj611@nate.com,010-2562-9653,청주,36.6424,127.489,2021-12-06,일반
314,이현우,nghng316@nate.com,010-5593-9897,대전,36.3504,127.3845,2021-02-17,MVP
315,전예린,jngr133@naver.com,010-3362-7525,광주,35.1595,126.8526,2021-01-17,VIP
316,박우진,bngj266@naver.com,010-9856-6435,창원,35.2271,128.6811,2022-02-03,우수
317,신나윤,snng857@naver.com,010-6666-1879,전주,35.8219,127.148,2021-03-22,일반
318,최서연,chsng337@gmail.com,010-7499-6347,광주,35.1595,126.8526,2022-09-12,일반
319,김서현,gsh379@nate.com,010-7150-8075,세종,36.48,127.289,2021-08-22,일반
320,강예린,gngr699@nate.com,010-5037-2204,부산,35.1796,129.0756,2022-09-26,일반
321,박지훈,bjh257@nate.com,,전주,35.8219,127.148,2022-10-12,우수
322,신유진,sngj469@gmail.com,010-8286-6896,부산,35.1796,129.0756,2021-01-06,우수
323,장도윤,jdng235@gmail.com,010-9395-7685,인천,37.4563,126.7052,2022-03-18,우수
324,최민준,chmj191@daum.net,010-6315-7311,수원,37.2636,127.0286,2021-04-06,일반
325,김우진,gngj523@nate.com,010-4977-9537,부산,35.1796,129.0756,2022-07-27,MVP
326,강예린,gngr489@naver.com,010-9079-3390,인천,37.4563,126.7052,2021-10-03,우수
327,박하준,bhj545@daum.net,010-2260-6916,울산,35.5398,129.3114,2021-11-03,우수
328,장현우,jhng838@nate.com,,창원,35.2271,128.6811,2022-09-24,우수
329,최주원,chjng411@gmail.com,010-7224-6399,울산,35.5398,129.3114,2021-12-07,일반
330,권유진,gngj540@naver.com,010-4290-8848,대전,36.3504,127.3845,2021-11-25,일반
331,오하준,nghj507@daum.net,010-4971-6339,대전,36.3504,127.3845,2022-12-13,일반
332,신지훈,sjh936@nate.com,010-4273-9939,광주,35.1595,126.8526,2021-04-27,우수
333,강예린,gngr886@gmail.com,010-4434-8183,전주,35.8219,127.148,2022-04-18,일반
334,임영민,ngngm809@gmail.com,010-5961-4965,울산,35.5398,129.3114,2022-11-21,일반
335,장예린,jngr257@nate.com,010-8851-7566,울산,35.5398,129.3114,2021-03-17,일반
336,송하늘,shn990@nate.com,010-6890-9796,수원,37.2636,127.0286,2021-02-07,일반
337,박도윤,bdng887@naver.com,010-1725-7547,청주,36.6424,127.489,2022-11-12,VIP
338,오현정,nghj540@gmail.com,010-9366-9499,서울,37.5665,126.978,2021-04-11,우수
339,송시아,ssng804@naver.com,010-9199-3469,세종,36.48,127.289,2022-01-19,일반
340,한민준,hmj594@gmail.com,010-2406-2901,대전,36.3504,127.3845,2022-03-02,일반
341,정지원,jjng419@daum.net,010-6706-8801,세종,36.48,127.289,2021-07-31,일반
342,최수빈,chsb839@nate.com,010-2885-1370,광주,35.1595,126.8526,2021-03-10,일반
343,오서현,ngsh211@naver.com,010-3623-6422,전주,35.8219,127.148,2021-09-07,일반
344,송서연,ssng573@naver.com,,울산,35.5398,129.3114,2022-10-07,일반
345,서지민,sjm129@naver.com,010-1072-4519,세종,36.48,127.289,2022-08-30,일반
346,조지훈,jjh870@gmail.com,010-9796-4063,창원,35.2271,128.6811,2021-04-15,우수
347,한유진,hngj301@nate.com,010-9019-9646,부산,35.1796,129.0756,2021-09-26,우수
348,오하린,nghr497@nate.com,010-8501-3826,창원,35.2271,128.6811,2021-04-27,일반
349,임도현,ngdh729@gmail.com,010-4908-6003,청주,36.6424,127.489,2021-05-18,일반
350,최하준,chhj482@naver.com,010-3258-7286,수원,37.2636,127.0286,2022-02-02,우수
351,서하준,shj598@naver.com,010-3298-4065,수원,37.2636,127.0286,2021-06-20,우수
352,오영민,ngngm561@gmail.com,010-4196-7290,광주,35.1595,126.8526,2021-01-10,VIP
353,송하늘,shn768@nate.com,010-8272-9006,울산,35.5398,129.3114,2022-12-03,우수
354,강예준,gngj678@gmail.com,,대구,35.8714,128.6014,2021-10-27,일반
355,윤지아,ngjng395@naver.com,010-9115-9369,세종,36.48,127.289,2022-08-03,일반
356,최시아,chsng216@daum.net,010-1681-8231,수원,37.2636,127.0286,2022-01-11,우수
357,송지후,sjh535@gmail.com,010-5877-1528,전주,35.8219,127.148,2022-11-01,일반
358,권지훈,gjh456@gmail.com,010-4882-4438,세종,36.48,127.289,2021-05-01,우수
359,전가은,jgng459@nate.com,,인천,37.4563,126.7052,2022-09-23,VIP
360,조영민,jngm311@gmail.com,010-9827-3758,창원,35.2271,128.6811,2021-12-26,우수
361,오가은,nggng399@daum.net,010-9428-2560,창원,35.2271,128.6811,2021-10-01,일반
362,정나윤,jnng904@nate.com,010-3078-3174,서울,37.5665,126.978,2021-10-11,우수
363,윤주원,ngjng828@daum.net,010-3329-5402,대구,35.8714,128.6014,2022-11-24,일반
364,서지민,sjm562@gmail.com,010-5558-7046,청주,36.6424,127.489,2021-04-06,우수
365,권민서,gms435@gmail.com,010-8511-6869,전주,35.8219,127.148,2021-04-06,VIP
366,박현정,bhj647@nate.com,010-9105-5399,대구,35.8714,128.6014,2022-03-16,일반
367,오영민,ngngm390@daum.net,,수원,37.2636,127.0286,2022-08-15,MVP
368,황현정,hhj451@gmail.com,010-8529-1266,서울,37.5665,126.978,2021-04-12,VIP
369,최도현,chdh978@naver.com,,세종,36.48,127.289,2022-04-13,일반
370,서지후,sjh805@naver.com,,청주,36.6424,127.489,2021-11-06,일반
371,장예준,jngj770@daum.net,010-3711-1848,대전,36.3504,127.3845,2021-03-26,일반
372,신서현,ssh412@naver.com,,울산,35.5398,129.3114,2022-11-03,일반
373,최민준,chmj318@nate.com,010-9510-8291,부산,35.1796,129.0756,2021-05-16,일반
374,김민준,gmj812@daum.net,010-8826-2160,부산,35.1796,129.0756,2022-03-09,우수
375,윤지민,ngjm191@gmail.com,010-5902-3246,부산,35.1796,129.0756,2021-11-17,일반
376,신나윤,snng932@naver.com,,청주,36.6424,127.489,2022-11-25,일반
377,안시아,ngsng108@naver.com,010-3480-7745,세종,36.48,127.289,2021-12-26,VIP
378,권지현,gjh322@gmail.com,010-7291-6759,부산,35.1796,129.0756,2021-05-24,일반
379,서유진,sngj910@naver.com,010-5065-5668,대구,35.8714,128.6014,2021-10-11,VIP
380,김지현,gjh967@daum.net,010-4090-7418,대구,35.8714,128.6014,2022-06-15,일반
381,임서현,ngsh155@naver.com,,세종,36.48,127.289,2022-01-31,일반
382,황서현,hsh708@gmail.com,010-6185-3162,수원,37.2636,127.0286,2021-01-13,우수
383,신지현,sjh959@nate.com,010-8717-2195,광주,35.1595,126.8526,2022-07-14,우수
384,김시아,gsng169@gmail.com,,대전,36.3504,127.3845,2021-08-09,VIP
385,이현정,nghj507@daum.net,010-7806-7939,청주,36.6424,127.489,2022-12-31,우수
386,신예준,sngj755@naver.com,010-9377-4329,대전,36.3504,127.3845,2021-03-27,VIP
387,정지아,jjng434@nate.com,010-2083-6081,창원,35.2271,128.6811,2022-10-12,일반
388,서채원,schng966@naver.com,,서울,37.5665,126.978,2021-09-08,일반
389,서도윤,sdng564@gmail.com,010-3877-2956,대전,36.3504,127.3845,2022-11-14,우수
390,김가은,ggng240@gmail.com,010-9568-9474,인천,37.4563,126.7052,2022-05-24,VIP
391,장하준,jhj480@naver.com,010-2934-1480,전주,35.8219,127.148,2021-10-03,MVP
392,오현정,nghj539@daum.net,010-2262-9128,수원,37.2636,127.0286,2021-03-07,일반
393,권하늘,ghn468@gmail.com,,세종,36.48,127.289,2022-08-04,일반
394,강지훈,gjh891@gmail.com,010-4742-9336,창원,35.2271,128.6811,2022-11-22,우수
395,김서준,gsj979@gmail.com,010-7274-3458,대구,35.8714,128.6014,2021-02-17,일반
396,강도현,gdh978@gmail.com,010-6272-5067,수원,37.2636,127.0286,2022-11-03,VIP
397,서도현,sdh837@daum.net,010-2956-9225,대전,36.3504,127.3845,2021-03-21,VIP
398,이하준,nghj328@gmail.com,010-5625-6090,울산,35.5398,129.3114,2021-03-12,일반
399,오예준,ngngj666@nate.com,010-5979-4974,서울,37.5665,126.978,2022-01-13,우수
400,권지원,gjng705@nate.com,010-5016-3466,대구,35.8714,128.6014,2022-07-14,우수
401,김도현,gdh519@gmail.com,010-1157-6488,대구,35.8714,128.6014,2022-07-09,일반
402,김나윤,gnng773@nate.com,,전주,35.8219,127.148,2021-11-11,VIP
403,안현우,nghng529@nate.com,010-2524-1719,서울,37.5665,126.978,2021-05-26,우수
404,윤태현,ngth965@nate.com,010-2391-2565,전주,35.8219,127.148,2022-01-17,VIP
405,안주원,ngjng752@nate.com,010-8126-3141,부산,35.1796,129.0756,2022-08-30,일반
406,윤우진,ngngj367@daum.net,010-6345-6211,울산,35.5398,129.3114,2022-12-19,VIP
407,권지훈,gjh339@gmail.com,010-2785-3546,대구,35.8714,128.6014,2021-05-20,일반
408,최하준,chhj560@nate.com,,광주,35.1595,126.8526,2022-02-21,일반
409,한나윤,hnng312@nate.com,010-2964-2481,대전,36.3504,127.3845,2022-04-20,VIP
410,강현정,ghj802@daum.net,010-4522-6370,전주,35.8219,127.148,2022-12-15,일반
411,정예준,jngj828@naver.com,010-5896-5262,광주,35.1595,126.8526,2022-02-10,일반
412,강민준,gmj514@nate.com,010-8570-2669,수원,37.2636,127.0286,2022-07-18,MVP
413,정도윤,jdng112@gmail.com,,대구,35.8714,128.6014,2021-05-14,MVP
414,신지원,sjng802@gmail.com,010-2228-1357,창원,35.2271,128.6811,2022-08-24,우수
415,박지후,bjh761@nate.com,010-6432-3007,인천,37.4563,126.7052,2021-04-05,우수
416,이수빈,ngsb151@naver.com,010-7471-9128,창원,35.2271,128.6811,2022-03-20,일반
417,김지민,gjm799@nate.com,010-4066-5505,인천,37.4563,126.7052,2021-12-29,일반
418,장수빈,jsb252@gmail.com,010-5835-9173,창원,35.2271,128.6811,2022-09-27,일반
419,서태현,sth663@nate.com,010-3248-7868,서울,37.5665,126.978,2021-03-31,우수
420,조서현,jsh916@naver.com,010-7266-6883,청주,36.6424,127.489,2022-07-11,우수
421,황지아,hjng900@nate.com,010-7363-5430,광주,35.1595,126.8526,2022-08-03,우수
422,강민준,gmj426@naver.com,,서울,37.5665,126.978,2021-10-15,우수
423,황하늘,hhn466@naver.com,010-4951-5366,인천,37.4563,126.7052,2021-04-13,일반
424,송영민,sngm910@gmail.com,010-7363-6813,대구,35.8714,128.6014,2022-08-13,일반
425,강하준,ghj342@daum.net,010-1462-6761,전주,35.8219,127.148,2022-12-16,일반
426,전시아,jsng245@naver.com,010-9035-1621,세종,36.48,127.289,2022-07-10,우수
427,박서준,bsj338@naver.com,010-6435-4300,서울,37.5665,126.978,2022-06-24,일반
428,정유진,jngj834@naver.com,,광주,35.1595,126.8526,2021-03-02,VIP
429,전가은,jgng245@gmail.com,010-7120-7481,수원,37.2636,127.0286,2022-01-09,일반
430,전도윤,jdng444@daum.net,010-8157-8982,광주,35.1595,126.8526,2021-05-20,일반
431,오하준,nghj824@daum.net,010-3872-7199,대구,35.8714,128.6014,2022-11-13,일반
432,임채원,ngchng805@daum.net,010-7415-1530,인천,37.4563,126.7052,2021-07-01,우수
433,강하린,ghr425@naver.com,,청주,36.6424,127.489,2022-08-03,우수
434,황주원,hjng439@gmail.com,010-3750-2453,대구,35.8714,128.6014,2021-12-22,일반
435,오수빈,ngsb111@daum.net,010-6742-5205,대구,35.8714,128.6014,2021-09-13,일반
436,최채원,chchng101@gmail.com,010-3725-7783,울산,35.5398,129.3114,2022-03-25,우수
437,황태현,hth487@daum.net,,수원,37.2636,127.0286,2022-01-20,일반
438,황현정,hhj984@naver.com,,인천,37.4563,126.7052,2022-04-08,VIP
439,이우진,ngngj120@daum.net,,대전,36.3504,127.3845,2021-04-18,우수
440,강태현,gth484@naver.com,010-2525-6536,전주,35.8219,127.148,2021-03-18,일반
441,황가은,hgng131@nate.com,010-8113-3573,청주,36.6424,127.489,2021-06-18,일반
442,이도윤,ngdng439@naver.com,010-9849-5346,대구,35.8714,128.6014,2022-02-24,MVP
443,임우진,ngngj343@gmail.com,010-9043-3516,서울,37.5665,126.978,2022-02-07,일반
444,이지원,ngjng103@nate.com,010-8869-4271,부산,35.1796,129.0756,2021-10-29,일반
445,최민준,chmj311@naver.com,010-8758-2892,청주,36.6424,127.489,2021-10-26,VIP
446,임현정,nghj507@nate.com,010-9914-7349,세종,36.48,127.289,2022-11-08,VIP
447,강지원,gjng490@daum.net,,인천,37.4563,126.7052,2022-04-02,MVP
448,권수빈,gsb369@naver.com,,대전,36.3504,127.3845,2022-08-01,우수
449,최예준,chngj784@daum.net,010-4727-1999,수원,37.2636,127.0286,2022-02-28,일반
450,신영민,sngm635@nate.com,010-8779-4860,수원,37.2636,127.0286,2022-12-05,일반
451,황우진,hngj180@nate.com,010-9467-3415,전주,35.8219,127.148,2021-02-05,우수
452,최나윤,chnng559@naver.com,010-3067-1699,인천,37.4563,126.7052,2021-08-05,우수
453,서예준,sngj799@nate.com,,대구,35.8714,128.6014,2022-10-05,일반
454,장유진,jngj844@gmail.com,010-6343-5525,부산,35.1796,129.0756,2022-02-02,VIP
455,안수빈,ngsb994@gmail.com,010-7874-2843,전주,35.8219,127.148,2022-10-01,일반
456,서주원,sjng251@gmail.com,010-5687-9775,부산,35.1796,129.0756,2022-07-31,일반
457,한태현,hth520@daum.net,010-8750-1613,울산,35.5398,129.3114,2022-11-02,일반
458,강지훈,gjh512@naver.com,010-7581-1635,창원,35.2271,128.6811,2022-09-16,일반
459,신태현,sth439@naver.com,010-7102-1331,서울,37.5665,126.978,2022-05-02,일반
460,오영민,ngngm912@daum.net,010-2609-4734,대전,36.3504,127.3845,2021-10-15,일반
461,정우진,jngj861@nate.com,010-2462-4079,광주,35.1595,126.8526,2021-10-03,일반
462,권지후,gjh943@nate.com,010-7126-1920,전주,35.8219,127.148,2022-05-12,우수
463,안현정,nghj262@gmail.com,010-3222-9589,대전,36.3504,127.3845,2022-12-28,우수
464,전민준,jmj277@naver.com,010-8478-1828,대구,35.8714,128.6014,2021-03-01,우수
465,한가은,hgng303@daum.net,010-3029-1500,광주,35.1595,126.8526,2022-04-21,MVP
466,윤지원,ngjng600@nate.com,010-6730-6640,인천,37.4563,126.7052,2022-05-01,일반
467,강영민,gngm364@gmail.com,010-3669-4511,대전,36.3504,127.3845,2021-01-29,일반
468,윤서현,ngsh330@naver.com,010-1328-1145,대전,36.3504,127.3845,2022-10-30,VIP
469,황도현,hdh235@naver.com,010-6004-5511,창원,35.2271,128.6811,2021-01-09,일반
470,서태현,sth485@daum.net,010-5950-9530,세종,36.48,127.289,2021-09-16,MVP
471,신시아,ssng204@gmail.com,010-7131-5631,수원,37.2636,127.0286,2022-11-10,일반
472,임예린,ngngr210@nate.com,010-6327-5536,부산,35.1796,129.0756,2021-12-11,MVP
473,장서현,jsh828@daum.net,010-4937-1930,대구,35.8714,128.6014,2021-06-03,일반
474,신예린,sngr427@naver.com,010-5843-5250,전주,35.8219,127.148,2021-01-27,VIP
475,서지민,sjm497@gmail.com,010-4111-6622,창원,35.2271,128.6811,2022-12-27,우수
476,윤예린,ngngr647@nate.com,010-3785-3967,청주,36.6424,127.489,2022-01-03,MVP
477,임도윤,ngdng582@naver.com,010-3999-6499,전주,35.8219,127.148,2021-09-22,일반
478,박현우,bhng463@naver.com,010-6428-7089,전주,35.8219,127.148,2021-11-11,우수
479,장시아,jsng401@nate.com,,부산,35.1796,129.0756,2022-04-27,MVP
480,전시아,jsng735@gmail.com,010-7253-9680,세종,36.48,127.289,2021-07-19,우수
481,임서연,ngsng155@naver.com,010-8496-3346,인천,37.4563,126.7052,2021-07-25,우수
482,오지현,ngjh832@naver.com,010-3897-6134,부산,35.1796,129.0756,2022-05-15,우수
483,이민준,ngmj562@daum.net,010-3595-9021,대구,35.8714,128.6014,2021-06-22,일반
484,박주원,bjng729@nate.com,010-8821-7280,청주,36.6424,127.489,2022-03-16,우수
485,김서준,gsj646@naver.com,010-6279-9700,전주,35.8219,127.148,2022-01-18,우수
486,조민준,jmj792@gmail.com,010-6641-6113,청주,36.6424,127.489,2021-09-12,VIP
487,정도윤,jdng492@daum.net,010-5885-5764,인천,37.4563,126.7052,2021-03-08,일반
488,권채원,gchng632@daum.net,010-6615-9031,울산,35.5398,129.3114,2022-12-05,일반
489,한나윤,hnng292@naver.com,010-3149-4460,울산,35.5398,129.3114,2021-01-20,MVP
490,김시아,gsng616@naver.com,010-1612-7147,부산,35.1796,129.0756,2022-01-11,VIP
491,장나윤,jnng647@gmail.com,010-1323-1790,창원,35.2271,128.6811,2021-02-19,일반
492,최서연,chsng554@nate.com,010-3508-4366,부산,35.1796,129.0756,2022-07-15,우수
493,김우진,gngj530@gmail.com,010-3247-7862,청주,36.6424,127.489,2022-06-17,일반
494,최하늘,chhn836@gmail.com,010-9154-4254,대전,36.3504,127.3845,2021-04-27,일반
495,조나윤,jnng369@naver.com,010-3627-1645,광주,35.1595,126.8526,2022-12-22,일반
496,송민서,sms312@nate.com,,광주,35.1595,126.8526,2021-08-29,일반
497,박도현,bdh213@nate.com,010-2229-2659,인천,37.4563,126.7052,2021-04-03,우수
498,장서현,jsh336@nate.com,010-2635-3862,대전,36.3504,127.3845,2021-09-28,일반
499,이지현,ngjh397@daum.net,010-2898-2556,청주,36.6424,127.489,2021-11-17,MVP
500,이민준,ngmj972@naver.com,,청주,36.6424,127.489,2022-10-25,MVP
501,한태현,hth548@daum.net,010-6615-3996,전주,35.8219,127.148,2021-04-06,우수
502,최지민,chjm509@nate.com,010-8835-7909,대전,36.3504,127.3845,2022-01-30,우수
503,강도윤,gdng235@gmail.com,010-8908-8178,인천,37.4563,126.7052,2021-04-17,일반
504,강하린,ghr488@daum.net,010-3140-8914,창원,35.2271,128.6811,2021-01-30,VIP
505,황도윤,hdng521@nate.com,010-6148-1202,서울,37.5665,126.978,2021-03-06,우수
506,안나윤,ngnng861@naver.com,010-2560-8091,청주,36.6424,127.489,2021-12-13,일반
507,윤민서,ngms454@nate.com,010-1894-1190,인천,37.4563,126.7052,2022-07-26,VIP
508,강하늘,ghn969@nate.com,,세종,36.48,127.289,2021-06-19,VIP
509,황유진,hngj346@daum.net,010-7203-7607,대전,36.3504,127.3845,2021-02-21,VIP
510,윤예준,ngngj570@nate.com,,창원,35.2271,128.6811,2022-04-04,우수
511,황수빈,hsb423@gmail.com,,세종,36.48,127.289,2022-11-01,우수
512,신서연,ssng136@gmail.com,010-5990-9328,부산,35.1796,129.0756,2022-09-11,일반
513,송지후,sjh770@nate.com,010-4652-8445,광주,35.1595,126.8526,2022-01-08,VIP
514,오지아,ngjng885@nate.com,010-8414-2868,전주,35.8219,127.148,2022-11-04,VIP
515,최나윤,chnng774@naver.com,010-5783-9973,서울,37.5665,126.978,2021-12-16,일반
516,안지원,ngjng818@gmail.com,010-7704-2752,서울,37.5665,126.978,2021-06-18,일반
517,장하린,jhr300@naver.com,010-4122-6536,부산,35.1796,129.0756,2022-02-07,일반
518,최나윤,chnng524@gmail.com,010-8381-8493,청주,36.6424,127.489,2022-11-20,VIP
519,전하늘,jhn237@nate.com,010-8091-8912,서울,37.5665,126.978,2022-06-28,MVP
520,안나윤,ngnng281@naver.com,,전주,35.8219,127.148,2021-05-12,일반
521,오하늘,nghn493@nate.com,010-5482-7518,창원,35.2271,128.6811,2022-12-11,우수
522,오우진,ngngj563@naver.com,010-9393-5897,인천,37.4563,126.7052,2022-02-27,일반
523,송지현,sjh421@naver.com,010-5760-6657,대구,35.8714,128.6014,2021-08-03,MVP
524,정가은,jgng765@naver.com,010-6281-2890,수원,37.2636,127.0286,2022-07-10,VIP
525,한지아,hjng591@nate.com,010-7920-1209,청주,36.6424,127.489,2022-07-01,VIP
526,안도윤,ngdng125@nate.com,010-4275-5374,인천,37.4563,126.7052,2021-02-24,일반
527,강우진,gngj799@daum.net,010-5835-4342,인천,37.4563,126.7052,2021-03-05,일반
528,송서준,ssj467@nate.com,010-4675-7371,부산,35.1796,129.0756,2022-09-23,일반
529,윤하늘,nghn903@daum.net,,전주,35.8219,127.148,2022-11-12,일반
530,신지민,sjm526@daum.net,,수원,37.2636,127.0286,2021-02-25,VIP
531,장지후,jjh735@nate.com,010-7025-9955,대구,35.8714,128.6014,2022-10-11,VIP
532,조나윤,jnng842@naver.com,,대전,36.3504,127.3845,2022-04-05,MVP
533,박하준,bhj277@gmail.com,010-5329-3131,울산,35.5398,129.3114,2021-02-11,MVP
534,강시아,gsng966@daum.net,010-3536-1654,서울,37.5665,126.978,2021-12-05,우수
535,정도현,jdh430@gmail.com,010-5934-9037,청주,36.6424,127.489,2022-09-23,우수
536,전지아,jjng466@gmail.com,010-4012-9529,전주,35.8219,127.148,2021-11-22,VIP
537,박현정,bhj617@naver.com,010-2506-6724,울산,35.5398,129.3114,2022-07-11,VIP
538,윤태현,ngth318@daum.net,010-9691-8780,광주,35.1595,126.8526,2022-01-05,일반
539,송영민,sngm870@gmail.com,010-4937-4994,부산,35.1796,129.0756,2022-11-16,일반
540,이예린,ngngr428@nate.com,010-5633-1404,부산,35.1796,129.0756,2022-01-31,일반
541,안영민,ngngm888@daum.net,010-1718-5856,수원,37.2636,127.0286,2022-06-05,MVP
542,조유진,jngj626@gmail.com,010-9814-9736,부산,35.1796,129.0756,2021-06-21,우수
543,김서현,gsh167@naver.com,010-7950-2702,청주,36.6424,127.489,2022-10-07,일반
544,조지아,jjng948@nate.com,010-3519-1389,청주,36.6424,127.489,2021-03-15,우수
545,권가은,ggng439@gmail.com,,부산,35.1796,129.0756,2021-03-17,우수
546,장지아,jjng172@naver.com,010-7626-8094,대전,36.3504,127.3845,2022-02-22,일반
547,오민준,ngmj498@gmail.com,010-2036-1745,수원,37.2636,127.0286,2021-01-07,일반
548,박지원,bjng614@gmail.com,010-2417-5612,대전,36.3504,127.3845,2022-12-04,우수
549,권지민,gjm504@gmail.com,010-3234-7406,세종,36.48,127.289,2021-06-10,우수
550,송우진,sngj749@naver.com,010-7113-1182,대전,36.3504,127.3845,2022-11-25,우수
551,송지현,sjh668@naver.com,,부산,35.1796,129.0756,2021-02-12,우수
552,신지아,sjng660@gmail.com,010-6633-4469,대전,36.3504,127.3845,2021-08-04,VIP
553,서태현,sth761@naver.com,010-5140-4183,인천,37.4563,126.7052,2021-07-08,우수
554,최하준,chhj787@gmail.com,010-2198-5762,수원,37.2636,127.0286,2022-04-18,우수
555,박지훈,bjh200@naver.com,010-6420-6851,전주,35.8219,127.148,2022-08-18,VIP
556,정예린,jngr771@naver.com,010-4170-6206,부산,35.1796,129.0756,2021-10-19,일반
557,황수빈,hsb436@daum.net,,전주,35.8219,127.148,2022-08-22,일반
558,전지원,jjng927@daum.net,,울산,35.5398,129.3114,2021-06-22,일반
559,윤현정,nghj326@nate.com,,대전,36.3504,127.3845,2022-01-04,우수
560,오태현,ngth591@nate.com,010-8978-2783,세종,36.48,127.289,2022-01-03,우수
561,강서현,gsh721@gmail.com,010-4218-5312,대전,36.3504,127.3845,2021-05-24,우수
562,박채원,bchng177@gmail.com,,수원,37.2636,127.0286,2022-10-09,일반
563,전시아,jsng514@naver.com,010-9842-8734,서울,37.5665,126.978,2022-07-19,일반
564,정지원,jjng501@naver.com,,창원,35.2271,128.6811,2021-10-25,일반
565,안하늘,nghn192@nate.com,,광주,35.1595,126.8526,2022-05-30,일반
566,윤지현,ngjh925@naver.com,010-3935-3395,수원,37.2636,127.0286,2021-05-24,우수
567,황지원,hjng141@naver.com,,세종,36.48,127.289,2021-08-26,일반
568,한현우,hhng143@naver.com,010-8448-1760,수원,37.2636,127.0286,2022-01-05,일반
569,이서현,ngsh431@gmail.com,010-5480-5314,전주,35.8219,127.148,2022-06-18,VIP
570,전지아,jjng683@naver.com,010-2275-9465,울산,35.5398,129.3114,2022-11-01,일반
571,장지민,jjm328@nate.com,010-8898-1108,광주,35.1595,126.8526,2021-12-20,우수
572,안태현,ngth242@nate.com,,인천,37.4563,126.7052,2021-08-24,우수
573,장지후,jjh253@naver.com,010-2938-4773,인천,37.4563,126.7052,2022-01-06,일반
574,서현정,shj438@gmail.com,010-4452-3641,세종,36.48,127.289,2022-11-23,우수
575,서민준,smj349@gmail.com,010-3207-9399,인천,37.4563,126.7052,2022-08-11,VIP
576,이태현,ngth686@naver.com,010-3949-9464,서울,37.5665,126.978,2021-06-20,VIP
577,신하린,shr677@gmail.com,010-2404-4548,전주,35.8219,127.148,2022-11-09,일반
578,권하린,ghr582@nate.com,010-3338-3979,인천,37.4563,126.7052,2021-08-13,VIP
579,안지훈,ngjh271@daum.net,010-4765-7196,세종,36.48,127.289,2022-09-03,일반
580,신주원,sjng211@gmail.com,010-9263-7877,대구,35.8714,128.6014,2022-06-20,일반
581,정하린,jhr198@naver.com,010-9706-9246,세종,36.48,127.289,2022-09-22,일반
582,최예준,chngj593@naver.com,010-8069-9553,창원,35.2271,128.6811,2022-07-07,MVP
583,서지원,sjng995@gmail.com,010-8899-7246,전주,35.8219,127.148,2022-06-27,일반
584,한시아,hsng923@gmail.com,010-4809-2373,울산,35.5398,129.3114,2021-05-18,일반
585,임하린,nghr997@nate.com,,대전,36.3504,127.3845,2021-07-13,우수
586,김시아,gsng635@gmail.com,010-4365-6175,수원,37.2636,127.0286,2021-01-08,일반
587,서지원,sjng209@naver.com,010-5281-9783,울산,35.5398,129.3114,2022-10-30,일반
588,서시아,ssng474@daum.net,010-7770-8904,청주,36.6424,127.489,2022-02-11,일반
589,강지원,gjng672@nate.com,010-7522-3262,대전,36.3504,127.3845,2021-11-11,일반
590,최채원,chchng335@nate.com,,전주,35.8219,127.148,2021-06-15,일반
591,안지민,ngjm904@daum.net,010-1852-3633,수원,37.2636,127.0286,2022-09-21,일반
592,신서현,ssh105@gmail.com,010-8133-2444,인천,37.4563,126.7052,2022-04-28,우수
593,박지훈,bjh327@daum.net,,부산,35.1796,129.0756,2022-09-16,일반
594,신도현,sdh510@daum.net,,전주,35.8219,127.148,2022-09-04,일반
595,강서현,gsh606@nate.com,010-9489-5685,서울,37.5665,126.978,2021-07-26,VIP
596,조서준,jsj902@naver.com,010-6893-4919,창원,35.2271,128.6811,2021-06-23,일반
597,김하준,ghj188@daum.net,010-7642-4281,울산,35.5398,129.3114,2021-12-28,우수
598,안민준,ngmj854@gmail.com,010-6703-6693,부산,35.1796,129.0756,2022-07-17,일반
599,장현우,jhng720@naver.com,010-5277-3867,세종,36.48,127.289,2022-02-18,일반
600,서하늘,shn209@gmail.com,010-2917-9409,수원,37.2636,127.0286,2021-10-29,일반
601,장태현,jth650@daum.net,010-8923-4985,전주,35.8219,127.148,2022-03-30,일반
602,오나윤,ngnng569@nate.com,010-5224-2106,창원,35.2271,128.6811,2021-01-29,일반
603,신서현,ssh907@naver.com,010-6172-7757,청주,36.6424,127.489,2022-12-20,일반
604,한하늘,hhn648@gmail.com,010-2523-7536,전주,35.8219,127.148,2021-09-27,일반
605,오예준,ngngj667@naver.com,010-5408-3994,세종,36.48,127.289,2021-11-18,일반
606,조민서,jms854@naver.com,010-4387-4755,대구,35.8714,128.6014,2021-09-05,일반
607,조영민,jngm355@daum.net,,인천,37.4563,126.7052,2021-04-20,일반
608,박예린,bngr779@nate.com,010-9871-1692,창원,35.2271,128.6811,2021-01-07,일반
609,황지원,hjng735@daum.net,010-9041-3996,세종,36.48,127.289,2022-08-12,우수
610,안지훈,ngjh507@naver.com,,창원,35.2271,128.6811,2021-05-12,우수
611,서민서,sms653@gmail.com,010-3863-8490,수원,37.2636,127.0286,2021-12-22,일반
612,최가은,chgng630@nate.com,,광주,35.1595,126.8526,2022-12-07,우수
613,조지민,jjm694@gmail.com,010-5254-4066,광주,35.1595,126.8526,2022-01-06,우수
614,송지훈,sjh342@daum.net,010-4013-9171,세종,36.48,127.289,2022-09-20,일반
615,서지후,sjh529@daum.net,010-3947-3148,광주,35.1595,126.8526,2022-02-15,VIP
616,전예린,jngr334@gmail.com,010-8081-7240,전주,35.8219,127.148,2021-10-04,VIP
617,조주원,jjng919@naver.com,,세종,36.48,127.289,2021-01-10,일반
618,황주원,hjng969@daum.net,010-1781-7527,세종,36.48,127.289,2021-11-04,일반
619,최가은,chgng267@gmail.com,010-2577-8370,대구,35.8714,128.6014,2021-09-18,VIP
620,오지훈,ngjh469@daum.net,010-5222-6638,수원,37.2636,127.0286,2022-07-25,우수
621,김서연,gsng224@daum.net,,청주,36.6424,127.489,2022-09-13,일반
622,전서현,jsh764@naver.com,010-9363-8987,대전,36.3504,127.3845,2021-12-30,일반
623,권태현,gth180@nate.com,010-3373-3745,창원,35.2271,128.6811,2021-10-21,일반
624,오서연,ngsng746@nate.com,,부산,35.1796,129.0756,2021-03-23,일반
625,윤유진,ngngj424@daum.net,010-7479-5444,전주,35.8219,127.148,2021-10-01,우수
626,권나윤,gnng983@daum.net,010-8377-7782,전주,35.8219,127.148,2022-08-25,일반
627,강하준,ghj974@gmail.com,010-2311-4450,인천,37.4563,126.7052,2021-08-29,일반
628,강지민,gjm205@gmail.com,010-1431-7504,부산,35.1796,129.0756,2022-04-30,우수
629,안나윤,ngnng185@gmail.com,,대전,36.3504,127.3845,2022-09-25,일반
630,신우진,sngj334@naver.com,010-3071-3150,전주,35.8219,127.148,2021-10-18,일반
631,안영민,ngngm274@gmail.com,010-6328-8801,서울,37.5665,126.978,2022-11-11,우수
632,권지현,gjh653@daum.net,,수원,37.2636,127.0286,2022-04-01,VIP
633,송하준,shj705@nate.com,010-8126-9576,청주,36.6424,127.489,2022-10-14,우수
634,송우진,sngj455@nate.com,010-8239-6044,수원,37.2636,127.0286,2021-08-21,우수
635,한서연,hsng366@naver.com,,대전,36.3504,127.3845,2021-01-11,일반
636,정지원,jjng393@nate.com,010-9059-8816,수원,37.2636,127.0286,2021-01-09,일반
637,임민준,ngmj884@nate.com,010-1118-9981,대전,36.3504,127.3845,2022-09-04,우수
638,한지후,hjh521@nate.com,,울산,35.5398,129.3114,2021-09-13,일반
639,신영민,sngm487@naver.com,010-4924-9464,대전,36.3504,127.3845,2021-03-23,일반
640,장우진,jngj764@daum.net,010-3988-3238,울산,35.5398,129.3114,2021-07-12,일반
641,임도윤,ngdng752@nate.com,010-9060-4076,창원,35.2271,128.6811,2022-04-09,일반
642,오민준,ngmj255@gmail.com,,수원,37.2636,127.0286,2021-01-23,일반
643,최우진,chngj375@naver.com,010-4814-2477,전주,35.8219,127.148,2022-03-25,일반
644,정민준,jmj605@naver.com,010-9165-7084,광주,35.1595,126.8526,2022-03-07,일반
645,권가은,ggng910@gmail.com,010-3393-1918,광주,35.1595,126.8526,2021-03-24,일반
646,장나윤,jnng501@gmail.com,,수원,37.2636,127.0286,2022-04-27,VIP
647,장영민,jngm490@gmail.com,010-8257-5049,부산,35.1796,129.0756,2021-09-12,우수
648,이지후,ngjh571@gmail.com,010-8746-7375,수원,37.2636,127.0286,2022-11-13,우수
649,임도현,ngdh430@naver.com,010-9534-3001,청주,36.6424,127.489,2021-02-13,우수
650,장민서,jms753@daum.net,010-4568-2850,대구,35.8714,128.6014,2022-01-05,일반
651,윤서현,ngsh544@daum.net,010-2960-7484,서울,37.5665,126.978,2021-06-21,일반
652,윤민준,ngmj143@nate.com,,전주,35.8219,127.148,2022-09-03,우수
653,박현우,bhng261@nate.com,010-1983-1979,부산,35.1796,129.0756,2022-12-04,우수
654,한서현,hsh257@gmail.com,010-6690-8187,인천,37.4563,126.7052,2022-05-15,우수
655,조민준,jmj805@nate.com,010-1646-8951,광주,35.1595,126.8526,2021-05-18,일반
656,권지아,gjng401@nate.com,,대구,35.8714,128.6014,2022-08-04,일반
657,한유진,hngj849@nate.com,010-3627-2128,대전,36.3504,127.3845,2022-09-06,일반
658,안주원,ngjng560@daum.net,010-1011-9289,대전,36.3504,127.3845,2022-07-09,일반
659,신채원,schng289@gmail.com,010-4912-6254,창원,35.2271,128.6811,2022-01-08,우수
660,박예린,bngr651@nate.com,010-3525-5638,대구,35.8714,128.6014,2022-06-21,우수
661,오서연,ngsng756@daum.net,010-2092-1717,부산,35.1796,129.0756,2021-04-09,일반
662,정하준,jhj994@gmail.com,010-2617-1521,대구,35.8714,128.6014,2021-04-20,MVP
663,전서현,jsh956@nate.com,010-5193-1804,청주,36.6424,127.489,2022-05-17,우수
664,한현우,hhng720@gmail.com,010-2310-8668,서울,37.5665,126.978,2021-08-02,일반
665,이지원,ngjng671@nate.com,,광주,35.1595,126.8526,2022-12-27,일반
666,장하늘,jhn141@gmail.com,010-9511-2591,대전,36.3504,127.3845,2021-03-21,일반
667,최채원,chchng336@nate.com,010-5075-3931,대구,35.8714,128.6014,2021-07-17,일반
668,송채원,schng671@nate.com,010-6864-8515,전주,35.8219,127.148,2021-04-19,일반
669,서태현,sth206@naver.com,010-6529-3591,인천,37.4563,126.7052,2022-07-18,일반
670,송하린,shr553@daum.net,010-6319-7090,광주,35.1595,126.8526,2022-07-18,일반
671,서나윤,snng748@nate.com,010-9939-4504,전주,35.8219,127.148,2021-11-28,일반
672,신나윤,snng663@daum.net,010-7505-1003,광주,35.1595,126.8526,2022-04-09,VIP
673,이우진,ngngj710@gmail.com,010-5945-1107,수원,37.2636,127.0286,2021-05-19,일반
674,임현우,nghng319@daum.net,010-9376-3534,서울,37.5665,126.978,2022-12-08,우수
675,최서준,chsj571@daum.net,010-5093-4817,인천,37.4563,126.7052,2021-05-22,일반
676,장현정,jhj407@gmail.com,010-4562-2264,창원,35.2271,128.6811,2022-02-14,MVP
677,오현정,nghj594@naver.com,010-2562-5921,세종,36.48,127.289,2022-12-08,일반
678,이채원,ngchng927@nate.com,010-6478-6700,부산,35.1796,129.0756,2021-02-27,일반
679,서서연,ssng988@gmail.com,010-1187-7266,대구,35.8714,128.6014,2022-10-31,MVP
680,이우진,ngngj636@gmail.com,010-6354-9231,광주,35.1595,126.8526,2022-07-07,VIP
681,윤주원,ngjng151@nate.com,010-2475-4638,세종,36.48,127.289,2022-09-02,VIP
682,서우진,sngj905@nate.com,010-8796-1807,인천,37.4563,126.7052,2021-05-16,일반
683,송지민,sjm368@gmail.com,010-3136-3209,울산,35.5398,129.3114,2022-05-29,일반
684,황지아,hjng302@nate.com,010-9589-5034,울산,35.5398,129.3114,2022-10-30,우수
685,윤예준,ngngj372@nate.com,010-2467-2843,광주,35.1595,126.8526,2022-12-03,VIP
686,서서연,ssng474@daum.net,010-1396-5994,대구,35.8714,128.6014,2021-11-25,우수
687,강지원,gjng731@nate.com,010-4825-4271,창원,35.2271,128.6811,2021-05-30,우수
688,한주원,hjng875@gmail.com,010-3419-5713,부산,35.1796,129.0756,2021-02-25,일반
689,김유진,gngj810@gmail.com,010-6437-4424,대전,36.3504,127.3845,2022-04-06,우수
690,송지후,sjh308@daum.net,010-3315-1301,수원,37.2636,127.0286,2022-05-10,일반
691,신시아,ssng779@gmail.com,,대전,36.3504,127.3845,2021-06-24,일반
692,조현정,jhj813@daum.net,010-1136-2091,서울,37.5665,126.978,2022-04-22,일반
693,신예린,sngr377@daum.net,010-7332-4787,부산,35.1796,129.0756,2021-01-20,우수
694,신하늘,shn826@gmail.com,010-9709-2442,광주,35.1595,126.8526,2022-05-12,일반
695,강지후,gjh612@nate.com,,수원,37.2636,127.0286,2022-12-31,일반
696,윤도현,ngdh642@daum.net,010-3572-1301,광주,35.1595,126.8526,2022-05-17,우수
697,한예린,hngr460@daum.net,010-9212-5519,청주,36.6424,127.489,2021-11-06,일반
698,이서현,ngsh363@nate.com,010-4695-3485,서울,37.5665,126.978,2022-07-23,우수
699,오태현,ngth502@naver.com,010-4726-7837,부산,35.1796,129.0756,2022-01-27,일반
700,윤시아,ngsng256@nate.com,010-9883-3158,대전,36.3504,127.3845,2022-09-12,일반
701,조서현,jsh241@naver.com,010-9582-3215,인천,37.4563,126.7052,2021-11-13,우수
702,서도현,sdh888@naver.com,010-6201-2111,청주,36.6424,127.489,2022-08-02,일반
703,송지아,sjng836@gmail.com,010-3384-1483,인천,37.4563,126.7052,2021-11-22,일반
704,오태현,ngth523@nate.com,010-5485-3489,대전,36.3504,127.3845,2022-03-30,일반
705,조도윤,jdng234@naver.com,010-4783-4804,서울,37.5665,126.978,2022-09-19,일반
706,윤예린,ngngr126@daum.net,010-3196-9230,부산,35.1796,129.0756,2022-12-06,MVP
707,황가은,hgng765@daum.net,010-3253-3683,인천,37.4563,126.7052,2022-02-01,일반
708,조현우,jhng133@nate.com,010-4646-4323,서울,37.5665,126.978,2021-10-04,VIP
709,조예준,jngj281@nate.com,010-8496-5043,창원,35.2271,128.6811,2022-05-17,일반
710,서지민,sjm894@gmail.com,010-7457-9784,창원,35.2271,128.6811,2022-01-25,우수
711,안서현,ngsh996@gmail.com,010-1694-5025,수원,37.2636,127.0286,2021-04-22,우수
712,안지아,ngjng505@gmail.com,010-1807-4110,수원,37.2636,127.0286,2022-02-01,우수
713,임수빈,ngsb507@daum.net,,대전,36.3504,127.3845,2022-04-18,일반
714,임하린,nghr155@naver.com,010-9202-2854,세종,36.48,127.289,2022-10-24,일반
715,강나윤,gnng699@naver.com,010-1408-3930,울산,35.5398,129.3114,2022-02-28,일반
716,권시아,gsng829@naver.com,010-3686-3024,세종,36.48,127.289,2021-04-03,VIP
717,박도윤,bdng823@nate.com,,청주,36.6424,127.489,2022-01-07,VIP
718,신채원,schng910@naver.com,010-3799-6491,울산,35.5398,129.3114,2022-07-18,MVP
719,전지현,jjh775@naver.com,,인천,37.4563,126.7052,2021-05-29,일반
720,이서연,ngsng415@daum.net,010-3960-2926,전주,35.8219,127.148,2022-04-02,우수
721,정지후,jjh103@daum.net,010-9169-9904,서울,37.5665,126.978,2022-04-15,VIP
722,김하린,ghr605@naver.com,010-8434-7719,대구,35.8714,128.6014,2022-08-26,일반
723,권예준,gngj715@gmail.com,010-4401-1801,대구,35.8714,128.6014,2022-07-15,일반
724,강주원,gjng156@daum.net,010-5889-6424,서울,37.5665,126.978,2021-05-29,우수
725,박서준,bsj211@nate.com,010-3906-8460,인천,37.4563,126.7052,2021-06-15,우수
726,전지원,jjng136@gmail.com,010-7208-2108,대전,36.3504,127.3845,2021-11-27,VIP
727,서영민,sngm663@gmail.com,,대전,36.3504,127.3845,2022-04-28,일반
728,장유진,jngj639@nate.com,010-1953-2790,수원,37.2636,127.0286,2021-08-03,우수
729,전채원,jchng744@gmail.com,010-5705-7996,세종,36.48,127.289,2022-12-07,일반
730,오지훈,ngjh638@daum.net,010-9514-9154,인천,37.4563,126.7052,2022-09-22,일반
731,황현정,hhj284@naver.com,010-1025-2936,전주,35.8219,127.148,2021-10-25,일반
732,김수빈,gsb740@gmail.com,010-7793-7783,전주,35.8219,127.148,2021-08-01,VIP
733,이유진,ngngj458@naver.com,010-5614-5168,서울,37.5665,126.978,2022-10-18,우수
734,박우진,bngj407@daum.net,010-6592-7488,서울,37.5665,126.978,2021-04-27,우수
735,전하린,jhr129@naver.com,010-8849-8774,대구,35.8714,128.6014,2021-12-05,일반
736,이서현,ngsh239@nate.com,010-9797-6490,인천,37.4563,126.7052,2022-10-05,VIP
737,권현정,ghj933@nate.com,010-5904-6169,전주,35.8219,127.148,2021-02-27,일반
738,송지아,sjng119@naver.com,010-6793-2084,창원,35.2271,128.6811,2022-12-03,VIP
739,정지훈,jjh960@gmail.com,010-3719-7382,광주,35.1595,126.8526,2022-01-20,일반
740,강하린,ghr219@daum.net,010-5448-7780,전주,35.8219,127.148,2021-11-19,일반
741,박민서,bms998@naver.com,010-5958-4541,광주,35.1595,126.8526,2022-04-08,일반
742,안우진,ngngj279@gmail.com,010-2517-8270,광주,35.1595,126.8526,2021-02-08,일반
743,안민준,ngmj918@nate.com,,수원,37.2636,127.0286,2021-06-07,우수
744,황채원,hchng994@daum.net,010-2609-9456,광주,35.1595,126.8526,2021-05-27,우수
745,정지후,jjh841@gmail.com,010-9558-2897,세종,36.48,127.289,2022-02-01,일반
746,김우진,gngj145@gmail.com,010-2689-9529,광주,35.1595,126.8526,2022-04-24,VIP
747,임민준,ngmj691@daum.net,010-4154-5695,청주,36.6424,127.489,2021-08-03,일반
748,장지아,jjng426@nate.com,010-3580-5483,청주,36.6424,127.489,2021-05-01,우수
749,최민준,chmj737@gmail.com,010-6218-5440,대구,35.8714,128.6014,2022-07-10,VIP
750,정가은,jgng923@daum.net,,창원,35.2271,128.6811,2021-09-08,우수
751,임하린,nghr446@nate.com,,서울,37.5665,126.978,2021-05-14,일반
752,이도윤,ngdng492@gmail.com,010-8304-6826,부산,35.1796,129.0756,2022-03-13,VIP
753,임유진,ngngj937@naver.com,010-2286-8629,전주,35.8219,127.148,2022-11-18,우수
754,전주원,jjng195@nate.com,010-8625-8709,부산,35.1796,129.0756,2022-04-12,일반
755,윤현우,nghng247@daum.net,,광주,35.1595,126.8526,2022-02-06,일반
756,오현정,nghj981@daum.net,,세종,36.48,127.289,2022-05-15,우수
757,황도윤,hdng459@nate.com,010-6711-3087,세종,36.48,127.289,2021-06-24,우수
758,안도윤,ngdng515@gmail.com,010-5949-9728,광주,35.1595,126.8526,2022-07-24,우수
759,권지민,gjm704@nate.com,010-3605-8903,대구,35.8714,128.6014,2022-09-28,VIP
760,신예준,sngj448@naver.com,010-8132-6606,전주,35.8219,127.148,2022-08-29,우수
761,송가은,sgng341@naver.com,,청주,36.6424,127.489,2022-11-17,일반
762,전영민,jngm598@gmail.com,010-2599-8294,창원,35.2271,128.6811,2022-09-03,일반
763,강우진,gngj515@gmail.com,010-7208-6364,창원,35.2271,128.6811,2021-04-22,일반
764,황서현,hsh776@gmail.com,010-1003-3403,부산,35.1796,129.0756,2021-08-11,우수
765,정수빈,jsb644@daum.net,010-4205-4369,울산,35.5398,129.3114,2022-09-23,일반
766,오우진,ngngj683@daum.net,010-1133-9362,울산,35.5398,129.3114,2021-12-19,우수
767,신지현,sjh230@daum.net,010-1870-1013,서울,37.5665,126.978,2022-01-14,우수
768,송영민,sngm467@gmail.com,010-7459-6212,대전,36.3504,127.3845,2021-02-01,VIP
769,신지민,sjm490@nate.com,010-8780-3278,수원,37.2636,127.0286,2021-08-05,일반
770,조지아,jjng493@daum.net,010-3056-3200,울산,35.5398,129.3114,2021-06-07,VIP
771,김예준,gngj763@gmail.com,010-3224-2387,인천,37.4563,126.7052,2022-05-14,일반
772,정서현,jsh925@nate.com,010-7974-3945,세종,36.48,127.289,2022-12-14,VIP
773,권하늘,ghn534@nate.com,010-7959-1121,울산,35.5398,129.3114,2021-12-30,일반
774,전민서,jms967@naver.com,010-9948-7012,전주,35.8219,127.148,2022-05-29,일반
775,이서준,ngsj681@nate.com,,전주,35.8219,127.148,2022-01-13,우수
776,황가은,hgng181@naver.com,010-5578-8617,전주,35.8219,127.148,2022-06-24,일반
777,안예준,ngngj635@gmail.com,010-2279-9834,대구,35.8714,128.6014,2022-04-29,일반
778,전우진,jngj727@gmail.com,010-8681-8438,광주,35.1595,126.8526,2022-07-02,우수
779,안태현,ngth580@daum.net,010-5827-5738,울산,35.5398,129.3114,2021-12-28,우수
780,강서준,gsj811@daum.net,010-8752-3770,전주,35.8219,127.148,2022-08-01,우수
781,전서준,jsj772@daum.net,,전주,35.8219,127.148,2022-10-02,우수
782,황예준,hngj229@gmail.com,,대전,36.3504,127.3845,2021-09-16,우수
783,장지훈,jjh978@daum.net,010-3476-8317,서울,37.5665,126.978,2021-04-25,일반
784,한현정,hhj279@daum.net,010-9640-1542,전주,35.8219,127.148,2021-08-30,일반
785,오예준,ngngj248@naver.com,010-4898-8211,세종,36.48,127.289,2022-02-27,일반
786,강지후,gjh691@daum.net,010-2900-1860,서울,37.5665,126.978,2022-10-20,VIP
787,강수빈,gsb508@nate.com,010-9724-4828,대전,36.3504,127.3845,2022-05-03,우수
788,신예린,sngr822@nate.com,,세종,36.48,127.289,2021-09-26,일반
789,서민준,smj395@nate.com,010-9687-1672,울산,35.5398,129.3114,2022-11-26,일반
790,최도현,chdh644@daum.net,010-5466-6488,울산,35.5398,129.3114,2022-09-18,VIP
791,장지훈,jjh921@gmail.com,010-8554-4961,대전,36.3504,127.3845,2022-11-02,일반
792,전나윤,jnng299@daum.net,010-6132-9972,청주,36.6424,127.489,2022-12-08,우수
793,김예린,gngr108@gmail.com,,서울,37.5665,126.978,2022-02-26,우수
794,최예린,chngr556@daum.net,010-1557-1388,대구,35.8714,128.6014,2021-10-18,우수
795,박서준,bsj708@naver.com,,창원,35.2271,128.6811,2022-10-16,일반
796,최예준,chngj976@naver.com,010-4027-2816,울산,35.5398,129.3114,2022-11-04,VIP
797,강지훈,gjh401@nate.com,010-5528-7995,청주,36.6424,127.489,2021-03-19,VIP
798,오지훈,ngjh265@gmail.com,010-6450-1984,대전,36.3504,127.3845,2021-03-05,우수
799,장영민,jngm371@naver.com,010-4287-7432,세종,36.48,127.289,2021-03-13,우수
800,강서현,gsh603@gmail.com,010-4578-2740,인천,37.4563,126.7052,2022-07-08,VIP
801,권가은,ggng365@gmail.com,,서울,37.5665,126.978,2021-03-16,우수
802,장나윤,jnng556@gmail.com,010-1014-1619,세종,36.48,127.289,2021-06-02,일반
803,신지훈,sjh255@daum.net,,울산,35.5398,129.3114,2022-08-12,우수
804,황민서,hms546@nate.com,010-1054-7298,전주,35.8219,127.148,2021-03-13,우수
805,황도윤,hdng680@daum.net,010-1904-2485,광주,35.1595,126.8526,2022-11-30,일반
806,한지아,hjng973@daum.net,010-5750-4327,부산,35.1796,129.0756,2022-04-16,우수
807,강지아,gjng140@nate.com,010-7391-2749,청주,36.6424,127.489,2021-07-15,VIP
808,한민서,hms186@nate.com,,전주,35.8219,127.148,2021-07-14,VIP
809,조민준,jmj837@naver.com,,세종,36.48,127.289,2022-02-03,일반
810,송서현,ssh415@nate.com,010-1268-1606,수원,37.2636,127.0286,2022-04-06,일반
811,오서준,ngsj445@gmail.com,010-9570-8509,울산,35.5398,129.3114,2021-05-02,MVP
812,송주원,sjng858@naver.com,010-9010-1312,부산,35.1796,129.0756,2021-02-07,VIP
813,황도현,hdh733@gmail.com,010-1235-3822,대구,35.8714,128.6014,2022-12-20,일반
814,이태현,ngth414@gmail.com,,세종,36.48,127.289,2022-09-18,VIP
815,전예준,jngj937@gmail.com,010-4613-2033,부산,35.1796,129.0756,2022-05-25,VIP
816,조서연,jsng445@nate.com,010-9943-3250,광주,35.1595,126.8526,2021-05-04,우수
817,오영민,ngngm912@naver.com,,서울,37.5665,126.978,2022-08-31,우수
818,박도윤,bdng380@naver.com,010-3703-8187,울산,35.5398,129.3114,2021-06-22,일반
819,윤도현,ngdh695@gmail.com,010-7162-3584,인천,37.4563,126.7052,2021-04-13,일반
820,김태현,gth598@gmail.com,,서울,37.5665,126.978,2021-01-08,일반
821,박가은,bgng767@daum.net,010-8798-3079,울산,35.5398,129.3114,2022-12-12,VIP
822,조주원,jjng755@daum.net,010-3859-1616,수원,37.2636,127.0286,2022-04-07,일반
823,강가은,ggng611@gmail.com,010-1074-4860,청주,36.6424,127.489,2021-11-05,일반
824,조도윤,jdng642@gmail.com,010-9842-9315,창원,35.2271,128.6811,2022-01-06,일반
825,윤수빈,ngsb888@naver.com,,대전,36.3504,127.3845,2021-02-24,우수
826,정예린,jngr964@nate.com,,세종,36.48,127.289,2021-06-30,VIP
827,이서준,ngsj760@daum.net,010-6477-8424,대전,36.3504,127.3845,2021-08-03,일반
828,이도윤,ngdng858@gmail.com,,수원,37.2636,127.0286,2021-06-30,일반
829,김민서,gms627@gmail.com,010-6340-7865,부산,35.1796,129.0756,2021-08-29,우수
830,조채원,jchng793@daum.net,010-2606-4884,대구,35.8714,128.6014,2021-04-23,일반
831,서지현,sjh304@nate.com,010-8936-1890,대구,35.8714,128.6014,2021-03-17,일반
832,서주원,sjng321@nate.com,010-8499-4181,인천,37.4563,126.7052,2022-02-01,일반
833,한지훈,hjh307@daum.net,010-1977-5597,인천,37.4563,126.7052,2021-02-02,일반
834,정도윤,jdng972@nate.com,,세종,36.48,127.289,2022-03-05,일반
835,오현우,nghng402@naver.com,010-4763-2416,청주,36.6424,127.489,2022-09-19,일반
836,서지현,sjh634@nate.com,010-8581-5573,대구,35.8714,128.6014,2022-08-29,일반
837,김채원,gchng538@naver.com,010-4643-3440,대구,35.8714,128.6014,2021-12-02,VIP
838,전태현,jth105@nate.com,010-9261-1550,서울,37.5665,126.978,2021-02-11,일반
839,서하늘,shn503@nate.com,010-4940-2361,전주,35.8219,127.148,2021-04-11,우수
840,송나윤,snng112@nate.com,010-4916-2486,대구,35.8714,128.6014,2021-05-16,우수
841,김민서,gms785@daum.net,010-1399-8452,인천,37.4563,126.7052,2022-12-22,일반
842,권나윤,gnng241@nate.com,010-1022-2158,인천,37.4563,126.7052,2022-01-15,우수
843,신태현,sth807@daum.net,010-5420-9887,수원,37.2636,127.0286,2021-02-03,일반
844,전현정,jhj312@gmail.com,010-1898-9433,창원,35.2271,128.6811,2021-12-10,MVP
845,한태현,hth152@gmail.com,010-1669-6989,울산,35.5398,129.3114,2022-01-10,일반
846,한하준,hhj763@gmail.com,010-3267-6487,수원,37.2636,127.0286,2022-12-28,일반
847,윤지아,ngjng216@nate.com,010-4437-4693,전주,35.8219,127.148,2022-08-18,일반
848,오지원,ngjng373@nate.com,,대전,36.3504,127.3845,2021-02-25,MVP
849,한수빈,hsb597@gmail.com,010-9730-5788,세종,36.48,127.289,2022-12-28,우수
850,권하린,ghr476@gmail.com,,대구,35.8714,128.6014,2022-04-14,우수
851,신태현,sth283@daum.net,,부산,35.1796,129.0756,2021-04-22,일반
852,최가은,chgng251@nate.com,010-1371-5803,인천,37.4563,126.7052,2021-07-29,우수
853,서예린,sngr654@naver.com,010-1351-5776,세종,36.48,127.289,2021-12-22,일반
854,조예준,jngj122@naver.com,010-6616-6346,수원,37.2636,127.0286,2022-10-23,VIP
855,황시아,hsng781@nate.com,010-6021-3813,세종,36.48,127.289,2021-11-08,일반
856,장현우,jhng595@daum.net,,대전,36.3504,127.3845,2021-02-18,일반
857,임수빈,ngsb270@naver.com,010-3873-3514,전주,35.8219,127.148,2022-07-03,일반
858,강현우,ghng219@gmail.com,,광주,35.1595,126.8526,2022-08-12,일반
859,장지원,jjng288@naver.com,,수원,37.2636,127.0286,2022-12-26,우수
860,오지원,ngjng251@daum.net,010-9743-5940,세종,36.48,127.289,2022-07-07,일반
861,최도현,chdh125@nate.com,010-6246-3556,세종,36.48,127.289,2021-05-29,우수
862,김채원,gchng659@daum.net,010-5748-3409,청주,36.6424,127.489,2022-12-24,일반
863,전채원,jchng552@daum.net,010-1656-3284,전주,35.8219,127.148,2021-04-26,우수
864,송도윤,sdng415@gmail.com,010-8306-6855,울산,35.5398,129.3114,2022-09-25,일반
865,박유진,bngj156@naver.com,010-5553-4206,창원,35.2271,128.6811,2022-06-24,일반
866,김예준,gngj651@nate.com,010-9385-7462,청주,36.6424,127.489,2022-11-19,우수
867,조민서,jms425@gmail.com,010-8006-7056,청주,36.6424,127.489,2022-01-05,일반
868,신지원,sjng112@daum.net,010-8300-2435,광주,35.1595,126.8526,2021-12-26,일반
869,조채원,jchng554@nate.com,,세종,36.48,127.289,2021-10-23,VIP
870,서채원,schng524@naver.com,,창원,35.2271,128.6811,2022-09-05,VIP
871,조우진,jngj586@daum.net,010-2449-1108,부산,35.1796,129.0756,2022-08-28,일반
872,서서현,ssh379@nate.com,010-3243-4264,인천,37.4563,126.7052,2022-07-24,일반
873,강영민,gngm490@daum.net,,수원,37.2636,127.0286,2022-05-18,우수
874,임영민,ngngm699@daum.net,010-4678-1439,세종,36.48,127.289,2022-07-27,일반
875,김주원,gjng368@daum.net,010-5713-7834,청주,36.6424,127.489,2022-10-14,일반
876,강민서,gms804@naver.com,010-9078-2093,서울,37.5665,126.978,2021-05-03,일반
877,한시아,hsng592@nate.com,010-2959-7114,대전,36.3504,127.3845,2022-10-06,우수
878,안채원,ngchng689@gmail.com,010-3394-6237,대전,36.3504,127.3845,2021-06-16,우수
879,권태현,gth809@naver.com,,광주,35.1595,126.8526,2021-06-17,일반
880,한서연,hsng751@daum.net,010-2258-9419,서울,37.5665,126.978,2021-10-24,일반
881,조나윤,jnng743@naver.com,010-9908-6285,부산,35.1796,129.0756,2022-09-06,일반
882,오영민,ngngm965@daum.net,010-6939-2570,대전,36.3504,127.3845,2022-12-03,우수
883,송시아,ssng460@naver.com,010-7111-8944,서울,37.5665,126.978,2021-05-21,일반
884,서유진,sngj266@gmail.com,010-4087-9612,대구,35.8714,128.6014,2021-06-08,일반
885,송가은,sgng664@gmail.com,010-2909-3150,울산,35.5398,129.3114,2022-04-17,우수
886,김민서,gms456@daum.net,,전주,35.8219,127.148,2022-01-07,일반
887,권태현,gth711@daum.net,010-2943-4643,인천,37.4563,126.7052,2022-12-28,우수
888,정지현,jjh810@naver.com,010-4438-3133,전주,35.8219,127.148,2021-08-21,일반
889,박서연,bsng807@gmail.com,010-8065-1696,부산,35.1796,129.0756,2021-01-20,일반
890,조도윤,jdng133@gmail.com,010-1709-2085,세종,36.48,127.289,2021-05-02,일반
891,임예린,ngngr110@gmail.com,010-4277-4027,부산,35.1796,129.0756,2022-09-09,우수
892,한민준,hmj192@naver.com,010-6698-6770,전주,35.8219,127.148,2021-10-12,VIP
893,강지현,gjh612@naver.com,,수원,37.2636,127.0286,2022-08-07,VIP
894,전나윤,jnng114@naver.com,010-3814-9800,전주,35.8219,127.148,2021-07-16,일반
895,김채원,gchng201@naver.com,010-4033-8203,수원,37.2636,127.0286,2022-12-26,우수
896,최하준,chhj954@daum.net,010-4728-7677,울산,35.5398,129.3114,2022-03-11,일반
897,최나윤,chnng421@gmail.com,010-9123-6918,세종,36.48,127.289,2021-04-23,일반
898,임지아,ngjng839@gmail.com,010-7304-5646,부산,35.1796,129.0756,2021-12-02,VIP
899,권하린,ghr853@daum.net,010-7672-5761,청주,36.6424,127.489,2022-03-31,일반
900,서지후,sjh977@gmail.com,010-1209-9055,세종,36.48,127.289,2022-11-27,일반
901,최지민,chjm548@gmail.com,010-2666-3764,부산,35.1796,129.0756,2021-05-27,일반
902,박지원,bjng303@daum.net,010-7623-3011,대구,35.8714,128.6014,2022-09-02,일반
903,윤영민,ngngm534@nate.com,010-5472-7557,대전,36.3504,127.3845,2023-01-01,일반
904,한민서,hms782@nate.com,010-8448-2770,세종,36.48,127.289,2022-06-08,우수
905,최지훈,chjh601@nate.com,010-1486-2631,대구,35.8714,128.6014,2022-10-06,일반
906,이영민,ngngm169@nate.com,010-7269-6356,청주,36.6424,127.489,2021-01-28,VIP
907,정우진,jngj736@gmail.com,010-9064-8635,부산,35.1796,129.0756,2022-11-08,VIP
908,조우진,jngj777@nate.com,010-6629-9856,세종,36.48,127.289,2022-06-01,일반
909,송민준,smj882@gmail.com,010-6153-7165,울산,35.5398,129.3114,2021-05-02,일반
910,권수빈,gsb136@gmail.com,010-5965-3689,인천,37.4563,126.7052,2022-07-25,일반
911,황서연,hsng237@daum.net,010-2792-9037,전주,35.8219,127.148,2022-02-03,우수
912,송예린,sngr652@nate.com,010-9301-1913,세종,36.48,127.289,2022-07-30,일반
913,신지훈,sjh606@nate.com,010-5660-6250,창원,35.2271,128.6811,2022-11-24,우수
914,이민준,ngmj704@gmail.com,010-1440-6591,인천,37.4563,126.7052,2022-01-11,일반
915,신도윤,sdng538@daum.net,010-5001-5056,광주,35.1595,126.8526,2022-02-26,우수
916,윤서현,ngsh419@gmail.com,010-2875-6531,전주,35.8219,127.148,2021-03-09,일반
917,강민준,gmj651@daum.net,010-7921-9433,서울,37.5665,126.978,2022-04-17,일반
918,서지훈,sjh120@nate.com,010-7188-7394,창원,35.2271,128.6811,2021-01-23,VIP
919,오시아,ngsng200@nate.com,010-6504-9138,부산,35.1796,129.0756,2022-12-09,우수
920,안현정,nghj883@daum.net,010-8143-4305,인천,37.4563,126.7052,2022-09-22,일반
921,황서현,hsh967@gmail.com,010-1778-5871,수원,37.2636,127.0286,2021-08-08,VIP
922,전지민,jjm923@naver.com,010-2552-6518,창원,35.2271,128.6811,2021-04-05,일반
923,장예준,jngj680@nate.com,010-2256-5945,울산,35.5398,129.3114,2021-08-03,VIP
924,안현정,nghj407@nate.com,010-7788-7591,청주,36.6424,127.489,2022-07-07,우수
925,장하린,jhr627@nate.com,,청주,36.6424,127.489,2022-07-15,일반
926,김서현,gsh820@naver.com,010-8656-5389,창원,35.2271,128.6811,2022-05-27,일반
927,송현정,shj729@nate.com,,창원,35.2271,128.6811,2022-10-04,일반
928,조지원,jjng573@naver.com,010-5919-8133,대구,35.8714,128.6014,2021-06-04,우수
929,서유진,sngj980@gmail.com,010-5373-5702,청주,36.6424,127.489,2021-07-28,우수
930,강지훈,gjh803@naver.com,,울산,35.5398,129.3114,2021-09-02,일반
931,조민준,jmj351@daum.net,010-8145-7914,세종,36.48,127.289,2022-05-13,일반
932,이지후,ngjh263@daum.net,010-5551-3883,인천,37.4563,126.7052,2021-01-30,VIP
933,이채원,ngchng597@gmail.com,010-5882-2041,서울,37.5665,126.978,2021-03-27,MVP
934,서태현,sth472@gmail.com,010-9196-2976,울산,35.5398,129.3114,2021-05-24,우수
935,안예린,ngngr948@daum.net,010-3003-6134,세종,36.48,127.289,2021-04-03,일반
936,오영민,ngngm698@nate.com,010-4571-3363,전주,35.8219,127.148,2021-08-30,일반
937,최하준,chhj319@daum.net,010-1916-9034,세종,36.48,127.289,2022-02-23,일반
938,송지원,sjng816@gmail.com,010-5036-5550,광주,35.1595,126.8526,2022-07-13,VIP
939,정지원,jjng586@daum.net,010-1570-1895,대전,36.3504,127.3845,2021-01-22,일반
940,윤지훈,ngjh665@nate.com,010-6945-2999,대전,36.3504,127.3845,2022-10-17,우수
941,송지현,sjh342@nate.com,010-7438-5186,울산,35.5398,129.3114,2021-01-09,일반
942,임예준,ngngj942@naver.com,010-3625-8190,대전,36.3504,127.3845,2021-08-04,우수
943,오태현,ngth931@nate.com,010-9055-8718,서울,37.5665,126.978,2021-10-08,우수
944,서도현,sdh961@daum.net,010-2644-3627,전주,35.8219,127.148,2022-03-09,VIP
945,장하늘,jhn167@daum.net,010-9973-6353,울산,35.5398,129.3114,2022-09-09,일반
946,권가은,ggng128@gmail.com,,청주,36.6424,127.489,2022-10-19,일반
947,권현정,ghj756@naver.com,010-6006-6140,서울,37.5665,126.978,2022-02-15,일반
948,전예준,jngj213@naver.com,010-3131-7722,대구,35.8714,128.6014,2022-06-13,VIP
949,오수빈,ngsb589@naver.com,010-6367-5616,대전,36.3504,127.3845,2021-06-27,VIP
950,조예준,jngj524@daum.net,010-4677-1339,인천,37.4563,126.7052,2022-02-07,우수
951,김도현,gdh671@naver.com,,부산,35.1796,129.0756,2022-04-19,우수
952,강서준,gsj510@nate.com,,창원,35.2271,128.6811,2021-09-24,우수
953,한하준,hhj680@gmail.com,010-8433-9096,서울,37.5665,126.978,2022-06-23,일반
954,최현우,chhng830@naver.com,010-9096-7259,대구,35.8714,128.6014,2021-09-30,VIP
955,정서연,jsng976@naver.com,010-5636-4102,창원,35.2271,128.6811,2021-08-09,일반
956,서하준,shj518@naver.com,010-4858-8388,서울,37.5665,126.978,2021-10-25,일반
957,윤지원,ngjng696@nate.com,010-6296-7513,부산,35.1796,129.0756,2021-01-11,우수
958,조가은,jgng492@nate.com,010-2561-1962,전주,35.8219,127.148,2022-09-04,일반
959,이유진,ngngj340@nate.com,010-1745-1087,광주,35.1595,126.8526,2022-09-13,일반
960,장하늘,jhn734@nate.com,010-3166-1673,대전,36.3504,127.3845,2022-02-09,우수
961,전하준,jhj366@naver.com,010-8669-3161,수원,37.2636,127.0286,2022-05-20,일반
962,박유진,bngj827@nate.com,,인천,37.4563,126.7052,2021-09-24,우수
963,이주원,ngjng611@daum.net,010-5635-5312,전주,35.8219,127.148,2022-01-05,일반
964,장하늘,jhn420@nate.com,010-9049-3478,인천,37.4563,126.7052,2021-11-20,일반
965,송지현,sjh773@nate.com,,서울,37.5665,126.978,2021-07-13,일반
966,윤하준,nghj136@nate.com,010-8150-2900,대전,36.3504,127.3845,2021-06-17,일반
967,황서준,hsj552@daum.net,010-9077-2843,전주,35.8219,127.148,2022-07-29,우수
968,정도윤,jdng457@gmail.com,,대구,35.8714,128.6014,2021-10-18,일반
969,강채원,gchng620@daum.net,010-1067-9618,창원,35.2271,128.6811,2022-11-11,우수
970,전하준,jhj526@gmail.com,010-6384-1425,대구,35.8714,128.6014,2022-05-26,일반
971,임예린,ngngr796@gmail.com,010-2737-6300,울산,35.5398,129.3114,2022-01-18,우수
972,정민준,jmj183@nate.com,010-5412-1095,전주,35.8219,127.148,2022-11-07,VIP
973,오서준,ngsj771@nate.com,,광주,35.1595,126.8526,2022-08-06,우수
974,이현정,nghj759@daum.net,010-9964-7248,광주,35.1595,126.8526,2021-02-26,일반
975,박지민,bjm361@naver.com,,대구,35.8714,128.6014,2022-02-13,일반
976,조하준,jhj497@nate.com,010-3525-2975,대전,36.3504,127.3845,2022-10-25,일반
977,임민서,ngms920@nate.com,010-3151-6882,전주,35.8219,127.148,2021-11-14,우수
978,최영민,chngm476@naver.com,010-8805-5398,세종,36.48,127.289,2022-04-02,일반
979,전하린,jhr533@gmail.com,010-8112-7979,울산,35.5398,129.3114,2022-01-13,일반
980,박서준,bsj625@daum.net,010-3540-9115,세종,36.48,127.289,2022-11-24,우수
981,안서현,ngsh762@gmail.com,010-8825-5921,대전,36.3504,127.3845,2022-04-25,일반
982,정주원,jjng800@daum.net,010-1781-2253,대구,35.8714,128.6014,2022-06-20,우수
983,이하늘,nghn210@nate.com,010-5151-6823,울산,35.5398,129.3114,2021-04-07,일반
984,장시아,jsng183@gmail.com,010-3985-7438,부산,35.1796,129.0756,2022-11-09,일반
985,이예준,ngngj526@daum.net,010-8371-5342,광주,35.1595,126.8526,2022-08-25,우수
986,오도현,ngdh992@naver.com,,대구,35.8714,128.6014,2021-07-09,일반
987,장지현,jjh789@gmail.com,,울산,35.5398,129.3114,2022-07-02,우수
988,신도윤,sdng113@naver.com,010-7637-8974,청주,36.6424,127.489,2022-05-04,일반
989,임하린,nghr932@daum.net,010-7471-5958,전주,35.8219,127.148,2022-11-21,일반
990,박주원,bjng238@gmail.com,010-4083-1439,대구,35.8714,128.6014,2021-04-25,VIP
991,조민서,jms764@naver.com,010-9824-4127,청주,36.6424,127.489,2021-09-05,우수
992,박우진,bngj888@nate.com,010-2908-3721,인천,37.4563,126.7052,2022-05-01,우수
993,정채원,jchng819@nate.com,,세종,36.48,127.289,2022-04-28,일반
994,권시아,gsng348@naver.com,010-7418-1834,대전,36.3504,127.3845,2022-08-07,우수
995,오민준,ngmj205@nate.com,010-5764-1606,울산,35.5398,129.3114,2022-05-23,일반
996,황지민,hjm597@nate.com,010-7914-6174,대구,35.8714,128.6014,2021-03-04,일반
997,송예준,sngj374@nate.com,010-6681-8345,세종,36.48,127.289,2021-04-30,VIP
998,서민준,smj265@daum.net,010-8178-4802,전주,35.8219,127.148,2021-07-16,일반
999,안현우,nghng701@daum.net,010-5806-7395,창원,35.2271,128.6811,2022-11-04,MVP
1000,서영민,sngm789@daum.net,010-5627-2412,세종,36.48,127.289,2021-06-15,일반
1001,황주원,hjng277@naver.com,010-7815-9089,인천,37.4563,126.7052,2022-09-13,일반
1002,임현우,nghng314@gmail.com,010-6849-3598,서울,37.5665,126.978,2022-01-03,우수
1003,강영민,gngm980@gmail.com,010-4714-2977,부산,35.1796,129.0756,2021-12-12,VIP
1004,송현우,shng598@daum.net,010-5382-3476,광주,35.1595,126.8526,2021-12-30,우수
1005,안하린,nghr785@gmail.com,010-8173-8489,전주,35.8219,127.148,2021-02-21,VIP
1006,최도윤,chdng900@gmail.com,010-3736-2934,수원,37.2636,127.0286,2021-02-12,우수
1007,조도현,jdh470@naver.com,010-9288-9165,전주,35.8219,127.148,2021-10-27,우수
1008,최주원,chjng762@daum.net,,광주,35.1595,126.8526,2021-05-22,VIP
1009,조수빈,jsb525@gmail.com,010-9274-3805,대구,35.8714,128.6014,2022-05-01,일반
1010,박지훈,bjh481@nate.com,010-3483-9677,광주,35.1595,126.8526,2022-10-07,일반
1011,서현정,shj333@naver.com,010-8516-9456,울산,35.5398,129.3114,2022-02-28,일반
1012,한민준,hmj553@naver.com,010-2389-6542,서울,37.5665,126.978,2022-06-14,MVP
1013,오지민,ngjm890@naver.com,010-1607-3473,울산,35.5398,129.3114,2021-03-04,VIP
1014,전서준,jsj746@daum.net,010-5986-6139,울산,35.5398,129.3114,2022-02-16,일반
1015,한민준,hmj946@daum.net,010-7618-8310,수원,37.2636,127.0286,2022-09-18,우수
1016,조태현,jth657@nate.com,010-7627-4232,전주,35.8219,127.148,2021-12-20,VIP
1017,임예준,ngngj137@daum.net,010-9860-5651,울산,35.5398,129.3114,2021-05-10,일반
1018,조예준,jngj623@daum.net,010-3621-1383,수원,37.2636,127.0286,2021-12-15,우수
1019,김태현,gth915@daum.net,010-9278-2809,대구,35.8714,128.6014,2021-11-08,VIP
1020,이영민,ngngm481@daum.net,010-1782-3043,청주,36.6424,127.489,2022-06-04,일반
1021,권우진,gngj686@gmail.com,010-9737-4831,세종,36.48,127.289,2021-12-14,우수
1022,한우진,hngj391@naver.com,010-5057-2724,전주,35.8219,127.148,2022-01-22,일반
1023,오하늘,nghn696@naver.com,,광주,35.1595,126.8526,2022-04-11,VIP
1024,서영민,sngm521@gmail.com,010-3130-8802,부산,35.1796,129.0756,2021-03-05,MVP
1025,조수빈,jsb179@daum.net,010-9502-7468,청주,36.6424,127.489,2022-06-23,VIP
1026,장시아,jsng610@nate.com,010-9020-7830,세종,36.48,127.289,2022-12-07,일반
1027,강주원,gjng617@naver.com,010-9408-9669,세종,36.48,127.289,2022-12-30,VIP
1028,최가은,chgng317@nate.com,010-7051-2945,세종,36.48,127.289,2021-02-03,VIP
1029,서도윤,sdng223@daum.net,,창원,35.2271,128.6811,2021-10-24,일반
1030,정도윤,jdng480@daum.net,010-1458-3340,광주,35.1595,126.8526,2021-11-07,VIP
1031,정현정,jhj703@nate.com,010-4532-3999,서울,37.5665,126.978,2021-11-09,일반
1032,황민준,hmj225@daum.net,010-6074-8411,부산,35.1796,129.0756,2021-02-15,우수
1033,오현정,nghj486@nate.com,,전주,35.8219,127.148,2022-09-13,일반
1034,정하늘,jhn751@nate.com,010-6328-2463,세종,36.48,127.289,2022-11-15,일반
1035,서지민,sjm338@nate.com,,광주,35.1595,126.8526,2022-07-08,일반
1036,권채원,gchng384@gmail.com,,인천,37.4563,126.7052,2022-12-26,우수
1037,임지아,ngjng760@gmail.com,,청주,36.6424,127.489,2022-07-27,일반
1038,송시아,ssng875@gmail.com,,창원,35.2271,128.6811,2022-06-19,우수
1039,황하늘,hhn119@gmail.com,,청주,36.6424,127.489,2022-06-29,일반
1040,김지훈,gjh905@naver.com,010-8278-2386,대구,35.8714,128.6014,2022-12-24,일반
1041,송하린,shr428@nate.com,010-1381-6569,창원,35.2271,128.6811,2021-02-16,우수
1042,서하준,shj524@gmail.com,010-2491-2878,수원,37.2636,127.0286,2021-11-21,우수
1043,최지아,chjng272@daum.net,010-2468-3526,인천,37.4563,126.7052,2021-07-07,일반
1044,임서연,ngsng794@naver.com,010-3973-1445,서울,37.5665,126.978,2022-09-22,우수
1045,이우진,ngngj499@gmail.com,010-6311-5225,광주,35.1595,126.8526,2021-05-26,VIP
1046,신영민,sngm223@gmail.com,010-4874-9076,대구,35.8714,128.6014,2021-09-03,우수
1047,안나윤,ngnng616@nate.com,,부산,35.1796,129.0756,2021-10-03,일반
1048,권지아,gjng516@gmail.com,010-4829-1305,세종,36.48,127.289,2021-01-30,일반
1049,장지아,jjng700@gmail.com,010-3057-5990,대구,35.8714,128.6014,2022-07-23,VIP
1050,전서연,jsng556@gmail.com,010-3332-7116,청주,36.6424,127.489,2022-05-28,일반
1051,송하준,shj900@naver.com,010-8401-1684,수원,37.2636,127.0286,2022-03-10,VIP
1052,김영민,gngm575@daum.net,,청주,36.6424,127.489,2021-06-21,우수
1053,황지훈,hjh712@daum.net,010-4485-9361,청주,36.6424,127.489,2022-01-25,VIP
1054,임서준,ngsj265@gmail.com,010-3014-3288,대전,36.3504,127.3845,2021-04-02,우수
1055,송지훈,sjh999@nate.com,010-6215-6613,대구,35.8714,128.6014,2022-09-18,MVP
1056,장나윤,jnng824@nate.com,010-6269-6597,대전,36.3504,127.3845,2021-09-09,일반
1057,조수빈,jsb713@daum.net,,서울,37.5665,126.978,2022-12-10,우수
1058,김하린,ghr587@gmail.com,,서울,37.5665,126.978,2022-11-20,일반
1059,송태현,sth813@nate.com,,울산,35.5398,129.3114,2022-07-06,일반
1060,박지아,bjng131@nate.com,010-7166-6864,청주,36.6424,127.489,2021-05-07,우수
1061,신하준,shj959@gmail.com,010-4161-8283,부산,35.1796,129.0756,2022-04-19,VIP
1062,김현우,ghng860@gmail.com,010-6862-4137,대전,36.3504,127.3845,2022-11-28,MVP
1063,박영민,bngm728@daum.net,010-9090-6947,전주,35.8219,127.148,2021-08-15,우수
1064,이지훈,ngjh604@naver.com,010-7489-2817,서울,37.5665,126.978,2021-07-20,일반
1065,장시아,jsng612@nate.com,,인천,37.4563,126.7052,2022-07-20,일반
1066,전예린,jngr798@naver.com,,부산,35.1796,129.0756,2022-08-26,우수
1067,박주원,bjng365@naver.com,,수원,37.2636,127.0286,2021-10-08,일반
1068,김가은,ggng794@daum.net,010-1032-7997,청주,36.6424,127.489,2022-07-28,일반
1069,이지현,ngjh430@nate.com,,울산,35.5398,129.3114,2021-10-08,일반
1070,안수빈,ngsb607@daum.net,010-4678-1769,수원,37.2636,127.0286,2021-02-14,일반
1071,장도현,jdh530@nate.com,010-6483-2340,광주,35.1595,126.8526,2021-01-06,일반
1072,전현정,jhj125@naver.com,010-5095-4225,전주,35.8219,127.148,2022-03-10,일반
1073,강유진,gngj418@gmail.com,,청주,36.6424,127.489,2022-10-03,일반
1074,황서연,hsng927@gmail.com,010-5102-5049,창원,35.2271,128.6811,2022-10-04,일반
1075,최민서,chms344@daum.net,010-4878-2194,서울,37.5665,126.978,2021-12-08,MVP
1076,권나윤,gnng197@nate.com,,창원,35.2271,128.6811,2021-05-08,일반
1077,이도현,ngdh134@nate.com,,광주,35.1595,126.8526,2022-12-12,일반
1078,정서준,jsj921@nate.com,010-8075-2077,서울,37.5665,126.978,2021-11-05,우수
1079,최예린,chngr157@gmail.com,010-7735-4819,대전,36.3504,127.3845,2022-01-26,일반
1080,김수빈,gsb493@nate.com,010-6564-1425,울산,35.5398,129.3114,2022-09-28,VIP
1081,권하늘,ghn436@naver.com,,부산,35.1796,129.0756,2021-04-16,우수
1082,박시아,bsng908@naver.com,010-5198-6822,창원,35.2271,128.6811,2021-05-10,일반
1083,서민서,sms842@nate.com,,인천,37.4563,126.7052,2021-09-06,일반
1084,이서준,ngsj230@daum.net,010-6861-6098,창원,35.2271,128.6811,2022-03-23,VIP
1085,전태현,jth654@naver.com,010-6618-5768,인천,37.4563,126.7052,2022-04-26,VIP
1086,한민준,hmj630@naver.com,010-1894-7915,서울,37.5665,126.978,2021-09-01,일반
1087,한지후,hjh305@naver.com,,부산,35.1796,129.0756,2021-12-16,우수
1088,황가은,hgng808@nate.com,010-6499-5909,창원,35.2271,128.6811,2022-12-11,일반
1089,서유진,sngj266@gmail.com,010-1060-4654,세종,36.48,127.289,2021-02-13,MVP
1090,윤수빈,ngsb738@naver.com,010-6431-7158,대구,35.8714,128.6014,2022-05-08,일반
1091,조지민,jjm288@gmail.com,,광주,35.1595,126.8526,2021-01-11,VIP
1092,김지아,gjng217@naver.com,,대전,36.3504,127.3845,2022-03-27,우수
1093,전도현,jdh883@daum.net,,서울,37.5665,126.978,2021-01-31,우수
1094,임하준,nghj324@daum.net,010-5029-3925,전주,35.8219,127.148,2021-06-28,우수
1095,조민준,jmj280@daum.net,010-3248-7208,부산,35.1796,129.0756,2021-01-22,일반
1096,최유진,chngj315@daum.net,010-7100-3807,세종,36.48,127.289,2021-09-03,일반
1097,안현정,nghj738@nate.com,,전주,35.8219,127.148,2021-03-08,일반
1098,정현정,jhj294@naver.com,010-6209-8037,수원,37.2636,127.0286,2022-01-23,일반
1099,윤도현,ngdh147@naver.com,010-6368-5049,수원,37.2636,127.0286,2021-10-29,우수
1100,이서현,ngsh914@daum.net,010-9011-4428,인천,37.4563,126.7052,2022-06-05,일반
1101,박현정,bhj581@gmail.com,010-9342-7131,인천,37.4563,126.7052,2022-06-05,일반
1102,황하늘,hhn575@naver.com,010-8918-9106,광주,35.1595,126.8526,2022-12-31,MVP
1103,황지훈,hjh695@nate.com,010-4394-4596,청주,36.6424,127.489,2022-08-21,VIP
1104,조수빈,jsb983@naver.com,010-7178-3575,울산,35.5398,129.3114,2021-08-12,VIP
1105,한지훈,hjh663@gmail.com,010-9500-6760,인천,37.4563,126.7052,2021-03-28,MVP
1106,윤시아,ngsng142@nate.com,010-8391-8660,수원,37.2636,127.0286,2022-09-29,일반
1107,서서연,ssng476@nate.com,010-3942-8236,광주,35.1595,126.8526,2021-10-07,일반
1108,윤지훈,ngjh760@gmail.com,010-9220-9401,광주,35.1595,126.8526,2021-03-26,우수
1109,송서현,ssh180@daum.net,,대구,35.8714,128.6014,2021-04-11,우수
1110,한서준,hsj659@naver.com,010-5096-5959,광주,35.1595,126.8526,2021-07-21,일반
1111,장지후,jjh822@naver.com,010-1139-5906,전주,35.8219,127.148,2022-07-11,VIP
1112,임영민,ngngm454@nate.com,010-1194-8733,울산,35.5398,129.3114,2022-08-17,일반
1113,안나윤,ngnng252@nate.com,010-4438-8773,대구,35.8714,128.6014,2021-08-21,일반
1114,윤하늘,nghn701@nate.com,010-2406-6129,전주,35.8219,127.148,2022-04-18,우수
1115,조서연,jsng888@nate.com,010-1493-7139,대구,35.8714,128.6014,2022-03-26,우수
1116,정시아,jsng994@naver.com,010-6810-6567,대전,36.3504,127.3845,2021-01-10,우수
1117,윤서연,ngsng535@nate.com,010-1380-1527,전주,35.8219,127.148,2022-07-05,일반
1118,정주원,jjng438@nate.com,010-2043-9757,울산,35.5398,129.3114,2021-07-29,VIP
1119,신지후,sjh586@gmail.com,010-5991-2527,광주,35.1595,126.8526,2022-08-07,일반
1120,강도윤,gdng791@naver.com,010-1439-4058,서울,37.5665,126.978,2022-12-07,일반
1121,조예준,jngj495@daum.net,010-9591-2146,대구,35.8714,128.6014,2021-08-27,VIP
1122,권서준,gsj477@gmail.com,010-7731-7407,인천,37.4563,126.7052,2021-12-01,MVP
1123,강도윤,gdng232@nate.com,010-4382-3128,세종,36.48,127.289,2021-03-12,VIP
1124,조우진,jngj542@nate.com,010-6084-4325,인천,37.4563,126.7052,2022-09-11,VIP
1125,안가은,nggng801@nate.com,,대전,36.3504,127.3845,2021-07-26,우수
1126,정수빈,jsb165@nate.com,010-9043-8539,창원,35.2271,128.6811,2021-09-10,우수
1127,권시아,gsng140@gmail.com,010-8476-6681,대전,36.3504,127.3845,2022-10-24,일반
1128,임지민,ngjm727@naver.com,,울산,35.5398,129.3114,2021-09-13,일반
1129,서수빈,ssb493@naver.com,,전주,35.8219,127.148,2022-08-06,일반
1130,이현우,nghng991@naver.com,010-2093-4559,대전,36.3504,127.3845,2022-10-06,일반
1131,황서연,hsng880@gmail.com,010-9264-6341,광주,35.1595,126.8526,2021-03-20,우수
1132,서수빈,ssb268@daum.net,,대구,35.8714,128.6014,2022-06-03,일반
1133,김예준,gngj754@nate.com,010-4185-7499,울산,35.5398,129.3114,2021-12-18,일반
1134,이민준,ngmj356@gmail.com,010-8606-8942,전주,35.8219,127.148,2021-05-20,일반
1135,권예준,gngj184@naver.com,,전주,35.8219,127.148,2022-03-25,우수
1136,장영민,jngm265@naver.com,,서울,37.5665,126.978,2022-09-14,일반
1137,임도윤,ngdng647@nate.com,010-1183-5476,인천,37.4563,126.7052,2021-03-21,VIP
1138,정수빈,jsb466@naver.com,010-9721-4541,대구,35.8714,128.6014,2021-02-05,일반
1139,권가은,ggng148@gmail.com,010-1858-1076,울산,35.5398,129.3114,2022-12-08,일반
1140,이나윤,ngnng486@naver.com,010-4276-2497,대구,35.8714,128.6014,2022-01-19,우수
1141,김서연,gsng128@gmail.com,010-2035-4613,광주,35.1595,126.8526,2021-07-16,VIP
1142,최현정,chhj955@naver.com,,전주,35.8219,127.148,2021-06-21,일반
1143,안도윤,ngdng935@daum.net,010-4393-9875,광주,35.1595,126.8526,2022-07-30,우수
1144,신서연,ssng223@naver.com,010-3844-1245,대구,35.8714,128.6014,2021-04-19,우수
1145,신서현,ssh423@gmail.com,010-2081-5562,울산,35.5398,129.3114,2021-08-06,일반
1146,한서준,hsj168@naver.com,010-9185-2668,울산,35.5398,129.3114,2021-11-05,VIP
1147,송현정,shj970@naver.com,010-7366-3177,대전,36.3504,127.3845,2021-04-08,우수
1148,오하준,nghj750@daum.net,,청주,36.6424,127.489,2022-05-09,우수
1149,김하린,ghr699@nate.com,010-4808-9248,울산,35.5398,129.3114,2022-06-08,VIP
1150,전가은,jgng113@naver.com,010-3032-6060,서울,37.5665,126.978,2022-09-24,VIP
1151,윤채원,ngchng538@naver.com,,창원,35.2271,128.6811,2021-03-23,우수
1152,한민서,hms403@naver.com,010-1621-4900,인천,37.4563,126.7052,2022-01-20,VIP
1153,권채원,gchng998@daum.net,010-1648-9533,인천,37.4563,126.7052,2021-10-12,우수
1154,서서현,ssh932@daum.net,010-6427-6615,서울,37.5665,126.978,2021-08-23,우수
1155,윤지후,ngjh652@gmail.com,010-4644-7250,청주,36.6424,127.489,2021-09-12,우수
1156,안유진,ngngj287@nate.com,,청주,36.6424,127.489,2021-01-07,우수
1157,황예준,hngj297@gmail.com,010-3057-2503,청주,36.6424,127.489,2021-05-25,일반
1158,강시아,gsng662@naver.com,,대구,35.8714,128.6014,2022-06-04,VIP
1159,권우진,gngj268@naver.com,,대구,35.8714,128.6014,2022-03-11,VIP
1160,윤우진,ngngj392@nate.com,010-8883-2310,청주,36.6424,127.489,2021-07-26,일반
1161,한지민,hjm486@naver.com,010-8101-3553,세종,36.48,127.289,2022-03-28,VIP
1162,황민준,hmj880@nate.com,010-5918-9801,울산,35.5398,129.3114,2021-03-27,일반
1163,정지아,jjng844@naver.com,010-8431-5640,대전,36.3504,127.3845,2022-01-25,일반
1164,신지아,sjng720@nate.com,,부산,35.1796,129.0756,2021-12-08,우수
1165,황지후,hjh258@naver.com,010-7131-9051,서울,37.5665,126.978,2021-01-14,일반
1166,신도현,sdh525@nate.com,010-6043-2167,전주,35.8219,127.148,2022-01-18,VIP
1167,서태현,sth139@gmail.com,,울산,35.5398,129.3114,2022-08-03,VIP
1168,서지훈,sjh889@daum.net,010-7032-1945,수원,37.2636,127.0286,2022-12-28,우수
1169,신도현,sdh534@naver.com,,대구,35.8714,128.6014,2022-05-05,일반
1170,한서현,hsh823@gmail.com,010-5281-8462,전주,35.8219,127.148,2022-11-13,일반
1171,정지훈,jjh353@naver.com,010-7297-7515,서울,37.5665,126.978,2021-04-30,우수
1172,전태현,jth182@naver.com,010-5143-5951,울산,35.5398,129.3114,2021-06-19,MVP
1173,안지아,ngjng774@nate.com,010-2456-2790,창원,35.2271,128.6811,2021-11-12,우수
1174,전나윤,jnng916@daum.net,010-7520-6047,인천,37.4563,126.7052,2021-10-03,일반
1175,김하준,ghj935@nate.com,,서울,37.5665,126.978,2021-04-10,우수
1176,서하늘,shn526@daum.net,,전주,35.8219,127.148,2022-03-18,우수
1177,한하준,hhj820@naver.com,,대구,35.8714,128.6014,2022-05-14,우수
1178,최수빈,chsb680@naver.com,,인천,37.4563,126.7052,2021-07-25,일반
1179,강현정,ghj877@naver.com,010-2789-3721,대전,36.3504,127.3845,2022-02-23,우수
1180,박우진,bngj187@nate.com,,부산,35.1796,129.0756,2021-10-11,우수
1181,김시아,gsng340@nate.com,010-1155-2000,세종,36.48,127.289,2022-11-20,MVP
1182,장나윤,jnng107@gmail.com,010-1118-7154,부산,35.1796,129.0756,2021-08-05,일반
1183,안나윤,ngnng372@nate.com,010-6514-7074,세종,36.48,127.289,2021-12-12,우수
1184,오유진,ngngj936@naver.com,010-1937-6833,광주,35.1595,126.8526,2022-11-13,VIP
1185,오현정,nghj202@gmail.com,010-3275-1420,세종,36.48,127.289,2022-12-17,일반
1186,최지현,chjh643@daum.net,010-8785-9436,전주,35.8219,127.148,2021-09-12,VIP
1187,서예린,sngr292@gmail.com,,청주,36.6424,127.489,2021-11-26,우수
1188,한지현,hjh146@daum.net,010-8938-7556,청주,36.6424,127.489,2022-03-31,일반
1189,박지원,bjng538@nate.com,010-7305-5814,청주,36.6424,127.489,2022-12-18,일반
1190,조가은,jgng246@gmail.com,010-5937-9990,인천,37.4563,126.7052,2022-05-25,우수
1191,권하준,ghj556@gmail.com,010-4987-4467,세종,36.48,127.289,2022-11-10,일반
1192,강나윤,gnng775@gmail.com,010-1478-3625,부산,35.1796,129.0756,2022-03-22,우수
1193,오태현,ngth492@daum.net,010-3016-3224,대구,35.8714,128.6014,2021-09-21,일반
1194,송서현,ssh842@nate.com,010-4666-2059,부산,35.1796,129.0756,2022-12-10,우수
1195,오지민,ngjm834@nate.com,010-8159-4823,청주,36.6424,127.489,2022-10-20,일반
1196,윤지훈,ngjh218@daum.net,,부산,35.1796,129.0756,2021-04-25,VIP
1197,전도현,jdh292@gmail.com,,창원,35.2271,128.6811,2022-01-12,MVP
1198,오지민,ngjm690@gmail.com,010-4110-7359,대전,36.3504,127.3845,2021-03-05,MVP
1199,서유진,sngj889@daum.net,010-4639-2746,청주,36.6424,127.489,2021-05-10,우수
1200,신민준,smj651@nate.com,010-5863-4586,광주,35.1595,126.8526,2021-05-29,일반
1201,황예린,hngr566@naver.com,,창원,35.2271,128.6811,2021-10-18,우수
1202,이하린,nghr427@daum.net,,수원,37.2636,127.0286,2022-12-07,일반
1203,전민서,jms746@naver.com,010-7171-1963,세종,36.48,127.289,2021-10-26,일반
1204,오주원,ngjng947@naver.com,010-1861-3933,전주,35.8219,127.148,2021-08-19,일반
1205,황채원,hchng501@daum.net,010-9977-7427,청주,36.6424,127.489,2021-06-13,일반
1206,오서연,ngsng794@nate.com,010-9648-5637,광주,35.1595,126.8526,2022-02-05,우수
1207,임가은,nggng299@nate.com,010-1886-5981,부산,35.1796,129.0756,2021-05-15,우수
1208,권서현,gsh267@naver.com,010-3372-4436,세종,36.48,127.289,2022-12-14,일반
1209,조현정,jhj866@naver.com,,전주,35.8219,127.148,2022-10-29,일반
1210,전도윤,jdng794@naver.com,010-3756-1922,울산,35.5398,129.3114,2022-03-14,MVP
1211,최지원,chjng585@naver.com,010-6545-8107,서울,37.5665,126.978,2021-05-01,일반
1212,정서현,jsh839@nate.com,,대구,35.8714,128.6014,2021-02-04,일반
1213,신민서,sms409@naver.com,010-2468-8596,청주,36.6424,127.489,2022-01-20,일반
1214,신지훈,sjh747@nate.com,,광주,35.1595,126.8526,2021-01-12,우수
1215,박도윤,bdng600@naver.com,010-8856-5484,서울,37.5665,126.978,2022-08-24,우수
1216,최현정,chhj707@naver.com,010-8105-5888,울산,35.5398,129.3114,2022-05-11,일반
1217,전주원,jjng201@daum.net,010-9806-4029,부산,35.1796,129.0756,2023-01-01,일반
1218,신영민,sngm817@gmail.com,010-9684-9004,울산,35.5398,129.3114,2022-07-24,우수
1219,박하늘,bhn957@gmail.com,010-3960-3948,대구,35.8714,128.6014,2022-11-06,우수
1220,김지아,gjng557@daum.net,,부산,35.1796,129.0756,2021-02-10,일반
1221,조서현,jsh265@gmail.com,010-1573-2386,수원,37.2636,127.0286,2021-09-20,MVP
1222,최하늘,chhn405@daum.net,010-1001-5068,수원,37.2636,127.0286,2021-06-25,일반
1223,임서준,ngsj631@daum.net,010-9035-6127,청주,36.6424,127.489,2022-07-01,일반
1224,안도현,ngdh460@naver.com,010-1732-4884,전주,35.8219,127.148,2021-04-12,VIP
1225,이지후,ngjh245@daum.net,010-4539-6882,대구,35.8714,128.6014,2021-05-18,일반
1226,장주원,jjng846@nate.com,010-7255-3675,부산,35.1796,129.0756,2022-07-18,우수
1227,신수빈,ssb185@daum.net,010-3346-9780,청주,36.6424,127.489,2022-03-12,일반
1228,조예준,jngj744@daum.net,010-7097-9379,청주,36.6424,127.489,2022-12-15,일반
1229,강서연,gsng941@naver.com,010-5055-2270,광주,35.1595,126.8526,2022-03-21,MVP
1230,장도윤,jdng644@gmail.com,010-6396-2457,청주,36.6424,127.489,2022-07-16,일반
1231,한도현,hdh441@daum.net,010-2604-7179,인천,37.4563,126.7052,2021-08-20,VIP
1232,윤지민,ngjm207@gmail.com,010-6022-9021,인천,37.4563,126.7052,2022-06-24,일반
1233,최하늘,chhn457@daum.net,010-1785-3797,수원,37.2636,127.0286,2021-10-05,일반
1234,오나윤,ngnng498@naver.com,010-9711-7597,광주,35.1595,126.8526,2022-11-26,일반
1235,황시아,hsng230@daum.net,010-3547-3070,서울,37.5665,126.978,2022-12-05,우수
1236,정지민,jjm681@daum.net,010-5081-7852,서울,37.5665,126.978,2022-10-17,일반
1237,권하준,ghj549@daum.net,010-8008-9529,세종,36.48,127.289,2022-05-30,VIP
1238,윤우진,ngngj750@gmail.com,010-2476-2302,대전,36.3504,127.3845,2022-02-21,일반
1239,박채원,bchng345@gmail.com,,인천,37.4563,126.7052,2022-08-13,MVP
1240,임지아,ngjng604@gmail.com,010-3235-8858,울산,35.5398,129.3114,2022-11-25,일반
1241,황하늘,hhn801@gmail.com,010-1119-7962,울산,35.5398,129.3114,2021-01-15,VIP
1242,송채원,schng453@naver.com,010-9652-1693,전주,35.8219,127.148,2022-11-09,우수
1243,권하준,ghj790@naver.com,010-3184-9416,인천,37.4563,126.7052,2021-03-18,우수
1244,한서준,hsj532@nate.com,010-2855-6537,울산,35.5398,129.3114,2021-06-24,VIP
1245,윤영민,ngngm652@gmail.com,010-5337-4490,대전,36.3504,127.3845,2021-11-03,우수
1246,김채원,gchng746@nate.com,010-9446-1580,대구,35.8714,128.6014,2021-11-09,우수
1247,권태현,gth732@nate.com,,서울,37.5665,126.978,2021-12-31,일반
1248,권유진,gngj405@daum.net,010-4050-7587,부산,35.1796,129.0756,2021-01-06,일반
1249,한민준,hmj203@nate.com,,세종,36.48,127.289,2021-07-22,VIP
1250,안태현,ngth257@nate.com,,부산,35.1796,129.0756,2022-05-15,우수
1251,장현우,jhng581@nate.com,010-3984-9788,광주,35.1595,126.8526,2021-11-03,우수
1252,장도윤,jdng549@nate.com,010-8110-1095,인천,37.4563,126.7052,2021-05-24,일반
1253,한태현,hth991@naver.com,010-3190-7464,부산,35.1796,129.0756,2021-07-14,일반
1254,서채원,schng439@gmail.com,,인천,37.4563,126.7052,2022-11-14,일반
1255,황예린,hngr372@gmail.com,010-3087-6322,울산,35.5398,129.3114,2022-05-16,우수
1256,신하늘,shn843@nate.com,010-1346-3066,인천,37.4563,126.7052,2021-04-23,일반
1257,정지원,jjng612@gmail.com,,청주,36.6424,127.489,2021-08-31,일반
1258,오서연,ngsng711@gmail.com,010-8961-2353,울산,35.5398,129.3114,2022-05-07,일반
1259,서현우,shng732@naver.com,,전주,35.8219,127.148,2022-06-08,일반
1260,장나윤,jnng217@daum.net,010-8031-4250,전주,35.8219,127.148,2021-09-11,우수
1261,황가은,hgng901@gmail.com,010-4091-3436,전주,35.8219,127.148,2022-05-30,일반
1262,윤도윤,ngdng235@nate.com,010-3395-7984,서울,37.5665,126.978,2021-10-08,우수
1263,김하린,ghr304@gmail.com,010-6020-4791,서울,37.5665,126.978,2022-01-25,일반
1264,윤유진,ngngj536@nate.com,010-1846-5985,서울,37.5665,126.978,2022-06-07,일반
1265,최지훈,chjh472@daum.net,010-6240-1779,광주,35.1595,126.8526,2022-12-30,일반
1266,강서준,gsj100@gmail.com,010-8734-5590,청주,36.6424,127.489,2021-11-26,일반
1267,최서연,chsng289@daum.net,010-2827-2587,세종,36.48,127.289,2022-01-08,일반
1268,김예린,gngr665@naver.com,010-6920-9664,광주,35.1595,126.8526,2022-01-05,일반
1269,한현우,hhng765@daum.net,010-2742-3137,대구,35.8714,128.6014,2022-08-22,우수
1270,최서준,chsj700@naver.com,010-2616-2226,대구,35.8714,128.6014,2022-12-23,일반
1271,송하린,shr451@daum.net,010-4309-9741,전주,35.8219,127.148,2022-05-01,우수
1272,정서준,jsj230@naver.com,010-6690-6996,울산,35.5398,129.3114,2022-07-18,VIP
1273,권서현,gsh834@gmail.com,010-9581-9255,울산,35.5398,129.3114,2021-03-11,우수
1274,김하준,ghj713@daum.net,010-1996-4116,전주,35.8219,127.148,2021-05-13,일반
1275,신민서,sms801@gmail.com,010-7293-7393,인천,37.4563,126.7052,2022-03-25,일반
1276,신하린,shr378@naver.com,,인천,37.4563,126.7052,2021-01-04,일반
1277,조시아,jsng813@gmail.com,010-9602-5240,수원,37.2636,127.0286,2022-04-12,일반
1278,임지현,ngjh325@daum.net,010-3803-4668,전주,35.8219,127.148,2021-10-02,MVP
1279,이지아,ngjng343@daum.net,,서울,37.5665,126.978,2022-10-17,일반
1280,장도현,jdh236@daum.net,010-4440-9758,서울,37.5665,126.978,2022-10-20,일반
1281,최민준,chmj764@daum.net,010-6317-2363,청주,36.6424,127.489,2022-09-12,우수
1282,송지훈,sjh839@naver.com,010-1938-1170,울산,35.5398,129.3114,2022-09-19,우수
1283,한현우,hhng848@daum.net,010-9804-2743,인천,37.4563,126.7052,2021-09-20,우수
1284,신서현,ssh363@naver.com,010-4341-7479,세종,36.48,127.289,2021-08-14,일반
1285,정수빈,jsb337@nate.com,010-2535-9125,광주,35.1595,126.8526,2021-06-01,일반
1286,강수빈,gsb289@naver.com,010-3955-5621,대구,35.8714,128.6014,2022-08-07,우수
1287,김우진,gngj266@naver.com,010-2137-3351,울산,35.5398,129.3114,2022-12-05,일반
1288,박서연,bsng351@nate.com,,청주,36.6424,127.489,2022-02-17,일반
1289,안주원,ngjng844@gmail.com,010-1339-2802,창원,35.2271,128.6811,2021-04-13,일반
1290,김나윤,gnng950@gmail.com,010-5385-3336,인천,37.4563,126.7052,2021-09-12,일반
1291,김현정,ghj109@gmail.com,010-2392-4314,수원,37.2636,127.0286,2021-12-13,일반
1292,정민서,jms877@nate.com,010-3531-4994,인천,37.4563,126.7052,2021-11-11,일반
1293,이지아,ngjng808@daum.net,,청주,36.6424,127.489,2022-07-11,우수
1294,이도윤,ngdng657@daum.net,010-7804-3323,부산,35.1796,129.0756,2022-06-08,우수
1295,김도현,gdh329@gmail.com,010-6788-5699,대구,35.8714,128.6014,2022-03-14,VIP
1296,윤도현,ngdh800@nate.com,010-2804-4678,청주,36.6424,127.489,2021-04-26,일반
1297,최우진,chngj465@gmail.com,,창원,35.2271,128.6811,2021-12-08,일반
1298,박태현,bth144@naver.com,010-3971-7967,인천,37.4563,126.7052,2022-03-15,일반
1299,정태현,jth783@daum.net,010-2702-5441,창원,35.2271,128.6811,2021-10-21,우수
1300,황예린,hngr477@daum.net,010-3435-3401,전주,35.8219,127.148,2021-03-20,우수
1301,오주원,ngjng499@nate.com,010-2854-8003,전주,35.8219,127.148,2022-05-05,일반
1302,장주원,jjng192@daum.net,010-6777-6231,인천,37.4563,126.7052,2021-07-06,VIP
1303,황서연,hsng592@nate.com,010-5028-7278,창원,35.2271,128.6811,2022-10-14,일반
1304,서지아,sjng609@nate.com,010-7301-2369,수원,37.2636,127.0286,2022-07-04,우수
1305,전가은,jgng531@naver.com,010-1046-4330,전주,35.8219,127.148,2021-03-31,우수
1306,김지원,gjng671@nate.com,,인천,37.4563,126.7052,2021-04-23,VIP
1307,한지원,hjng969@naver.com,,대전,36.3504,127.3845,2022-04-17,우수
1308,송도현,sdh531@naver.com,,대구,35.8714,128.6014,2021-08-18,VIP
1309,정도윤,jdng812@naver.com,010-7958-7089,울산,35.5398,129.3114,2021-01-27,일반
1310,이가은,nggng208@gmail.com,010-1494-3406,세종,36.48,127.289,2022-09-01,VIP
1311,한주원,hjng180@naver.com,010-7823-3452,부산,35.1796,129.0756,2021-01-13,일반
1312,강민서,gms861@naver.com,010-5907-8703,전주,35.8219,127.148,2022-06-25,VIP
1313,서채원,schng445@nate.com,,청주,36.6424,127.489,2022-12-13,우수
1314,최주원,chjng161@gmail.com,010-1178-7494,창원,35.2271,128.6811,2021-06-27,VIP
1315,서예린,sngr996@nate.com,010-9222-6014,수원,37.2636,127.0286,2022-12-30,일반
1316,윤서연,ngsng260@daum.net,010-3050-4471,부산,35.1796,129.0756,2022-06-19,우수
1317,신하린,shr157@naver.com,010-2264-8674,울산,35.5398,129.3114,2021-07-08,우수
1318,황유진,hngj768@nate.com,,울산,35.5398,129.3114,2021-06-18,우수
1319,한서현,hsh534@naver.com,,대전,36.3504,127.3845,2021-04-22,일반
1320,한하린,hhr897@daum.net,010-9873-2744,서울,37.5665,126.978,2021-09-03,일반
1321,박지후,bjh711@gmail.com,010-1530-4937,대전,36.3504,127.3845,2021-07-12,일반
1322,장예준,jngj683@gmail.com,,창원,35.2271,128.6811,2022-05-11,일반
1323,오예준,ngngj416@gmail.com,010-9195-4192,광주,35.1595,126.8526,2021-10-17,VIP
1324,오나윤,ngnng500@daum.net,010-6428-7672,인천,37.4563,126.7052,2022-12-21,일반
1325,안도윤,ngdng614@naver.com,010-8814-1612,서울,37.5665,126.978,2022-08-25,MVP
1326,임하준,nghj255@nate.com,,부산,35.1796,129.0756,2022-10-03,일반
1327,윤태현,ngth320@naver.com,010-9218-9459,전주,35.8219,127.148,2021-06-14,일반
1328,안도현,ngdh887@daum.net,010-6903-8059,세종,36.48,127.289,2021-05-15,우수
1329,이태현,ngth829@nate.com,010-2228-3496,대구,35.8714,128.6014,2021-08-02,우수
1330,전서현,jsh609@gmail.com,010-6071-9964,서울,37.5665,126.978,2021-05-27,일반
1331,박민서,bms196@nate.com,010-3645-2116,광주,35.1595,126.8526,2021-06-23,우수
1332,장시아,jsng472@daum.net,,부산,35.1796,129.0756,2021-03-14,우수
1333,권지훈,gjh584@daum.net,010-3031-8999,세종,36.48,127.289,2022-10-28,일반
1334,이지원,ngjng979@daum.net,010-3113-8222,울산,35.5398,129.3114,2022-02-23,MVP
1335,한하늘,hhn965@daum.net,010-9289-8374,광주,35.1595,126.8526,2021-03-27,MVP
1336,장태현,jth996@gmail.com,,창원,35.2271,128.6811,2022-10-22,우수
1337,윤가은,nggng940@gmail.com,010-3592-7541,인천,37.4563,126.7052,2021-04-18,일반
1338,박현우,bhng497@nate.com,010-8675-9767,청주,36.6424,127.489,2021-04-06,우수
1339,권도윤,gdng187@naver.com,010-7503-8096,전주,35.8219,127.148,2021-04-21,일반
1340,조지민,jjm436@gmail.com,010-8967-4483,광주,35.1595,126.8526,2021-12-17,일반
1341,황도윤,hdng385@nate.com,,서울,37.5665,126.978,2022-07-13,일반
1342,황주원,hjng755@naver.com,,광주,35.1595,126.8526,2022-08-05,일반
1343,신서준,ssj927@daum.net,010-4465-1375,울산,35.5398,129.3114,2022-04-30,VIP
1344,서지훈,sjh358@naver.com,,부산,35.1796,129.0756,2021-05-26,우수
1345,신예준,sngj405@nate.com,010-5250-4015,울산,35.5398,129.3114,2022-06-22,우수
1346,이예준,ngngj538@daum.net,,대전,36.3504,127.3845,2021-06-18,일반
1347,서민서,sms586@naver.com,010-7375-1162,전주,35.8219,127.148,2022-03-24,일반
1348,송현정,shj711@naver.com,010-3369-6304,부산,35.1796,129.0756,2022-11-15,일반
1349,오민준,ngmj254@nate.com,010-2861-7658,인천,37.4563,126.7052,2022-05-27,MVP
1350,장하늘,jhn839@gmail.com,010-2596-1597,세종,36.48,127.289,2021-05-09,일반
1351,조채원,jchng292@nate.com,010-7185-4541,전주,35.8219,127.148,2022-07-14,VIP
1352,한지후,hjh295@gmail.com,,광주,35.1595,126.8526,2022-01-08,우수
1353,임하늘,nghn938@gmail.com,010-8471-7783,전주,35.8219,127.148,2022-05-27,일반
1354,서지원,sjng460@nate.com,,수원,37.2636,127.0286,2021-12-10,우수
1355,강수빈,gsb538@daum.net,010-9892-8141,인천,37.4563,126.7052,2022-07-21,일반
1356,신우진,sngj965@nate.com,010-2625-2435,청주,36.6424,127.489,2021-10-18,VIP
1357,최예준,chngj765@gmail.com,,창원,35.2271,128.6811,2022-02-26,VIP
1358,송도윤,sdng748@nate.com,010-5749-7891,수원,37.2636,127.0286,2022-08-19,일반
1359,조현우,jhng895@nate.com,,수원,37.2636,127.0286,2022-01-26,일반
1360,황도윤,hdng459@nate.com,010-7484-1124,울산,35.5398,129.3114,2022-10-23,우수
1361,한현정,hhj329@daum.net,010-7794-4957,대전,36.3504,127.3845,2022-11-06,VIP
1362,김태현,gth524@gmail.com,,서울,37.5665,126.978,2021-01-27,일반
1363,한영민,hngm936@daum.net,010-8045-4962,광주,35.1595,126.8526,2021-06-24,우수
1364,송지민,sjm297@nate.com,010-7396-3846,서울,37.5665,126.978,2022-08-15,우수
1365,신태현,sth425@naver.com,,울산,35.5398,129.3114,2021-08-25,우수
1366,정하늘,jhn221@nate.com,010-3605-6282,청주,36.6424,127.489,2021-09-24,일반
1367,조예준,jngj195@gmail.com,010-3507-1455,울산,35.5398,129.3114,2021-01-12,우수
1368,송도현,sdh180@nate.com,010-6867-4056,서울,37.5665,126.978,2021-05-14,VIP
1369,윤서현,ngsh327@daum.net,010-7194-5267,대구,35.8714,128.6014,2022-07-03,일반
1370,이지훈,ngjh184@naver.com,010-2694-2817,청주,36.6424,127.489,2021-01-24,일반
1371,권도현,gdh710@gmail.com,010-3959-2520,부산,35.1796,129.0756,2021-05-26,MVP
1372,박민서,bms964@daum.net,,대구,35.8714,128.6014,2022-02-05,일반
1373,김서연,gsng175@nate.com,010-7879-7148,청주,36.6424,127.489,2021-03-20,VIP
1374,오서현,ngsh561@naver.com,,인천,37.4563,126.7052,2021-11-02,일반
1375,강예린,gngr680@gmail.com,010-8928-9953,부산,35.1796,129.0756,2021-12-18,일반
1376,김하준,ghj634@daum.net,010-9781-1377,부산,35.1796,129.0756,2021-07-17,VIP
1377,안하늘,nghn879@naver.com,,대구,35.8714,128.6014,2022-01-09,일반
1378,조민준,jmj435@naver.com,010-3073-5384,대구,35.8714,128.6014,2021-03-27,우수
1379,장민서,jms304@gmail.com,010-5822-8652,광주,35.1595,126.8526,2022-12-27,일반
1380,황서연,hsng624@nate.com,,대구,35.8714,128.6014,2021-09-14,우수
1381,장지민,jjm205@daum.net,010-8992-8101,인천,37.4563,126.7052,2021-07-30,일반
1382,권서연,gsng710@daum.net,,광주,35.1595,126.8526,2022-09-30,일반
1383,신서연,ssng304@daum.net,010-8363-3740,광주,35.1595,126.8526,2022-10-10,MVP
1384,이하늘,nghn359@nate.com,010-9691-6771,대전,36.3504,127.3845,2022-09-11,일반
1385,신민준,smj217@naver.com,010-6861-5019,광주,35.1595,126.8526,2022-03-16,우수
1386,박지후,bjh772@daum.net,010-3003-1157,광주,35.1595,126.8526,2021-05-29,일반
1387,오가은,nggng111@daum.net,010-6268-4811,대구,35.8714,128.6014,2022-04-22,우수
1388,송예준,sngj494@daum.net,010-2686-5555,창원,35.2271,128.6811,2021-08-06,일반
1389,박시아,bsng761@nate.com,010-6244-4246,청주,36.6424,127.489,2022-03-22,MVP
1390,조서준,jsj921@nate.com,010-7901-2953,세종,36.48,127.289,2021-02-17,일반
1391,최수빈,chsb275@daum.net,010-1348-5670,창원,35.2271,128.6811,2022-01-28,일반
1392,김서현,gsh902@gmail.com,,세종,36.48,127.289,2021-10-19,일반
1393,신서준,ssj646@gmail.com,,광주,35.1595,126.8526,2022-10-23,일반
1394,황도윤,hdng949@nate.com,010-6665-7559,전주,35.8219,127.148,2021-11-05,우수
1395,박지아,bjng893@daum.net,,세종,36.48,127.289,2022-09-20,일반
1396,임가은,nggng565@nate.com,010-2683-1479,청주,36.6424,127.489,2021-05-05,VIP
1397,윤서준,ngsj945@gmail.com,010-8138-4708,인천,37.4563,126.7052,2021-04-18,일반
1398,강예준,gngj295@daum.net,010-1860-5254,수원,37.2636,127.0286,2021-01-06,일반
1399,이도윤,ngdng149@daum.net,010-7218-5422,부산,35.1796,129.0756,2021-09-28,우수
1400,강도현,gdh241@nate.com,010-3424-7771,부산,35.1796,129.0756,2021-05-10,우수
1401,권예린,gngr225@naver.com,010-5596-6274,창원,35.2271,128.6811,2022-05-05,일반
1402,황현우,hhng194@daum.net,,대전,36.3504,127.3845,2022-12-30,일반
1403,송영민,sngm993@naver.com,010-4373-2278,청주,36.6424,127.489,2022-10-25,일반
1404,박민서,bms161@naver.com,010-7308-4078,서울,37.5665,126.978,2022-11-18,우수
1405,황도윤,hdng448@naver.com,010-6134-6108,창원,35.2271,128.6811,2022-06-25,우수
1406,권서현,gsh257@gmail.com,010-7317-8412,인천,37.4563,126.7052,2021-08-13,일반
1407,안지후,ngjh898@nate.com,010-3690-6032,대구,35.8714,128.6014,2021-03-12,VIP
1408,전서현,jsh204@naver.com,010-4941-1271,세종,36.48,127.289,2021-04-20,VIP
1409,권하준,ghj373@gmail.com,010-6766-5351,세종,36.48,127.289,2022-11-09,우수
1410,최도현,chdh663@gmail.com,010-7503-9227,광주,35.1595,126.8526,2022-03-18,VIP
1411,서하늘,shn441@gmail.com,010-1805-7267,세종,36.48,127.289,2021-10-07,일반
1412,서지후,sjh401@naver.com,010-9676-9087,울산,35.5398,129.3114,2021-06-30,일반
1413,안서연,ngsng211@gmail.com,010-4597-2887,청주,36.6424,127.489,2021-09-12,일반
1414,이태현,ngth136@daum.net,010-5513-4710,대구,35.8714,128.6014,2021-03-09,일반
1415,신지민,sjm502@gmail.com,010-4370-3802,대구,35.8714,128.6014,2022-12-10,우수
1416,조지원,jjng752@daum.net,010-1050-2544,전주,35.8219,127.148,2022-09-03,VIP
1417,강하늘,ghn817@nate.com,010-4909-3789,전주,35.8219,127.148,2021-11-09,일반
1418,오예린,ngngr171@naver.com,010-3323-1208,인천,37.4563,126.7052,2021-12-07,일반
1419,황서연,hsng442@gmail.com,010-3797-1159,인천,37.4563,126.7052,2021-09-28,일반
1420,한민서,hms697@gmail.com,010-1740-1284,세종,36.48,127.289,2021-09-11,VIP
1421,전예린,jngr397@naver.com,,수원,37.2636,127.0286,2022-05-31,일반
1422,정나윤,jnng196@gmail.com,010-6747-9940,대전,36.3504,127.3845,2021-12-10,우수
1423,장예린,jngr598@daum.net,,광주,35.1595,126.8526,2022-04-15,일반
1424,한우진,hngj827@daum.net,010-8935-2847,수원,37.2636,127.0286,2022-11-11,일반
1425,장예린,jngr631@gmail.com,010-3320-6852,인천,37.4563,126.7052,2022-02-25,MVP
1426,황민준,hmj350@nate.com,010-4175-7189,광주,35.1595,126.8526,2021-07-31,MVP
1427,최지훈,chjh998@nate.com,010-6715-6426,수원,37.2636,127.0286,2021-06-29,일반
1428,신시아,ssng527@daum.net,,대전,36.3504,127.3845,2021-07-15,MVP
1429,안가은,nggng451@gmail.com,010-6685-5725,울산,35.5398,129.3114,2022-04-11,우수
1430,최민준,chmj610@naver.com,,세종,36.48,127.289,2022-11-29,VIP
1431,임하린,nghr671@naver.com,010-5828-1255,대전,36.3504,127.3845,2022-05-14,일반
1432,권서준,gsj322@daum.net,,창원,35.2271,128.6811,2021-05-07,우수
1433,임민준,ngmj540@daum.net,,청주,36.6424,127.489,2021-01-01,일반
1434,정지원,jjng999@daum.net,010-3540-2409,수원,37.2636,127.0286,2022-11-13,우수
1435,장주원,jjng850@naver.com,010-5764-4585,울산,35.5398,129.3114,2022-08-23,일반
1436,이민서,ngms463@naver.com,010-7539-2607,청주,36.6424,127.489,2022-10-15,일반
1437,장도현,jdh409@daum.net,010-6283-3280,인천,37.4563,126.7052,2022-08-01,일반
1438,조지훈,jjh238@nate.com,010-2402-5871,수원,37.2636,127.0286,2021-07-24,우수
1439,전도현,jdh743@nate.com,010-8158-2573,수원,37.2636,127.0286,2021-07-07,일반
1440,정하늘,jhn552@daum.net,010-8673-6803,수원,37.2636,127.0286,2022-12-03,우수
1441,서수빈,ssb530@nate.com,010-1432-7896,세종,36.48,127.289,2021-01-29,MVP
1442,박나윤,bnng243@daum.net,010-3085-9900,대구,35.8714,128.6014,2022-08-18,일반
1443,전태현,jth400@gmail.com,010-1097-8582,울산,35.5398,129.3114,2021-05-09,우수
1444,안수빈,ngsb959@gmail.com,010-2753-6463,부산,35.1796,129.0756,2021-02-26,일반
1445,최영민,chngm397@nate.com,010-2989-9369,전주,35.8219,127.148,2021-12-06,VIP
1446,이가은,nggng309@naver.com,,수원,37.2636,127.0286,2022-05-23,일반
1447,정우진,jngj743@daum.net,010-4288-2879,전주,35.8219,127.148,2021-01-07,우수
1448,박민준,bmj256@gmail.com,010-2697-8761,수원,37.2636,127.0286,2021-04-10,VIP
1449,김영민,gngm617@nate.com,010-5913-7628,울산,35.5398,129.3114,2021-02-26,VIP
1450,황하준,hhj939@naver.com,010-8194-3018,수원,37.2636,127.0286,2021-09-24,우수
1451,서주원,sjng751@gmail.com,010-4943-3797,인천,37.4563,126.7052,2021-05-26,일반
1452,안채원,ngchng816@naver.com,010-2638-9076,세종,36.48,127.289,2022-05-07,우수
1453,한예린,hngr381@nate.com,010-8601-7830,울산,35.5398,129.3114,2022-12-16,VIP
1454,서주원,sjng128@daum.net,010-1180-5960,세종,36.48,127.289,2021-05-04,우수
1455,이서현,ngsh766@nate.com,010-8666-8509,서울,37.5665,126.978,2021-12-30,일반
1456,장민준,jmj262@daum.net,010-9602-7399,수원,37.2636,127.0286,2022-05-31,VIP
1457,안예준,ngngj278@naver.com,010-6558-8528,광주,35.1595,126.8526,2022-11-03,우수
1458,정지훈,jjh903@daum.net,010-8925-7168,울산,35.5398,129.3114,2021-03-11,우수
1459,황하린,hhr774@naver.com,010-9608-5247,창원,35.2271,128.6811,2022-12-27,일반
1460,정가은,jgng431@daum.net,010-2107-1736,창원,35.2271,128.6811,2022-09-25,우수
1461,김지현,gjh850@naver.com,010-9182-8805,대구,35.8714,128.6014,2021-04-09,일반
1462,오나윤,ngnng337@naver.com,010-7292-7882,부산,35.1796,129.0756,2021-06-28,우수
1463,박서준,bsj726@daum.net,010-2194-8234,부산,35.1796,129.0756,2021-02-08,일반
1464,한하린,hhr746@gmail.com,,인천,37.4563,126.7052,2021-11-25,우수
1465,권지민,gjm236@naver.com,010-5687-4694,대구,35.8714,128.6014,2021-09-16,MVP
1466,조채원,jchng265@nate.com,,수원,37.2636,127.0286,2021-07-16,일반
1467,김서현,gsh784@gmail.com,010-1085-6891,대구,35.8714,128.6014,2021-02-04,MVP
1468,서시아,ssng659@gmail.com,010-9653-9129,광주,35.1595,126.8526,2021-07-09,일반
1469,조영민,jngm312@nate.com,010-3258-2100,수원,37.2636,127.0286,2021-12-27,VIP
1470,권서연,gsng740@nate.com,,부산,35.1796,129.0756,2022-08-06,우수
1471,안우진,ngngj203@gmail.com,,세종,36.48,127.289,2021-08-25,우수
1472,송유진,sngj123@naver.com,010-6863-2113,대전,36.3504,127.3845,2021-09-15,우수
1473,강우진,gngj176@naver.com,010-7540-1928,수원,37.2636,127.0286,2022-09-18,VIP
1474,송가은,sgng213@nate.com,,대전,36.3504,127.3845,2022-10-31,일반
1475,오서연,ngsng367@naver.com,,광주,35.1595,126.8526,2021-03-02,일반
1476,송영민,sngm851@daum.net,010-2194-1579,청주,36.6424,127.489,2021-03-05,우수
1477,한예준,hngj526@gmail.com,010-5432-1683,수원,37.2636,127.0286,2022-05-06,VIP
1478,최서준,chsj608@naver.com,010-5971-4731,청주,36.6424,127.489,2021-12-25,우수
1479,김도현,gdh156@gmail.com,010-7215-1296,대구,35.8714,128.6014,2022-07-02,우수
1480,송민서,sms153@nate.com,,울산,35.5398,129.3114,2022-12-14,일반
1481,서지아,sjng241@gmail.com,010-7024-6763,세종,36.48,127.289,2021-05-01,VIP
1482,조유진,jngj547@gmail.com,,대구,35.8714,128.6014,2021-08-26,일반
1483,김현우,ghng522@gmail.com,010-2255-1928,서울,37.5665,126.978,2021-09-13,우수
1484,정수빈,jsb284@daum.net,010-5001-5790,서울,37.5665,126.978,2021-11-18,일반
1485,정하린,jhr507@nate.com,010-2251-5099,청주,36.6424,127.489,2021-05-06,일반
1486,송지후,sjh606@daum.net,010-7011-5795,대구,35.8714,128.6014,2022-03-31,일반
1487,윤하늘,nghn373@daum.net,010-1884-6679,전주,35.8219,127.148,2022-07-09,일반
1488,서가은,sgng736@nate.com,010-3246-9535,대전,36.3504,127.3845,2021-03-22,우수
1489,윤우진,ngngj859@naver.com,010-3325-1587,부산,35.1796,129.0756,2022-01-17,일반
1490,윤가은,nggng550@nate.com,010-1553-5428,부산,35.1796,129.0756,2021-01-22,일반
1491,장시아,jsng493@daum.net,010-7290-9115,부산,35.1796,129.0756,2021-03-03,일반
1492,김지현,gjh491@nate.com,010-7214-4021,세종,36.48,127.289,2021-02-15,일반
1493,서지아,sjng153@daum.net,010-1425-6508,서울,37.5665,126.978,2022-07-09,일반
1494,장현정,jhj871@naver.com,010-8111-8004,서울,37.5665,126.978,2021-12-16,일반
1495,이현정,nghj211@nate.com,010-9761-8594,전주,35.8219,127.148,2022-11-26,우수
1496,서시아,ssng836@daum.net,010-4903-3160,인천,37.4563,126.7052,2022-01-26,우수
1497,김지훈,gjh918@daum.net,010-5846-6530,부산,35.1796,129.0756,2021-09-13,우수
1498,전지민,jjm139@daum.net,010-1202-3036,광주,35.1595,126.8526,2021-10-03,일반
1499,임시아,ngsng776@daum.net,010-1282-8207,대전,36.3504,127.3845,2021-07-03,일반
1500,김수빈,gsb137@daum.net,010-4569-7694,세종,36.48,127.289,2022-10-16,VIP
1501,이시아,ngsng181@daum.net,010-2049-8216,창원,35.2271,128.6811,2022-07-19,우수
1502,강지훈,gjh884@daum.net,,대전,36.3504,127.3845,2022-05-22,일반
1503,강주원,gjng992@gmail.com,010-4018-9302,대구,35.8714,128.6014,2021-04-28,일반
1504,권시아,gsng424@gmail.com,,수원,37.2636,127.0286,2021-08-22,일반
1505,장지훈,jjh116@daum.net,010-6729-2788,수원,37.2636,127.0286,2021-02-15,일반
1506,박하늘,bhn554@gmail.com,010-6337-7084,수원,37.2636,127.0286,2021-03-21,일반
1507,서예준,sngj757@nate.com,,대전,36.3504,127.3845,2021-05-27,우수
1508,한유진,hngj517@daum.net,010-3626-7034,세종,36.48,127.289,2021-10-29,우수
1509,이우진,ngngj253@gmail.com,010-6129-9368,부산,35.1796,129.0756,2022-09-16,우수
1510,안현정,nghj695@daum.net,010-1534-3458,대구,35.8714,128.6014,2022-01-23,우수
1511,신나윤,snng764@gmail.com,010-9982-7849,부산,35.1796,129.0756,2021-08-18,VIP
1512,송채원,schng224@gmail.com,010-9525-8225,창원,35.2271,128.6811,2022-04-29,우수
1513,오지훈,ngjh299@daum.net,010-6930-4782,대구,35.8714,128.6014,2021-12-03,MVP
1514,권유진,gngj866@gmail.com,010-7716-6929,전주,35.8219,127.148,2021-09-04,일반
1515,박지원,bjng673@gmail.com,010-4774-8355,광주,35.1595,126.8526,2022-11-01,일반
1516,서현우,shng683@naver.com,010-7678-3263,수원,37.2636,127.0286,2021-09-08,일반
1517,장현정,jhj393@daum.net,,광주,35.1595,126.8526,2021-05-01,우수
1518,서하늘,shn251@nate.com,010-8439-1254,청주,36.6424,127.489,2021-07-22,VIP
1519,강도윤,gdng528@daum.net,010-2654-3070,수원,37.2636,127.0286,2022-12-30,일반
1520,이영민,ngngm541@gmail.com,010-3168-9436,전주,35.8219,127.148,2021-06-20,VIP
1521,안도현,ngdh497@nate.com,010-4955-5806,광주,35.1595,126.8526,2021-05-11,일반
1522,최유진,chngj944@daum.net,010-1741-2208,창원,35.2271,128.6811,2022-09-16,VIP
1523,한수빈,hsb518@nate.com,010-8816-3205,전주,35.8219,127.148,2022-03-23,일반
1524,강채원,gchng884@gmail.com,010-7060-8430,인천,37.4563,126.7052,2021-01-08,일반
1525,신유진,sngj549@naver.com,010-2587-4805,수원,37.2636,127.0286,2022-08-26,일반
1526,임민서,ngms449@gmail.com,010-9326-7990,창원,35.2271,128.6811,2022-06-15,일반
1527,임유진,ngngj493@daum.net,,인천,37.4563,126.7052,2021-05-27,일반
1528,조서연,jsng631@daum.net,010-6690-5666,창원,35.2271,128.6811,2022-09-23,일반
1529,강도윤,gdng394@daum.net,010-3774-5726,세종,36.48,127.289,2022-03-26,VIP
1530,장하린,jhr871@gmail.com,010-2572-4388,대구,35.8714,128.6014,2022-11-14,우수
1531,송영민,sngm620@naver.com,010-9844-9813,서울,37.5665,126.978,2022-09-05,일반
1532,조민준,jmj600@gmail.com,010-7987-8288,광주,35.1595,126.8526,2021-07-28,우수
1533,안주원,ngjng950@nate.com,010-2965-8281,대전,36.3504,127.3845,2021-04-23,우수
1534,서민서,sms369@gmail.com,010-2908-6795,인천,37.4563,126.7052,2021-10-13,일반
1535,박채원,bchng912@naver.com,010-9307-6494,전주,35.8219,127.148,2021-03-18,일반
1536,장수빈,jsb745@gmail.com,010-1628-8100,전주,35.8219,127.148,2022-12-06,일반
1537,최도현,chdh822@daum.net,010-1583-1130,대구,35.8714,128.6014,2022-07-26,일반
1538,윤주원,ngjng700@nate.com,,대구,35.8714,128.6014,2022-11-21,우수
1539,황주원,hjng596@naver.com,010-4253-2453,전주,35.8219,127.148,2022-05-24,일반
1540,안지현,ngjh840@naver.com,,서울,37.5665,126.978,2022-03-21,우수
1541,송하린,shr313@naver.com,010-7230-4845,서울,37.5665,126.978,2022-03-05,우수
1542,한민서,hms643@naver.com,010-8947-9031,대전,36.3504,127.3845,2021-08-26,일반
1543,신하린,shr465@nate.com,010-5706-7874,대전,36.3504,127.3845,2021-04-09,우수
1544,권유진,gngj353@nate.com,010-6224-2860,부산,35.1796,129.0756,2021-06-30,일반
1545,한가은,hgng507@naver.com,010-4847-1474,세종,36.48,127.289,2022-05-16,MVP
1546,임지훈,ngjh619@naver.com,010-6295-5286,울산,35.5398,129.3114,2021-03-04,일반
1547,오서연,ngsng500@nate.com,010-1895-5396,울산,35.5398,129.3114,2022-02-13,VIP
1548,황채원,hchng324@daum.net,010-7714-4625,청주,36.6424,127.489,2021-02-16,우수
1549,전태현,jth270@naver.com,010-6401-3117,청주,36.6424,127.489,2021-04-23,일반
1550,송민준,smj839@gmail.com,010-6460-6778,울산,35.5398,129.3114,2021-04-03,우수
1551,송예준,sngj770@gmail.com,010-4251-3572,수원,37.2636,127.0286,2021-08-04,MVP
1552,송지민,sjm980@naver.com,010-6431-7773,대전,36.3504,127.3845,2021-06-15,우수
1553,조지아,jjng850@naver.com,010-9627-2679,서울,37.5665,126.978,2021-02-06,VIP
1554,안지민,ngjm910@nate.com,010-1397-4768,서울,37.5665,126.978,2021-06-10,VIP
1555,윤서준,ngsj378@gmail.com,010-5423-2391,울산,35.5398,129.3114,2022-11-03,일반
1556,박예준,bngj616@nate.com,010-9875-3487,서울,37.5665,126.978,2021-01-16,일반
1557,최채원,chchng702@nate.com,010-6303-7965,대구,35.8714,128.6014,2022-09-13,우수
1558,안채원,ngchng123@daum.net,010-5329-8723,대전,36.3504,127.3845,2022-04-15,일반
1559,신우진,sngj539@gmail.com,010-8919-5659,대구,35.8714,128.6014,2022-02-21,VIP
1560,송하늘,shn350@nate.com,010-7106-9955,서울,37.5665,126.978,2022-05-24,VIP
1561,최수빈,chsb329@gmail.com,010-8811-2785,울산,35.5398,129.3114,2021-08-26,일반
1562,임유진,ngngj247@gmail.com,,부산,35.1796,129.0756,2022-07-29,일반
1563,황시아,hsng355@gmail.com,010-8758-9575,인천,37.4563,126.7052,2022-02-17,우수
1564,전나윤,jnng338@gmail.com,010-6535-3467,세종,36.48,127.289,2021-09-16,일반
1565,이유진,ngngj805@nate.com,010-9007-9938,서울,37.5665,126.978,2021-10-02,VIP
1566,황유진,hngj767@naver.com,010-9428-2334,광주,35.1595,126.8526,2022-04-18,일반
1567,최서연,chsng816@gmail.com,010-3655-9518,울산,35.5398,129.3114,2021-05-11,우수
1568,최하준,chhj302@nate.com,010-9113-3797,부산,35.1796,129.0756,2021-02-09,일반
1569,안민서,ngms243@nate.com,010-8134-5820,울산,35.5398,129.3114,2021-01-10,우수
1570,장하늘,jhn430@daum.net,,창원,35.2271,128.6811,2022-10-28,일반
1571,임하늘,nghn801@naver.com,010-5116-8735,창원,35.2271,128.6811,2022-01-16,우수
1572,권지후,gjh438@naver.com,010-8763-1160,인천,37.4563,126.7052,2022-06-21,일반
1573,오서연,ngsng283@naver.com,010-1091-6109,세종,36.48,127.289,2021-03-10,우수
1574,조지후,jjh810@gmail.com,010-2001-8679,수원,37.2636,127.0286,2022-04-15,VIP
1575,강예준,gngj458@naver.com,,광주,35.1595,126.8526,2022-10-06,일반
1576,조지훈,jjh391@nate.com,010-7607-5173,창원,35.2271,128.6811,2021-11-10,일반
1577,송지아,sjng756@naver.com,,부산,35.1796,129.0756,2022-08-30,일반
1578,조지훈,jjh282@daum.net,,창원,35.2271,128.6811,2021-04-15,우수
1579,안시아,ngsng760@nate.com,010-5542-8756,광주,35.1595,126.8526,2022-08-13,우수
1580,조하준,jhj102@naver.com,010-3400-3348,대구,35.8714,128.6014,2021-04-04,우수
1581,강민서,gms995@gmail.com,010-1855-3244,광주,35.1595,126.8526,2021-03-21,일반
1582,안현정,nghj550@nate.com,010-9198-2921,청주,36.6424,127.489,2022-04-29,일반
1583,윤지아,ngjng502@nate.com,010-6107-9552,울산,35.5398,129.3114,2022-12-25,우수
1584,오하늘,nghn180@naver.com,010-3341-8163,인천,37.4563,126.7052,2022-10-11,일반
1585,송수빈,ssb601@daum.net,010-8133-6704,청주,36.6424,127.489,2021-05-04,MVP
1586,강민준,gmj986@daum.net,010-7948-4502,세종,36.48,127.289,2022-11-18,일반
1587,송태현,sth295@nate.com,010-1174-4208,광주,35.1595,126.8526,2021-07-03,우수
1588,권지원,gjng638@naver.com,010-2541-7043,서울,37.5665,126.978,2022-08-24,일반
1589,장하늘,jhn113@daum.net,010-8843-7525,서울,37.5665,126.978,2022-10-25,일반
1590,이가은,nggng821@daum.net,,대전,36.3504,127.3845,2022-10-03,우수
1591,전영민,jngm131@nate.com,010-3847-8756,창원,35.2271,128.6811,2022-10-10,우수
1592,송현정,shj206@gmail.com,010-3509-3898,광주,35.1595,126.8526,2021-01-30,MVP
1593,정예준,jngj529@gmail.com,010-2021-6148,서울,37.5665,126.978,2022-03-31,일반
1594,최지현,chjh657@daum.net,010-1273-6450,대구,35.8714,128.6014,2022-11-02,일반
1595,오태현,ngth826@naver.com,010-7605-7821,창원,35.2271,128.6811,2022-01-11,우수
1596,이예준,ngngj297@naver.com,,전주,35.8219,127.148,2021-10-01,우수
1597,권서준,gsj382@naver.com,010-1052-6098,전주,35.8219,127.148,2022-06-02,일반
1598,장지아,jjng459@gmail.com,010-2410-8585,광주,35.1595,126.8526,2022-04-23,일반
1599,박도윤,bdng192@naver.com,,전주,35.8219,127.148,2021-03-30,일반
1600,전서현,jsh120@naver.com,010-8542-2331,서울,37.5665,126.978,2021-08-11,VIP
1601,윤우진,ngngj957@naver.com,010-7214-5703,전주,35.8219,127.148,2021-05-16,일반
1602,강지훈,gjh243@daum.net,010-5469-4264,울산,35.5398,129.3114,2021-08-20,일반
1603,강우진,gngj365@nate.com,010-6957-6715,대전,36.3504,127.3845,2021-04-05,일반
1604,안수빈,ngsb949@naver.com,010-9813-4451,서울,37.5665,126.978,2022-08-23,일반
1605,서지원,sjng761@daum.net,010-9253-5406,대구,35.8714,128.6014,2021-12-17,일반
1606,박하늘,bhn891@naver.com,010-1515-2889,대전,36.3504,127.3845,2021-08-12,우수
1607,안예린,ngngr746@naver.com,010-6291-7099,세종,36.48,127.289,2021-05-24,일반
1608,전지민,jjm774@gmail.com,,광주,35.1595,126.8526,2022-12-20,VIP
1609,한지현,hjh108@naver.com,010-2641-4065,울산,35.5398,129.3114,2022-05-02,일반
1610,한우진,hngj266@nate.com,010-8192-8478,수원,37.2636,127.0286,2021-07-10,우수
1611,전시아,jsng811@nate.com,010-4990-5138,전주,35.8219,127.148,2022-02-13,VIP
1612,한하린,hhr445@nate.com,010-4838-9306,청주,36.6424,127.489,2022-02-15,우수
1613,최서연,chsng536@daum.net,010-3687-9391,창원,35.2271,128.6811,2022-02-15,우수
1614,강도현,gdh407@naver.com,,창원,35.2271,128.6811,2021-05-23,일반
1615,오현정,nghj155@gmail.com,010-8515-7487,대전,36.3504,127.3845,2021-05-25,일반
1616,강수빈,gsb100@naver.com,010-2316-4024,대구,35.8714,128.6014,2021-06-26,우수
1617,윤지현,ngjh308@nate.com,,부산,35.1796,129.0756,2021-09-08,MVP
1618,송지현,sjh894@daum.net,,서울,37.5665,126.978,2022-05-04,우수
1619,최민서,chms663@nate.com,010-7165-8593,전주,35.8219,127.148,2021-08-06,우수
1620,윤나윤,ngnng198@nate.com,010-3187-7551,인천,37.4563,126.7052,2021-11-22,우수
1621,오태현,ngth389@nate.com,010-6683-9000,창원,35.2271,128.6811,2022-02-08,일반
1622,전민준,jmj327@naver.com,010-9215-1026,대구,35.8714,128.6014,2022-01-13,일반
1623,신도현,sdh179@naver.com,,인천,37.4563,126.7052,2022-05-27,우수
1624,조우진,jngj545@gmail.com,010-7974-3469,광주,35.1595,126.8526,2022-01-29,MVP
1625,임우진,ngngj496@nate.com,010-7909-3941,서울,37.5665,126.978,2021-09-25,일반
1626,강지민,gjm798@gmail.com,010-2661-7626,세종,36.48,127.289,2021-03-26,우수
1627,김하준,ghj426@naver.com,010-8449-1189,창원,35.2271,128.6811,2022-06-04,일반
1628,황서현,hsh786@nate.com,010-5237-2899,울산,35.5398,129.3114,2021-02-25,우수
1629,권하늘,ghn481@nate.com,010-6977-2829,전주,35.8219,127.148,2021-12-10,일반
1630,강서연,gsng644@nate.com,,청주,36.6424,127.489,2021-03-23,일반
1631,오도현,ngdh824@daum.net,010-8454-8125,대구,35.8714,128.6014,2022-06-12,우수
1632,이수빈,ngsb388@gmail.com,010-1820-7050,부산,35.1796,129.0756,2022-05-17,일반
1633,장서연,jsng445@daum.net,010-5804-6847,서울,37.5665,126.978,2022-07-10,우수
1634,서민준,smj557@daum.net,,대전,36.3504,127.3845,2022-10-14,우수
1635,최지원,chjng849@gmail.com,010-2377-9765,수원,37.2636,127.0286,2022-02-10,VIP
1636,최주원,chjng844@naver.com,010-5500-6658,청주,36.6424,127.489,2022-05-21,일반
1637,권가은,ggng732@naver.com,010-1665-2253,전주,35.8219,127.148,2022-06-21,일반
1638,오지원,ngjng139@naver.com,010-2656-7257,창원,35.2271,128.6811,2022-10-16,일반
1639,안채원,ngchng180@daum.net,010-1366-4013,청주,36.6424,127.489,2021-11-06,MVP
1640,장채원,jchng768@gmail.com,010-5275-5967,울산,35.5398,129.3114,2021-04-30,VIP
1641,안지아,ngjng974@naver.com,010-8748-4525,전주,35.8219,127.148,2021-02-20,우수
1642,서지훈,sjh864@naver.com,010-7531-3969,대전,36.3504,127.3845,2022-05-29,VIP
1643,임지훈,ngjh105@nate.com,010-3126-5501,대구,35.8714,128.6014,2021-01-20,우수
1644,장수빈,jsb713@daum.net,010-6318-4621,부산,35.1796,129.0756,2021-08-15,우수
1645,박하린,bhr394@nate.com,010-6386-9871,창원,35.2271,128.6811,2022-03-07,일반
1646,신민서,sms671@gmail.com,010-8280-3486,광주,35.1595,126.8526,2021-12-15,우수
1647,권지현,gjh860@nate.com,010-7390-5189,대구,35.8714,128.6014,2022-06-30,일반
1648,신서준,ssj776@gmail.com,010-6657-2361,청주,36.6424,127.489,2022-05-14,VIP
1649,조채원,jchng642@daum.net,010-8397-8657,대전,36.3504,127.3845,2021-10-26,우수
1650,김주원,gjng739@naver.com,010-7805-1383,창원,35.2271,128.6811,2021-12-27,우수
1651,임지아,ngjng861@nate.com,010-3157-7200,대구,35.8714,128.6014,2022-01-20,일반
1652,최도윤,chdng505@naver.com,010-3926-3606,대구,35.8714,128.6014,2021-04-24,일반
1653,신지아,sjng518@daum.net,010-5569-6233,대구,35.8714,128.6014,2022-03-05,일반
1654,한서현,hsh208@daum.net,010-4688-7618,수원,37.2636,127.0286,2022-07-03,일반
1655,황나윤,hnng575@daum.net,010-3910-7554,세종,36.48,127.289,2021-06-10,일반
1656,임민준,ngmj645@daum.net,,세종,36.48,127.289,2022-11-03,VIP
1657,최지민,chjm694@nate.com,,울산,35.5398,129.3114,2022-02-25,우수
1658,김하린,ghr329@naver.com,010-2319-7697,창원,35.2271,128.6811,2022-09-27,일반
1659,김유진,gngj724@naver.com,010-2490-7066,인천,37.4563,126.7052,2022-08-06,일반
1660,김채원,gchng715@nate.com,010-3644-8500,수원,37.2636,127.0286,2022-06-08,일반
1661,한채원,hchng995@naver.com,010-4273-6287,인천,37.4563,126.7052,2022-04-29,우수
1662,정우진,jngj166@gmail.com,010-5014-8268,대구,35.8714,128.6014,2022-08-15,우수
1663,윤현정,nghj281@nate.com,,수원,37.2636,127.0286,2022-10-19,VIP
1664,오지현,ngjh263@naver.com,,세종,36.48,127.289,2021-03-13,일반
1665,이예린,ngngr793@nate.com,010-2152-7833,수원,37.2636,127.0286,2022-04-27,MVP
1666,장태현,jth833@gmail.com,010-9751-1388,전주,35.8219,127.148,2022-09-14,VIP
1667,권민서,gms947@gmail.com,010-1653-6953,대전,36.3504,127.3845,2022-02-12,일반
1668,신가은,sgng623@nate.com,,울산,35.5398,129.3114,2021-05-08,VIP
1669,장나윤,jnng945@gmail.com,010-6567-3325,전주,35.8219,127.148,2021-06-23,일반
1670,윤현정,nghj594@naver.com,010-2213-8507,대전,36.3504,127.3845,2021-04-10,VIP
1671,황나윤,hnng350@daum.net,010-6417-8378,광주,35.1595,126.8526,2021-10-30,일반
1672,장시아,jsng381@gmail.com,010-1425-4621,인천,37.4563,126.7052,2021-06-01,VIP
1673,한시아,hsng471@daum.net,010-5992-8787,대전,36.3504,127.3845,2021-06-12,VIP
1674,권예린,gngr401@naver.com,,전주,35.8219,127.148,2022-12-13,VIP
1675,임지현,ngjh493@daum.net,,청주,36.6424,127.489,2021-08-22,우수
1676,조시아,jsng410@naver.com,010-9332-9467,창원,35.2271,128.6811,2021-01-13,일반
1677,신민서,sms733@naver.com,,광주,35.1595,126.8526,2022-10-22,일반
1678,안유진,ngngj635@daum.net,010-9605-8897,울산,35.5398,129.3114,2022-05-12,일반
1679,강민서,gms488@gmail.com,010-6067-4382,청주,36.6424,127.489,2021-03-08,일반
1680,윤주원,ngjng384@gmail.com,010-8525-1199,청주,36.6424,127.489,2021-07-21,우수
1681,안태현,ngth333@naver.com,,광주,35.1595,126.8526,2022-11-12,일반
1682,최유진,chngj619@gmail.com,010-9810-2301,대전,36.3504,127.3845,2022-07-21,MVP
1683,이수빈,ngsb680@naver.com,010-3993-5015,대구,35.8714,128.6014,2021-09-20,우수
1684,윤가은,nggng834@nate.com,010-5354-5546,인천,37.4563,126.7052,2021-02-11,VIP
1685,박채원,bchng294@gmail.com,010-4403-4728,인천,37.4563,126.7052,2022-06-20,일반
1686,윤시아,ngsng879@nate.com,010-1836-6224,세종,36.48,127.289,2021-04-11,VIP
1687,박지후,bjh589@gmail.com,010-2636-9886,세종,36.48,127.289,2021-03-27,VIP
1688,전지후,jjh712@nate.com,,대전,36.3504,127.3845,2022-08-06,일반
1689,서지현,sjh214@nate.com,010-8475-1008,청주,36.6424,127.489,2021-07-19,우수
1690,장나윤,jnng516@daum.net,,세종,36.48,127.289,2022-10-09,우수
1691,안민서,ngms626@daum.net,010-9719-5079,청주,36.6424,127.489,2021-11-03,일반
1692,오지훈,ngjh794@daum.net,,청주,36.6424,127.489,2022-03-27,우수
1693,강민서,gms106@daum.net,010-3929-2074,수원,37.2636,127.0286,2022-04-27,일반
1694,서예린,sngr411@gmail.com,010-9824-3992,세종,36.48,127.289,2021-12-17,일반
1695,조나윤,jnng211@naver.com,010-6243-9690,대구,35.8714,128.6014,2021-11-11,일반
1696,황도윤,hdng801@daum.net,010-3532-6304,창원,35.2271,128.6811,2021-08-04,일반
1697,강지후,gjh884@nate.com,010-3574-6335,인천,37.4563,126.7052,2021-06-11,일반
1698,안민서,ngms769@nate.com,010-5306-8732,전주,35.8219,127.148,2021-10-03,일반
1699,임지원,ngjng248@daum.net,010-6166-8368,광주,35.1595,126.8526,2021-12-29,MVP
1700,임서연,ngsng676@nate.com,010-7620-1906,울산,35.5398,129.3114,2021-01-06,우수
1701,서지원,sjng761@naver.com,,세종,36.48,127.289,2021-10-08,MVP
1702,조지후,jjh777@daum.net,,대전,36.3504,127.3845,2022-01-18,일반
1703,서현정,shj491@daum.net,010-4522-9240,수원,37.2636,127.0286,2022-07-28,일반
1704,권지현,gjh380@gmail.com,,부산,35.1796,129.0756,2021-09-06,우수
1705,황채원,hchng707@nate.com,010-8979-5093,서울,37.5665,126.978,2022-11-07,일반
1706,장하린,jhr700@nate.com,,서울,37.5665,126.978,2021-04-14,일반
1707,오지훈,ngjh650@daum.net,,세종,36.48,127.289,2021-10-19,우수
1708,정태현,jth867@gmail.com,010-3464-5896,광주,35.1595,126.8526,2022-02-28,일반
1709,전지후,jjh675@gmail.com,010-9955-5271,세종,36.48,127.289,2021-09-09,우수
1710,송하늘,shn936@daum.net,,전주,35.8219,127.148,2021-01-23,우수
1711,박지현,bjh904@daum.net,010-4519-4016,광주,35.1595,126.8526,2022-04-02,일반
1712,오수빈,ngsb333@nate.com,,광주,35.1595,126.8526,2021-12-08,일반
1713,장지훈,jjh718@gmail.com,010-8001-7493,인천,37.4563,126.7052,2021-05-03,우수
1714,황현정,hhj149@gmail.com,,수원,37.2636,127.0286,2022-01-18,일반
1715,서서준,ssj616@daum.net,010-6468-2099,수원,37.2636,127.0286,2022-05-19,일반
1716,박시아,bsng194@gmail.com,010-2437-8675,수원,37.2636,127.0286,2021-06-12,MVP
1717,조나윤,jnng174@nate.com,010-3493-6413,대전,36.3504,127.3845,2022-04-22,일반
1718,박하준,bhj763@daum.net,010-8084-1351,세종,36.48,127.289,2022-06-25,우수
1719,신시아,ssng400@gmail.com,,창원,35.2271,128.6811,2022-02-04,MVP
1720,윤유진,ngngj537@naver.com,010-6351-9722,대전,36.3504,127.3845,2021-08-17,일반
1721,권서현,gsh781@naver.com,010-3500-4094,창원,35.2271,128.6811,2021-12-30,일반
1722,정지후,jjh415@naver.com,010-1646-3086,부산,35.1796,129.0756,2021-01-27,일반
1723,송지원,sjng170@daum.net,010-4304-5963,광주,35.1595,126.8526,2021-08-24,일반
1724,강서연,gsng377@naver.com,,대구,35.8714,128.6014,2021-12-30,일반
1725,권도윤,gdng954@nate.com,010-4417-7232,서울,37.5665,126.978,2022-03-31,우수
1726,이수빈,ngsb549@nate.com,010-3042-2521,대구,35.8714,128.6014,2021-07-30,일반
1727,강하늘,ghn692@gmail.com,,인천,37.4563,126.7052,2021-08-03,우수
1728,황채원,hchng719@daum.net,010-4446-2487,전주,35.8219,127.148,2021-11-21,MVP
1729,안지원,ngjng589@daum.net,010-1264-1118,수원,37.2636,127.0286,2021-04-25,VIP
1730,신현정,shj530@nate.com,010-6078-2069,부산,35.1796,129.0756,2021-12-30,우수
1731,서지현,sjh767@daum.net,,대구,35.8714,128.6014,2022-12-20,일반
1732,신태현,sth582@gmail.com,010-1743-3305,대전,36.3504,127.3845,2022-10-25,우수
1733,윤하준,nghj678@gmail.com,,인천,37.4563,126.7052,2022-06-16,우수
1734,황나윤,hnng139@gmail.com,010-5801-7089,창원,35.2271,128.6811,2021-08-03,일반
1735,서영민,sngm261@nate.com,010-3480-3975,인천,37.4563,126.7052,2021-06-28,일반
1736,한태현,hth212@naver.com,010-7613-7114,서울,37.5665,126.978,2022-05-25,VIP
1737,장하린,jhr428@gmail.com,,서울,37.5665,126.978,2021-12-06,일반
1738,황서준,hsj852@naver.com,010-9604-3781,울산,35.5398,129.3114,2021-02-17,일반
1739,강도윤,gdng115@daum.net,010-2086-2841,대구,35.8714,128.6014,2021-04-05,일반
1740,황수빈,hsb525@nate.com,010-1011-6102,인천,37.4563,126.7052,2022-09-10,일반
1741,황민서,hms363@naver.com,010-2579-8828,광주,35.1595,126.8526,2022-11-04,VIP
1742,황채원,hchng951@naver.com,010-3336-4695,인천,37.4563,126.7052,2021-08-13,우수
1743,박채원,bchng197@nate.com,,대전,36.3504,127.3845,2022-09-22,우수
1744,윤지훈,ngjh289@daum.net,010-9518-9468,광주,35.1595,126.8526,2022-12-29,일반
1745,전태현,jth373@naver.com,010-3379-1560,광주,35.1595,126.8526,2022-03-09,일반
1746,신서현,ssh149@naver.com,,인천,37.4563,126.7052,2021-01-15,일반
1747,이영민,ngngm913@naver.com,010-8877-8927,인천,37.4563,126.7052,2022-02-11,일반
1748,한지후,hjh743@nate.com,010-5305-9943,세종,36.48,127.289,2021-08-08,일반
1749,권도윤,gdng862@daum.net,010-6525-4052,청주,36.6424,127.489,2022-06-11,우수
1750,장유진,jngj926@nate.com,010-6609-9504,수원,37.2636,127.0286,2022-04-13,일반
1751,장예준,jngj900@daum.net,,울산,35.5398,129.3114,2022-10-20,우수
1752,송주원,sjng196@naver.com,,세종,36.48,127.289,2021-04-24,일반
1753,임주원,ngjng994@daum.net,010-2359-9269,대전,36.3504,127.3845,2022-04-09,일반
1754,강지민,gjm939@naver.com,010-1273-4255,인천,37.4563,126.7052,2022-11-28,일반
1755,한하늘,hhn715@naver.com,010-9735-6941,창원,35.2271,128.6811,2022-06-28,MVP
1756,송현우,shng810@naver.com,,광주,35.1595,126.8526,2021-06-12,VIP
1757,강서현,gsh749@naver.com,010-7947-4312,전주,35.8219,127.148,2021-06-05,MVP
1758,장서준,jsj510@daum.net,010-8807-8667,울산,35.5398,129.3114,2022-06-19,일반
1759,오주원,ngjng838@daum.net,010-6105-4420,서울,37.5665,126.978,2021-03-18,일반
1760,박서준,bsj873@nate.com,010-3625-4972,인천,37.4563,126.7052,2021-05-28,우수
1761,신현정,shj263@nate.com,,울산,35.5398,129.3114,2022-08-29,일반
1762,한예준,hngj331@daum.net,,인천,37.4563,126.7052,2022-02-16,VIP
1763,전예린,jngr255@naver.com,010-6365-1176,세종,36.48,127.289,2021-05-26,일반
1764,최하늘,chhn418@gmail.com,010-8180-5895,청주,36.6424,127.489,2022-09-05,일반
1765,최지아,chjng860@nate.com,010-6593-5458,인천,37.4563,126.7052,2021-03-14,일반
1766,이지민,ngjm958@daum.net,010-3759-8983,부산,35.1796,129.0756,2022-10-04,일반
1767,임현우,nghng635@gmail.com,010-6940-4953,부산,35.1796,129.0756,2022-09-10,우수
1768,황영민,hngm818@nate.com,010-5590-5519,울산,35.5398,129.3114,2021-02-28,일반
1769,장서현,jsh620@daum.net,010-6843-2361,울산,35.5398,129.3114,2022-11-14,일반
1770,김도윤,gdng830@nate.com,010-8106-5354,대구,35.8714,128.6014,2022-08-23,일반
1771,최나윤,chnng946@nate.com,010-7157-9502,수원,37.2636,127.0286,2022-09-14,일반
1772,신서준,ssj716@gmail.com,010-2555-2924,창원,35.2271,128.6811,2022-10-21,우수
1773,윤지원,ngjng694@nate.com,010-8212-8548,울산,35.5398,129.3114,2021-02-10,VIP
1774,전지현,jjh635@gmail.com,010-8074-1420,울산,35.5398,129.3114,2022-10-06,MVP
1775,조시아,jsng285@gmail.com,,청주,36.6424,127.489,2021-12-03,우수
1776,서현정,shj129@nate.com,010-6636-6773,대전,36.3504,127.3845,2022-01-03,일반
1777,윤지훈,ngjh556@gmail.com,010-5311-3631,광주,35.1595,126.8526,2022-04-15,우수
1778,조지아,jjng889@daum.net,010-3818-9189,전주,35.8219,127.148,2022-02-15,일반
1779,박유진,bngj460@naver.com,,광주,35.1595,126.8526,2021-11-10,일반
1780,박서현,bsh515@daum.net,010-7270-4312,창원,35.2271,128.6811,2022-05-25,VIP
1781,장지현,jjh824@nate.com,010-6922-3608,광주,35.1595,126.8526,2021-12-12,일반
1782,강유진,gngj116@gmail.com,010-9292-5853,대구,35.8714,128.6014,2022-08-19,VIP
1783,송지아,sjng282@nate.com,,창원,35.2271,128.6811,2022-12-14,일반
1784,박예준,bngj828@nate.com,010-9729-6796,대전,36.3504,127.3845,2021-05-30,우수
1785,신주원,sjng494@gmail.com,010-2346-6305,전주,35.8219,127.148,2021-10-28,우수
1786,윤수빈,ngsb945@gmail.com,,대구,35.8714,128.6014,2022-07-16,VIP
1787,장민준,jmj606@naver.com,010-4700-8214,전주,35.8219,127.148,2021-08-13,우수
1788,조주원,jjng112@daum.net,010-8917-8191,대구,35.8714,128.6014,2021-01-22,우수
1789,서지아,sjng664@naver.com,010-7547-7342,울산,35.5398,129.3114,2021-07-10,일반
1790,장가은,jgng915@daum.net,010-4845-6245,대전,36.3504,127.3845,2022-03-18,우수
1791,송지원,sjng178@naver.com,010-9819-3109,광주,35.1595,126.8526,2022-12-21,일반
1792,최도현,chdh903@nate.com,,수원,37.2636,127.0286,2021-11-18,우수
1793,윤채원,ngchng456@naver.com,010-1871-8540,세종,36.48,127.289,2021-10-03,우수
1794,권민서,gms705@nate.com,,부산,35.1796,129.0756,2021-06-25,우수
1795,권지아,gjng765@gmail.com,010-3422-2044,광주,35.1595,126.8526,2022-05-04,일반
1796,한예준,hngj836@daum.net,010-1451-9041,창원,35.2271,128.6811,2021-09-16,일반
1797,서가은,sgng882@naver.com,010-6076-9821,울산,35.5398,129.3114,2021-08-09,우수
1798,임유진,ngngj338@nate.com,010-6152-1111,인천,37.4563,126.7052,2022-07-07,일반
1799,이가은,nggng872@daum.net,010-2163-2042,창원,35.2271,128.6811,2021-05-03,일반
1800,안서연,ngsng847@naver.com,010-3938-3969,전주,35.8219,127.148,2021-07-19,일반
1801,김서현,gsh606@gmail.com,,광주,35.1595,126.8526,2021-04-02,MVP
1802,신시아,ssng817@nate.com,010-3269-6624,울산,35.5398,129.3114,2022-01-26,우수
1803,강도윤,gdng418@daum.net,010-5128-9186,인천,37.4563,126.7052,2022-12-26,일반
1804,박하준,bhj366@nate.com,010-2336-6565,대구,35.8714,128.6014,2021-08-21,일반
1805,권나윤,gnng196@daum.net,,서울,37.5665,126.978,2022-09-13,일반
1806,송서준,ssj799@daum.net,,부산,35.1796,129.0756,2021-06-22,우수
1807,안민준,ngmj104@daum.net,,울산,35.5398,129.3114,2021-11-10,우수
1808,전시아,jsng483@gmail.com,010-9162-3978,인천,37.4563,126.7052,2021-07-13,일반
1809,송지후,sjh453@gmail.com,010-3898-8220,청주,36.6424,127.489,2021-06-08,일반
1810,강하늘,ghn252@nate.com,,서울,37.5665,126.978,2022-09-30,일반
1811,송태현,sth912@gmail.com,,대전,36.3504,127.3845,2021-10-26,우수
1812,강시아,gsng630@naver.com,,부산,35.1796,129.0756,2022-05-25,우수
1813,정하린,jhr445@nate.com,010-8338-2906,청주,36.6424,127.489,2022-07-16,일반
1814,송예준,sngj446@naver.com,010-9040-4085,광주,35.1595,126.8526,2021-05-25,일반
1815,신서준,ssj466@gmail.com,010-2618-9517,세종,36.48,127.289,2022-11-07,일반
1816,박예린,bngr770@daum.net,010-9715-9547,수원,37.2636,127.0286,2022-07-31,MVP
1817,신나윤,snng659@naver.com,,대전,36.3504,127.3845,2021-11-25,일반
1818,조우진,jngj741@nate.com,010-9035-1390,울산,35.5398,129.3114,2022-03-22,우수
1819,황도윤,hdng429@nate.com,010-5705-1903,창원,35.2271,128.6811,2022-02-03,우수
1820,안영민,ngngm142@naver.com,010-9893-3840,부산,35.1796,129.0756,2021-11-11,일반
1821,오채원,ngchng149@gmail.com,010-6763-9810,서울,37.5665,126.978,2021-11-07,일반
1822,이영민,ngngm945@nate.com,010-3921-9335,전주,35.8219,127.148,2022-06-05,일반
1823,한예린,hngr815@gmail.com,010-4042-4630,대구,35.8714,128.6014,2021-04-12,우수
1824,오예준,ngngj831@naver.com,010-1255-1741,세종,36.48,127.289,2021-07-31,우수
1825,신지후,sjh805@gmail.com,010-6419-3900,대전,36.3504,127.3845,2021-01-05,우수
1826,신영민,sngm333@daum.net,,울산,35.5398,129.3114,2021-02-15,우수
1827,윤하린,nghr784@daum.net,010-6074-4356,울산,35.5398,129.3114,2022-11-28,일반
1828,장서연,jsng806@gmail.com,010-4104-8998,울산,35.5398,129.3114,2022-02-28,MVP
1829,장하린,jhr110@nate.com,010-3111-4653,서울,37.5665,126.978,2022-12-14,우수
1830,박서현,bsh217@gmail.com,,인천,37.4563,126.7052,2022-05-16,일반
1831,송유진,sngj271@daum.net,010-9786-5693,청주,36.6424,127.489,2022-12-13,MVP
1832,임지현,ngjh683@daum.net,010-4311-2417,부산,35.1796,129.0756,2021-05-03,우수
1833,송지현,sjh609@naver.com,010-8683-8844,인천,37.4563,126.7052,2022-06-15,우수
1834,최도윤,chdng334@gmail.com,,울산,35.5398,129.3114,2021-07-08,우수
1835,박현우,bhng546@daum.net,010-1672-9251,세종,36.48,127.289,2021-05-27,VIP
1836,조나윤,jnng315@daum.net,,서울,37.5665,126.978,2022-08-06,우수
1837,정유진,jngj980@daum.net,010-1924-7411,인천,37.4563,126.7052,2021-12-25,일반
1838,신주원,sjng398@gmail.com,010-6503-8190,대구,35.8714,128.6014,2021-07-08,일반
1839,김지현,gjh551@gmail.com,010-3639-3348,대구,35.8714,128.6014,2022-09-09,VIP
1840,송유진,sngj158@gmail.com,010-9753-1286,청주,36.6424,127.489,2021-03-08,일반
1841,강채원,gchng429@daum.net,010-4828-1096,서울,37.5665,126.978,2021-05-27,일반
1842,신민준,smj676@gmail.com,,울산,35.5398,129.3114,2022-08-04,일반
1843,윤나윤,ngnng743@gmail.com,,창원,35.2271,128.6811,2022-07-13,일반
1844,황도현,hdh685@nate.com,010-8367-4893,대전,36.3504,127.3845,2022-12-04,우수
1845,황하린,hhr356@daum.net,010-3509-8441,청주,36.6424,127.489,2022-04-11,VIP
1846,송태현,sth468@naver.com,010-3856-7364,인천,37.4563,126.7052,2021-10-21,일반
1847,장태현,jth264@daum.net,010-5912-3359,전주,35.8219,127.148,2021-01-22,일반
1848,이수빈,ngsb520@naver.com,010-6782-4409,울산,35.5398,129.3114,2021-05-09,일반
1849,신서연,ssng527@nate.com,010-7364-8594,전주,35.8219,127.148,2022-04-09,VIP
1850,한유진,hngj433@nate.com,010-4554-4128,인천,37.4563,126.7052,2022-06-27,우수
1851,전지후,jjh994@daum.net,010-7688-7140,세종,36.48,127.289,2022-07-16,일반
1852,임지후,ngjh502@naver.com,010-8410-5920,세종,36.48,127.289,2021-04-22,VIP
1853,서서준,ssj304@naver.com,010-7296-9478,광주,35.1595,126.8526,2022-07-19,VIP
1854,서하준,shj553@gmail.com,010-3823-5478,전주,35.8219,127.148,2021-07-31,VIP
1855,전나윤,jnng259@nate.com,,창원,35.2271,128.6811,2021-07-22,VIP
1856,오수빈,ngsb351@naver.com,010-9693-1578,세종,36.48,127.289,2021-11-20,일반
1857,최현정,chhj166@gmail.com,010-1864-6431,서울,37.5665,126.978,2021-01-09,우수
1858,박유진,bngj465@naver.com,010-6039-2081,전주,35.8219,127.148,2021-06-04,일반
1859,한하린,hhr423@nate.com,010-5747-5968,세종,36.48,127.289,2021-12-13,VIP
1860,최현정,chhj675@naver.com,010-9721-7712,인천,37.4563,126.7052,2021-06-17,우수
1861,강지아,gjng665@nate.com,010-5086-2857,전주,35.8219,127.148,2021-10-15,우수
1862,정도현,jdh555@gmail.com,010-8746-7215,서울,37.5665,126.978,2021-05-19,우수
1863,황하준,hhj885@gmail.com,010-6937-8224,창원,35.2271,128.6811,2022-12-06,일반
1864,전시아,jsng286@nate.com,010-6633-6566,서울,37.5665,126.978,2022-05-19,우수
1865,박태현,bth478@gmail.com,010-7449-3449,인천,37.4563,126.7052,2021-05-19,MVP
1866,최도현,chdh909@naver.com,010-2361-6811,청주,36.6424,127.489,2021-11-25,VIP
1867,황민준,hmj736@nate.com,010-4146-9411,인천,37.4563,126.7052,2022-01-09,일반
1868,장하늘,jhn124@nate.com,,광주,35.1595,126.8526,2021-06-20,일반
1869,윤가은,nggng413@daum.net,010-5470-8505,세종,36.48,127.289,2022-03-20,일반
1870,박유진,bngj664@gmail.com,,인천,37.4563,126.7052,2022-10-02,우수
1871,전민준,jmj409@nate.com,010-1589-5428,대구,35.8714,128.6014,2022-04-27,VIP
1872,신유진,sngj475@nate.com,010-6672-5285,울산,35.5398,129.3114,2022-12-26,일반
1873,송지후,sjh600@daum.net,010-2389-6220,대전,36.3504,127.3845,2021-03-27,우수
1874,안태현,ngth216@gmail.com,010-3901-7117,인천,37.4563,126.7052,2021-04-20,VIP
1875,박주원,bjng685@naver.com,,부산,35.1796,129.0756,2021-03-19,우수
1876,김채원,gchng926@daum.net,,창원,35.2271,128.6811,2021-03-14,우수
1877,권서현,gsh994@daum.net,010-1920-3272,청주,36.6424,127.489,2021-04-19,우수
1878,조도현,jdh863@gmail.com,010-2500-1062,인천,37.4563,126.7052,2021-04-04,우수
1879,서현정,shj802@naver.com,010-7338-6249,대구,35.8714,128.6014,2021-02-21,일반
1880,안지후,ngjh587@naver.com,010-4048-8687,전주,35.8219,127.148,2022-05-23,우수
1881,임채원,ngchng792@gmail.com,010-2303-3881,세종,36.48,127.289,2021-07-09,우수
1882,조지훈,jjh247@naver.com,010-2241-4083,전주,35.8219,127.148,2021-05-07,VIP
1883,강지현,gjh429@naver.com,010-5861-7754,인천,37.4563,126.7052,2022-02-09,우수
1884,안서현,ngsh392@naver.com,010-4944-9692,울산,35.5398,129.3114,2021-09-14,우수
1885,김서현,gsh799@daum.net,,대전,36.3504,127.3845,2021-06-15,일반
1886,박민서,bms452@gmail.com,,창원,35.2271,128.6811,2022-03-17,일반
1887,권민준,gmj862@gmail.com,010-6922-2079,광주,35.1595,126.8526,2022-08-26,일반
1888,전지훈,jjh844@daum.net,010-8871-7069,세종,36.48,127.289,2022-01-02,일반
1889,황우진,hngj881@nate.com,010-4117-4737,광주,35.1595,126.8526,2022-07-14,우수
1890,전하준,jhj143@daum.net,010-6314-7606,울산,35.5398,129.3114,2022-04-22,MVP
1891,권지현,gjh575@nate.com,010-7317-7874,인천,37.4563,126.7052,2021-05-26,일반
1892,김지현,gjh242@daum.net,,울산,35.5398,129.3114,2022-10-10,일반
1893,한민준,hmj544@naver.com,010-4555-2553,인천,37.4563,126.7052,2022-08-31,VIP
1894,김지민,gjm583@naver.com,,대전,36.3504,127.3845,2021-12-12,일반
1895,황지민,hjm262@daum.net,010-8971-9177,수원,37.2636,127.0286,2021-10-12,우수
1896,서서연,ssng972@naver.com,,세종,36.48,127.289,2022-11-13,우수
1897,최예준,chngj431@nate.com,,창원,35.2271,128.6811,2021-10-24,우수
1898,안민서,ngms922@naver.com,,울산,35.5398,129.3114,2022-05-18,일반
1899,임서현,ngsh262@daum.net,010-8028-2996,청주,36.6424,127.489,2021-11-15,일반
1900,정하늘,jhn388@daum.net,010-3099-7054,전주,35.8219,127.148,2022-01-18,우수
1901,전민서,jms164@gmail.com,010-4431-6344,세종,36.48,127.289,2022-01-14,우수
1902,윤도현,ngdh992@daum.net,010-6582-6424,청주,36.6424,127.489,2022-05-03,일반
1903,조태현,jth230@daum.net,010-4750-4883,청주,36.6424,127.489,2022-08-10,우수
1904,윤민서,ngms676@nate.com,010-2566-7293,서울,37.5665,126.978,2021-11-17,일반
1905,정하린,jhr429@gmail.com,010-5358-2096,수원,37.2636,127.0286,2022-05-18,우수
1906,권지민,gjm896@naver.com,,대전,36.3504,127.3845,2022-12-30,일반
1907,이민서,ngms352@naver.com,010-8906-3394,청주,36.6424,127.489,2021-01-04,MVP
1908,장유진,jngj596@daum.net,010-4083-2972,창원,35.2271,128.6811,2022-07-04,일반
1909,임채원,ngchng162@naver.com,010-7160-7930,수원,37.2636,127.0286,2022-06-01,일반
1910,김우진,gngj367@naver.com,,인천,37.4563,126.7052,2021-10-31,일반
1911,서예준,sngj477@nate.com,010-3571-8276,인천,37.4563,126.7052,2022-04-03,일반
1912,오도윤,ngdng380@nate.com,010-8427-5665,대전,36.3504,127.3845,2021-07-22,VIP
1913,강시아,gsng231@daum.net,,서울,37.5665,126.978,2021-05-07,MVP
1914,오지아,ngjng588@daum.net,010-7144-1417,인천,37.4563,126.7052,2021-11-19,일반
1915,서서현,ssh431@nate.com,010-1565-5635,인천,37.4563,126.7052,2021-12-01,일반
1916,오시아,ngsng874@gmail.com,010-3160-9137,수원,37.2636,127.0286,2021-02-27,우수
1917,박도현,bdh169@naver.com,010-4850-2505,인천,37.4563,126.7052,2021-04-15,VIP
1918,한지원,hjng446@gmail.com,010-9068-7562,울산,35.5398,129.3114,2021-12-18,우수
1919,송서준,ssj637@nate.com,010-9980-2465,청주,36.6424,127.489,2022-02-10,일반
1920,조수빈,jsb262@gmail.com,010-1396-1859,대전,36.3504,127.3845,2021-08-21,일반
1921,윤민서,ngms143@gmail.com,010-3255-9201,대구,35.8714,128.6014,2021-08-27,우수
1922,오유진,ngngj496@nate.com,010-9064-1385,서울,37.5665,126.978,2022-06-07,일반
1923,서지아,sjng169@gmail.com,,대구,35.8714,128.6014,2022-08-27,우수
1924,윤시아,ngsng603@gmail.com,,광주,35.1595,126.8526,2022-12-20,일반
1925,한하늘,hhn948@naver.com,,울산,35.5398,129.3114,2021-08-06,우수
1926,김도현,gdh742@daum.net,010-7363-3619,대전,36.3504,127.3845,2022-07-24,일반
1927,조나윤,jnng722@daum.net,010-5265-7432,광주,35.1595,126.8526,2021-07-20,우수
1928,최서현,chsh392@nate.com,010-9385-7646,서울,37.5665,126.978,2022-04-02,일반
1929,조하준,jhj215@gmail.com,010-4368-4279,울산,35.5398,129.3114,2021-04-20,우수
1930,전채원,jchng865@daum.net,010-5970-6913,전주,35.8219,127.148,2022-11-22,일반
1931,권서준,gsj763@naver.com,010-1390-6077,창원,35.2271,128.6811,2021-09-16,우수
1932,김지후,gjh949@naver.com,010-7366-6363,광주,35.1595,126.8526,2021-07-31,우수
1933,권지민,gjm716@naver.com,010-5675-5071,세종,36.48,127.289,2022-05-07,우수
1934,박하린,bhr209@gmail.com,,서울,37.5665,126.978,2022-09-27,우수
1935,김지훈,gjh100@daum.net,010-3613-2593,세종,36.48,127.289,2022-01-26,우수
1936,이지원,ngjng320@naver.com,,울산,35.5398,129.3114,2022-01-17,VIP
1937,서서현,ssh122@daum.net,010-5304-8486,서울,37.5665,126.978,2021-05-03,일반
1938,조도윤,jdng751@gmail.com,,세종,36.48,127.289,2021-06-28,VIP
1939,박채원,bchng340@nate.com,010-5424-1369,창원,35.2271,128.6811,2022-12-13,일반
1940,전민서,jms164@naver.com,010-7183-1489,대구,35.8714,128.6014,2021-03-08,일반
1941,이민서,ngms542@nate.com,010-1721-2032,울산,35.5398,129.3114,2021-06-29,일반
1942,장가은,jgng388@nate.com,,대구,35.8714,128.6014,2021-10-01,일반
1943,장지현,jjh292@naver.com,010-1722-8132,전주,35.8219,127.148,2022-04-04,우수
1944,송가은,sgng600@naver.com,010-2448-7017,전주,35.8219,127.148,2021-02-18,우수
1945,권영민,gngm583@naver.com,010-9859-3387,광주,35.1595,126.8526,2022-11-06,우수
1946,오채원,ngchng754@daum.net,010-7096-8659,울산,35.5398,129.3114,2021-06-28,우수
1947,한나윤,hnng399@naver.com,010-7681-6903,청주,36.6424,127.489,2022-05-22,일반
1948,서예준,sngj716@daum.net,010-8644-8385,인천,37.4563,126.7052,2021-12-07,일반
1949,송지현,sjh796@naver.com,010-3376-6597,서울,37.5665,126.978,2021-12-18,일반
1950,송서현,ssh951@naver.com,010-4372-7493,창원,35.2271,128.6811,2021-05-23,일반
1951,박영민,bngm529@gmail.com,,수원,37.2636,127.0286,2022-07-12,일반
1952,최시아,chsng104@daum.net,010-4715-6486,수원,37.2636,127.0286,2022-11-12,일반
1953,황도윤,hdng433@daum.net,010-7435-4589,수원,37.2636,127.0286,2022-02-09,우수
1954,전지원,jjng867@nate.com,010-8432-3551,전주,35.8219,127.148,2021-04-19,우수
1955,조가은,jgng100@gmail.com,010-6022-4962,세종,36.48,127.289,2021-05-28,MVP
1956,신우진,sngj945@naver.com,,수원,37.2636,127.0286,2022-10-16,VIP
1957,조민준,jmj116@gmail.com,010-2168-2098,대전,36.3504,127.3845,2021-05-04,우수
1958,장수빈,jsb221@nate.com,010-5918-6622,광주,35.1595,126.8526,2022-11-09,일반
1959,신지원,sjng313@daum.net,010-8838-1686,울산,35.5398,129.3114,2022-09-27,우수
1960,황서준,hsj611@daum.net,010-8759-7287,광주,35.1595,126.8526,2021-02-01,우수
1961,송나윤,snng200@nate.com,010-6751-9033,전주,35.8219,127.148,2022-08-25,일반
1962,김지민,gjm139@nate.com,010-2508-2359,부산,35.1796,129.0756,2022-05-02,일반
1963,윤채원,ngchng950@gmail.com,010-4954-8688,세종,36.48,127.289,2022-01-24,VIP
1964,이유진,ngngj417@nate.com,010-1168-3103,대구,35.8714,128.6014,2022-09-21,일반
1965,전지현,jjh791@gmail.com,,수원,37.2636,127.0286,2022-04-01,우수
1966,강수빈,gsb381@nate.com,010-5148-2927,수원,37.2636,127.0286,2022-11-01,우수
1967,안민서,ngms278@nate.com,,대전,36.3504,127.3845,2021-06-16,일반
1968,오서연,ngsng212@naver.com,010-5080-1093,부산,35.1796,129.0756,2021-07-23,일반
1969,신나윤,snng862@naver.com,010-4660-6571,울산,35.5398,129.3114,2021-02-14,일반
1970,전지현,jjh605@naver.com,010-2902-2663,전주,35.8219,127.148,2022-04-01,일반
1971,강주원,gjng235@gmail.com,010-8044-1336,세종,36.48,127.289,2022-05-24,일반
1972,안태현,ngth810@daum.net,,청주,36.6424,127.489,2022-07-11,VIP
1973,황서준,hsj385@nate.com,010-2067-2429,수원,37.2636,127.0286,2022-12-20,일반
1974,장태현,jth780@daum.net,010-4985-3253,세종,36.48,127.289,2022-02-15,우수
1975,최민준,chmj265@gmail.com,010-8308-9944,창원,35.2271,128.6811,2021-07-11,일반
1976,한지아,hjng369@nate.com,,부산,35.1796,129.0756,2022-11-04,VIP
1977,서도윤,sdng673@gmail.com,,대구,35.8714,128.6014,2021-07-27,일반
1978,정채원,jchng818@nate.com,,서울,37.5665,126.978,2022-01-16,일반
1979,김도윤,gdng637@daum.net,,창원,35.2271,128.6811,2022-06-28,VIP
1980,정유진,jngj349@nate.com,010-8836-8843,대구,35.8714,128.6014,2021-07-13,VIP
1981,조도윤,jdng276@nate.com,010-2161-3393,수원,37.2636,127.0286,2022-10-11,일반
1982,정지현,jjh622@naver.com,010-2189-3698,부산,35.1796,129.0756,2022-05-05,VIP
1983,윤서현,ngsh871@nate.com,010-5300-7658,청주,36.6424,127.489,2022-01-06,일반
1984,이나윤,ngnng542@gmail.com,,광주,35.1595,126.8526,2022-02-09,일반
1985,한지민,hjm560@naver.com,010-9348-7660,전주,35.8219,127.148,2021-05-11,일반
1986,강현우,ghng713@daum.net,010-1506-7837,세종,36.48,127.289,2021-03-18,일반
1987,박지아,bjng186@naver.com,010-7443-5601,청주,36.6424,127.489,2021-02-10,우수
1988,권서현,gsh926@daum.net,010-6048-8699,대전,36.3504,127.3845,2022-07-03,일반
1989,안민서,ngms495@naver.com,,세종,36.48,127.289,2021-12-12,일반
1990,황유진,hngj645@gmail.com,010-5444-5734,대전,36.3504,127.3845,2022-10-07,우수
1991,안현우,nghng420@daum.net,,대구,35.8714,128.6014,2022-08-03,우수
1992,임지후,ngjh945@daum.net,010-5323-7944,수원,37.2636,127.0286,2022-11-24,일반
1993,조나윤,jnng727@naver.com,,전주,35.8219,127.148,2021-10-30,우수
1994,한가은,hgng655@daum.net,010-3841-2920,대구,35.8714,128.6014,2022-04-19,일반
1995,임서현,ngsh352@naver.com,010-3999-9142,창원,35.2271,128.6811,2022-10-11,우수
1996,한현우,hhng501@nate.com,010-8521-9804,전주,35.8219,127.148,2021-10-05,우수
1997,오주원,ngjng360@gmail.com,010-7440-1053,대전,36.3504,127.3845,2021-05-08,MVP
1998,박지후,bjh931@daum.net,010-5539-9374,세종,36.48,127.289,2022-04-11,일반
1999,전서연,jsng303@daum.net,010-9020-2770,서울,37.5665,126.978,2022-03-14,일반
2000,황서연,hsng496@daum.net,,부산,35.1796,129.0756,2021-05-24,일반
2001,한나윤,hnng920@gmail.com,010-9986-9769,서울,37.5665,126.978,2021-03-13,일반
2002,장주원,jjng902@gmail.com,010-1654-1981,전주,35.8219,127.148,2022-12-05,일반
2003,김도윤,gdng445@daum.net,010-4611-5370,대전,36.3504,127.3845,2022-03-17,VIP
2004,송지원,sjng960@naver.com,010-6189-4602,인천,37.4563,126.7052,2021-01-24,일반
2005,강현정,ghj944@nate.com,010-3627-2493,대구,35.8714,128.6014,2022-07-09,일반
2006,전채원,jchng728@daum.net,,세종,36.48,127.289,2021-05-08,우수
2007,서현우,shng347@nate.com,010-4610-5578,창원,35.2271,128.6811,2021-06-19,일반
2008,최민준,chmj344@daum.net,010-7335-8309,울산,35.5398,129.3114,2022-08-17,우수
2009,조현우,jhng202@gmail.com,010-3463-7299,울산,35.5398,129.3114,2022-12-31,일반
2010,신민준,smj654@daum.net,010-9584-6608,대구,35.8714,128.6014,2022-11-21,일반
2011,오민준,ngmj611@nate.com,010-3367-2267,세종,36.48,127.289,2022-09-14,일반
2012,신하준,shj906@nate.com,010-7637-5491,대구,35.8714,128.6014,2021-08-12,일반
2013,윤가은,nggng397@naver.com,010-1397-4998,울산,35.5398,129.3114,2022-09-07,VIP
2014,박수빈,bsb830@gmail.com,010-7241-1335,울산,35.5398,129.3114,2022-08-09,일반
2015,황서연,hsng841@nate.com,010-6705-4744,울산,35.5398,129.3114,2021-04-02,우수
2016,장지원,jjng366@nate.com,010-9473-9698,인천,37.4563,126.7052,2021-06-22,일반
2017,조지현,jjh137@nate.com,010-2474-3601,광주,35.1595,126.8526,2021-02-19,일반
2018,박하린,bhr812@gmail.com,010-5180-8423,대전,36.3504,127.3845,2021-03-23,VIP
2019,정우진,jngj245@nate.com,010-6105-3730,대전,36.3504,127.3845,2021-07-10,일반
2020,안예준,ngngj337@gmail.com,010-3882-5722,창원,35.2271,128.6811,2021-02-23,우수
2021,송민서,sms533@naver.com,010-4201-2262,대구,35.8714,128.6014,2021-01-18,MVP
2022,박나윤,bnng203@daum.net,,인천,37.4563,126.7052,2022-07-01,우수
2023,권지아,gjng879@daum.net,,전주,35.8219,127.148,2021-07-03,VIP
2024,강현우,ghng905@gmail.com,010-9409-1339,광주,35.1595,126.8526,2021-06-25,일반
2025,안하늘,nghn158@nate.com,,인천,37.4563,126.7052,2021-06-21,일반
2026,정지현,jjh235@naver.com,010-5575-8576,창원,35.2271,128.6811,2022-01-12,일반
2027,윤수빈,ngsb279@gmail.com,,전주,35.8219,127.148,2021-09-12,우수
2028,이예준,ngngj486@naver.com,010-9027-7471,서울,37.5665,126.978,2021-10-22,MVP
2029,송지아,sjng843@nate.com,010-9514-6798,수원,37.2636,127.0286,2022-04-23,일반
2030,전가은,jgng957@nate.com,010-3734-9243,대전,36.3504,127.3845,2022-06-21,우수
2031,황주원,hjng924@gmail.com,010-7021-5889,대구,35.8714,128.6014,2021-03-17,일반
2032,최하린,chhr522@nate.com,010-6153-8982,울산,35.5398,129.3114,2021-11-03,우수
2033,조나윤,jnng116@naver.com,010-8371-3291,울산,35.5398,129.3114,2022-10-16,일반
2034,임지민,ngjm350@naver.com,010-5143-8975,서울,37.5665,126.978,2021-08-21,MVP
2035,신수빈,ssb829@nate.com,010-7812-1841,광주,35.1595,126.8526,2021-07-29,우수
2036,윤주원,ngjng755@gmail.com,,대전,36.3504,127.3845,2022-01-19,일반
2037,권도현,gdh495@nate.com,010-9397-8816,부산,35.1796,129.0756,2022-09-05,일반
2038,이도현,ngdh989@nate.com,010-6084-9302,부산,35.1796,129.0756,2021-12-27,일반
2039,강민준,gmj203@naver.com,010-1981-1404,전주,35.8219,127.148,2022-12-30,일반
2040,안지후,ngjh745@daum.net,010-8541-6684,서울,37.5665,126.978,2022-04-05,일반
2041,오우진,ngngj476@gmail.com,,수원,37.2636,127.0286,2022-08-23,VIP
2042,권나윤,gnng599@nate.com,010-9978-9289,수원,37.2636,127.0286,2021-02-07,우수
2043,박주원,bjng944@nate.com,010-5376-3358,광주,35.1595,126.8526,2022-11-08,우수
2044,정나윤,jnng301@gmail.com,010-4608-1686,창원,35.2271,128.6811,2022-01-29,일반
2045,이우진,ngngj112@naver.com,010-7841-3484,대구,35.8714,128.6014,2022-03-05,VIP
2046,서지아,sjng681@daum.net,010-3677-1613,대구,35.8714,128.6014,2021-01-01,우수
2047,장채원,jchng594@gmail.com,010-3713-9085,대구,35.8714,128.6014,2022-04-25,일반
2048,최예준,chngj785@nate.com,010-7096-8682,광주,35.1595,126.8526,2022-09-24,우수
2049,장시아,jsng671@daum.net,010-3549-9520,청주,36.6424,127.489,2022-11-12,우수
2050,장현정,jhj708@naver.com,010-5459-6376,대구,35.8714,128.6014,2021-01-23,일반
2051,안우진,ngngj610@nate.com,010-5221-2744,서울,37.5665,126.978,2022-08-29,일반
2052,정지아,jjng328@naver.com,010-2615-9883,대구,35.8714,128.6014,2022-04-21,일반
2053,안지원,ngjng522@nate.com,010-2329-4973,울산,35.5398,129.3114,2022-08-04,일반
2054,강하린,ghr592@gmail.com,010-8080-3523,광주,35.1595,126.8526,2021-02-28,VIP
2055,서민서,sms131@daum.net,010-8971-9058,광주,35.1595,126.8526,2021-05-02,VIP
2056,신시아,ssng319@nate.com,010-3701-6506,울산,35.5398,129.3114,2021-08-29,우수
2057,강하린,ghr434@nate.com,,부산,35.1796,129.0756,2021-04-14,일반
2058,김주원,gjng653@nate.com,010-3488-1841,세종,36.48,127.289,2021-04-05,일반
2059,김민서,gms281@gmail.com,010-7009-6853,인천,37.4563,126.7052,2021-10-26,우수
2060,전예준,jngj141@naver.com,,대전,36.3504,127.3845,2021-12-05,우수
2061,전예준,jngj140@gmail.com,010-9034-2761,대구,35.8714,128.6014,2021-06-24,일반
2062,장시아,jsng398@gmail.com,,창원,35.2271,128.6811,2021-10-19,우수
2063,권하린,ghr972@daum.net,010-9435-2574,인천,37.4563,126.7052,2022-10-21,VIP
2064,황하린,hhr329@daum.net,010-3667-8744,서울,37.5665,126.978,2022-02-07,일반
2065,권지원,gjng621@daum.net,010-7571-7848,대전,36.3504,127.3845,2022-11-01,일반
2066,윤현정,nghj967@daum.net,010-8557-3436,청주,36.6424,127.489,2021-12-01,우수
2067,정서준,jsj181@gmail.com,,창원,35.2271,128.6811,2021-05-01,일반
2068,권주원,gjng252@gmail.com,010-4919-8890,대전,36.3504,127.3845,2021-12-07,일반
2069,서서연,ssng225@daum.net,010-1554-6967,전주,35.8219,127.148,2021-08-03,일반
2070,강지민,gjm296@daum.net,,부산,35.1796,129.0756,2021-02-20,일반
2071,장지민,jjm291@nate.com,010-6301-8366,세종,36.48,127.289,2022-11-06,우수
2072,정영민,jngm434@nate.com,010-4014-1121,청주,36.6424,127.489,2021-11-19,우수
2073,강지훈,gjh525@gmail.com,,세종,36.48,127.289,2021-12-09,일반
2074,정현우,jhng625@nate.com,010-7846-1629,대전,36.3504,127.3845,2021-07-27,VIP
2075,김서현,gsh469@daum.net,010-2713-8910,창원,35.2271,128.6811,2022-01-17,VIP
2076,안지후,ngjh316@naver.com,010-9273-5480,광주,35.1595,126.8526,2022-11-28,VIP
2077,안지민,ngjm641@naver.com,010-9964-5754,울산,35.5398,129.3114,2021-02-10,일반
2078,송나윤,snng567@gmail.com,,대전,36.3504,127.3845,2021-12-07,일반
2079,전서현,jsh910@gmail.com,010-4783-6163,세종,36.48,127.289,2022-03-04,MVP
2080,전현우,jhng560@daum.net,010-4759-5163,대전,36.3504,127.3845,2022-10-30,우수
2081,신지훈,sjh104@naver.com,010-8360-4915,서울,37.5665,126.978,2021-08-16,일반
2082,신민준,smj540@gmail.com,010-9954-7828,부산,35.1796,129.0756,2021-10-08,일반
2083,김하늘,ghn989@daum.net,,창원,35.2271,128.6811,2022-11-11,일반
2084,전지후,jjh646@daum.net,010-7373-6383,부산,35.1796,129.0756,2021-08-29,VIP
2085,강지아,gjng771@naver.com,010-6386-5023,서울,37.5665,126.978,2022-12-03,우수
2086,황민준,hmj201@naver.com,,전주,35.8219,127.148,2021-09-22,일반
2087,임예린,ngngr363@nate.com,010-3685-6921,인천,37.4563,126.7052,2022-03-13,일반
2088,최나윤,chnng395@daum.net,010-2123-2248,수원,37.2636,127.0286,2022-12-10,우수
2089,정지현,jjh224@gmail.com,010-5424-3932,대구,35.8714,128.6014,2021-03-09,VIP
2090,최나윤,chnng562@daum.net,010-9758-8623,부산,35.1796,129.0756,2022-05-28,일반
2091,안도윤,ngdng592@daum.net,010-6787-3890,부산,35.1796,129.0756,2021-12-31,우수
2092,신현정,shj293@daum.net,010-2415-2039,전주,35.8219,127.148,2021-01-19,MVP
2093,강주원,gjng450@naver.com,010-8842-6757,수원,37.2636,127.0286,2022-12-08,일반
2094,김유진,gngj973@nate.com,010-7593-4479,울산,35.5398,129.3114,2021-04-17,우수
2095,강지후,gjh735@nate.com,,창원,35.2271,128.6811,2022-12-16,일반
2096,윤영민,ngngm772@nate.com,010-7043-4262,수원,37.2636,127.0286,2022-04-14,우수
2097,이서준,ngsj563@naver.com,010-7103-6549,서울,37.5665,126.978,2022-08-08,우수
2098,서채원,schng957@gmail.com,,광주,35.1595,126.8526,2022-04-20,우수
2099,최하린,chhr633@gmail.com,010-6582-2962,창원,35.2271,128.6811,2021-05-20,우수
2100,이현정,nghj955@daum.net,010-7973-5807,대구,35.8714,128.6014,2021-11-16,일반
2101,이지현,ngjh209@gmail.com,010-3243-5231,대전,36.3504,127.3845,2022-11-12,VIP
2102,신주원,sjng387@daum.net,010-6960-2230,울산,35.5398,129.3114,2021-03-18,우수
2103,황우진,hngj856@daum.net,,울산,35.5398,129.3114,2021-01-24,일반
2104,임유진,ngngj289@gmail.com,010-2640-6939,인천,37.4563,126.7052,2022-06-22,우수
2105,최도윤,chdng370@daum.net,,광주,35.1595,126.8526,2021-05-07,우수
2106,조시아,jsng919@gmail.com,010-9868-2305,대구,35.8714,128.6014,2021-02-20,일반
2107,송도현,sdh691@daum.net,010-7613-1667,수원,37.2636,127.0286,2022-11-05,VIP
2108,임도현,ngdh999@nate.com,010-1852-3242,부산,35.1796,129.0756,2022-11-05,VIP
2109,박도윤,bdng702@gmail.com,,부산,35.1796,129.0756,2022-05-04,일반
2110,한지민,hjm654@gmail.com,010-5056-2343,대전,36.3504,127.3845,2021-06-12,MVP
2111,오하준,nghj289@gmail.com,010-3075-3774,청주,36.6424,127.489,2021-01-18,일반
2112,안현우,nghng517@gmail.com,010-4072-9071,청주,36.6424,127.489,2022-06-20,일반
2113,송현우,shng160@nate.com,010-4153-9647,대구,35.8714,128.6014,2022-09-20,일반
2114,임지원,ngjng239@nate.com,010-5713-5413,창원,35.2271,128.6811,2022-02-26,VIP
2115,윤하린,nghr976@gmail.com,010-9153-1023,전주,35.8219,127.148,2022-03-07,우수
2116,최지민,chjm704@naver.com,010-4020-2965,전주,35.8219,127.148,2021-09-17,일반
2117,윤주원,ngjng828@gmail.com,010-2182-7467,대구,35.8714,128.6014,2021-09-13,일반
2118,정지후,jjh383@gmail.com,010-2814-1225,창원,35.2271,128.6811,2021-01-03,우수
2119,서도윤,sdng449@naver.com,,세종,36.48,127.289,2021-05-28,일반
2120,최지현,chjh477@daum.net,010-5506-8264,울산,35.5398,129.3114,2022-01-23,VIP
2121,조지현,jjh750@naver.com,010-4977-9026,대구,35.8714,128.6014,2022-02-03,VIP
2122,황지훈,hjh547@gmail.com,010-3598-2006,대전,36.3504,127.3845,2021-01-04,우수
2123,이채원,ngchng569@daum.net,,대구,35.8714,128.6014,2022-02-28,MVP
2124,임주원,ngjng390@daum.net,010-8753-9676,인천,37.4563,126.7052,2022-03-13,일반
2125,박시아,bsng565@daum.net,010-4291-5515,대전,36.3504,127.3845,2022-10-22,MVP
2126,황지민,hjm376@naver.com,010-3187-1280,세종,36.48,127.289,2021-08-14,우수
2127,윤서현,ngsh597@nate.com,010-3370-2799,대구,35.8714,128.6014,2022-07-19,우수
2128,장채원,jchng479@daum.net,010-9462-6082,전주,35.8219,127.148,2021-04-12,일반
2129,신민준,smj164@gmail.com,010-5002-9682,대구,35.8714,128.6014,2021-10-17,VIP
2130,강서현,gsh608@gmail.com,010-7876-6591,인천,37.4563,126.7052,2021-01-21,일반
2131,김민서,gms298@naver.com,010-7960-5115,부산,35.1796,129.0756,2021-11-10,일반
2132,장시아,jsng304@nate.com,010-6847-2574,청주,36.6424,127.489,2022-09-09,일반
2133,신민서,sms739@naver.com,,대구,35.8714,128.6014,2021-11-29,우수
2134,오지원,ngjng582@naver.com,010-8058-1269,수원,37.2636,127.0286,2021-12-08,우수
2135,박도윤,bdng678@naver.com,010-4358-8652,대구,35.8714,128.6014,2022-02-25,우수
2136,서지아,sjng856@gmail.com,010-9987-8229,부산,35.1796,129.0756,2022-11-29,VIP
2137,정현우,jhng855@naver.com,,대구,35.8714,128.6014,2022-01-15,일반
2138,장민준,jmj701@nate.com,010-8370-4425,부산,35.1796,129.0756,2021-10-15,우수
2139,박유진,bngj342@gmail.com,010-9796-4951,부산,35.1796,129.0756,2021-09-14,일반
2140,이민서,ngms805@daum.net,010-1104-9020,수원,37.2636,127.0286,2021-06-21,VIP
2141,조현정,jhj521@daum.net,010-4757-5549,부산,35.1796,129.0756,2021-04-01,VIP
2142,김서연,gsng813@daum.net,010-3691-1440,광주,35.1595,126.8526,2022-04-09,우수
2143,최서현,chsh685@gmail.com,,청주,36.6424,127.489,2021-10-09,우수
2144,강현우,ghng855@gmail.com,,전주,35.8219,127.148,2021-07-03,일반
2145,조지후,jjh235@daum.net,010-4696-3203,세종,36.48,127.289,2021-03-04,일반
2146,이도윤,ngdng843@naver.com,010-5908-8074,광주,35.1595,126.8526,2022-10-05,VIP
2147,정가은,jgng164@naver.com,,세종,36.48,127.289,2022-01-23,일반
2148,한서준,hsj645@naver.com,,청주,36.6424,127.489,2022-03-07,일반
2149,강지후,gjh174@naver.com,010-3722-5360,울산,35.5398,129.3114,2021-04-22,일반
2150,안가은,nggng668@daum.net,010-9730-4532,세종,36.48,127.289,2021-06-11,VIP
2151,권서연,gsng276@nate.com,010-4508-1328,대전,36.3504,127.3845,2021-11-20,일반
2152,조지민,jjm402@nate.com,010-2889-3077,수원,37.2636,127.0286,2022-04-22,일반
2153,이현우,nghng854@gmail.com,010-3215-1865,수원,37.2636,127.0286,2022-05-06,우수
2154,안하준,nghj651@naver.com,010-9329-9907,인천,37.4563,126.7052,2021-09-04,VIP
2155,박현우,bhng651@gmail.com,010-5254-5278,광주,35.1595,126.8526,2022-06-22,일반
2156,오지아,ngjng239@naver.com,010-4363-3289,서울,37.5665,126.978,2022-03-14,일반
2157,윤가은,nggng751@gmail.com,010-2170-7916,수원,37.2636,127.0286,2021-06-01,일반
2158,송예준,sngj855@daum.net,010-6532-1490,세종,36.48,127.289,2021-06-18,일반
2159,이나윤,ngnng111@gmail.com,,청주,36.6424,127.489,2022-12-09,일반
2160,김예준,gngj430@naver.com,010-2353-4119,전주,35.8219,127.148,2022-10-15,우수
2161,황현정,hhj200@nate.com,010-1423-3453,수원,37.2636,127.0286,2022-10-26,우수
2162,한유진,hngj488@gmail.com,010-5786-5273,수원,37.2636,127.0286,2022-10-24,우수
2163,강예준,gngj658@naver.com,010-8811-5705,창원,35.2271,128.6811,2022-11-16,일반
2164,황하늘,hhn886@gmail.com,010-5734-9215,인천,37.4563,126.7052,2021-06-29,VIP
2165,이유진,ngngj488@nate.com,010-1430-1723,서울,37.5665,126.978,2022-06-04,일반
2166,이민준,ngmj777@daum.net,010-6594-2453,대구,35.8714,128.6014,2022-01-22,MVP
2167,한채원,hchng628@daum.net,010-3014-4863,수원,37.2636,127.0286,2021-06-03,우수
2168,서주원,sjng916@daum.net,010-7054-1802,수원,37.2636,127.0286,2021-08-22,일반
2169,한우진,hngj941@naver.com,010-1645-8696,창원,35.2271,128.6811,2022-01-20,우수
2170,이서연,ngsng312@naver.com,010-8537-6817,울산,35.5398,129.3114,2022-09-09,일반
2171,김나윤,gnng739@naver.com,,인천,37.4563,126.7052,2021-03-08,우수
2172,이도현,ngdh225@nate.com,,대전,36.3504,127.3845,2022-06-26,일반
2173,송도현,sdh641@gmail.com,010-3907-9969,대전,36.3504,127.3845,2022-10-03,일반
2174,황민서,hms354@naver.com,010-2051-7548,울산,35.5398,129.3114,2021-07-12,VIP
2175,장현우,jhng258@gmail.com,010-5835-3799,인천,37.4563,126.7052,2022-12-15,일반
2176,안시아,ngsng760@daum.net,,울산,35.5398,129.3114,2021-11-01,VIP
2177,윤태현,ngth529@naver.com,010-2705-6072,광주,35.1595,126.8526,2022-06-26,일반
2178,장예준,jngj573@gmail.com,010-7387-3566,울산,35.5398,129.3114,2021-10-26,우수
2179,한나윤,hnng482@daum.net,010-4753-7046,서울,37.5665,126.978,2021-07-11,우수
2180,오지아,ngjng799@naver.com,010-1381-2386,대전,36.3504,127.3845,2021-07-16,우수
2181,황지민,hjm415@nate.com,010-9689-9277,대전,36.3504,127.3845,2021-10-25,일반
2182,김나윤,gnng331@gmail.com,010-9207-9499,광주,35.1595,126.8526,2021-09-05,일반
2183,강영민,gngm382@daum.net,010-2008-6569,전주,35.8219,127.148,2021-05-18,일반
2184,이우진,ngngj803@gmail.com,010-4541-4423,대전,36.3504,127.3845,2021-09-02,일반
2185,한지후,hjh948@daum.net,010-3001-7467,창원,35.2271,128.6811,2021-11-19,우수
2186,윤현정,nghj244@gmail.com,010-8450-9621,부산,35.1796,129.0756,2021-04-07,VIP
2187,권채원,gchng999@gmail.com,010-4254-4950,수원,37.2636,127.0286,2021-02-19,VIP
2188,전예준,jngj746@naver.com,,세종,36.48,127.289,2021-08-10,우수
2189,오현우,nghng140@nate.com,010-9272-9137,서울,37.5665,126.978,2021-03-20,우수
2190,오지민,ngjm197@nate.com,010-9592-1137,수원,37.2636,127.0286,2022-02-21,우수
2191,김도현,gdh289@naver.com,010-6481-7799,서울,37.5665,126.978,2021-01-31,일반
2192,최지아,chjng230@gmail.com,010-8737-9148,대구,35.8714,128.6014,2022-12-06,VIP
2193,장채원,jchng390@gmail.com,010-4501-7418,전주,35.8219,127.148,2022-03-02,우수
2194,한하린,hhr911@daum.net,,인천,37.4563,126.7052,2021-03-01,우수
2195,박현정,bhj226@daum.net,010-4790-7504,부산,35.1796,129.0756,2022-07-07,일반
2196,안민서,ngms451@gmail.com,010-7672-4190,창원,35.2271,128.6811,2021-05-23,일반
2197,강영민,gngm840@naver.com,010-3422-2204,대구,35.8714,128.6014,2022-09-14,일반
2198,윤수빈,ngsb381@daum.net,,광주,35.1595,126.8526,2022-03-05,VIP
2199,장도현,jdh137@daum.net,010-1702-7010,인천,37.4563,126.7052,2022-06-17,우수
2200,김나윤,gnng911@daum.net,010-8023-8133,대구,35.8714,128.6014,2022-05-20,일반
2201,이하늘,nghn810@gmail.com,010-1294-1690,부산,35.1796,129.0756,2021-05-12,MVP
2202,조지현,jjh156@naver.com,010-2448-1446,광주,35.1595,126.8526,2022-02-04,일반
2203,신주원,sjng801@nate.com,010-4487-2637,부산,35.1796,129.0756,2021-11-25,일반
2204,강나윤,gnng323@daum.net,,광주,35.1595,126.8526,2021-12-31,일반
2205,서하늘,shn663@naver.com,,울산,35.5398,129.3114,2022-08-09,우수
2206,황서연,hsng881@naver.com,010-5321-5757,창원,35.2271,128.6811,2021-08-04,VIP
2207,이도윤,ngdng347@daum.net,010-8330-4179,수원,37.2636,127.0286,2021-01-06,일반
2208,오우진,ngngj343@nate.com,010-9660-3236,청주,36.6424,127.489,2022-07-18,VIP
2209,서서준,ssj317@naver.com,010-3033-1874,청주,36.6424,127.489,2022-01-19,일반
2210,최예린,chngr479@nate.com,,전주,35.8219,127.148,2022-12-12,VIP
2211,이하늘,nghn477@gmail.com,010-1258-8423,대전,36.3504,127.3845,2021-10-20,우수
2212,장시아,jsng926@naver.com,010-7893-7158,울산,35.5398,129.3114,2022-09-05,VIP
2213,임영민,ngngm665@nate.com,010-9769-6999,부산,35.1796,129.0756,2022-06-19,일반
2214,전지민,jjm752@naver.com,010-5823-1348,인천,37.4563,126.7052,2021-12-05,MVP
2215,안태현,ngth417@naver.com,,인천,37.4563,126.7052,2021-07-14,우수
2216,윤우진,ngngj899@naver.com,010-1897-7681,울산,35.5398,129.3114,2022-02-18,일반
2217,김지아,gjng584@naver.com,,울산,35.5398,129.3114,2022-10-18,VIP
2218,서태현,sth131@nate.com,010-4737-9519,인천,37.4563,126.7052,2021-08-10,일반
2219,윤유진,ngngj786@daum.net,010-9523-3269,청주,36.6424,127.489,2021-09-07,VIP
2220,송나윤,snng117@daum.net,010-2930-3334,서울,37.5665,126.978,2021-12-19,일반
2221,전하린,jhr544@daum.net,010-3412-7655,서울,37.5665,126.978,2022-07-17,우수
2222,전나윤,jnng467@naver.com,010-7265-7198,울산,35.5398,129.3114,2022-11-08,우수
2223,한서연,hsng745@gmail.com,010-7978-2609,대구,35.8714,128.6014,2021-01-16,일반
2224,정나윤,jnng294@daum.net,010-2969-5127,창원,35.2271,128.6811,2021-12-11,일반
2225,조나윤,jnng373@nate.com,010-6091-9339,수원,37.2636,127.0286,2021-06-02,일반
2226,장서현,jsh141@gmail.com,010-1016-1106,인천,37.4563,126.7052,2022-05-05,일반
2227,안서연,ngsng714@nate.com,010-2913-7343,울산,35.5398,129.3114,2021-03-06,일반
2228,안지후,ngjh176@gmail.com,010-6486-1417,청주,36.6424,127.489,2021-07-17,우수
2229,이예준,ngngj484@gmail.com,010-5801-2198,창원,35.2271,128.6811,2022-10-26,일반
2230,오서준,ngsj564@nate.com,010-8263-7736,인천,37.4563,126.7052,2022-10-07,일반
2231,정서준,jsj847@daum.net,010-1275-9114,대구,35.8714,128.6014,2022-10-15,우수
2232,권수빈,gsb713@daum.net,,울산,35.5398,129.3114,2021-06-16,일반
2233,권태현,gth243@nate.com,,울산,35.5398,129.3114,2022-11-19,VIP
2234,정지원,jjng119@gmail.com,010-8768-7299,전주,35.8219,127.148,2022-05-19,VIP
2235,이하준,nghj678@gmail.com,010-9584-9741,대전,36.3504,127.3845,2021-01-24,우수
2236,장예준,jngj299@naver.com,010-3173-6147,대구,35.8714,128.6014,2022-04-10,우수
2237,한가은,hgng275@naver.com,,광주,35.1595,126.8526,2022-02-15,VIP
2238,송도현,sdh181@nate.com,010-3691-2665,서울,37.5665,126.978,2021-07-29,일반
2239,박하린,bhr267@gmail.com,010-7912-4898,울산,35.5398,129.3114,2021-04-26,일반
2240,안예린,ngngr425@naver.com,010-6651-7160,세종,36.48,127.289,2022-05-23,일반
2241,최지후,chjh323@nate.com,010-6031-5335,부산,35.1796,129.0756,2022-11-15,우수
2242,전서준,jsj843@naver.com,,창원,35.2271,128.6811,2021-11-27,일반
2243,신우진,sngj622@gmail.com,010-1866-4874,부산,35.1796,129.0756,2022-03-18,우수
2244,권지후,gjh798@daum.net,010-2774-3322,부산,35.1796,129.0756,2022-02-12,MVP
2245,권채원,gchng909@nate.com,,청주,36.6424,127.489,2022-06-10,VIP
2246,강예준,gngj114@naver.com,010-9785-3988,청주,36.6424,127.489,2021-04-05,우수
2247,최서현,chsh298@daum.net,,수원,37.2636,127.0286,2022-03-06,일반
2248,송유진,sngj852@nate.com,010-4831-7979,전주,35.8219,127.148,2022-12-05,VIP
2249,윤지현,ngjh942@naver.com,,부산,35.1796,129.0756,2022-06-12,우수
2250,오서연,ngsng129@daum.net,010-1375-9074,대구,35.8714,128.6014,2022-08-10,일반
2251,전지아,jjng836@nate.com,010-2949-8431,울산,35.5398,129.3114,2022-11-29,일반
2252,황가은,hgng162@nate.com,010-9491-3400,세종,36.48,127.289,2021-08-30,VIP
2253,김지원,gjng882@gmail.com,,울산,35.5398,129.3114,2022-07-08,우수
2254,강하준,ghj329@daum.net,,광주,35.1595,126.8526,2022-11-22,VIP
2255,신예린,sngr994@daum.net,010-8328-2718,서울,37.5665,126.978,2021-12-10,VIP
2256,장지민,jjm683@naver.com,010-3854-2191,전주,35.8219,127.148,2021-03-16,우수
2257,전주원,jjng435@nate.com,010-9753-5399,세종,36.48,127.289,2022-09-01,우수
2258,윤서연,ngsng738@daum.net,010-3078-1619,수원,37.2636,127.0286,2021-01-17,일반
2259,오현정,nghj134@naver.com,010-5108-9312,청주,36.6424,127.489,2022-07-10,일반
2260,임서현,ngsh233@daum.net,010-9391-2081,창원,35.2271,128.6811,2021-12-12,일반
2261,박우진,bngj455@nate.com,010-1586-8231,청주,36.6424,127.489,2022-07-13,우수
2262,박지원,bjng283@naver.com,010-8825-4211,수원,37.2636,127.0286,2022-02-16,우수
2263,송나윤,snng772@naver.com,010-7233-2277,서울,37.5665,126.978,2022-09-23,VIP
2264,박채원,bchng742@nate.com,010-7299-9879,세종,36.48,127.289,2022-09-18,일반
2265,정지현,jjh738@nate.com,010-3521-3121,수원,37.2636,127.0286,2022-05-25,우수
2266,오하늘,nghn690@naver.com,010-9718-6214,세종,36.48,127.289,2021-02-09,우수
2267,안민준,ngmj508@naver.com,010-7040-1849,청주,36.6424,127.489,2022-10-03,우수
2268,장태현,jth130@daum.net,010-6437-8481,울산,35.5398,129.3114,2022-01-26,우수
2269,전서준,jsj131@gmail.com,010-3882-6613,인천,37.4563,126.7052,2021-10-14,일반
2270,한지훈,hjh357@naver.com,010-7456-4213,수원,37.2636,127.0286,2022-02-07,우수
2271,정지원,jjng946@daum.net,010-3180-9727,인천,37.4563,126.7052,2022-10-16,일반
2272,전지현,jjh375@nate.com,010-2689-6573,대구,35.8714,128.6014,2021-07-19,일반
2273,신하준,shj366@gmail.com,010-4057-9733,청주,36.6424,127.489,2022-11-28,일반
2274,오채원,ngchng594@naver.com,,광주,35.1595,126.8526,2022-02-03,우수
2275,전하준,jhj513@naver.com,010-7062-2674,전주,35.8219,127.148,2021-08-16,MVP
2276,윤지현,ngjh616@gmail.com,010-6993-1420,수원,37.2636,127.0286,2022-12-29,우수
2277,황하늘,hhn369@nate.com,,수원,37.2636,127.0286,2021-11-29,우수
2278,오나윤,ngnng599@daum.net,,대전,36.3504,127.3845,2021-08-18,우수
2279,임서현,ngsh738@gmail.com,010-2220-2854,청주,36.6424,127.489,2022-06-09,우수
2280,황하린,hhr595@naver.com,010-6465-4866,서울,37.5665,126.978,2021-07-23,일반
2281,장현정,jhj138@gmail.com,010-2445-6328,광주,35.1595,126.8526,2021-08-04,일반
2282,임수빈,ngsb210@daum.net,,광주,35.1595,126.8526,2021-07-27,일반
2283,강지원,gjng734@naver.com,010-9593-2595,울산,35.5398,129.3114,2022-05-03,일반
2284,윤현정,nghj536@nate.com,,광주,35.1595,126.8526,2021-02-16,일반
2285,장지현,jjh253@gmail.com,,대전,36.3504,127.3845,2021-03-31,일반
2286,한하준,hhj567@nate.com,010-2999-9580,창원,35.2271,128.6811,2022-06-26,일반
2287,황지아,hjng161@naver.com,010-3126-4850,세종,36.48,127.289,2021-01-07,MVP
2288,안하늘,nghn671@daum.net,010-6421-8014,울산,35.5398,129.3114,2021-06-16,일반
2289,서서준,ssj432@nate.com,010-5893-3745,세종,36.48,127.289,2022-07-06,일반
2290,정민서,jms823@daum.net,010-5581-9869,수원,37.2636,127.0286,2021-12-12,일반
2291,오채원,ngchng702@nate.com,010-5719-3912,광주,35.1595,126.8526,2021-11-21,우수
2292,안주원,ngjng411@gmail.com,010-6444-1416,부산,35.1796,129.0756,2022-12-11,일반
2293,정도현,jdh971@gmail.com,,서울,37.5665,126.978,2021-02-13,일반
2294,임지원,ngjng754@naver.com,010-2191-4873,창원,35.2271,128.6811,2022-10-25,우수
2295,정서현,jsh998@gmail.com,,광주,35.1595,126.8526,2021-11-21,일반
2296,김유진,gngj448@nate.com,010-7974-3984,서울,37.5665,126.978,2022-06-19,일반
2297,최우진,chngj410@daum.net,010-7321-9038,수원,37.2636,127.0286,2022-06-22,일반
2298,정민서,jms970@naver.com,010-8226-5795,울산,35.5398,129.3114,2022-04-05,일반
2299,서주원,sjng864@gmail.com,010-3747-7042,인천,37.4563,126.7052,2022-01-11,일반
2300,임지후,ngjh171@naver.com,010-2734-3190,인천,37.4563,126.7052,2022-12-26,일반
2301,조영민,jngm164@naver.com,,대구,35.8714,128.6014,2022-09-14,VIP
2302,김서현,gsh412@gmail.com,010-2472-9512,서울,37.5665,126.978,2022-01-22,우수
2303,윤서연,ngsng368@nate.com,010-8588-6652,인천,37.4563,126.7052,2021-07-28,우수
2304,김지아,gjng269@nate.com,010-8471-3899,울산,35.5398,129.3114,2022-06-16,일반
2305,강태현,gth458@nate.com,010-6950-5352,세종,36.48,127.289,2021-11-25,VIP
2306,황주원,hjng488@naver.com,010-2478-9371,창원,35.2271,128.6811,2021-02-03,일반
2307,권지민,gjm773@naver.com,010-3976-8201,전주,35.8219,127.148,2021-04-15,일반
2308,최서현,chsh580@naver.com,010-4249-8256,부산,35.1796,129.0756,2022-04-14,우수
2309,조도현,jdh678@naver.com,,서울,37.5665,126.978,2021-11-30,일반
2310,정시아,jsng680@naver.com,010-2651-7997,전주,35.8219,127.148,2022-02-26,일반
2311,오예린,ngngr974@gmail.com,010-3357-4874,청주,36.6424,127.489,2021-11-07,우수
2312,강유진,gngj768@daum.net,010-9850-4329,전주,35.8219,127.148,2021-09-08,VIP
2313,오지아,ngjng415@daum.net,010-8586-9078,울산,35.5398,129.3114,2021-05-06,일반
2314,윤하준,nghj927@nate.com,010-6449-5276,대전,36.3504,127.3845,2021-09-11,우수
2315,장시아,jsng930@nate.com,,창원,35.2271,128.6811,2021-04-30,MVP
2316,권하린,ghr944@nate.com,010-8211-2144,서울,37.5665,126.978,2021-07-11,일반
2317,강서준,gsj439@naver.com,010-9634-9154,청주,36.6424,127.489,2022-09-03,일반
2318,최지후,chjh602@daum.net,010-9502-4981,인천,37.4563,126.7052,2022-08-17,일반
2319,정주원,jjng128@gmail.com,010-1889-9978,인천,37.4563,126.7052,2022-01-09,일반
2320,조하준,jhj138@gmail.com,010-8628-9497,대전,36.3504,127.3845,2022-07-22,일반
2321,안하늘,nghn984@nate.com,010-7098-9426,광주,35.1595,126.8526,2022-12-02,VIP
2322,한하준,hhj342@nate.com,010-5556-5949,서울,37.5665,126.978,2021-02-11,우수
2323,윤도현,ngdh497@gmail.com,010-8540-2088,창원,35.2271,128.6811,2022-08-11,우수
2324,한영민,hngm992@naver.com,010-2533-1374,대구,35.8714,128.6014,2022-08-08,일반
2325,정서현,jsh691@naver.com,010-1393-2515,전주,35.8219,127.148,2022-08-24,VIP
2326,임지후,ngjh589@daum.net,,청주,36.6424,127.489,2022-06-08,MVP
2327,조도현,jdh105@nate.com,010-9189-2522,세종,36.48,127.289,2021-03-26,VIP
2328,최주원,chjng507@gmail.com,010-2893-4395,청주,36.6424,127.489,2021-06-04,일반
2329,강도윤,gdng987@nate.com,010-3287-1876,울산,35.5398,129.3114,2022-04-23,우수
2330,최하린,chhr889@gmail.com,010-2712-3121,부산,35.1796,129.0756,2021-04-26,일반
2331,강서준,gsj223@gmail.com,010-9669-8170,세종,36.48,127.289,2021-05-20,일반
2332,윤지후,ngjh737@naver.com,010-8068-7230,서울,37.5665,126.978,2021-10-28,일반
2333,오지후,ngjh649@gmail.com,010-5939-9535,청주,36.6424,127.489,2021-07-03,우수
2334,최주원,chjng882@daum.net,,인천,37.4563,126.7052,2021-04-13,우수
2335,김현정,ghj671@nate.com,,청주,36.6424,127.489,2022-06-22,일반
2336,오지현,ngjh108@daum.net,010-7153-3110,인천,37.4563,126.7052,2021-06-03,일반
2337,김영민,gngm942@naver.com,010-6733-7234,전주,35.8219,127.148,2022-01-11,일반
2338,박현정,bhj859@gmail.com,010-6656-3100,대구,35.8714,128.6014,2022-11-14,일반
2339,전민서,jms943@gmail.com,010-2943-3324,부산,35.1796,129.0756,2021-08-23,일반
2340,장지후,jjh534@daum.net,010-7346-6028,수원,37.2636,127.0286,2021-12-01,일반
2341,정지후,jjh966@gmail.com,010-3558-1420,대전,36.3504,127.3845,2021-03-18,우수
2342,정민서,jms155@nate.com,010-8853-4781,부산,35.1796,129.0756,2022-01-06,일반
2343,송민서,sms384@gmail.com,010-8259-2398,인천,37.4563,126.7052,2022-09-06,일반
2344,서서연,ssng982@gmail.com,,울산,35.5398,129.3114,2021-08-22,일반
2345,임하늘,nghn765@gmail.com,010-3598-1124,광주,35.1595,126.8526,2021-11-24,VIP
2346,윤가은,nggng827@daum.net,,서울,37.5665,126.978,2021-09-13,우수
2347,김하린,ghr471@nate.com,010-8396-7038,세종,36.48,127.289,2022-08-01,우수
2348,서태현,sth905@daum.net,010-6702-7094,창원,35.2271,128.6811,2021-03-08,일반
2349,임서연,ngsng963@naver.com,010-2743-3242,대구,35.8714,128.6014,2021-09-15,우수
2350,장수빈,jsb544@gmail.com,010-2941-9424,부산,35.1796,129.0756,2021-02-15,일반
2351,최서준,chsj312@gmail.com,010-2644-8361,전주,35.8219,127.148,2022-02-27,우수
2352,신지훈,sjh881@gmail.com,010-1698-9919,세종,36.48,127.289,2021-06-15,VIP
2353,김하늘,ghn199@daum.net,,세종,36.48,127.289,2021-04-20,우수
2354,김지현,gjh837@gmail.com,,광주,35.1595,126.8526,2022-12-23,VIP
2355,박지후,bjh620@gmail.com,,울산,35.5398,129.3114,2022-04-09,우수
2356,이수빈,ngsb829@naver.com,010-5714-6916,광주,35.1595,126.8526,2021-03-23,일반
2357,안지훈,ngjh603@daum.net,,대구,35.8714,128.6014,2022-02-15,VIP
2358,조민준,jmj117@nate.com,010-9652-6821,인천,37.4563,126.7052,2021-12-24,일반
2359,권서연,gsng820@nate.com,010-4351-2974,창원,35.2271,128.6811,2021-09-17,우수
2360,송민준,smj441@naver.com,010-3565-8200,청주,36.6424,127.489,2021-07-25,일반
2361,장영민,jngm547@nate.com,,울산,35.5398,129.3114,2021-06-02,일반
2362,전예준,jngj637@naver.com,010-1310-1525,인천,37.4563,126.7052,2022-12-18,일반
2363,이지훈,ngjh512@nate.com,010-6412-1408,울산,35.5398,129.3114,2021-04-13,일반
2364,박현정,bhj219@gmail.com,010-8657-3036,세종,36.48,127.289,2022-08-26,일반
2365,장서준,jsj120@daum.net,010-2113-5416,창원,35.2271,128.6811,2021-08-30,우수
2366,전민준,jmj422@naver.com,,청주,36.6424,127.489,2022-12-26,일반
2367,강서준,gsj361@gmail.com,010-9141-7471,창원,35.2271,128.6811,2021-11-01,일반
2368,안민서,ngms754@naver.com,,청주,36.6424,127.489,2021-03-08,우수
2369,전수빈,jsb801@gmail.com,010-5794-2672,울산,35.5398,129.3114,2022-01-27,일반
2370,서도현,sdh491@gmail.com,010-1804-8946,인천,37.4563,126.7052,2021-08-10,우수
2371,황시아,hsng372@naver.com,010-8158-3998,대구,35.8714,128.6014,2021-06-28,우수
2372,조채원,jchng805@daum.net,010-8308-1240,창원,35.2271,128.6811,2022-08-06,VIP
2373,박가은,bgng942@daum.net,010-3286-1431,인천,37.4563,126.7052,2022-03-18,우수
2374,조수빈,jsb152@nate.com,,수원,37.2636,127.0286,2021-06-25,일반
2375,서서준,ssj961@naver.com,010-5251-2557,청주,36.6424,127.489,2022-11-13,우수
2376,송현정,shj185@naver.com,010-9404-9265,광주,35.1595,126.8526,2022-12-02,일반
2377,전수빈,jsb250@gmail.com,010-9806-9251,부산,35.1796,129.0756,2022-04-01,일반
2378,전우진,jngj777@gmail.com,010-5260-5982,부산,35.1796,129.0756,2022-07-14,우수
2379,송주원,sjng264@gmail.com,010-4819-8214,세종,36.48,127.289,2021-12-31,일반
2380,안지원,ngjng548@gmail.com,,수원,37.2636,127.0286,2021-06-26,우수
2381,김지훈,gjh653@gmail.com,010-2535-3946,울산,35.5398,129.3114,2022-05-01,VIP
2382,조지민,jjm676@gmail.com,010-2376-3585,대전,36.3504,127.3845,2022-09-02,VIP
2383,안태현,ngth611@daum.net,010-9268-3464,인천,37.4563,126.7052,2022-09-07,VIP
2384,권채원,gchng870@nate.com,010-8817-1819,창원,35.2271,128.6811,2022-11-18,일반
2385,장서준,jsj702@daum.net,,대구,35.8714,128.6014,2023-01-01,일반
2386,박현정,bhj694@nate.com,010-9099-5065,부산,35.1796,129.0756,2021-12-30,우수
2387,강민서,gms390@naver.com,010-8540-7523,광주,35.1595,126.8526,2022-01-22,일반
2388,강우진,gngj755@gmail.com,010-5637-7165,창원,35.2271,128.6811,2022-03-08,우수
2389,신지아,sjng354@daum.net,,창원,35.2271,128.6811,2022-03-16,우수
2390,권하늘,ghn419@naver.com,,부산,35.1796,129.0756,2022-03-31,우수
2391,송유진,sngj204@nate.com,010-6825-4983,인천,37.4563,126.7052,2021-06-13,일반
2392,서지훈,sjh655@naver.com,010-4637-5356,서울,37.5665,126.978,2022-05-30,일반
2393,송지민,sjm645@naver.com,010-3252-5235,창원,35.2271,128.6811,2021-02-12,일반
2394,신민서,sms254@nate.com,,창원,35.2271,128.6811,2022-08-13,일반
2395,김하린,ghr953@gmail.com,,부산,35.1796,129.0756,2021-11-04,VIP
2396,최시아,chsng874@naver.com,010-3674-4351,광주,35.1595,126.8526,2022-11-09,일반
2397,서도윤,sdng338@naver.com,010-6598-4056,세종,36.48,127.289,2022-02-22,일반
2398,윤서준,ngsj360@daum.net,,수원,37.2636,127.0286,2022-06-08,일반
2399,오나윤,ngnng949@gmail.com,010-5561-5949,인천,37.4563,126.7052,2022-01-04,우수
2400,황주원,hjng368@gmail.com,010-1517-4166,창원,35.2271,128.6811,2021-04-10,우수
2401,임지훈,ngjh128@nate.com,010-8933-2070,울산,35.5398,129.3114,2021-03-06,일반
2402,안주원,ngjng816@daum.net,010-9955-1685,창원,35.2271,128.6811,2022-07-06,일반
2403,송지아,sjng846@gmail.com,010-3383-2587,울산,35.5398,129.3114,2022-04-18,일반
2404,장예준,jngj553@daum.net,010-2713-4710,울산,35.5398,129.3114,2022-06-14,일반
2405,오하린,nghr289@nate.com,010-9944-7917,청주,36.6424,127.489,2022-01-21,우수
2406,송하린,shr924@naver.com,010-8214-6105,전주,35.8219,127.148,2022-08-19,우수
2407,안지민,ngjm680@daum.net,010-5279-6137,전주,35.8219,127.148,2021-04-03,일반
2408,이도윤,ngdng227@naver.com,010-1959-8827,전주,35.8219,127.148,2022-09-06,일반
2409,한현우,hhng813@nate.com,010-2153-8773,전주,35.8219,127.148,2021-02-15,MVP
2410,박서연,bsng799@gmail.com,010-7469-4393,대구,35.8714,128.6014,2022-09-03,일반
2411,서유진,sngj354@nate.com,,전주,35.8219,127.148,2022-10-26,우수
2412,안시아,ngsng366@daum.net,,광주,35.1595,126.8526,2022-09-06,일반
2413,황민준,hmj150@gmail.com,010-5933-3226,창원,35.2271,128.6811,2022-11-03,일반
2414,임하늘,nghn694@daum.net,010-7165-7144,인천,37.4563,126.7052,2021-02-18,일반
2415,장현정,jhj858@nate.com,010-6355-8140,울산,35.5398,129.3114,2022-05-25,우수
2416,장하준,jhj114@daum.net,010-9028-8259,광주,35.1595,126.8526,2022-03-10,MVP
2417,오지아,ngjng129@nate.com,010-4150-9297,대전,36.3504,127.3845,2021-11-23,일반
2418,김서연,gsng233@naver.com,010-7246-3143,광주,35.1595,126.8526,2021-09-22,일반
2419,강나윤,gnng528@daum.net,,전주,35.8219,127.148,2021-10-24,일반
2420,신서현,ssh442@daum.net,,대구,35.8714,128.6014,2021-02-24,일반
2421,서하준,shj976@naver.com,,부산,35.1796,129.0756,2021-06-29,일반
2422,강나윤,gnng917@nate.com,010-8765-6089,울산,35.5398,129.3114,2022-05-05,일반
2423,신주원,sjng882@daum.net,010-2698-2295,창원,35.2271,128.6811,2021-03-10,우수
2424,강지훈,gjh826@gmail.com,010-9247-5115,부산,35.1796,129.0756,2022-01-17,일반
2425,송현정,shj629@nate.com,010-9795-1245,서울,37.5665,126.978,2021-01-07,일반
2426,최민서,chms702@nate.com,010-3094-4209,세종,36.48,127.289,2022-12-30,VIP
2427,박하준,bhj691@daum.net,010-5476-8309,세종,36.48,127.289,2021-01-14,일반
2428,정가은,jgng518@daum.net,010-2247-3412,인천,37.4563,126.7052,2022-10-16,MVP
2429,최도현,chdh268@gmail.com,010-8843-6605,대구,35.8714,128.6014,2022-06-26,일반
2430,윤서연,ngsng454@nate.com,010-6740-3765,수원,37.2636,127.0286,2021-02-19,VIP
2431,한지훈,hjh626@naver.com,,대전,36.3504,127.3845,2021-05-11,우수
2432,송가은,sgng869@naver.com,010-6931-5396,수원,37.2636,127.0286,2021-11-29,VIP
2433,이서준,ngsj792@nate.com,010-5672-8654,대전,36.3504,127.3845,2021-11-09,MVP
2434,오채원,ngchng249@naver.com,,부산,35.1796,129.0756,2021-04-25,일반
2435,조주원,jjng830@nate.com,010-9048-2390,대전,36.3504,127.3845,2022-07-05,MVP
2436,권수빈,gsb892@nate.com,010-3725-9016,대구,35.8714,128.6014,2021-09-06,일반
2437,강민준,gmj296@nate.com,010-8778-6793,청주,36.6424,127.489,2021-06-23,일반
2438,김서현,gsh655@gmail.com,010-5045-1683,부산,35.1796,129.0756,2022-09-14,일반
2439,장유진,jngj831@naver.com,010-4760-6324,서울,37.5665,126.978,2022-01-31,우수
2440,송하늘,shn949@naver.com,010-6423-4760,대전,36.3504,127.3845,2022-10-02,일반
2441,임민준,ngmj136@gmail.com,010-7493-8217,수원,37.2636,127.0286,2021-03-12,우수
2442,황하늘,hhn393@gmail.com,010-5568-5163,울산,35.5398,129.3114,2021-12-20,우수
2443,장도현,jdh786@daum.net,010-9711-4444,대전,36.3504,127.3845,2021-09-26,우수
2444,송태현,sth470@gmail.com,010-8378-2755,세종,36.48,127.289,2022-09-10,VIP
2445,김서현,gsh802@daum.net,010-3409-9792,대구,35.8714,128.6014,2022-10-22,일반
2446,권하늘,ghn624@daum.net,010-7972-9645,수원,37.2636,127.0286,2022-01-31,일반
2447,안나윤,ngnng258@gmail.com,010-3176-8853,대전,36.3504,127.3845,2021-11-19,일반
2448,최지훈,chjh959@nate.com,010-4810-1596,청주,36.6424,127.489,2021-05-21,일반
2449,박지현,bjh846@nate.com,,전주,35.8219,127.148,2021-09-16,일반
2450,정태현,jth308@naver.com,,창원,35.2271,128.6811,2022-04-06,일반
2451,윤현우,nghng681@gmail.com,010-9191-1492,인천,37.4563,126.7052,2021-04-26,일반
2452,신도현,sdh936@naver.com,010-9471-9432,창원,35.2271,128.6811,2021-08-04,MVP
2453,이가은,nggng691@naver.com,,인천,37.4563,126.7052,2021-05-30,우수
2454,최민준,chmj289@naver.com,,인천,37.4563,126.7052,2021-01-03,일반
2455,안지민,ngjm572@nate.com,,울산,35.5398,129.3114,2021-04-28,우수
2456,김하늘,ghn961@nate.com,,전주,35.8219,127.148,2022-01-31,일반
2457,송예준,sngj937@daum.net,010-2522-5731,대구,35.8714,128.6014,2022-01-17,일반
2458,이도현,ngdh841@naver.com,010-4997-2393,수원,37.2636,127.0286,2021-10-24,우수
2459,전하늘,jhn873@gmail.com,010-3265-4194,세종,36.48,127.289,2021-10-10,일반
2460,오우진,ngngj518@daum.net,,청주,36.6424,127.489,2021-04-11,일반
2461,조채원,jchng891@gmail.com,010-1057-7063,세종,36.48,127.289,2022-02-18,MVP
2462,장유진,jngj860@nate.com,010-1754-8141,세종,36.48,127.289,2021-03-18,VIP
2463,서태현,sth784@nate.com,,울산,35.5398,129.3114,2021-10-03,우수
2464,김태현,gth762@nate.com,010-2479-4683,광주,35.1595,126.8526,2021-11-03,우수
2465,임민준,ngmj927@nate.com,,수원,37.2636,127.0286,2021-11-28,우수
2466,전지훈,jjh890@nate.com,010-7017-4189,서울,37.5665,126.978,2022-06-20,일반
2467,서서연,ssng661@naver.com,,대전,36.3504,127.3845,2022-07-22,일반
2468,송채원,schng681@nate.com,010-1252-9650,인천,37.4563,126.7052,2022-02-02,일반
2469,윤지아,ngjng543@gmail.com,010-8951-2190,세종,36.48,127.289,2022-06-26,일반
2470,한민준,hmj479@nate.com,010-2270-8446,인천,37.4563,126.7052,2022-01-07,우수
2471,신민준,smj809@naver.com,010-3174-8071,인천,37.4563,126.7052,2021-01-23,일반
2472,한수빈,hsb969@naver.com,010-2288-1095,울산,35.5398,129.3114,2021-01-16,MVP
2473,전지원,jjng242@gmail.com,010-6150-2929,세종,36.48,127.289,2022-01-05,VIP
2474,권민서,gms567@daum.net,010-3260-8999,전주,35.8219,127.148,2021-04-03,우수
2475,임지민,ngjm716@naver.com,010-3370-5592,부산,35.1796,129.0756,2021-04-09,우수
2476,박하린,bhr829@nate.com,010-3665-3308,인천,37.4563,126.7052,2022-03-23,VIP
2477,황유진,hngj624@gmail.com,010-5330-7003,세종,36.48,127.289,2021-02-24,일반
2478,장도현,jdh235@gmail.com,010-7108-8964,수원,37.2636,127.0286,2021-12-21,우수
2479,이유진,ngngj545@naver.com,,서울,37.5665,126.978,2022-08-15,일반
2480,한민서,hms950@gmail.com,,전주,35.8219,127.148,2022-08-12,우수
2481,이예준,ngngj747@nate.com,010-7717-5507,대구,35.8714,128.6014,2022-12-23,일반
2482,이수빈,ngsb275@naver.com,010-8700-3910,인천,37.4563,126.7052,2021-10-13,VIP
2483,안하준,nghj673@daum.net,,전주,35.8219,127.148,2021-10-14,VIP
2484,박민서,bms632@naver.com,010-8415-4938,인천,37.4563,126.7052,2022-12-07,일반
2485,박주원,bjng529@gmail.com,010-7113-1102,울산,35.5398,129.3114,2022-07-10,일반
2486,황예준,hngj160@daum.net,010-1966-2498,수원,37.2636,127.0286,2022-10-19,MVP
2487,최시아,chsng480@gmail.com,010-2789-2411,창원,35.2271,128.6811,2021-07-02,일반
2488,오하준,nghj537@gmail.com,010-4725-8218,전주,35.8219,127.148,2021-02-14,VIP
2489,이영민,ngngm683@naver.com,,대구,35.8714,128.6014,2021-02-14,우수
2490,박현정,bhj540@daum.net,,청주,36.6424,127.489,2021-01-16,일반
2491,황지훈,hjh817@gmail.com,010-6361-5801,수원,37.2636,127.0286,2022-08-11,일반
2492,윤현정,nghj761@naver.com,010-4495-7752,창원,35.2271,128.6811,2022-06-19,일반
2493,한주원,hjng709@daum.net,010-7773-2443,대전,36.3504,127.3845,2022-04-29,우수
2494,안도현,ngdh244@nate.com,010-2354-4493,대구,35.8714,128.6014,2021-11-15,일반
2495,박서준,bsj364@daum.net,010-7607-4633,서울,37.5665,126.978,2021-06-07,우수
2496,강예준,gngj579@daum.net,010-9585-4964,대구,35.8714,128.6014,2022-01-04,일반
2497,오지현,ngjh255@nate.com,010-5472-9940,수원,37.2636,127.0286,2021-03-03,우수
2498,서서준,ssj863@nate.com,010-4588-5118,세종,36.48,127.289,2021-07-18,VIP
2499,임도현,ngdh654@naver.com,010-6208-4733,수원,37.2636,127.0286,2021-11-07,MVP
2500,신도현,sdh916@daum.net,010-6420-6472,울산,35.5398,129.3114,2021-05-22,일반
2501,이수빈,ngsb935@nate.com,,대전,36.3504,127.3845,2022-12-23,VIP
2502,한수빈,hsb734@daum.net,010-7505-3612,광주,35.1595,126.8526,2021-03-23,우수
2503,조시아,jsng287@gmail.com,010-6460-6317,창원,35.2271,128.6811,2021-02-04,우수
2504,최서준,chsj605@daum.net,010-2666-4826,전주,35.8219,127.148,2021-01-29,MVP
2505,최예준,chngj202@nate.com,,수원,37.2636,127.0286,2022-02-02,일반
2506,김주원,gjng436@daum.net,010-1884-3902,전주,35.8219,127.148,2022-04-01,일반
2507,강서현,gsh124@nate.com,010-4830-6163,전주,35.8219,127.148,2022-09-28,VIP
2508,장가은,jgng185@naver.com,010-3985-8171,서울,37.5665,126.978,2021-03-26,일반
2509,오현정,nghj912@daum.net,,서울,37.5665,126.978,2021-01-11,VIP
2510,서나윤,snng931@gmail.com,,부산,35.1796,129.0756,2021-11-24,VIP
2511,조지현,jjh836@naver.com,010-5253-8211,광주,35.1595,126.8526,2022-11-02,일반
2512,오서준,ngsj548@daum.net,,서울,37.5665,126.978,2022-05-20,VIP
2513,권가은,ggng295@naver.com,010-6797-6999,세종,36.48,127.289,2022-09-02,일반
2514,김도현,gdh336@gmail.com,010-5716-4542,서울,37.5665,126.978,2021-01-10,우수
2515,임나윤,ngnng838@gmail.com,010-2941-1049,대구,35.8714,128.6014,2022-12-08,우수
2516,장지원,jjng229@gmail.com,,대구,35.8714,128.6014,2022-03-15,VIP
2517,임예준,ngngj173@daum.net,010-4627-6518,청주,36.6424,127.489,2022-09-21,일반
2518,강지아,gjng467@daum.net,010-6578-3400,대구,35.8714,128.6014,2022-01-18,일반
2519,이지원,ngjng497@gmail.com,010-8977-1213,서울,37.5665,126.978,2021-03-02,우수
2520,김지민,gjm684@nate.com,,수원,37.2636,127.0286,2021-03-02,우수
2521,신가은,sgng549@nate.com,010-4958-8847,대전,36.3504,127.3845,2021-02-15,우수
2522,안지훈,ngjh811@naver.com,010-5734-6025,전주,35.8219,127.148,2021-08-12,일반
2523,전가은,jgng483@naver.com,010-8511-7176,서울,37.5665,126.978,2021-01-03,일반
2524,강유진,gngj435@gmail.com,010-1181-2194,대구,35.8714,128.6014,2021-06-14,일반
2525,황지후,hjh488@daum.net,010-4008-5683,대전,36.3504,127.3845,2021-05-14,VIP
2526,최수빈,chsb650@daum.net,,인천,37.4563,126.7052,2022-08-20,일반
2527,강예린,gngr686@naver.com,010-2560-2142,대구,35.8714,128.6014,2021-08-15,일반
2528,김채원,gchng906@gmail.com,010-7910-1760,창원,35.2271,128.6811,2021-02-10,MVP
2529,한현우,hhng105@nate.com,010-3481-2911,수원,37.2636,127.0286,2021-09-17,일반
2530,박지민,bjm502@nate.com,010-1106-5613,대구,35.8714,128.6014,2021-05-20,MVP
2531,오도현,ngdh567@daum.net,010-9897-8391,창원,35.2271,128.6811,2022-07-24,우수
2532,오지현,ngjh679@naver.com,010-7938-6106,부산,35.1796,129.0756,2021-06-25,VIP
2533,강지민,gjm147@naver.com,010-3935-1138,대구,35.8714,128.6014,2022-03-06,일반
2534,정수빈,jsb478@daum.net,,수원,37.2636,127.0286,2021-07-11,일반
2535,권수빈,gsb125@naver.com,,서울,37.5665,126.978,2022-04-01,우수
2536,한영민,hngm265@naver.com,,전주,35.8219,127.148,2022-07-18,VIP
2537,조서연,jsng817@naver.com,010-3800-2106,부산,35.1796,129.0756,2022-10-25,우수
2538,한도현,hdh637@gmail.com,010-1070-6997,수원,37.2636,127.0286,2022-08-10,일반
2539,전도윤,jdng544@gmail.com,010-9774-7085,부산,35.1796,129.0756,2022-05-31,우수
2540,오지아,ngjng663@gmail.com,010-8598-8707,전주,35.8219,127.148,2022-08-26,우수
2541,강가은,ggng807@gmail.com,010-1824-6565,울산,35.5398,129.3114,2022-07-24,우수
2542,윤민서,ngms647@naver.com,010-3532-9331,부산,35.1796,129.0756,2022-07-15,우수
2543,전민서,jms276@daum.net,010-2572-9419,광주,35.1595,126.8526,2021-11-15,VIP
2544,정하준,jhj839@nate.com,,인천,37.4563,126.7052,2021-01-02,우수
2545,송지후,sjh729@daum.net,010-4746-3216,수원,37.2636,127.0286,2021-05-11,일반
2546,정서준,jsj358@gmail.com,010-5567-4463,대전,36.3504,127.3845,2021-10-13,일반
2547,정도현,jdh867@gmail.com,010-6896-4215,부산,35.1796,129.0756,2022-03-08,일반
2548,김예린,gngr229@gmail.com,010-1830-5538,인천,37.4563,126.7052,2021-02-06,일반
2549,정현우,jhng972@naver.com,010-3083-2691,인천,37.4563,126.7052,2022-03-26,일반
2550,윤지원,ngjng835@naver.com,010-7847-6496,서울,37.5665,126.978,2021-05-14,일반
2551,이서연,ngsng359@nate.com,010-1941-6643,대구,35.8714,128.6014,2021-01-03,일반
2552,윤도현,ngdh948@nate.com,010-2572-9802,세종,36.48,127.289,2022-04-16,일반
2553,윤주원,ngjng886@gmail.com,010-2468-7811,청주,36.6424,127.489,2021-01-24,VIP
2554,박민서,bms405@nate.com,010-3607-9698,창원,35.2271,128.6811,2021-02-11,VIP
2555,조도윤,jdng904@gmail.com,010-9867-5520,대전,36.3504,127.3845,2021-09-11,일반
2556,박하린,bhr496@nate.com,010-4326-2941,인천,37.4563,126.7052,2021-06-04,MVP
2557,서민서,sms114@gmail.com,010-7038-7843,광주,35.1595,126.8526,2022-02-20,우수
2558,신수빈,ssb871@gmail.com,010-3506-2378,울산,35.5398,129.3114,2021-08-28,일반
2559,전하늘,jhn923@nate.com,,광주,35.1595,126.8526,2022-01-06,일반
2560,전우진,jngj897@daum.net,,대전,36.3504,127.3845,2022-11-03,우수
2561,서지민,sjm301@daum.net,010-7829-6632,창원,35.2271,128.6811,2021-07-13,우수
2562,김우진,gngj762@nate.com,,인천,37.4563,126.7052,2022-04-10,우수
2563,강지민,gjm237@nate.com,010-3406-5189,부산,35.1796,129.0756,2021-04-01,일반
2564,조현정,jhj520@naver.com,010-6252-5367,전주,35.8219,127.148,2021-12-18,일반
2565,정도윤,jdng795@gmail.com,010-2607-7677,수원,37.2636,127.0286,2022-05-20,일반
2566,정서현,jsh345@daum.net,010-7230-5319,전주,35.8219,127.148,2021-03-28,일반
2567,윤지후,ngjh673@daum.net,010-5615-8551,대구,35.8714,128.6014,2021-05-18,일반
2568,강태현,gth474@gmail.com,010-5022-5271,광주,35.1595,126.8526,2022-06-29,일반
2569,조영민,jngm135@naver.com,010-6993-9667,부산,35.1796,129.0756,2021-03-22,VIP
2570,황지민,hjm128@daum.net,010-8649-7396,전주,35.8219,127.148,2021-10-01,VIP
2571,전예린,jngr375@nate.com,010-5395-6496,광주,35.1595,126.8526,2022-04-10,일반
2572,조지원,jjng345@nate.com,010-5437-7439,광주,35.1595,126.8526,2022-08-01,VIP
2573,신도현,sdh845@nate.com,010-5593-3072,부산,35.1796,129.0756,2022-03-18,일반
2574,박하준,bhj451@daum.net,010-1129-6440,광주,35.1595,126.8526,2021-01-23,일반
2575,임하늘,nghn189@daum.net,010-6293-7081,인천,37.4563,126.7052,2022-02-13,일반
2576,전지민,jjm506@daum.net,,세종,36.48,127.289,2021-07-06,우수
2577,윤민준,ngmj564@daum.net,010-2944-5353,인천,37.4563,126.7052,2021-09-03,MVP
2578,강지민,gjm225@daum.net,010-9920-4201,서울,37.5665,126.978,2022-11-15,우수
2579,윤현정,nghj261@nate.com,010-6061-4497,부산,35.1796,129.0756,2021-11-05,일반
2580,이수빈,ngsb680@nate.com,010-4702-2708,대구,35.8714,128.6014,2022-11-05,우수
2581,김민준,gmj646@gmail.com,010-3736-3327,세종,36.48,127.289,2022-06-28,일반
2582,최예준,chngj477@nate.com,010-3562-4426,부산,35.1796,129.0756,2022-07-25,VIP
2583,한영민,hngm773@daum.net,010-9281-8547,전주,35.8219,127.148,2021-06-30,우수
2584,장지훈,jjh964@nate.com,010-3680-1414,서울,37.5665,126.978,2021-04-26,일반
2585,안서연,ngsng915@daum.net,010-8286-8582,전주,35.8219,127.148,2021-06-01,우수
2586,권주원,gjng691@nate.com,010-4085-4194,울산,35.5398,129.3114,2022-11-30,우수
2587,권민준,gmj214@daum.net,010-6850-3498,서울,37.5665,126.978,2022-10-24,일반
2588,권도현,gdh649@gmail.com,010-9505-1747,서울,37.5665,126.978,2022-01-12,우수
2589,이민준,ngmj255@nate.com,010-2076-6065,청주,36.6424,127.489,2021-07-02,일반
2590,강유진,gngj574@naver.com,,부산,35.1796,129.0756,2022-03-12,우수
2591,임현우,nghng687@gmail.com,010-2422-9099,대구,35.8714,128.6014,2022-02-12,VIP
2592,강도현,gdh135@naver.com,010-6666-6751,부산,35.1796,129.0756,2021-07-22,VIP
2593,정하늘,jhn894@nate.com,010-4055-8940,인천,37.4563,126.7052,2021-01-28,우수
2594,윤지원,ngjng230@daum.net,010-4493-4844,창원,35.2271,128.6811,2021-12-27,우수
2595,정하준,jhj254@nate.com,010-9555-3855,대구,35.8714,128.6014,2022-12-18,일반
2596,김우진,gngj472@nate.com,010-4638-6800,전주,35.8219,127.148,2022-12-12,우수
2597,윤주원,ngjng332@nate.com,010-1569-8692,울산,35.5398,129.3114,2021-03-31,일반
2598,신예준,sngj150@nate.com,,서울,37.5665,126.978,2022-06-08,일반
2599,황현정,hhj223@naver.com,,대구,35.8714,128.6014,2022-01-26,일반
2600,김민서,gms227@naver.com,010-4641-3996,울산,35.5398,129.3114,2021-04-13,일반
2601,박지현,bjh604@nate.com,010-5231-7595,전주,35.8219,127.148,2021-09-26,우수
2602,황지후,hjh432@nate.com,,대전,36.3504,127.3845,2021-05-15,일반
2603,조가은,jgng256@naver.com,010-2738-5784,인천,37.4563,126.7052,2022-12-31,우수
2604,장주원,jjng454@naver.com,010-4016-3926,전주,35.8219,127.148,2022-11-12,일반
2605,한지민,hjm158@nate.com,010-6530-4458,인천,37.4563,126.7052,2022-09-25,일반
2606,한서현,hsh150@nate.com,010-8844-5008,대구,35.8714,128.6014,2022-10-13,우수
2607,박지현,bjh763@gmail.com,010-9057-5518,수원,37.2636,127.0286,2021-02-26,일반
2608,최영민,chngm341@gmail.com,010-5995-2999,세종,36.48,127.289,2022-11-17,일반
2609,송유진,sngj252@gmail.com,010-7313-3859,청주,36.6424,127.489,2021-03-15,우수
2610,신예린,sngr158@daum.net,010-8758-6986,청주,36.6424,127.489,2022-02-13,일반
2611,신예준,sngj421@daum.net,010-5119-2191,세종,36.48,127.289,2021-02-16,VIP
2612,강도현,gdh741@gmail.com,010-5385-2179,광주,35.1595,126.8526,2021-03-30,일반
2613,박시아,bsng884@daum.net,010-2496-7159,광주,35.1595,126.8526,2022-03-15,일반
2614,전지후,jjh705@daum.net,010-4028-1986,세종,36.48,127.289,2022-07-15,우수
2615,황현정,hhj100@naver.com,,서울,37.5665,126.978,2021-09-17,일반
2616,강예린,gngr115@gmail.com,010-3227-2471,창원,35.2271,128.6811,2022-10-30,일반
2617,정우진,jngj175@naver.com,010-8045-7611,창원,35.2271,128.6811,2021-09-07,일반
2618,권지아,gjng680@nate.com,010-9572-8775,울산,35.5398,129.3114,2021-02-07,일반
2619,조예준,jngj268@nate.com,010-4037-3160,세종,36.48,127.289,2022-05-11,VIP
2620,권서현,gsh498@gmail.com,010-9690-9761,세종,36.48,127.289,2021-12-14,일반
2621,황서현,hsh657@nate.com,010-4407-6058,광주,35.1595,126.8526,2021-08-31,우수
2622,조도윤,jdng717@gmail.com,010-4086-1505,청주,36.6424,127.489,2022-01-27,VIP
2623,안예린,ngngr842@daum.net,,인천,37.4563,126.7052,2021-08-27,일반
2624,이하준,nghj223@gmail.com,010-8967-7195,광주,35.1595,126.8526,2021-01-25,VIP
2625,장우진,jngj676@nate.com,,대전,36.3504,127.3845,2022-05-07,일반
2626,이민준,ngmj243@nate.com,010-6065-9925,수원,37.2636,127.0286,2022-04-21,MVP
2627,서민서,sms510@daum.net,010-6071-2458,창원,35.2271,128.6811,2022-04-04,일반
2628,서영민,sngm306@nate.com,010-1553-5209,광주,35.1595,126.8526,2022-03-13,우수
2629,오서준,ngsj123@nate.com,010-4614-8704,대구,35.8714,128.6014,2021-12-28,일반
2630,조서준,jsj702@nate.com,010-4055-8608,대전,36.3504,127.3845,2022-08-02,일반
2631,권예준,gngj212@daum.net,010-4649-6260,인천,37.4563,126.7052,2022-08-06,우수
2632,조서준,jsj811@daum.net,010-3936-7029,창원,35.2271,128.6811,2022-04-23,우수
2633,한도윤,hdng265@naver.com,010-7988-5910,세종,36.48,127.289,2022-02-28,일반
2634,윤예준,ngngj973@daum.net,010-6495-7446,창원,35.2271,128.6811,2021-10-24,일반
2635,한도현,hdh388@nate.com,010-6413-5288,청주,36.6424,127.489,2022-03-22,우수
2636,임채원,ngchng326@daum.net,010-6002-2987,전주,35.8219,127.148,2021-09-21,우수
2637,신시아,ssng717@naver.com,010-5234-5518,창원,35.2271,128.6811,2021-09-06,MVP
2638,전수빈,jsb391@naver.com,010-5322-1281,창원,35.2271,128.6811,2021-10-04,우수
2639,안나윤,ngnng792@naver.com,,인천,37.4563,126.7052,2021-08-18,MVP
2640,오하늘,nghn530@naver.com,010-4580-9735,창원,35.2271,128.6811,2022-05-04,우수
2641,안시아,ngsng978@daum.net,,부산,35.1796,129.0756,2021-09-13,일반
2642,김태현,gth878@nate.com,010-2886-8843,인천,37.4563,126.7052,2021-03-04,일반
2643,이민서,ngms434@daum.net,,수원,37.2636,127.0286,2021-12-23,우수
2644,서지원,sjng444@nate.com,010-3058-1610,창원,35.2271,128.6811,2021-05-16,우수
2645,윤민준,ngmj143@daum.net,010-5987-7250,대전,36.3504,127.3845,2022-08-04,일반
2646,박주원,bjng840@naver.com,010-3317-6828,창원,35.2271,128.6811,2021-02-25,일반
2647,최주원,chjng897@gmail.com,010-7446-6836,대구,35.8714,128.6014,2022-04-18,MVP
2648,안가은,nggng709@nate.com,010-8722-1037,대구,35.8714,128.6014,2021-12-05,우수
2649,송서연,ssng925@gmail.com,010-2126-5277,창원,35.2271,128.6811,2022-09-17,일반
2650,한지아,hjng405@naver.com,010-7355-4625,대전,36.3504,127.3845,2022-12-14,일반
2651,박예준,bngj328@daum.net,010-4007-4121,서울,37.5665,126.978,2021-07-29,일반
2652,서하준,shj786@naver.com,,서울,37.5665,126.978,2021-09-12,일반
2653,권우진,gngj287@daum.net,010-1306-5935,울산,35.5398,129.3114,2021-08-01,일반
2654,윤예린,ngngr561@nate.com,010-7492-9851,수원,37.2636,127.0286,2022-12-11,일반
2655,김서준,gsj665@daum.net,010-5597-7249,전주,35.8219,127.148,2022-12-26,우수
2656,전서준,jsj256@gmail.com,010-8178-5686,청주,36.6424,127.489,2022-11-10,일반
2657,박수빈,bsb369@naver.com,010-6218-1957,서울,37.5665,126.978,2021-11-06,VIP
2658,정현우,jhng649@daum.net,,서울,37.5665,126.978,2021-06-17,VIP
2659,송하린,shr387@nate.com,,울산,35.5398,129.3114,2021-12-13,일반
2660,오채원,ngchng993@naver.com,,대구,35.8714,128.6014,2021-07-25,우수
2661,정하린,jhr912@naver.com,,서울,37.5665,126.978,2021-05-20,일반
2662,오지민,ngjm687@gmail.com,010-4763-1359,대구,35.8714,128.6014,2021-07-29,VIP
2663,윤지후,ngjh359@nate.com,,세종,36.48,127.289,2022-03-28,일반
2664,최예린,chngr538@nate.com,010-7993-3326,광주,35.1595,126.8526,2021-01-11,우수
2665,황하린,hhr724@daum.net,010-1928-3843,광주,35.1595,126.8526,2021-09-13,우수
2666,장서현,jsh479@naver.com,010-3835-4781,서울,37.5665,126.978,2021-03-22,일반
2667,전지아,jjng888@daum.net,010-4551-5437,세종,36.48,127.289,2021-06-24,일반
2668,정서준,jsj230@daum.net,010-1268-2488,세종,36.48,127.289,2021-03-11,우수
2669,권가은,ggng266@naver.com,010-7116-1958,청주,36.6424,127.489,2021-05-16,우수
2670,권영민,gngm999@nate.com,010-8578-2664,대전,36.3504,127.3845,2022-11-08,일반
2671,황서현,hsh751@nate.com,010-3996-5320,광주,35.1595,126.8526,2021-09-24,우수
2672,이지민,ngjm468@naver.com,,수원,37.2636,127.0286,2022-03-28,일반
2673,황서현,hsh251@daum.net,,수원,37.2636,127.0286,2021-03-07,우수
2674,오하린,nghr141@daum.net,010-5616-5173,울산,35.5398,129.3114,2022-02-08,일반
2675,안채원,ngchng857@naver.com,010-4074-8395,대구,35.8714,128.6014,2022-05-13,VIP
2676,전나윤,jnng178@naver.com,,부산,35.1796,129.0756,2021-05-14,일반
2677,이도윤,ngdng643@nate.com,010-6679-7814,수원,37.2636,127.0286,2021-02-12,일반
2678,이예린,ngngr175@nate.com,010-1590-4695,서울,37.5665,126.978,2022-05-12,일반
2679,정지원,jjng206@daum.net,,전주,35.8219,127.148,2021-12-30,일반
2680,오채원,ngchng882@gmail.com,,세종,36.48,127.289,2021-04-15,우수
2681,정태현,jth604@nate.com,010-8444-3978,전주,35.8219,127.148,2021-09-18,일반
2682,강민준,gmj469@daum.net,,인천,37.4563,126.7052,2021-05-28,VIP
2683,강지민,gjm795@daum.net,010-7266-4151,청주,36.6424,127.489,2021-09-24,일반
2684,조채원,jchng853@gmail.com,010-4315-5749,전주,35.8219,127.148,2022-07-07,일반
2685,임우진,ngngj553@gmail.com,010-9177-9332,대전,36.3504,127.3845,2022-05-30,일반
2686,전도현,jdh438@gmail.com,,대전,36.3504,127.3845,2022-04-21,일반
2687,강민준,gmj980@daum.net,010-9314-6723,창원,35.2271,128.6811,2022-12-01,일반
2688,박하린,bhr884@daum.net,010-5216-3976,대구,35.8714,128.6014,2022-11-30,일반
2689,신서연,ssng749@naver.com,010-7784-4820,인천,37.4563,126.7052,2022-09-05,일반
2690,장하준,jhj563@nate.com,010-3621-6876,세종,36.48,127.289,2021-11-23,일반
2691,전주원,jjng117@nate.com,010-2371-3322,부산,35.1796,129.0756,2022-02-13,우수
2692,정민준,jmj769@daum.net,,창원,35.2271,128.6811,2021-06-11,우수
2693,임도윤,ngdng173@daum.net,,울산,35.5398,129.3114,2021-08-12,일반
2694,전유진,jngj423@nate.com,010-3525-7694,대구,35.8714,128.6014,2022-03-23,일반
2695,강영민,gngm737@daum.net,,청주,36.6424,127.489,2021-07-04,MVP
2696,신예준,sngj443@daum.net,,창원,35.2271,128.6811,2022-06-11,우수
2697,송유진,sngj199@naver.com,010-9819-1662,대구,35.8714,128.6014,2021-04-20,우수
2698,이지훈,ngjh687@naver.com,,전주,35.8219,127.148,2021-06-10,일반
2699,박하준,bhj970@naver.com,010-7096-5850,부산,35.1796,129.0756,2021-06-27,우수
2700,안예린,ngngr215@daum.net,010-9903-7834,수원,37.2636,127.0286,2021-06-07,우수
2701,송민서,sms511@daum.net,010-2797-9697,서울,37.5665,126.978,2021-04-17,우수
2702,오지훈,ngjh669@gmail.com,010-3188-1015,울산,35.5398,129.3114,2021-11-13,MVP
2703,이현정,nghj497@naver.com,010-9156-8245,창원,35.2271,128.6811,2022-05-30,일반
2704,안민서,ngms350@daum.net,010-7352-7581,수원,37.2636,127.0286,2021-12-02,일반
2705,임지현,ngjh508@daum.net,010-3118-4566,전주,35.8219,127.148,2021-05-02,우수
2706,임예린,ngngr284@gmail.com,010-8145-3372,창원,35.2271,128.6811,2021-05-25,VIP
2707,강예준,gngj297@naver.com,010-1745-5658,서울,37.5665,126.978,2021-11-09,일반
2708,강하린,ghr359@naver.com,010-9373-2833,부산,35.1796,129.0756,2021-10-16,일반
2709,박민서,bms983@nate.com,010-5549-9631,인천,37.4563,126.7052,2022-02-21,일반
2710,최서현,chsh264@naver.com,,부산,35.1796,129.0756,2022-07-17,일반
2711,윤태현,ngth542@nate.com,010-3754-1034,울산,35.5398,129.3114,2021-01-22,우수
2712,이민준,ngmj456@naver.com,010-4168-9912,전주,35.8219,127.148,2021-06-15,우수
2713,신지후,sjh993@gmail.com,010-6351-3940,서울,37.5665,126.978,2021-11-26,일반
2714,장현우,jhng642@naver.com,,수원,37.2636,127.0286,2022-12-28,일반
2715,한지아,hjng805@naver.com,,울산,35.5398,129.3114,2022-09-23,일반
2716,전나윤,jnng726@gmail.com,010-8081-3687,서울,37.5665,126.978,2022-04-07,일반
2717,권나윤,gnng546@naver.com,010-4388-9218,대구,35.8714,128.6014,2021-07-01,우수
2718,신예린,sngr908@naver.com,010-2364-9284,대구,35.8714,128.6014,2022-05-11,MVP
2719,오서현,ngsh216@nate.com,010-5060-8111,인천,37.4563,126.7052,2022-02-12,VIP
2720,송우진,sngj895@gmail.com,,서울,37.5665,126.978,2021-03-18,일반
2721,안현정,nghj260@naver.com,,대구,35.8714,128.6014,2022-09-16,VIP
2722,송지현,sjh620@naver.com,010-2037-9656,광주,35.1595,126.8526,2021-07-11,우수
2723,황유진,hngj825@gmail.com,010-2556-1711,울산,35.5398,129.3114,2022-05-09,우수
2724,서나윤,snng744@daum.net,,창원,35.2271,128.6811,2021-06-21,일반
2725,송하늘,shn202@daum.net,010-8652-8284,대구,35.8714,128.6014,2021-03-18,일반
2726,서도윤,sdng571@gmail.com,010-9736-5046,광주,35.1595,126.8526,2022-08-31,일반
2727,송가은,sgng406@daum.net,,청주,36.6424,127.489,2022-05-25,일반
2728,김가은,ggng941@naver.com,010-7541-9746,전주,35.8219,127.148,2022-02-05,일반
2729,신나윤,snng274@daum.net,,창원,35.2271,128.6811,2021-04-07,일반
2730,권지후,gjh415@naver.com,010-5470-8129,광주,35.1595,126.8526,2021-11-30,일반
2731,김나윤,gnng555@daum.net,010-1368-8291,인천,37.4563,126.7052,2022-08-17,우수
2732,장서현,jsh586@naver.com,010-5989-2031,창원,35.2271,128.6811,2022-02-26,일반
2733,권시아,gsng733@nate.com,010-8492-6029,세종,36.48,127.289,2021-01-23,일반
2734,황지훈,hjh672@daum.net,010-5656-7645,청주,36.6424,127.489,2022-09-25,MVP
2735,장예준,jngj621@naver.com,010-2843-7733,창원,35.2271,128.6811,2022-06-01,VIP
2736,권현우,ghng395@nate.com,010-7531-9788,수원,37.2636,127.0286,2022-10-08,우수
2737,송도윤,sdng489@daum.net,,창원,35.2271,128.6811,2022-07-01,MVP
2738,임유진,ngngj110@naver.com,010-7463-1162,청주,36.6424,127.489,2022-10-18,우수
2739,오하준,nghj221@gmail.com,,인천,37.4563,126.7052,2022-02-13,MVP
2740,권서준,gsj506@nate.com,010-2002-1296,대전,36.3504,127.3845,2022-07-21,일반
2741,송하준,shj377@daum.net,,광주,35.1595,126.8526,2022-06-17,일반
2742,윤민준,ngmj669@naver.com,010-5999-9861,청주,36.6424,127.489,2021-02-12,일반
2743,송현우,shng733@nate.com,010-7815-4875,대전,36.3504,127.3845,2021-04-19,일반
2744,김주원,gjng557@daum.net,,서울,37.5665,126.978,2021-02-18,일반
2745,이예린,ngngr453@nate.com,,청주,36.6424,127.489,2022-02-17,우수
2746,한서현,hsh308@gmail.com,010-5277-4138,광주,35.1595,126.8526,2022-02-01,우수
2747,권지아,gjng780@daum.net,010-9235-8861,울산,35.5398,129.3114,2022-04-05,우수
2748,김서현,gsh221@nate.com,010-1572-1511,인천,37.4563,126.7052,2022-03-01,일반
2749,최서현,chsh868@naver.com,010-3013-1779,울산,35.5398,129.3114,2022-01-17,VIP
2750,윤지훈,ngjh402@daum.net,010-1708-7445,대전,36.3504,127.3845,2021-05-15,우수
2751,황지훈,hjh781@daum.net,010-7567-7131,울산,35.5398,129.3114,2022-07-27,일반
2752,강우진,gngj139@nate.com,,인천,37.4563,126.7052,2021-05-10,우수
2753,한하린,hhr711@nate.com,010-7970-3920,세종,36.48,127.289,2021-05-21,일반
2754,강지현,gjh285@gmail.com,010-4530-5831,창원,35.2271,128.6811,2021-01-09,일반
2755,권현정,ghj130@daum.net,010-7370-5973,세종,36.48,127.289,2021-11-11,VIP
2756,송우진,sngj801@daum.net,010-8161-6345,광주,35.1595,126.8526,2022-09-04,일반
2757,강도윤,gdng968@naver.com,010-9013-2340,수원,37.2636,127.0286,2021-08-19,일반
2758,정우진,jngj441@daum.net,,대구,35.8714,128.6014,2021-04-15,VIP
2759,이민준,ngmj858@naver.com,010-2497-2113,울산,35.5398,129.3114,2021-05-11,우수
2760,황현우,hhng897@naver.com,010-7973-5435,청주,36.6424,127.489,2022-04-20,일반
2761,송서현,ssh658@naver.com,010-6263-6320,창원,35.2271,128.6811,2021-12-21,일반
2762,강하준,ghj698@daum.net,010-3292-6122,인천,37.4563,126.7052,2022-11-29,일반
2763,최지민,chjm218@daum.net,010-8350-2090,세종,36.48,127.289,2022-01-13,우수
2764,이유진,ngngj153@gmail.com,010-5232-8343,광주,35.1595,126.8526,2021-11-12,일반
2765,권우진,gngj375@nate.com,010-6842-3312,대구,35.8714,128.6014,2022-01-10,일반
2766,임수빈,ngsb994@daum.net,,부산,35.1796,129.0756,2022-04-18,MVP
2767,전우진,jngj819@nate.com,010-4328-1600,대구,35.8714,128.6014,2021-09-24,우수
2768,오현우,nghng600@gmail.com,,대구,35.8714,128.6014,2021-07-19,일반
2769,조서연,jsng185@gmail.com,010-9538-3985,전주,35.8219,127.148,2021-07-25,우수
2770,서도현,sdh138@nate.com,010-2119-6777,수원,37.2636,127.0286,2022-07-02,우수
2771,강민서,gms656@nate.com,010-8123-4013,대구,35.8714,128.6014,2021-01-10,일반
2772,오예린,ngngr164@daum.net,010-6009-7694,인천,37.4563,126.7052,2021-05-06,일반
2773,오영민,ngngm776@naver.com,010-9386-1819,광주,35.1595,126.8526,2021-08-20,VIP
2774,최하늘,chhn678@gmail.com,010-4080-5792,광주,35.1595,126.8526,2022-03-12,일반
2775,장지현,jjh490@nate.com,010-7207-3663,부산,35.1796,129.0756,2022-05-06,우수
2776,전현정,jhj507@gmail.com,010-7488-3237,대전,36.3504,127.3845,2021-08-18,일반
2777,전하린,jhr689@daum.net,010-5292-6594,울산,35.5398,129.3114,2022-10-07,일반
2778,이하린,nghr701@gmail.com,,전주,35.8219,127.148,2021-02-07,일반
2779,송하린,shr667@daum.net,010-9704-4833,세종,36.48,127.289,2021-08-22,일반
2780,오하준,nghj197@gmail.com,010-9553-5759,수원,37.2636,127.0286,2022-09-01,일반
2781,임하준,nghj766@daum.net,010-9431-9465,울산,35.5398,129.3114,2021-10-11,일반
2782,임하린,nghr869@nate.com,010-7077-9032,창원,35.2271,128.6811,2022-01-15,VIP
2783,오서현,ngsh827@daum.net,010-2821-1841,수원,37.2636,127.0286,2021-05-10,MVP
2784,강주원,gjng173@nate.com,010-9827-2212,전주,35.8219,127.148,2022-08-21,우수
2785,정우진,jngj641@naver.com,010-8403-2342,청주,36.6424,127.489,2022-09-16,VIP
2786,권민준,gmj436@daum.net,010-5356-4376,대전,36.3504,127.3845,2021-12-03,일반
2787,서민서,sms878@naver.com,010-2717-2359,수원,37.2636,127.0286,2022-02-05,MVP
2788,강채원,gchng322@gmail.com,010-8117-9787,대구,35.8714,128.6014,2022-06-25,일반
2789,최나윤,chnng183@naver.com,010-2307-5507,창원,35.2271,128.6811,2022-05-19,MVP
2790,오시아,ngsng111@gmail.com,010-3734-2726,전주,35.8219,127.148,2022-09-25,MVP
2791,권수빈,gsb690@gmail.com,,광주,35.1595,126.8526,2021-11-20,우수
2792,서도현,sdh533@naver.com,,대구,35.8714,128.6014,2022-01-18,MVP
2793,오채원,ngchng616@gmail.com,010-1194-6216,전주,35.8219,127.148,2022-04-21,우수
2794,조주원,jjng789@nate.com,,서울,37.5665,126.978,2021-05-05,일반
2795,윤현정,nghj698@gmail.com,010-9726-3058,서울,37.5665,126.978,2021-09-12,일반
2796,전민서,jms414@naver.com,010-4987-7989,청주,36.6424,127.489,2021-11-19,우수
2797,이시아,ngsng160@daum.net,010-3015-1699,수원,37.2636,127.0286,2021-04-14,일반
2798,임유진,ngngj162@naver.com,010-4384-7561,대전,36.3504,127.3845,2021-08-06,우수
2799,박태현,bth451@nate.com,010-3291-8206,대구,35.8714,128.6014,2022-01-24,MVP
2800,박지후,bjh806@daum.net,010-5019-4424,수원,37.2636,127.0286,2022-09-06,일반
2801,한현우,hhng917@gmail.com,010-9921-6271,전주,35.8219,127.148,2021-01-08,우수
2802,서예준,sngj475@daum.net,010-6477-7321,세종,36.48,127.289,2022-11-13,VIP
2803,신현우,shng698@nate.com,010-2895-2659,창원,35.2271,128.6811,2021-07-10,VIP
2804,신우진,sngj352@nate.com,,청주,36.6424,127.489,2022-09-21,MVP
2805,정영민,jngm620@naver.com,,세종,36.48,127.289,2022-05-13,우수
2806,김지현,gjh262@nate.com,010-6621-5085,청주,36.6424,127.489,2022-01-23,MVP
2807,임하준,nghj633@gmail.com,010-7753-2254,울산,35.5398,129.3114,2021-09-19,우수
2808,이태현,ngth207@nate.com,010-6484-9772,광주,35.1595,126.8526,2022-10-12,일반
2809,임서연,ngsng948@daum.net,010-1613-4095,서울,37.5665,126.978,2022-01-18,일반
2810,송지아,sjng101@naver.com,,세종,36.48,127.289,2021-08-08,우수
2811,정민서,jms529@naver.com,010-9341-2678,울산,35.5398,129.3114,2021-05-18,일반
2812,장서현,jsh365@daum.net,010-4766-6193,세종,36.48,127.289,2021-04-29,우수
2813,조도현,jdh122@nate.com,010-7588-5261,창원,35.2271,128.6811,2021-02-15,우수
2814,김시아,gsng277@naver.com,010-5558-9341,수원,37.2636,127.0286,2022-07-04,일반
2815,권나윤,gnng376@daum.net,010-4885-6384,광주,35.1595,126.8526,2021-04-25,우수
2816,송채원,schng564@naver.com,010-4220-1348,세종,36.48,127.289,2021-05-07,우수
2817,서현정,shj666@gmail.com,010-5439-1575,부산,35.1796,129.0756,2022-01-28,일반
2818,조우진,jngj313@gmail.com,010-8698-8261,수원,37.2636,127.0286,2022-05-21,일반
2819,한하늘,hhn327@naver.com,010-8780-8364,대구,35.8714,128.6014,2022-02-19,일반
2820,김영민,gngm357@gmail.com,010-2846-6719,대구,35.8714,128.6014,2021-01-09,일반
2821,조하늘,jhn945@nate.com,010-7486-3183,서울,37.5665,126.978,2021-07-10,VIP
2822,한지훈,hjh906@naver.com,,서울,37.5665,126.978,2021-09-26,일반
2823,강지현,gjh990@naver.com,,부산,35.1796,129.0756,2022-09-18,우수
2824,한수빈,hsb572@naver.com,010-2086-1322,서울,37.5665,126.978,2021-10-02,일반
2825,이가은,nggng806@nate.com,010-5458-2633,전주,35.8219,127.148,2022-08-29,일반
2826,전지후,jjh263@daum.net,010-2233-1974,광주,35.1595,126.8526,2021-09-03,VIP
2827,황가은,hgng730@daum.net,010-3362-5539,부산,35.1796,129.0756,2022-10-12,우수
2828,송수빈,ssb128@nate.com,010-7666-4353,인천,37.4563,126.7052,2022-02-04,일반
2829,강하준,ghj482@gmail.com,010-4039-5745,세종,36.48,127.289,2021-11-02,일반
2830,김지훈,gjh952@naver.com,,인천,37.4563,126.7052,2022-03-06,일반
2831,송영민,sngm736@gmail.com,010-9615-8071,서울,37.5665,126.978,2021-07-17,일반
2832,최가은,chgng490@naver.com,,서울,37.5665,126.978,2022-05-02,우수
2833,송지민,sjm559@naver.com,010-1520-6492,서울,37.5665,126.978,2021-06-05,일반
2834,윤지민,ngjm921@nate.com,,전주,35.8219,127.148,2021-05-19,일반
2835,한지후,hjh519@gmail.com,010-6128-1491,서울,37.5665,126.978,2021-12-14,일반
2836,이도윤,ngdng606@naver.com,010-1201-1425,인천,37.4563,126.7052,2021-12-08,VIP
2837,권지후,gjh730@nate.com,010-1567-8396,부산,35.1796,129.0756,2021-07-14,MVP
2838,강하준,ghj195@gmail.com,010-1675-9344,대구,35.8714,128.6014,2022-07-08,일반
2839,황태현,hth177@nate.com,,세종,36.48,127.289,2021-05-26,우수
2840,김현정,ghj943@daum.net,010-7676-2832,광주,35.1595,126.8526,2022-12-28,일반
2841,황도윤,hdng683@naver.com,010-1103-8451,수원,37.2636,127.0286,2021-03-12,일반
2842,장우진,jngj350@nate.com,010-5940-5802,서울,37.5665,126.978,2021-05-29,우수
2843,정하준,jhj469@naver.com,010-3360-6608,부산,35.1796,129.0756,2022-10-26,VIP
2844,강지후,gjh701@daum.net,010-1278-5449,부산,35.1796,129.0756,2021-05-26,MVP
2845,임채원,ngchng943@nate.com,010-1370-4411,세종,36.48,127.289,2021-07-04,우수
2846,강서연,gsng756@daum.net,010-3138-8705,광주,35.1595,126.8526,2021-04-07,일반
2847,서예준,sngj767@nate.com,010-1394-3194,창원,35.2271,128.6811,2021-11-04,우수
2848,장지원,jjng947@daum.net,010-7263-1607,창원,35.2271,128.6811,2022-07-08,일반
2849,정도윤,jdng208@gmail.com,010-2489-3797,광주,35.1595,126.8526,2022-07-04,우수
2850,서지아,sjng514@daum.net,010-7776-5182,전주,35.8219,127.148,2022-09-14,일반
2851,황지아,hjng538@nate.com,010-1963-1158,인천,37.4563,126.7052,2021-08-08,우수
2852,안하늘,nghn375@daum.net,,세종,36.48,127.289,2021-09-23,일반
2853,윤수빈,ngsb940@gmail.com,010-9039-5777,창원,35.2271,128.6811,2021-04-23,일반
2854,전주원,jjng187@nate.com,,대전,36.3504,127.3845,2021-02-14,VIP
2855,전채원,jchng843@naver.com,010-3094-4233,울산,35.5398,129.3114,2022-09-15,일반
2856,오현우,nghng385@daum.net,010-1640-9260,수원,37.2636,127.0286,2022-03-24,우수
2857,강도윤,gdng329@nate.com,010-3425-1159,광주,35.1595,126.8526,2021-10-08,일반
2858,강예준,gngj270@naver.com,010-3431-1238,전주,35.8219,127.148,2022-05-19,일반
2859,한태현,hth436@gmail.com,,대구,35.8714,128.6014,2021-08-12,일반
2860,김민준,gmj661@nate.com,010-7607-8429,대구,35.8714,128.6014,2021-10-26,일반
2861,윤시아,ngsng213@gmail.com,010-2474-2987,서울,37.5665,126.978,2022-06-13,VIP
2862,장도윤,jdng515@gmail.com,010-2512-7299,서울,37.5665,126.978,2022-08-17,일반
2863,전나윤,jnng859@naver.com,010-4302-8483,대구,35.8714,128.6014,2021-05-23,MVP
2864,전예린,jngr644@nate.com,,전주,35.8219,127.148,2022-09-25,우수
2865,김지아,gjng914@daum.net,010-2346-9972,대전,36.3504,127.3845,2022-07-11,일반
2866,서민서,sms364@nate.com,,대구,35.8714,128.6014,2021-02-11,우수
2867,전하늘,jhn383@naver.com,,대구,35.8714,128.6014,2022-03-21,우수
2868,최채원,chchng955@naver.com,010-9575-2395,세종,36.48,127.289,2021-03-26,우수
2869,오예준,ngngj778@daum.net,010-3318-6063,전주,35.8219,127.148,2021-09-23,일반
2870,정민준,jmj293@daum.net,,청주,36.6424,127.489,2021-01-13,일반
2871,조유진,jngj880@naver.com,010-8315-6269,대전,36.3504,127.3845,2022-02-27,VIP
2872,신시아,ssng721@daum.net,010-5478-7626,대전,36.3504,127.3845,2022-08-19,VIP
2873,서수빈,ssb251@gmail.com,010-5374-1262,부산,35.1796,129.0756,2021-03-01,VIP
2874,정가은,jgng888@gmail.com,,전주,35.8219,127.148,2022-06-04,일반
2875,정서현,jsh327@nate.com,010-3445-7407,창원,35.2271,128.6811,2021-10-23,우수
2876,정서준,jsj643@daum.net,010-6320-3227,수원,37.2636,127.0286,2021-03-13,일반
2877,권현우,ghng908@daum.net,010-3617-4641,청주,36.6424,127.489,2021-07-17,일반
2878,한수빈,hsb117@gmail.com,,대전,36.3504,127.3845,2021-03-31,일반
2879,최나윤,chnng673@naver.com,010-9994-2903,수원,37.2636,127.0286,2022-12-20,우수
2880,서예준,sngj743@naver.com,010-1293-5699,청주,36.6424,127.489,2021-12-02,일반
2881,신도윤,sdng132@gmail.com,,세종,36.48,127.289,2022-09-09,일반
2882,이지훈,ngjh536@nate.com,,서울,37.5665,126.978,2021-02-25,VIP
2883,송현우,shng634@naver.com,,세종,36.48,127.289,2021-03-30,일반
2884,강지후,gjh230@nate.com,,부산,35.1796,129.0756,2021-12-26,일반
2885,김서현,gsh370@daum.net,010-8130-6326,서울,37.5665,126.978,2022-05-25,일반
2886,윤영민,ngngm890@daum.net,010-6004-3911,대전,36.3504,127.3845,2022-01-26,VIP
2887,정수빈,jsb529@naver.com,010-1412-2754,청주,36.6424,127.489,2021-11-04,우수
2888,박유진,bngj342@gmail.com,010-4358-6064,광주,35.1595,126.8526,2022-05-27,일반
2889,황지현,hjh252@daum.net,010-7911-2361,대구,35.8714,128.6014,2021-12-25,VIP
2890,황서연,hsng647@naver.com,010-3067-8517,인천,37.4563,126.7052,2021-11-22,VIP
2891,강지민,gjm563@gmail.com,010-7347-6752,수원,37.2636,127.0286,2022-02-06,일반
2892,신주원,sjng976@naver.com,010-8240-7697,대전,36.3504,127.3845,2021-03-20,우수
2893,송수빈,ssb622@daum.net,010-2319-3615,창원,35.2271,128.6811,2021-10-28,우수
2894,전서준,jsj754@naver.com,,광주,35.1595,126.8526,2021-01-16,우수
2895,최현정,chhj622@daum.net,010-5937-3385,수원,37.2636,127.0286,2022-08-03,일반
2896,정현우,jhng420@daum.net,,대구,35.8714,128.6014,2021-11-11,VIP
2897,서태현,sth856@nate.com,010-3470-2423,수원,37.2636,127.0286,2021-06-06,우수
2898,오현정,nghj752@nate.com,010-6837-3680,대전,36.3504,127.3845,2022-09-12,일반
2899,한지훈,hjh688@naver.com,010-5528-5637,서울,37.5665,126.978,2022-02-14,일반
2900,박나윤,bnng226@gmail.com,010-4204-9957,청주,36.6424,127.489,2022-12-29,일반
2901,송예준,sngj643@naver.com,,세종,36.48,127.289,2021-09-13,일반
2902,서현우,shng414@naver.com,010-5710-9199,광주,35.1595,126.8526,2022-11-25,우수
2903,안현정,nghj283@gmail.com,010-7877-9795,수원,37.2636,127.0286,2022-06-14,일반
2904,김지민,gjm514@daum.net,010-2650-1716,서울,37.5665,126.978,2021-12-22,일반
2905,강예준,gngj264@daum.net,010-5570-2347,대전,36.3504,127.3845,2021-07-20,우수
2906,강현우,ghng983@gmail.com,010-6094-9648,부산,35.1796,129.0756,2022-12-27,일반
2907,서민준,smj943@naver.com,,세종,36.48,127.289,2021-05-26,MVP
2908,안지민,ngjm154@gmail.com,,대구,35.8714,128.6014,2021-06-17,일반
2909,조도윤,jdng708@nate.com,010-1810-2313,수원,37.2636,127.0286,2022-08-30,일반
2910,박현정,bhj382@gmail.com,010-8779-2913,서울,37.5665,126.978,2021-08-03,일반
2911,윤도윤,ngdng868@nate.com,010-8645-7798,전주,35.8219,127.148,2021-04-12,일반
2912,이나윤,ngnng867@gmail.com,010-3549-6812,청주,36.6424,127.489,2022-02-02,일반
2913,이채원,ngchng619@daum.net,010-8645-9583,부산,35.1796,129.0756,2022-08-19,우수
2914,오지현,ngjh473@gmail.com,,청주,36.6424,127.489,2021-05-04,MVP
2915,권유진,gngj328@daum.net,010-1370-8742,수원,37.2636,127.0286,2021-06-19,일반
2916,강지아,gjng641@nate.com,010-8667-1921,수원,37.2636,127.0286,2021-01-04,우수
2917,윤수빈,ngsb214@nate.com,,부산,35.1796,129.0756,2022-03-13,우수
2918,안도윤,ngdng897@nate.com,010-7294-5117,인천,37.4563,126.7052,2021-05-13,VIP
2919,황민서,hms893@gmail.com,010-4714-1660,수원,37.2636,127.0286,2021-07-22,일반
2920,권태현,gth529@gmail.com,010-9962-1244,서울,37.5665,126.978,2021-07-06,일반
2921,송지원,sjng903@daum.net,,세종,36.48,127.289,2022-05-28,일반
2922,강서현,gsh363@daum.net,010-7475-4051,대구,35.8714,128.6014,2021-05-19,우수
2923,강영민,gngm224@nate.com,010-7298-7265,창원,35.2271,128.6811,2021-02-08,VIP
2924,송지원,sjng967@nate.com,010-1326-7372,대전,36.3504,127.3845,2022-02-12,일반
2925,권예린,gngr799@daum.net,010-2939-5028,부산,35.1796,129.0756,2022-03-24,일반
2926,전지현,jjh473@naver.com,,부산,35.1796,129.0756,2021-11-26,VIP
2927,최영민,chngm516@daum.net,,인천,37.4563,126.7052,2022-02-02,VIP
2928,황도현,hdh109@naver.com,,대구,35.8714,128.6014,2022-01-08,MVP
2929,안나윤,ngnng364@naver.com,010-2843-9817,대전,36.3504,127.3845,2021-08-05,우수
2930,윤시아,ngsng240@daum.net,010-4610-1386,수원,37.2636,127.0286,2021-10-27,일반
2931,김우진,gngj209@nate.com,010-6183-4745,창원,35.2271,128.6811,2021-03-18,우수
2932,이주원,ngjng203@daum.net,010-6975-7359,부산,35.1796,129.0756,2022-01-22,우수
2933,임지민,ngjm830@naver.com,010-6406-4812,대구,35.8714,128.6014,2022-11-15,일반
2934,임지아,ngjng192@gmail.com,,서울,37.5665,126.978,2021-11-30,우수
2935,최태현,chth879@daum.net,010-3547-9037,세종,36.48,127.289,2022-03-07,우수
2936,안영민,ngngm927@nate.com,010-6520-6258,부산,35.1796,129.0756,2021-11-24,일반
2937,최주원,chjng659@gmail.com,010-2613-3195,세종,36.48,127.289,2022-05-20,우수
2938,윤시아,ngsng481@nate.com,010-5253-3535,수원,37.2636,127.0286,2021-04-11,우수
2939,신지현,sjh754@gmail.com,010-4720-7280,청주,36.6424,127.489,2022-09-05,MVP
2940,김주원,gjng402@daum.net,010-7927-8578,울산,35.5398,129.3114,2022-01-14,일반
2941,권주원,gjng137@daum.net,,부산,35.1796,129.0756,2022-03-29,일반
2942,권지후,gjh162@nate.com,010-5318-8875,부산,35.1796,129.0756,2022-01-06,우수
2943,송서현,ssh870@naver.com,010-4547-2600,세종,36.48,127.289,2022-11-12,일반
2944,황유진,hngj414@naver.com,010-8246-5857,수원,37.2636,127.0286,2021-01-17,우수
2945,박영민,bngm408@daum.net,010-7280-1816,전주,35.8219,127.148,2022-04-16,우수
2946,강시아,gsng276@daum.net,010-7599-3416,대전,36.3504,127.3845,2022-02-08,일반
2947,권하준,ghj668@daum.net,010-5107-3229,서울,37.5665,126.978,2022-04-05,우수
2948,김수빈,gsb768@nate.com,,청주,36.6424,127.489,2021-07-31,우수
2949,박지현,bjh954@naver.com,010-7568-8796,광주,35.1595,126.8526,2021-08-02,일반
2950,서가은,sgng241@daum.net,010-9667-8065,창원,35.2271,128.6811,2021-05-09,VIP
2951,안영민,ngngm586@gmail.com,010-5313-9470,울산,35.5398,129.3114,2022-11-19,VIP
2952,안지민,ngjm705@naver.com,010-7070-4855,인천,37.4563,126.7052,2021-02-28,우수
2953,장민준,jmj455@gmail.com,010-3372-8770,청주,36.6424,127.489,2022-06-22,우수
2954,조시아,jsng528@gmail.com,010-8029-5216,광주,35.1595,126.8526,2022-09-03,일반
2955,김유진,gngj296@daum.net,,울산,35.5398,129.3114,2022-04-07,VIP
2956,황하늘,hhn709@nate.com,010-5172-3601,세종,36.48,127.289,2022-12-29,우수
2957,서지현,sjh178@gmail.com,010-3964-8812,대구,35.8714,128.6014,2022-06-24,우수
2958,조지현,jjh512@naver.com,,세종,36.48,127.289,2021-07-31,VIP
2959,강하준,ghj758@naver.com,,세종,36.48,127.289,2021-04-16,일반
2960,박영민,bngm575@daum.net,010-2977-9057,청주,36.6424,127.489,2022-05-17,VIP
2961,최서연,chsng268@gmail.com,010-9899-7094,대전,36.3504,127.3845,2021-06-11,일반
2962,최우진,chngj374@nate.com,010-7140-3879,창원,35.2271,128.6811,2022-07-21,일반
2963,최영민,chngm535@gmail.com,010-3935-4066,대구,35.8714,128.6014,2022-08-22,일반
2964,김태현,gth284@nate.com,,창원,35.2271,128.6811,2022-07-17,MVP
2965,장하준,jhj794@nate.com,010-1992-7919,대전,36.3504,127.3845,2022-05-23,VIP
2966,송민준,smj989@gmail.com,010-1316-4539,세종,36.48,127.289,2022-04-21,우수
2967,박지민,bjm298@nate.com,010-1539-5771,서울,37.5665,126.978,2021-12-17,우수
2968,전지후,jjh313@naver.com,,울산,35.5398,129.3114,2022-04-15,우수
2969,장지민,jjm691@naver.com,,부산,35.1796,129.0756,2022-03-28,VIP
2970,장현정,jhj554@nate.com,,대구,35.8714,128.6014,2022-07-23,일반
2971,윤시아,ngsng133@nate.com,,광주,35.1595,126.8526,2021-09-24,일반
2972,한하린,hhr846@daum.net,010-4684-3084,부산,35.1796,129.0756,2022-12-17,일반
2973,권가은,ggng261@nate.com,010-3622-2931,인천,37.4563,126.7052,2022-07-08,우수
2974,신현우,shng456@gmail.com,010-1974-3055,대전,36.3504,127.3845,2022-07-31,우수
2975,서가은,sgng529@nate.com,010-3812-8432,울산,35.5398,129.3114,2022-10-24,일반
2976,강지아,gjng759@daum.net,010-5338-7121,광주,35.1595,126.8526,2021-07-30,일반
2977,김수빈,gsb840@gmail.com,010-1045-7859,수원,37.2636,127.0286,2022-07-14,VIP
2978,황지원,hjng871@nate.com,,서울,37.5665,126.978,2021-06-23,일반
2979,김예린,gngr832@gmail.com,010-3718-4050,창원,35.2271,128.6811,2021-06-25,우수
2980,박태현,bth480@daum.net,,대구,35.8714,128.6014,2022-09-27,MVP
2981,장지아,jjng686@gmail.com,,창원,35.2271,128.6811,2021-08-19,일반
2982,강지원,gjng297@naver.com,,대구,35.8714,128.6014,2021-06-27,일반
2983,강현우,ghng466@gmail.com,010-6429-6636,서울,37.5665,126.978,2021-06-07,우수
2984,이도윤,ngdng733@naver.com,010-1547-4703,광주,35.1595,126.8526,2021-10-18,VIP
2985,신시아,ssng616@daum.net,010-5023-4157,전주,35.8219,127.148,2021-08-02,우수
2986,강우진,gngj970@naver.com,010-3166-1118,울산,35.5398,129.3114,2021-06-17,MVP
2987,송민준,smj455@naver.com,010-5414-5427,부산,35.1796,129.0756,2021-05-10,일반
2988,박하준,bhj693@gmail.com,010-7435-6129,세종,36.48,127.289,2021-12-08,우수
2989,정서준,jsj220@naver.com,010-2232-8882,대구,35.8714,128.6014,2022-05-24,우수
2990,권우진,gngj702@daum.net,,대전,36.3504,127.3845,2021-06-13,VIP
2991,김지민,gjm286@daum.net,010-8342-6601,청주,36.6424,127.489,2021-04-06,일반
2992,최시아,chsng235@naver.com,,울산,35.5398,129.3114,2022-04-03,VIP
2993,윤도윤,ngdng593@daum.net,,대구,35.8714,128.6014,2022-02-15,우수
2994,서지현,sjh380@nate.com,010-9334-7531,광주,35.1595,126.8526,2021-06-04,일반
2995,장지민,jjm205@naver.com,010-7975-2973,전주,35.8219,127.148,2021-01-27,일반
2996,권현정,ghj884@naver.com,010-3594-9733,서울,37.5665,126.978,2021-01-05,VIP
2997,장유진,jngj995@naver.com,,대전,36.3504,127.3845,2021-03-04,일반
2998,최예준,chngj462@naver.com,,광주,35.1595,126.8526,2021-12-30,일반
2999,최지훈,chjh314@naver.com,010-5907-4895,부산,35.1796,129.0756,2022-08-19,일반
3000,이하늘,nghn971@nate.com,010-3288-5275,세종,36.48,127.289,2022-08-29,VIP
3001,권하린,ghr229@daum.net,010-3512-2530,전주,35.8219,127.148,2021-09-15,우수
3002,안지아,ngjng341@daum.net,010-9842-2793,청주,36.6424,127.489,2022-11-23,우수
3003,전하준,jhj853@gmail.com,010-1679-8068,대전,36.3504,127.3845,2022-07-10,일반
3004,황서현,hsh491@naver.com,010-8045-6804,대구,35.8714,128.6014,2021-08-29,우수
3005,최지원,chjng993@gmail.com,010-9894-5748,인천,37.4563,126.7052,2021-12-15,우수
3006,서지훈,sjh158@daum.net,010-6886-9639,청주,36.6424,127.489,2022-05-31,VIP
3007,안지후,ngjh949@naver.com,010-8828-3211,광주,35.1595,126.8526,2022-12-18,VIP
3008,신현정,shj276@gmail.com,010-8901-3053,전주,35.8219,127.148,2022-06-05,일반
3009,전나윤,jnng272@daum.net,010-6224-7115,대전,36.3504,127.3845,2021-08-10,우수
3010,박현정,bhj699@nate.com,,인천,37.4563,126.7052,2022-07-23,일반
3011,강지현,gjh458@gmail.com,,부산,35.1796,129.0756,2022-07-01,우수
3012,신하준,shj875@daum.net,010-4091-5127,세종,36.48,127.289,2021-06-26,일반
3013,강서현,gsh113@gmail.com,010-5481-2428,인천,37.4563,126.7052,2021-06-16,일반
3014,임시아,ngsng687@naver.com,010-7840-7462,창원,35.2271,128.6811,2021-01-12,일반
3015,강영민,gngm810@nate.com,010-1004-5297,서울,37.5665,126.978,2021-05-18,우수
3016,오영민,ngngm959@gmail.com,010-4032-2093,창원,35.2271,128.6811,2022-01-05,일반
3017,황영민,hngm391@gmail.com,010-1817-2382,서울,37.5665,126.978,2021-08-26,우수
3018,전현우,jhng351@daum.net,010-3203-3626,대구,35.8714,128.6014,2022-07-06,일반
3019,임영민,ngngm574@gmail.com,010-1094-1766,부산,35.1796,129.0756,2022-08-30,일반
3020,서민준,smj641@naver.com,010-6248-7553,세종,36.48,127.289,2022-05-13,우수
3021,장지민,jjm213@nate.com,010-3126-7404,서울,37.5665,126.978,2022-05-01,일반
3022,임지후,ngjh825@daum.net,010-4739-8586,서울,37.5665,126.978,2021-01-16,일반
3023,강지후,gjh377@nate.com,010-3402-4652,부산,35.1796,129.0756,2022-04-01,우수
3024,최지후,chjh988@naver.com,,울산,35.5398,129.3114,2021-04-28,일반
3025,장우진,jngj829@gmail.com,,울산,35.5398,129.3114,2021-11-03,일반
3026,조가은,jgng201@nate.com,010-5713-2905,광주,35.1595,126.8526,2021-10-10,일반
3027,조수빈,jsb282@nate.com,010-9574-6931,세종,36.48,127.289,2022-11-06,VIP
3028,황서연,hsng870@gmail.com,010-5112-5789,울산,35.5398,129.3114,2022-12-11,우수
3029,강하린,ghr146@daum.net,010-6573-2639,울산,35.5398,129.3114,2021-03-13,우수
3030,안지아,ngjng551@gmail.com,010-4093-3825,부산,35.1796,129.0756,2022-05-22,우수
3031,임가은,nggng287@gmail.com,010-8295-6040,인천,37.4563,126.7052,2021-10-21,일반
3032,장나윤,jnng373@gmail.com,010-6658-8018,세종,36.48,127.289,2021-06-22,일반
3033,오현정,nghj301@nate.com,010-1176-3711,창원,35.2271,128.6811,2021-09-19,우수
3034,한지현,hjh400@daum.net,010-3241-7848,전주,35.8219,127.148,2021-08-19,일반
3035,송시아,ssng142@daum.net,,전주,35.8219,127.148,2022-04-24,일반
3036,안서연,ngsng851@daum.net,,부산,35.1796,129.0756,2022-10-31,일반
3037,김하린,ghr447@naver.com,010-6127-8892,수원,37.2636,127.0286,2021-12-12,일반
3038,장하준,jhj193@nate.com,010-1262-1532,전주,35.8219,127.148,2021-10-13,MVP
3039,전나윤,jnng325@nate.com,010-8001-1817,수원,37.2636,127.0286,2021-03-21,일반
3040,임민서,ngms966@nate.com,010-8464-9277,전주,35.8219,127.148,2021-04-07,우수
3041,안지훈,ngjh382@naver.com,010-7146-2349,세종,36.48,127.289,2021-02-22,일반
3042,송나윤,snng562@daum.net,010-8657-3152,울산,35.5398,129.3114,2021-09-20,MVP
3043,신나윤,snng339@nate.com,010-5864-2427,수원,37.2636,127.0286,2021-03-10,일반
3044,안지원,ngjng936@gmail.com,010-3735-2802,서울,37.5665,126.978,2021-06-02,일반
3045,김나윤,gnng629@daum.net,010-7308-1334,광주,35.1595,126.8526,2021-02-11,우수
3046,임현우,nghng472@nate.com,010-1598-4733,울산,35.5398,129.3114,2021-02-04,우수
3047,윤수빈,ngsb373@nate.com,010-1443-7493,창원,35.2271,128.6811,2022-06-06,일반
3048,황서현,hsh550@naver.com,010-2970-9978,서울,37.5665,126.978,2022-02-19,일반
3049,정하준,jhj852@naver.com,010-8788-5607,울산,35.5398,129.3114,2022-02-25,일반
3050,박하린,bhr116@nate.com,010-6391-4572,수원,37.2636,127.0286,2022-10-25,일반
3051,안나윤,ngnng437@gmail.com,010-7794-4348,울산,35.5398,129.3114,2022-04-28,일반
3052,임예린,ngngr932@naver.com,010-9252-8890,전주,35.8219,127.148,2022-06-12,일반
3053,신민준,smj859@daum.net,010-5959-3261,청주,36.6424,127.489,2021-11-27,일반
3054,정영민,jngm220@nate.com,010-7923-2273,서울,37.5665,126.978,2021-09-26,일반
3055,송지현,sjh511@nate.com,010-4060-2002,서울,37.5665,126.978,2022-02-21,우수
3056,박지민,bjm881@naver.com,010-1242-8775,창원,35.2271,128.6811,2022-11-24,MVP
3057,조현정,jhj694@naver.com,,수원,37.2636,127.0286,2022-09-23,우수
3058,전영민,jngm649@naver.com,010-7859-6289,세종,36.48,127.289,2021-05-03,일반
3059,조나윤,jnng923@naver.com,010-1099-9747,세종,36.48,127.289,2021-04-03,일반
3060,서영민,sngm950@daum.net,,창원,35.2271,128.6811,2021-09-26,MVP
3061,전우진,jngj261@gmail.com,010-4840-2427,대구,35.8714,128.6014,2022-12-14,일반
3062,윤유진,ngngj409@gmail.com,010-7857-8366,부산,35.1796,129.0756,2021-10-17,일반
3063,김지민,gjm713@naver.com,010-9824-8195,부산,35.1796,129.0756,2022-09-24,우수
3064,조민준,jmj476@daum.net,,창원,35.2271,128.6811,2022-06-28,우수
3065,장현우,jhng674@daum.net,010-3403-2234,청주,36.6424,127.489,2021-09-09,우수
3066,권채원,gchng651@gmail.com,010-1091-7330,울산,35.5398,129.3114,2022-04-28,일반
3067,신서현,ssh377@naver.com,010-9645-1848,청주,36.6424,127.489,2021-04-27,일반
3068,최지민,chjm766@daum.net,,창원,35.2271,128.6811,2022-11-05,MVP
3069,안예준,ngngj436@gmail.com,010-2874-8798,대구,35.8714,128.6014,2022-04-05,일반
3070,이도현,ngdh713@naver.com,010-8311-1785,울산,35.5398,129.3114,2022-10-08,우수
3071,조민준,jmj625@gmail.com,010-2074-8442,수원,37.2636,127.0286,2022-10-18,우수
3072,강지민,gjm253@naver.com,010-5849-5901,창원,35.2271,128.6811,2022-03-01,우수
3073,안유진,ngngj870@gmail.com,010-9459-9317,청주,36.6424,127.489,2021-01-20,일반
3074,전유진,jngj678@naver.com,010-5515-2455,청주,36.6424,127.489,2022-10-25,일반
3075,박서연,bsng652@gmail.com,010-7305-2805,울산,35.5398,129.3114,2022-08-30,우수
3076,강현정,ghj583@nate.com,,울산,35.5398,129.3114,2021-05-16,VIP
3077,이하늘,nghn236@gmail.com,,대구,35.8714,128.6014,2022-10-02,VIP
3078,이서현,ngsh875@naver.com,010-5334-5597,울산,35.5398,129.3114,2021-07-19,일반
3079,장지후,jjh433@nate.com,,청주,36.6424,127.489,2022-10-29,일반
3080,장유진,jngj634@nate.com,,서울,37.5665,126.978,2021-03-25,VIP
3081,임현정,nghj777@naver.com,010-7126-4521,대전,36.3504,127.3845,2021-06-16,우수
3082,서하린,shr119@gmail.com,010-5073-1146,인천,37.4563,126.7052,2021-08-17,VIP
3083,강지아,gjng372@nate.com,,울산,35.5398,129.3114,2022-12-23,일반
3084,신서현,ssh879@nate.com,010-5811-4969,서울,37.5665,126.978,2021-05-16,우수
3085,신유진,sngj236@daum.net,010-7961-5191,서울,37.5665,126.978,2021-12-27,우수
3086,안나윤,ngnng181@nate.com,010-4982-7555,광주,35.1595,126.8526,2021-10-13,우수
3087,장영민,jngm998@naver.com,010-8401-9165,부산,35.1796,129.0756,2021-12-27,일반
3088,윤하늘,nghn478@daum.net,010-4237-3083,전주,35.8219,127.148,2022-02-14,일반
3089,윤서연,ngsng139@nate.com,010-9666-7680,울산,35.5398,129.3114,2022-04-20,우수
3090,임시아,ngsng175@naver.com,010-8939-3853,광주,35.1595,126.8526,2022-08-19,일반
3091,정채원,jchng151@daum.net,010-4023-3716,인천,37.4563,126.7052,2022-09-12,일반
3092,서시아,ssng734@naver.com,010-2190-8433,서울,37.5665,126.978,2022-01-29,MVP
3093,전시아,jsng517@naver.com,010-3528-9981,대구,35.8714,128.6014,2021-12-20,일반
3094,윤지후,ngjh428@nate.com,010-9117-8388,울산,35.5398,129.3114,2022-07-24,VIP
3095,강지원,gjng899@nate.com,,서울,37.5665,126.978,2021-11-05,일반
3096,장하늘,jhn276@gmail.com,010-5047-2567,수원,37.2636,127.0286,2021-09-15,우수
3097,오지후,ngjh717@naver.com,,창원,35.2271,128.6811,2021-03-28,MVP
3098,정지민,jjm110@gmail.com,010-1813-8641,서울,37.5665,126.978,2021-03-10,일반
3099,신주원,sjng960@gmail.com,010-1553-5657,대전,36.3504,127.3845,2022-10-30,일반
3100,전예준,jngj322@daum.net,010-9121-6265,부산,35.1796,129.0756,2021-01-18,일반
3101,정태현,jth750@nate.com,010-9849-8123,인천,37.4563,126.7052,2021-02-03,일반
3102,오영민,ngngm787@nate.com,010-3218-5863,대전,36.3504,127.3845,2021-06-13,우수
3103,김유진,gngj735@naver.com,,서울,37.5665,126.978,2022-06-16,VIP
3104,오영민,ngngm337@gmail.com,010-8014-2676,창원,35.2271,128.6811,2022-05-12,일반
3105,장지아,jjng735@nate.com,010-9932-1556,인천,37.4563,126.7052,2022-08-06,일반
3106,한지민,hjm646@naver.com,010-6971-5030,서울,37.5665,126.978,2021-03-29,일반
3107,김수빈,gsb730@nate.com,010-8055-6459,울산,35.5398,129.3114,2021-04-13,우수
3108,황주원,hjng875@daum.net,010-6035-9040,서울,37.5665,126.978,2021-11-14,일반
3109,장도윤,jdng827@naver.com,010-4181-8899,광주,35.1595,126.8526,2021-08-19,우수
3110,오지현,ngjh514@gmail.com,010-9124-4218,서울,37.5665,126.978,2021-02-23,우수
3111,강예준,gngj608@daum.net,010-3938-1737,서울,37.5665,126.978,2021-08-20,우수
3112,정가은,jgng441@gmail.com,010-4168-4440,창원,35.2271,128.6811,2021-07-23,일반
3113,권서준,gsj294@daum.net,010-6087-5506,전주,35.8219,127.148,2021-07-08,우수
3114,권우진,gngj663@gmail.com,010-8273-9757,대전,36.3504,127.3845,2022-05-21,일반
3115,서지현,sjh231@naver.com,010-1084-8707,광주,35.1595,126.8526,2021-03-09,일반
3116,서유진,sngj178@gmail.com,,세종,36.48,127.289,2022-10-07,VIP
3117,송지현,sjh899@daum.net,010-3727-9818,부산,35.1796,129.0756,2022-05-10,우수
3118,전지원,jjng180@daum.net,,광주,35.1595,126.8526,2022-01-28,일반
3119,장서준,jsj719@gmail.com,010-6641-6674,수원,37.2636,127.0286,2021-12-29,일반
3120,송채원,schng180@gmail.com,010-7429-6992,광주,35.1595,126.8526,2022-04-08,일반
3121,윤하린,nghr782@gmail.com,010-8746-1044,울산,35.5398,129.3114,2021-02-18,일반
3122,이우진,ngngj111@naver.com,010-6107-2920,서울,37.5665,126.978,2021-11-15,일반
3123,송지훈,sjh118@naver.com,010-3919-2334,창원,35.2271,128.6811,2022-12-30,일반
3124,송민준,smj797@naver.com,010-3626-1653,창원,35.2271,128.6811,2022-01-27,일반
3125,윤하늘,nghn480@nate.com,010-1344-8287,청주,36.6424,127.489,2021-10-13,우수
3126,송지아,sjng112@naver.com,,울산,35.5398,129.3114,2021-11-26,우수
3127,오예준,ngngj491@daum.net,010-4385-4337,전주,35.8219,127.148,2022-03-24,우수
3128,윤유진,ngngj838@nate.com,,인천,37.4563,126.7052,2021-07-24,일반
3129,조하린,jhr579@daum.net,010-9310-1875,대전,36.3504,127.3845,2021-01-22,MVP
3130,서민서,sms143@nate.com,,서울,37.5665,126.978,2022-09-03,VIP
3131,최하린,chhr816@gmail.com,010-5622-4643,수원,37.2636,127.0286,2022-12-11,VIP
3132,박예준,bngj304@naver.com,,울산,35.5398,129.3114,2022-01-23,VIP
3133,오지아,ngjng382@daum.net,010-7542-4948,수원,37.2636,127.0286,2021-02-18,VIP
3134,강예린,gngr222@gmail.com,010-5837-8451,창원,35.2271,128.6811,2022-11-03,우수
3135,강주원,gjng118@daum.net,010-1114-8799,대구,35.8714,128.6014,2022-09-08,일반
3136,황지훈,hjh472@daum.net,010-1929-9713,대전,36.3504,127.3845,2022-05-07,우수
3137,정도현,jdh755@naver.com,010-5739-7396,부산,35.1796,129.0756,2022-03-31,우수
3138,박영민,bngm732@daum.net,010-7901-8961,전주,35.8219,127.148,2021-09-07,우수
3139,신서연,ssng235@nate.com,010-7159-1045,인천,37.4563,126.7052,2021-09-12,우수
3140,한현우,hhng113@naver.com,,전주,35.8219,127.148,2022-01-29,일반
3141,송우진,sngj116@naver.com,010-8346-1097,광주,35.1595,126.8526,2022-05-13,일반
3142,조도현,jdh497@nate.com,010-1849-7444,서울,37.5665,126.978,2021-12-05,VIP
3143,윤서준,ngsj505@nate.com,010-7077-1721,대구,35.8714,128.6014,2022-03-21,우수
3144,정채원,jchng643@gmail.com,010-1131-9929,청주,36.6424,127.489,2022-10-11,우수
3145,전도윤,jdng111@naver.com,010-3701-1961,창원,35.2271,128.6811,2021-02-14,일반
3146,윤서현,ngsh129@naver.com,,광주,35.1595,126.8526,2021-05-19,일반
3147,장유진,jngj261@naver.com,010-7007-4789,세종,36.48,127.289,2022-01-15,VIP
3148,최시아,chsng764@naver.com,,울산,35.5398,129.3114,2021-02-12,우수
3149,송서연,ssng144@naver.com,010-9077-5837,세종,36.48,127.289,2021-12-24,우수
3150,오지훈,ngjh930@daum.net,010-1718-6226,청주,36.6424,127.489,2022-08-28,일반
3151,임채원,ngchng670@daum.net,010-4688-9418,전주,35.8219,127.148,2021-10-20,우수
3152,박도윤,bdng670@gmail.com,,청주,36.6424,127.489,2022-07-29,일반
3153,송하린,shr498@daum.net,010-5643-5636,청주,36.6424,127.489,2021-12-25,우수
3154,오지민,ngjm515@naver.com,010-7078-3447,인천,37.4563,126.7052,2022-09-04,일반
3155,최민서,chms731@nate.com,010-7224-1197,서울,37.5665,126.978,2021-11-19,일반
3156,윤현정,nghj518@gmail.com,010-7931-1499,울산,35.5398,129.3114,2021-05-23,우수
3157,권민준,gmj403@nate.com,010-7653-1262,청주,36.6424,127.489,2021-06-07,VIP
3158,정지후,jjh461@gmail.com,010-2163-7135,광주,35.1595,126.8526,2022-06-01,일반
3159,조예린,jngr104@gmail.com,010-2477-7933,세종,36.48,127.289,2021-08-24,VIP
3160,황현정,hhj196@daum.net,010-8209-2013,울산,35.5398,129.3114,2021-02-25,일반
3161,한주원,hjng283@daum.net,010-6347-6039,대전,36.3504,127.3845,2021-03-18,일반
3162,권시아,gsng371@gmail.com,010-6986-4502,전주,35.8219,127.148,2022-01-20,일반
3163,최예린,chngr931@daum.net,010-6231-8540,전주,35.8219,127.148,2022-04-24,일반
3164,최시아,chsng852@gmail.com,010-9708-7518,청주,36.6424,127.489,2022-06-22,우수
3165,서채원,schng407@nate.com,010-7362-3016,창원,35.2271,128.6811,2021-08-08,일반
3166,송현우,shng299@daum.net,010-8536-7487,전주,35.8219,127.148,2022-09-14,일반
3167,송민준,smj483@nate.com,010-8835-8766,서울,37.5665,126.978,2021-07-10,VIP
3168,박지아,bjng371@naver.com,,서울,37.5665,126.978,2022-10-20,일반
3169,강하준,ghj126@daum.net,010-4107-3353,울산,35.5398,129.3114,2022-05-16,우수
3170,황지후,hjh905@naver.com,010-7633-5736,대구,35.8714,128.6014,2022-08-03,일반
3171,장서준,jsj290@naver.com,010-7468-8539,광주,35.1595,126.8526,2021-09-03,우수
3172,신하린,shr980@naver.com,010-4879-3612,대전,36.3504,127.3845,2021-06-19,일반
3173,윤채원,ngchng647@daum.net,,청주,36.6424,127.489,2021-05-25,일반
3174,윤예린,ngngr286@gmail.com,010-1002-2069,창원,35.2271,128.6811,2021-04-07,일반
3175,서하린,shr293@naver.com,010-3265-4480,인천,37.4563,126.7052,2022-06-13,일반
3176,임민서,ngms775@gmail.com,010-1148-8917,창원,35.2271,128.6811,2022-08-29,일반
3177,오영민,ngngm428@gmail.com,010-3078-7373,광주,35.1595,126.8526,2021-10-03,우수
3178,이도현,ngdh553@daum.net,010-2137-4305,울산,35.5398,129.3114,2022-08-06,VIP
3179,송현우,shng227@gmail.com,010-5028-4497,서울,37.5665,126.978,2022-02-07,VIP
3180,정하준,jhj892@nate.com,010-9073-8362,청주,36.6424,127.489,2021-06-04,우수
3181,권수빈,gsb323@naver.com,010-9294-1553,부산,35.1796,129.0756,2022-03-01,일반
3182,신지민,sjm405@nate.com,,서울,37.5665,126.978,2022-03-30,일반
3183,송지원,sjng153@naver.com,010-6131-3776,울산,35.5398,129.3114,2021-02-05,일반
3184,안현정,nghj411@naver.com,,청주,36.6424,127.489,2021-10-22,일반
3185,이서현,ngsh584@daum.net,,전주,35.8219,127.148,2021-02-24,우수
3186,황지훈,hjh118@nate.com,010-8012-8429,세종,36.48,127.289,2022-01-11,우수
3187,서주원,sjng480@gmail.com,,울산,35.5398,129.3114,2021-06-13,일반
3188,이현우,nghng823@nate.com,010-6846-7611,대구,35.8714,128.6014,2022-06-05,일반
3189,장서연,jsng846@gmail.com,010-6161-8957,대전,36.3504,127.3845,2022-08-11,VIP
3190,전지후,jjh206@naver.com,010-8936-9874,창원,35.2271,128.6811,2022-12-17,우수
3191,장영민,jngm712@gmail.com,010-9291-8000,대전,36.3504,127.3845,2022-09-06,일반
3192,이시아,ngsng857@daum.net,010-4400-3341,광주,35.1595,126.8526,2021-01-15,VIP
3193,서나윤,snng993@nate.com,,대전,36.3504,127.3845,2021-08-10,MVP
3194,윤시아,ngsng363@nate.com,,부산,35.1796,129.0756,2021-05-14,일반
3195,송시아,ssng820@gmail.com,010-5723-6561,청주,36.6424,127.489,2021-04-17,일반
3196,윤지훈,ngjh116@gmail.com,,전주,35.8219,127.148,2021-03-16,우수
3197,권서연,gsng859@naver.com,010-9700-5983,인천,37.4563,126.7052,2021-07-17,VIP
3198,황우진,hngj276@naver.com,010-9257-9055,광주,35.1595,126.8526,2022-02-12,VIP
3199,박지현,bjh625@naver.com,010-9946-8914,인천,37.4563,126.7052,2021-07-29,일반
3200,이유진,ngngj773@daum.net,010-7298-2262,부산,35.1796,129.0756,2022-02-02,일반
3201,조가은,jgng840@daum.net,010-6012-8660,창원,35.2271,128.6811,2022-10-20,우수
3202,전하린,jhr649@daum.net,010-6317-9442,울산,35.5398,129.3114,2021-01-26,우수
3203,서예린,sngr554@daum.net,,창원,35.2271,128.6811,2022-02-01,일반
3204,송현우,shng103@nate.com,010-2955-1830,인천,37.4563,126.7052,2021-07-26,VIP
3205,송서준,ssj687@naver.com,010-3169-1121,울산,35.5398,129.3114,2021-03-27,우수
3206,최서연,chsng430@daum.net,010-7657-5551,광주,35.1595,126.8526,2022-04-06,VIP
3207,오민서,ngms781@nate.com,010-6873-9086,광주,35.1595,126.8526,2021-12-02,VIP
3208,한도윤,hdng276@daum.net,010-1112-1856,세종,36.48,127.289,2022-03-18,우수
3209,신하늘,shn557@daum.net,010-3175-5770,수원,37.2636,127.0286,2022-03-01,일반
3210,이지원,ngjng173@nate.com,010-2745-3521,울산,35.5398,129.3114,2021-12-28,우수
3211,강태현,gth362@daum.net,010-8738-5851,대전,36.3504,127.3845,2021-03-12,일반
3212,김주원,gjng920@naver.com,010-9755-7976,대구,35.8714,128.6014,2022-06-26,우수
3213,김하늘,ghn894@naver.com,010-2040-8415,광주,35.1595,126.8526,2022-04-27,일반
3214,김현우,ghng518@naver.com,010-5387-3521,서울,37.5665,126.978,2022-09-30,우수
3215,조하늘,jhn758@nate.com,,서울,37.5665,126.978,2021-06-27,일반
3216,오채원,ngchng149@naver.com,010-5554-2133,서울,37.5665,126.978,2022-09-16,일반
3217,조지훈,jjh784@gmail.com,010-8792-8942,창원,35.2271,128.6811,2022-03-20,일반
3218,전태현,jth598@naver.com,010-5402-2794,대전,36.3504,127.3845,2021-12-11,일반
3219,조지원,jjng498@daum.net,010-1692-8602,수원,37.2636,127.0286,2021-01-14,우수
3220,조지원,jjng871@nate.com,010-9346-1232,전주,35.8219,127.148,2022-05-19,우수
3221,전유진,jngj610@naver.com,010-6517-9986,창원,35.2271,128.6811,2021-09-15,우수
3222,이주원,ngjng773@nate.com,010-5111-5428,서울,37.5665,126.978,2021-06-22,일반
3223,정서현,jsh992@gmail.com,010-9690-3292,대구,35.8714,128.6014,2021-04-03,일반
3224,오하늘,nghn387@gmail.com,010-3516-1669,세종,36.48,127.289,2021-07-15,일반
3225,윤도윤,ngdng677@nate.com,010-9725-8156,청주,36.6424,127.489,2022-04-16,일반
3226,권지원,gjng724@daum.net,010-9412-7969,부산,35.1796,129.0756,2022-11-04,VIP
3227,장도현,jdh803@naver.com,010-3115-6242,대구,35.8714,128.6014,2021-01-04,일반
3228,안지현,ngjh505@daum.net,010-5009-4600,부산,35.1796,129.0756,2022-08-08,일반
3229,강태현,gth539@gmail.com,010-9988-7172,전주,35.8219,127.148,2022-10-21,일반
3230,장하준,jhj570@nate.com,010-4437-2616,세종,36.48,127.289,2021-10-27,일반
3231,권지후,gjh816@gmail.com,,울산,35.5398,129.3114,2022-02-17,우수
3232,전지후,jjh772@gmail.com,010-9677-2479,광주,35.1595,126.8526,2021-04-05,우수
3233,권지아,gjng612@naver.com,010-6927-6568,대전,36.3504,127.3845,2021-05-31,일반
3234,전우진,jngj524@gmail.com,010-8539-3366,울산,35.5398,129.3114,2021-06-06,일반
3235,윤서현,ngsh585@gmail.com,010-1441-3482,세종,36.48,127.289,2022-10-02,일반
3236,강현우,ghng582@gmail.com,010-8019-6183,서울,37.5665,126.978,2022-12-27,일반
3237,장지현,jjh918@nate.com,010-5596-8635,서울,37.5665,126.978,2022-11-19,일반
3238,권시아,gsng430@daum.net,010-7893-9133,부산,35.1796,129.0756,2022-10-05,MVP
3239,오유진,ngngj307@gmail.com,010-1651-8412,수원,37.2636,127.0286,2022-07-08,우수
3240,조수빈,jsb626@gmail.com,,광주,35.1595,126.8526,2022-08-21,우수
3241,황하린,hhr159@daum.net,010-7399-3746,광주,35.1595,126.8526,2022-06-07,일반
3242,신영민,sngm663@naver.com,010-8262-7734,수원,37.2636,127.0286,2021-09-27,일반
3243,조하늘,jhn123@naver.com,010-2298-3472,서울,37.5665,126.978,2022-12-03,우수
3244,윤시아,ngsng508@gmail.com,010-1456-6467,인천,37.4563,126.7052,2021-04-28,우수
3245,박지아,bjng999@gmail.com,010-9847-9568,인천,37.4563,126.7052,2022-08-04,우수
3246,신지현,sjh771@gmail.com,010-1435-9002,수원,37.2636,127.0286,2021-05-18,일반
3247,김도현,gdh511@nate.com,,전주,35.8219,127.148,2022-09-03,우수
3248,최서준,chsj565@naver.com,010-3358-7350,대구,35.8714,128.6014,2022-05-08,일반
3249,송하린,shr336@naver.com,010-8154-5977,대전,36.3504,127.3845,2022-12-25,VIP
3250,권도현,gdh147@naver.com,,전주,35.8219,127.148,2021-11-20,우수
3251,황유진,hngj571@nate.com,010-4129-6543,수원,37.2636,127.0286,2021-08-19,우수
3252,한가은,hgng556@gmail.com,010-2663-3798,세종,36.48,127.289,2022-03-29,일반
3253,조도윤,jdng430@daum.net,,광주,35.1595,126.8526,2022-10-10,우수
3254,오수빈,ngsb792@gmail.com,010-9598-8838,광주,35.1595,126.8526,2021-05-11,일반
3255,윤하늘,nghn380@daum.net,010-9341-9804,대전,36.3504,127.3845,2021-02-15,일반
3256,조도윤,jdng178@daum.net,010-1842-2677,부산,35.1796,129.0756,2021-11-12,일반
3257,정도현,jdh332@daum.net,010-8273-2865,서울,37.5665,126.978,2021-07-23,우수
3258,오서현,ngsh868@nate.com,,수원,37.2636,127.0286,2022-09-09,일반
3259,이시아,ngsng754@nate.com,010-1875-3328,세종,36.48,127.289,2022-09-25,일반
3260,윤서현,ngsh409@daum.net,010-5315-7750,광주,35.1595,126.8526,2022-03-13,VIP
3261,황시아,hsng929@daum.net,010-7934-8000,서울,37.5665,126.978,2021-08-26,일반
3262,임영민,ngngm122@gmail.com,010-6231-8860,울산,35.5398,129.3114,2021-08-12,우수
3263,조나윤,jnng610@naver.com,010-9162-6997,부산,35.1796,129.0756,2021-12-30,일반
3264,권가은,ggng264@naver.com,010-9340-7447,청주,36.6424,127.489,2022-03-26,일반
3265,송나윤,snng860@naver.com,,전주,35.8219,127.148,2021-02-08,우수
3266,박유진,bngj672@daum.net,010-3681-4715,전주,35.8219,127.148,2022-11-09,일반
3267,윤하준,nghj407@gmail.com,,울산,35.5398,129.3114,2022-01-17,일반
3268,한서현,hsh856@daum.net,010-7374-1392,수원,37.2636,127.0286,2021-09-11,우수
3269,권도현,gdh312@daum.net,010-5171-7369,대전,36.3504,127.3845,2022-01-29,우수
3270,강채원,gchng225@daum.net,010-9925-5643,전주,35.8219,127.148,2022-10-10,우수
3271,박도현,bdh742@nate.com,,대전,36.3504,127.3845,2022-09-17,일반
3272,박수빈,bsb103@daum.net,010-2260-9415,서울,37.5665,126.978,2021-06-15,일반
3273,최지민,chjm678@gmail.com,010-2620-4734,청주,36.6424,127.489,2021-10-21,우수
3274,임영민,ngngm380@nate.com,010-5180-4332,울산,35.5398,129.3114,2022-12-17,우수
3275,황현정,hhj560@daum.net,010-3054-9782,서울,37.5665,126.978,2021-05-12,VIP
3276,신우진,sngj780@naver.com,010-7959-6699,대구,35.8714,128.6014,2021-01-30,VIP
3277,김시아,gsng843@nate.com,,전주,35.8219,127.148,2021-07-11,VIP
3278,조서연,jsng486@nate.com,010-7185-7807,세종,36.48,127.289,2021-05-07,일반
3279,서서연,ssng179@gmail.com,010-4940-5552,인천,37.4563,126.7052,2021-11-17,일반
3280,강현정,ghj132@naver.com,010-4607-5401,인천,37.4563,126.7052,2021-05-17,우수
3281,전지아,jjng140@gmail.com,010-4616-7897,대구,35.8714,128.6014,2022-03-25,일반
3282,황지원,hjng732@gmail.com,010-2182-6364,부산,35.1796,129.0756,2022-05-01,일반
3283,정서현,jsh411@daum.net,010-1440-3690,울산,35.5398,129.3114,2021-05-04,VIP
3284,조현우,jhng895@daum.net,010-7479-6906,부산,35.1796,129.0756,2022-04-14,VIP
3285,서태현,sth414@naver.com,,울산,35.5398,129.3114,2021-02-23,일반
3286,신현우,shng601@naver.com,,울산,35.5398,129.3114,2021-08-12,일반
3287,전현정,jhj868@daum.net,010-6486-6832,전주,35.8219,127.148,2022-10-21,일반
3288,전나윤,jnng261@naver.com,010-5304-2518,세종,36.48,127.289,2022-12-03,VIP
3289,임하린,nghr146@gmail.com,010-3931-6480,대구,35.8714,128.6014,2022-07-15,VIP
3290,오예준,ngngj846@naver.com,010-5191-7542,대전,36.3504,127.3845,2021-10-23,일반
3291,황주원,hjng284@naver.com,010-4951-4824,창원,35.2271,128.6811,2021-01-01,일반
3292,박지훈,bjh469@daum.net,,울산,35.5398,129.3114,2022-12-14,VIP
3293,황우진,hngj694@naver.com,,인천,37.4563,126.7052,2022-01-02,일반
3294,장가은,jgng900@nate.com,010-6190-4500,수원,37.2636,127.0286,2022-06-14,우수
3295,박주원,bjng995@gmail.com,010-5676-4995,대전,36.3504,127.3845,2021-01-15,MVP
3296,권민서,gms766@nate.com,010-1848-9656,울산,35.5398,129.3114,2021-04-08,일반
3297,한하늘,hhn152@gmail.com,010-4984-2405,부산,35.1796,129.0756,2022-12-15,우수
3298,임지후,ngjh696@gmail.com,010-5098-4749,광주,35.1595,126.8526,2021-04-05,일반
3299,서민서,sms647@nate.com,,인천,37.4563,126.7052,2022-10-09,일반
3300,김민서,gms917@gmail.com,,수원,37.2636,127.0286,2022-04-13,VIP
3301,신서현,ssh637@daum.net,,울산,35.5398,129.3114,2021-11-05,일반
3302,권영민,gngm154@nate.com,010-1037-3339,청주,36.6424,127.489,2022-07-16,MVP
3303,서영민,sngm692@naver.com,010-5313-3936,대구,35.8714,128.6014,2021-03-15,우수
3304,조민준,jmj513@gmail.com,,서울,37.5665,126.978,2021-07-09,일반
3305,강하늘,ghn542@daum.net,010-1309-6348,청주,36.6424,127.489,2022-12-09,일반
3306,정하준,jhj395@gmail.com,010-1447-7614,부산,35.1796,129.0756,2021-10-24,일반
3307,서민서,sms137@gmail.com,010-3321-1312,광주,35.1595,126.8526,2021-03-19,일반
3308,최지현,chjh511@nate.com,010-9508-3304,대구,35.8714,128.6014,2021-07-30,일반
3309,정주원,jjng973@naver.com,,대전,36.3504,127.3845,2021-02-08,일반
3310,오현우,nghng989@naver.com,,인천,37.4563,126.7052,2022-11-12,일반
3311,한지민,hjm243@gmail.com,010-1759-2237,부산,35.1796,129.0756,2022-11-11,우수
3312,최나윤,chnng312@daum.net,010-2655-4152,수원,37.2636,127.0286,2021-11-11,우수
3313,윤서현,ngsh278@daum.net,010-2912-4517,인천,37.4563,126.7052,2022-06-14,우수
3314,강현우,ghng850@daum.net,010-6460-3068,광주,35.1595,126.8526,2022-02-26,일반
3315,조우진,jngj290@nate.com,010-8015-1081,대전,36.3504,127.3845,2021-11-02,일반
3316,강지훈,gjh697@nate.com,010-1893-6842,울산,35.5398,129.3114,2021-07-17,우수
3317,윤서연,ngsng868@nate.com,010-4973-5533,청주,36.6424,127.489,2022-11-18,일반
3318,전지아,jjng752@daum.net,010-4801-6836,인천,37.4563,126.7052,2022-09-29,일반
3319,신영민,sngm892@gmail.com,,광주,35.1595,126.8526,2022-12-06,VIP
3320,신지민,sjm479@daum.net,010-7391-3583,창원,35.2271,128.6811,2021-03-09,우수
3321,한현정,hhj352@gmail.com,010-2724-5367,창원,35.2271,128.6811,2022-03-03,우수
3322,황현정,hhj478@naver.com,010-7076-3609,대구,35.8714,128.6014,2022-02-19,일반
3323,임태현,ngth552@daum.net,010-4822-6538,울산,35.5398,129.3114,2022-03-21,우수
3324,조지아,jjng694@nate.com,010-6555-5093,인천,37.4563,126.7052,2022-10-12,우수
3325,정우진,jngj307@nate.com,,세종,36.48,127.289,2022-08-30,우수
3326,최유진,chngj586@gmail.com,010-7854-4219,인천,37.4563,126.7052,2022-10-19,우수
3327,송도현,sdh329@daum.net,010-5695-7730,대전,36.3504,127.3845,2021-08-06,VIP
3328,송유진,sngj612@nate.com,010-7765-2659,대구,35.8714,128.6014,2022-11-16,우수
3329,신채원,schng651@naver.com,010-4872-9951,대전,36.3504,127.3845,2022-08-03,일반
3330,박서연,bsng198@daum.net,010-2364-2663,대구,35.8714,128.6014,2022-11-21,우수
3331,신태현,sth900@naver.com,,전주,35.8219,127.148,2022-04-18,우수
3332,윤민준,ngmj609@naver.com,010-8725-3720,세종,36.48,127.289,2021-05-14,우수
3333,김도윤,gdng380@nate.com,010-1312-3292,세종,36.48,127.289,2022-07-22,일반
3334,신채원,schng381@naver.com,010-5677-7524,부산,35.1796,129.0756,2021-05-15,일반
3335,조시아,jsng886@daum.net,,세종,36.48,127.289,2022-02-11,VIP
3336,장영민,jngm247@naver.com,010-7643-4360,울산,35.5398,129.3114,2022-12-21,우수
3337,조하린,jhr211@nate.com,010-5924-1185,인천,37.4563,126.7052,2022-08-23,VIP
3338,조지민,jjm940@daum.net,,수원,37.2636,127.0286,2022-11-12,우수
3339,최하준,chhj757@nate.com,010-8539-2448,전주,35.8219,127.148,2022-01-28,우수
3340,서수빈,ssb788@gmail.com,010-4673-4579,울산,35.5398,129.3114,2022-11-30,우수
3341,오현우,nghng714@gmail.com,010-2760-3782,서울,37.5665,126.978,2021-04-18,VIP
3342,한현정,hhj891@gmail.com,010-5045-5458,부산,35.1796,129.0756,2022-02-15,우수
3343,전서준,jsj879@gmail.com,010-5454-4529,대구,35.8714,128.6014,2021-08-20,우수
3344,황도현,hdh781@nate.com,010-5483-9740,세종,36.48,127.289,2022-11-04,일반
3345,최우진,chngj146@daum.net,010-8113-9087,부산,35.1796,129.0756,2021-03-05,일반
3346,조서준,jsj175@daum.net,,수원,37.2636,127.0286,2021-04-04,우수
3347,김우진,gngj692@gmail.com,010-3646-1633,서울,37.5665,126.978,2021-02-18,일반
3348,정하늘,jhn675@nate.com,010-9917-1540,울산,35.5398,129.3114,2021-05-02,일반
3349,박태현,bth735@gmail.com,,대구,35.8714,128.6014,2021-10-26,일반
3350,조지훈,jjh613@daum.net,010-3554-1981,대전,36.3504,127.3845,2022-07-21,일반
3351,조유진,jngj302@gmail.com,010-2575-8957,울산,35.5398,129.3114,2021-03-04,일반
3352,전도윤,jdng310@nate.com,010-8873-2620,서울,37.5665,126.978,2021-03-23,일반
3353,박현정,bhj607@gmail.com,010-2601-6069,대구,35.8714,128.6014,2021-05-19,VIP
3354,김주원,gjng410@nate.com,,청주,36.6424,127.489,2021-01-05,우수
3355,안지아,ngjng922@gmail.com,,대전,36.3504,127.3845,2021-04-05,일반
3356,송수빈,ssb971@daum.net,010-2230-4491,광주,35.1595,126.8526,2021-05-20,일반
3357,서민서,sms969@daum.net,010-8023-4072,세종,36.48,127.289,2022-01-25,우수
3358,박현우,bhng667@gmail.com,010-2821-7208,서울,37.5665,126.978,2022-10-15,일반
3359,최현정,chhj691@daum.net,010-2949-6707,인천,37.4563,126.7052,2021-09-13,VIP
3360,임태현,ngth149@gmail.com,,전주,35.8219,127.148,2021-09-01,우수
3361,오지후,ngjh439@gmail.com,010-4039-7365,울산,35.5398,129.3114,2022-09-04,우수
3362,박서연,bsng661@daum.net,,광주,35.1595,126.8526,2021-12-12,일반
3363,오하준,nghj875@nate.com,010-1033-3276,전주,35.8219,127.148,2021-11-16,우수
3364,한우진,hngj598@gmail.com,010-5520-9529,전주,35.8219,127.148,2022-04-23,일반
3365,안도현,ngdh467@nate.com,010-4619-1956,울산,35.5398,129.3114,2022-09-12,VIP
3366,김지원,gjng208@daum.net,010-7584-4411,울산,35.5398,129.3114,2022-04-08,우수
3367,한지원,hjng896@daum.net,010-2415-8465,인천,37.4563,126.7052,2021-07-08,일반
3368,정지민,jjm513@naver.com,010-1424-5243,청주,36.6424,127.489,2022-01-06,일반
3369,신지현,sjh108@nate.com,,서울,37.5665,126.978,2022-11-11,일반
3370,임지현,ngjh769@daum.net,,부산,35.1796,129.0756,2021-08-16,우수
3371,신하늘,shn763@nate.com,,인천,37.4563,126.7052,2021-09-24,일반
3372,안수빈,ngsb896@gmail.com,010-7747-7703,서울,37.5665,126.978,2021-01-04,우수
3373,송하린,shr160@daum.net,,부산,35.1796,129.0756,2022-05-13,일반
3374,정민준,jmj583@nate.com,010-2823-2994,인천,37.4563,126.7052,2021-07-16,우수
3375,한지현,hjh911@naver.com,,인천,37.4563,126.7052,2021-08-23,VIP
3376,정하준,jhj279@naver.com,010-8717-6353,대전,36.3504,127.3845,2021-01-14,우수
3377,정하늘,jhn297@daum.net,010-1523-1021,창원,35.2271,128.6811,2022-08-29,우수
3378,장예준,jngj139@daum.net,010-4738-7111,세종,36.48,127.289,2022-09-12,일반
3379,최가은,chgng218@naver.com,,광주,35.1595,126.8526,2022-11-15,일반
3380,오지후,ngjh426@nate.com,010-9693-3150,인천,37.4563,126.7052,2021-06-18,우수
3381,김현정,ghj547@daum.net,010-6888-9017,부산,35.1796,129.0756,2022-10-17,일반
3382,송서준,ssj713@nate.com,,수원,37.2636,127.0286,2021-09-04,일반
3383,송민준,smj971@gmail.com,,서울,37.5665,126.978,2021-11-04,일반
3384,임도현,ngdh987@daum.net,,대구,35.8714,128.6014,2021-11-05,일반
3385,오지현,ngjh877@naver.com,010-5303-5717,수원,37.2636,127.0286,2021-04-08,일반
3386,황지아,hjng519@nate.com,,대전,36.3504,127.3845,2022-10-06,VIP
3387,이하준,nghj187@naver.com,010-6641-9154,서울,37.5665,126.978,2022-01-30,일반
3388,송서현,ssh827@gmail.com,010-2890-3390,청주,36.6424,127.489,2021-08-21,우수
3389,최현우,chhng943@nate.com,010-7594-1225,대전,36.3504,127.3845,2021-09-03,일반
3390,오영민,ngngm439@daum.net,010-6014-1341,광주,35.1595,126.8526,2022-05-20,우수
3391,송나윤,snng384@naver.com,010-8043-1800,창원,35.2271,128.6811,2021-01-01,일반
3392,임지원,ngjng256@nate.com,,서울,37.5665,126.978,2022-01-22,VIP
3393,이지민,ngjm439@nate.com,010-5478-7082,세종,36.48,127.289,2021-09-04,VIP
3394,권태현,gth144@gmail.com,,울산,35.5398,129.3114,2021-11-22,일반
3395,서예준,sngj328@nate.com,,청주,36.6424,127.489,2022-07-28,VIP
3396,전태현,jth665@gmail.com,010-1335-9389,인천,37.4563,126.7052,2022-01-02,MVP
3397,장지후,jjh590@nate.com,,창원,35.2271,128.6811,2022-09-21,VIP
3398,신우진,sngj375@daum.net,010-3954-6293,세종,36.48,127.289,2022-05-26,VIP
3399,김지아,gjng388@naver.com,010-3852-4483,대구,35.8714,128.6014,2021-05-25,일반
3400,임하늘,nghn104@gmail.com,010-3064-6043,대전,36.3504,127.3845,2021-03-23,우수
3401,최채원,chchng438@daum.net,010-6367-9758,대구,35.8714,128.6014,2022-02-12,일반
3402,오유진,ngngj569@daum.net,010-9175-7206,창원,35.2271,128.6811,2021-01-30,일반
3403,김하준,ghj384@naver.com,,광주,35.1595,126.8526,2022-04-09,MVP
3404,조현우,jhng772@naver.com,010-5769-6879,창원,35.2271,128.6811,2021-12-13,일반
3405,강도현,gdh327@gmail.com,010-3282-9607,광주,35.1595,126.8526,2022-10-18,우수
3406,신현우,shng147@daum.net,010-7427-4011,서울,37.5665,126.978,2021-05-24,VIP
3407,박수빈,bsb261@gmail.com,010-3274-3146,세종,36.48,127.289,2021-10-30,VIP
3408,김우진,gngj189@nate.com,010-3897-2953,세종,36.48,127.289,2022-07-09,MVP
3409,한예린,hngr346@naver.com,010-8779-1081,울산,35.5398,129.3114,2022-01-27,일반
3410,신현우,shng229@daum.net,,서울,37.5665,126.978,2021-08-09,일반
3411,윤시아,ngsng260@gmail.com,010-6870-1124,대전,36.3504,127.3845,2022-06-29,일반
3412,강주원,gjng146@nate.com,010-2740-4921,부산,35.1796,129.0756,2022-11-19,일반
3413,윤지후,ngjh482@naver.com,010-2012-1033,세종,36.48,127.289,2022-09-11,일반
3414,이서현,ngsh122@naver.com,010-8049-2629,전주,35.8219,127.148,2022-08-19,일반
3415,신주원,sjng288@daum.net,010-9064-2048,울산,35.5398,129.3114,2022-11-25,우수
3416,안채원,ngchng477@daum.net,,창원,35.2271,128.6811,2021-11-13,우수
3417,권시아,gsng736@naver.com,010-6638-4558,대구,35.8714,128.6014,2021-01-01,일반
3418,정채원,jchng339@gmail.com,010-8626-9756,울산,35.5398,129.3114,2022-10-29,우수
3419,박우진,bngj439@nate.com,010-5015-8273,대전,36.3504,127.3845,2022-03-28,일반
3420,김현정,ghj857@gmail.com,010-6779-4208,창원,35.2271,128.6811,2021-10-30,일반
3421,최도현,chdh182@nate.com,010-8012-6570,세종,36.48,127.289,2022-03-15,우수
3422,이지원,ngjng281@nate.com,,청주,36.6424,127.489,2022-03-05,우수
3423,김현정,ghj689@naver.com,010-6261-8811,수원,37.2636,127.0286,2021-03-30,우수
3424,송서준,ssj516@gmail.com,,전주,35.8219,127.148,2022-10-02,일반
3425,정현우,jhng170@gmail.com,010-8238-1393,울산,35.5398,129.3114,2022-05-05,VIP
3426,신서현,ssh945@nate.com,010-5031-3219,청주,36.6424,127.489,2022-03-14,우수
3427,정지후,jjh800@nate.com,010-3544-2173,부산,35.1796,129.0756,2022-07-07,우수
3428,정지민,jjm938@daum.net,010-4615-9158,청주,36.6424,127.489,2022-06-09,우수
3429,박예준,bngj392@naver.com,,창원,35.2271,128.6811,2021-11-16,VIP
3430,이민준,ngmj864@naver.com,010-5024-9812,세종,36.48,127.289,2021-12-11,우수
3431,전도현,jdh813@naver.com,010-4394-3346,대구,35.8714,128.6014,2022-12-21,우수
3432,장서연,jsng452@nate.com,010-8843-9771,울산,35.5398,129.3114,2022-09-20,MVP
3433,장도윤,jdng602@naver.com,010-2172-6584,청주,36.6424,127.489,2022-05-24,우수
3434,조도현,jdh636@naver.com,,서울,37.5665,126.978,2021-04-07,일반
3435,장예린,jngr991@gmail.com,,울산,35.5398,129.3114,2021-12-28,우수
3436,서지민,sjm399@naver.com,010-4609-7042,울산,35.5398,129.3114,2022-04-01,일반
3437,박현정,bhj247@nate.com,010-6659-4614,인천,37.4563,126.7052,2021-10-14,일반
3438,윤민서,ngms954@daum.net,010-7322-8688,청주,36.6424,127.489,2022-02-06,우수
3439,서지훈,sjh641@nate.com,010-3617-3698,수원,37.2636,127.0286,2021-10-28,VIP
3440,장영민,jngm921@daum.net,010-1355-6027,전주,35.8219,127.148,2022-01-12,VIP
3441,서서현,ssh241@daum.net,010-7861-6357,서울,37.5665,126.978,2022-02-28,일반
3442,신지아,sjng441@gmail.com,,인천,37.4563,126.7052,2022-11-20,우수
3443,서나윤,snng229@nate.com,010-4791-6235,울산,35.5398,129.3114,2022-12-30,일반
3444,김하린,ghr551@naver.com,010-3268-2195,대전,36.3504,127.3845,2022-12-03,MVP
3445,정시아,jsng212@daum.net,010-1071-4048,울산,35.5398,129.3114,2022-11-04,MVP
3446,정현정,jhj300@daum.net,010-1102-5700,세종,36.48,127.289,2022-04-18,우수
3447,한민서,hms840@nate.com,,인천,37.4563,126.7052,2022-01-18,VIP
3448,안우진,ngngj814@gmail.com,010-9678-3194,세종,36.48,127.289,2021-01-25,우수
3449,박우진,bngj563@naver.com,010-3556-1919,대구,35.8714,128.6014,2021-07-17,우수
3450,전가은,jgng820@daum.net,010-7466-8999,광주,35.1595,126.8526,2021-03-07,일반
3451,신나윤,snng847@nate.com,,서울,37.5665,126.978,2022-02-09,일반
3452,윤예린,ngngr243@nate.com,,대구,35.8714,128.6014,2021-01-05,우수
3453,정태현,jth912@naver.com,010-9486-5787,서울,37.5665,126.978,2021-02-20,우수
3454,안도현,ngdh374@naver.com,010-9898-4334,울산,35.5398,129.3114,2021-09-17,일반
3455,조나윤,jnng317@nate.com,010-1375-9347,세종,36.48,127.289,2022-11-23,VIP
3456,강가은,ggng653@nate.com,,세종,36.48,127.289,2022-10-16,일반
3457,조지민,jjm108@daum.net,010-5686-8124,청주,36.6424,127.489,2022-11-25,우수
3458,정민준,jmj675@daum.net,010-1851-2863,울산,35.5398,129.3114,2021-10-14,우수
3459,조주원,jjng367@daum.net,010-7130-1817,부산,35.1796,129.0756,2022-08-01,우수
3460,김예준,gngj210@daum.net,,대전,36.3504,127.3845,2022-02-05,우수
3461,한현정,hhj643@gmail.com,010-9583-9348,수원,37.2636,127.0286,2021-02-19,일반
3462,전서현,jsh875@gmail.com,010-2003-5617,대전,36.3504,127.3845,2021-09-19,일반
3463,이지훈,ngjh347@gmail.com,010-9338-6569,광주,35.1595,126.8526,2022-02-20,우수
3464,박예린,bngr318@daum.net,010-2688-5496,대구,35.8714,128.6014,2022-06-19,우수
3465,안서현,ngsh322@nate.com,010-9285-1818,대전,36.3504,127.3845,2022-04-15,일반
3466,조서준,jsj739@gmail.com,010-6206-7249,부산,35.1796,129.0756,2022-02-17,우수
3467,임수빈,ngsb212@nate.com,010-2494-1609,세종,36.48,127.289,2022-07-17,일반
3468,정태현,jth573@gmail.com,010-4345-8925,울산,35.5398,129.3114,2022-09-13,우수
3469,최서연,chsng195@gmail.com,010-7951-9476,광주,35.1595,126.8526,2022-06-13,VIP
3470,서도윤,sdng187@nate.com,010-9541-4308,울산,35.5398,129.3114,2022-03-26,일반
3471,조하준,jhj523@gmail.com,010-1460-6453,세종,36.48,127.289,2021-02-12,일반
3472,송지후,sjh483@naver.com,010-2097-6697,대전,36.3504,127.3845,2022-01-01,우수
3473,서유진,sngj550@naver.com,010-4922-5054,수원,37.2636,127.0286,2022-01-14,우수
3474,전서현,jsh707@naver.com,010-3326-2544,대전,36.3504,127.3845,2021-06-13,우수
3475,권태현,gth895@nate.com,,광주,35.1595,126.8526,2022-07-27,VIP
3476,오지아,ngjng933@daum.net,010-4408-1070,울산,35.5398,129.3114,2022-03-15,VIP
3477,조민준,jmj255@daum.net,010-8569-3928,대구,35.8714,128.6014,2021-06-11,MVP
3478,황나윤,hnng493@nate.com,010-4636-5178,창원,35.2271,128.6811,2022-07-28,우수
3479,오예준,ngngj753@daum.net,,전주,35.8219,127.148,2022-12-29,일반
3480,오주원,ngjng995@daum.net,,대전,36.3504,127.3845,2022-03-13,일반
3481,윤민준,ngmj923@nate.com,010-8731-3049,대구,35.8714,128.6014,2021-01-08,일반
3482,김서현,gsh567@naver.com,010-8784-8686,수원,37.2636,127.0286,2021-06-20,우수
3483,권도현,gdh864@gmail.com,010-6227-3101,부산,35.1796,129.0756,2022-05-29,일반
3484,황서현,hsh616@nate.com,010-2007-1141,대구,35.8714,128.6014,2021-01-02,VIP
3485,권도현,gdh184@naver.com,010-5565-3307,부산,35.1796,129.0756,2021-02-19,우수
3486,조우진,jngj791@daum.net,010-1849-6714,세종,36.48,127.289,2021-08-10,우수
3487,황지현,hjh941@nate.com,010-7999-2971,세종,36.48,127.289,2021-04-07,일반
3488,전시아,jsng746@nate.com,010-8118-6732,부산,35.1796,129.0756,2022-01-21,일반
3489,신지민,sjm888@nate.com,,울산,35.5398,129.3114,2021-10-31,일반
3490,신하늘,shn975@naver.com,010-1263-1286,대구,35.8714,128.6014,2021-10-22,일반
3491,한주원,hjng265@daum.net,010-6972-4215,인천,37.4563,126.7052,2022-11-22,일반
3492,권하린,ghr305@naver.com,010-5233-4995,인천,37.4563,126.7052,2021-04-01,우수
3493,김수빈,gsb121@daum.net,010-4985-7903,전주,35.8219,127.148,2021-10-19,VIP
3494,이나윤,ngnng216@daum.net,010-2353-6386,세종,36.48,127.289,2022-10-18,VIP
3495,이채원,ngchng818@gmail.com,010-3480-7865,서울,37.5665,126.978,2021-03-12,우수
3496,김민준,gmj616@gmail.com,010-4423-5286,인천,37.4563,126.7052,2022-02-15,일반
3497,권도현,gdh444@nate.com,010-5735-9316,수원,37.2636,127.0286,2021-07-28,VIP
3498,안가은,nggng311@daum.net,010-2766-5647,세종,36.48,127.289,2021-04-02,VIP
3499,전지민,jjm583@gmail.com,010-9279-7769,대전,36.3504,127.3845,2022-01-29,일반
3500,신지현,sjh390@naver.com,010-2501-9107,인천,37.4563,126.7052,2021-01-24,우수
3501,정영민,jngm773@nate.com,,울산,35.5398,129.3114,2022-01-09,일반
3502,안주원,ngjng417@nate.com,010-3727-9160,수원,37.2636,127.0286,2021-12-08,VIP
3503,정우진,jngj102@gmail.com,010-3314-1340,서울,37.5665,126.978,2022-12-07,MVP
3504,송지민,sjm780@gmail.com,010-7176-1286,부산,35.1796,129.0756,2021-11-08,일반
3505,오예준,ngngj703@gmail.com,010-3346-9118,수원,37.2636,127.0286,2021-12-13,VIP
3506,최지민,chjm767@naver.com,010-4246-4841,전주,35.8219,127.148,2021-02-28,우수
3507,오태현,ngth530@naver.com,010-4289-1210,울산,35.5398,129.3114,2022-09-05,MVP
3508,박도현,bdh159@gmail.com,010-9623-4846,전주,35.8219,127.148,2021-02-08,일반
3509,박지아,bjng554@gmail.com,010-6074-9711,전주,35.8219,127.148,2021-01-04,VIP
3510,이하준,nghj639@naver.com,010-2056-6490,광주,35.1595,126.8526,2022-12-17,일반
3511,송태현,sth714@naver.com,,창원,35.2271,128.6811,2022-12-01,일반
3512,윤서준,ngsj368@naver.com,010-2450-4972,청주,36.6424,127.489,2022-03-31,일반
3513,서지민,sjm274@gmail.com,,수원,37.2636,127.0286,2021-03-26,MVP
3514,정예린,jngr750@nate.com,010-5965-8518,수원,37.2636,127.0286,2021-03-10,VIP
3515,장나윤,jnng568@gmail.com,,광주,35.1595,126.8526,2021-08-14,VIP
3516,박서준,bsj457@naver.com,,청주,36.6424,127.489,2021-09-08,VIP
3517,서민서,sms307@nate.com,010-3285-2550,창원,35.2271,128.6811,2022-05-31,일반
3518,송시아,ssng227@daum.net,010-4813-8772,인천,37.4563,126.7052,2022-11-15,일반
3519,서채원,schng984@daum.net,010-2701-7644,청주,36.6424,127.489,2021-01-30,일반
3520,황서연,hsng590@gmail.com,010-3052-9696,수원,37.2636,127.0286,2022-05-23,일반
3521,송현정,shj321@nate.com,010-6857-1402,대구,35.8714,128.6014,2022-03-19,일반
3522,박채원,bchng770@nate.com,010-7578-3816,청주,36.6424,127.489,2021-06-15,일반
3523,전하준,jhj288@nate.com,010-9435-1183,울산,35.5398,129.3114,2022-03-22,일반
3524,전가은,jgng804@naver.com,010-7474-6322,세종,36.48,127.289,2022-10-22,일반
3525,강하준,ghj663@gmail.com,010-4962-6209,세종,36.48,127.289,2021-10-26,일반
3526,전지아,jjng208@naver.com,010-8868-8616,광주,35.1595,126.8526,2021-12-16,일반
3527,정서연,jsng430@nate.com,,울산,35.5398,129.3114,2021-10-31,MVP
3528,조도현,jdh670@daum.net,,전주,35.8219,127.148,2022-06-29,우수
3529,김도현,gdh174@daum.net,,부산,35.1796,129.0756,2022-03-28,MVP
3530,신유진,sngj594@naver.com,010-3278-6775,창원,35.2271,128.6811,2021-03-13,일반
3531,신지원,sjng920@gmail.com,010-2870-6052,수원,37.2636,127.0286,2022-06-30,일반
3532,안서연,ngsng140@gmail.com,010-1071-4008,청주,36.6424,127.489,2022-01-05,우수
3533,장지훈,jjh708@naver.com,010-9049-6727,수원,37.2636,127.0286,2022-04-03,일반
3534,권서준,gsj741@naver.com,010-4214-1295,청주,36.6424,127.489,2021-01-18,일반
3535,최도윤,chdng848@naver.com,,광주,35.1595,126.8526,2022-10-11,일반
3536,안지민,ngjm955@gmail.com,,세종,36.48,127.289,2021-10-09,일반
3537,김지민,gjm777@daum.net,,인천,37.4563,126.7052,2021-07-05,일반
3538,조서연,jsng719@naver.com,010-7298-3754,부산,35.1796,129.0756,2022-10-12,일반
3539,이민준,ngmj901@nate.com,,청주,36.6424,127.489,2021-07-20,우수
3540,정현정,jhj367@naver.com,010-3275-5252,울산,35.5398,129.3114,2022-10-29,일반
3541,전수빈,jsb472@naver.com,010-1407-6351,세종,36.48,127.289,2022-10-13,일반
3542,황태현,hth900@gmail.com,010-7020-7684,청주,36.6424,127.489,2021-10-11,VIP
3543,황지훈,hjh150@nate.com,010-6929-5979,수원,37.2636,127.0286,2022-05-20,일반
3544,장지원,jjng324@daum.net,010-8030-9994,광주,35.1595,126.8526,2021-03-09,일반
3545,송예린,sngr942@nate.com,,광주,35.1595,126.8526,2022-06-11,VIP
3546,장하늘,jhn303@daum.net,010-6786-9962,수원,37.2636,127.0286,2021-08-23,일반
3547,서서현,ssh263@nate.com,010-7416-5910,세종,36.48,127.289,2021-08-10,일반
3548,안유진,ngngj346@naver.com,010-8745-6978,서울,37.5665,126.978,2022-11-10,일반
3549,안민서,ngms104@daum.net,010-7693-4578,대구,35.8714,128.6014,2021-06-12,일반
3550,장우진,jngj349@nate.com,010-9774-1518,창원,35.2271,128.6811,2022-12-09,우수
3551,한민준,hmj881@daum.net,010-1522-3865,광주,35.1595,126.8526,2021-03-03,VIP
3552,송지훈,sjh510@nate.com,,인천,37.4563,126.7052,2021-01-09,일반
3553,조지훈,jjh276@naver.com,010-8320-4723,창원,35.2271,128.6811,2021-02-16,우수
3554,황도현,hdh245@daum.net,010-6658-1078,대전,36.3504,127.3845,2022-10-13,우수
3555,윤지아,ngjng129@gmail.com,010-6753-2801,울산,35.5398,129.3114,2021-05-22,일반
3556,한서준,hsj792@naver.com,010-5913-6627,전주,35.8219,127.148,2022-12-15,우수
3557,김예린,gngr289@gmail.com,010-2060-3281,대전,36.3504,127.3845,2021-08-03,일반
3558,권하린,ghr371@naver.com,010-6416-4081,대구,35.8714,128.6014,2022-05-19,일반
3559,박현정,bhj838@gmail.com,010-6776-1478,부산,35.1796,129.0756,2021-05-26,일반
3560,장지현,jjh270@nate.com,010-5328-3441,광주,35.1595,126.8526,2021-07-09,일반
3561,송서연,ssng960@nate.com,010-1837-9578,인천,37.4563,126.7052,2022-11-15,일반
3562,한민서,hms328@naver.com,010-5793-6606,수원,37.2636,127.0286,2022-11-25,VIP
3563,박지훈,bjh747@nate.com,010-2324-4803,서울,37.5665,126.978,2022-09-11,일반
3564,오도윤,ngdng180@nate.com,010-6856-6122,청주,36.6424,127.489,2021-11-08,일반
3565,윤가은,nggng564@gmail.com,010-9909-2763,울산,35.5398,129.3114,2021-05-19,일반
3566,서수빈,ssb304@naver.com,010-3300-2423,세종,36.48,127.289,2021-09-14,우수
3567,오영민,ngngm587@daum.net,010-5216-2663,울산,35.5398,129.3114,2021-06-20,우수
3568,강나윤,gnng534@gmail.com,010-9374-8242,수원,37.2636,127.0286,2021-09-21,우수
3569,신하준,shj114@gmail.com,010-8069-4940,울산,35.5398,129.3114,2022-08-08,우수
3570,김현정,ghj964@naver.com,010-2208-8140,창원,35.2271,128.6811,2022-09-05,VIP
3571,황서준,hsj418@daum.net,010-9844-3340,서울,37.5665,126.978,2022-12-31,일반
3572,정도현,jdh793@nate.com,010-2637-3838,세종,36.48,127.289,2021-08-22,우수
3573,조지훈,jjh900@naver.com,010-1630-6055,수원,37.2636,127.0286,2022-07-24,VIP
3574,안지원,ngjng970@gmail.com,010-1936-3379,청주,36.6424,127.489,2021-10-26,MVP
3575,한하린,hhr935@naver.com,010-3371-3878,울산,35.5398,129.3114,2021-11-01,VIP
3576,윤도윤,ngdng352@daum.net,010-7079-8234,인천,37.4563,126.7052,2022-04-28,일반
3577,신수빈,ssb289@gmail.com,010-1397-5673,부산,35.1796,129.0756,2021-12-06,일반
3578,장지후,jjh187@naver.com,010-7103-4686,청주,36.6424,127.489,2021-11-03,일반
3579,박태현,bth139@naver.com,010-2944-2756,청주,36.6424,127.489,2022-08-23,우수
3580,오민준,ngmj517@naver.com,,청주,36.6424,127.489,2022-08-22,일반
3581,권하린,ghr229@nate.com,010-4500-3649,광주,35.1595,126.8526,2021-03-07,일반
3582,안도윤,ngdng962@nate.com,010-1877-9248,인천,37.4563,126.7052,2022-12-03,VIP
3583,황현우,hhng939@naver.com,010-5033-7505,인천,37.4563,126.7052,2021-04-11,일반
3584,전태현,jth177@daum.net,010-8129-8930,세종,36.48,127.289,2021-08-12,VIP
3585,최나윤,chnng127@daum.net,010-8392-8984,인천,37.4563,126.7052,2022-08-02,일반
3586,김수빈,gsb758@daum.net,010-2326-7113,광주,35.1595,126.8526,2022-09-02,일반
3587,조서준,jsj360@daum.net,,광주,35.1595,126.8526,2021-02-22,일반
3588,강민준,gmj234@nate.com,010-9099-1560,전주,35.8219,127.148,2022-06-18,우수
3589,조채원,jchng417@daum.net,010-9241-7549,서울,37.5665,126.978,2021-06-24,일반
3590,권나윤,gnng506@gmail.com,010-5459-1139,대구,35.8714,128.6014,2022-10-27,일반
3591,조지훈,jjh517@nate.com,010-2127-9789,청주,36.6424,127.489,2021-12-23,MVP
3592,정현우,jhng907@nate.com,,수원,37.2636,127.0286,2022-06-02,일반
3593,박태현,bth349@naver.com,,세종,36.48,127.289,2021-06-26,우수
3594,오도윤,ngdng349@naver.com,,대전,36.3504,127.3845,2022-01-20,우수
3595,송우진,sngj263@naver.com,010-9960-3769,서울,37.5665,126.978,2021-04-11,일반
3596,한현정,hhj341@naver.com,010-2258-7336,서울,37.5665,126.978,2022-07-18,우수
3597,안도윤,ngdng841@nate.com,010-4892-9805,대구,35.8714,128.6014,2022-03-02,일반
3598,전예린,jngr783@gmail.com,010-5022-7232,청주,36.6424,127.489,2022-12-20,우수
3599,김수빈,gsb867@daum.net,010-4017-1756,청주,36.6424,127.489,2022-05-13,일반
3600,이민준,ngmj462@naver.com,010-2633-1825,부산,35.1796,129.0756,2021-09-21,우수
3601,황도현,hdh109@nate.com,010-6983-1451,부산,35.1796,129.0756,2022-03-21,일반
3602,송영민,sngm721@daum.net,010-1105-9668,부산,35.1796,129.0756,2021-07-04,우수
3603,한예준,hngj883@gmail.com,010-5979-6927,창원,35.2271,128.6811,2021-03-24,일반
3604,장도현,jdh472@nate.com,,창원,35.2271,128.6811,2022-04-29,일반
3605,신지원,sjng446@nate.com,,부산,35.1796,129.0756,2022-09-07,일반
3606,서민서,sms180@naver.com,010-2905-9208,세종,36.48,127.289,2022-04-02,일반
3607,안서연,ngsng868@naver.com,010-7566-2745,울산,35.5398,129.3114,2021-09-04,VIP
3608,정채원,jchng511@nate.com,010-1413-7099,세종,36.48,127.289,2022-07-11,일반
3609,한민서,hms312@nate.com,010-9597-8828,부산,35.1796,129.0756,2021-07-20,VIP
3610,임영민,ngngm147@naver.com,010-5729-7238,전주,35.8219,127.148,2021-05-24,MVP
3611,박우진,bngj404@nate.com,010-4355-4578,울산,35.5398,129.3114,2021-06-30,우수
3612,김우진,gngj796@gmail.com,010-2585-5885,부산,35.1796,129.0756,2022-04-14,일반
3613,강서현,gsh787@gmail.com,010-4715-2846,광주,35.1595,126.8526,2021-07-10,일반
3614,신지아,sjng854@nate.com,010-1445-5100,대구,35.8714,128.6014,2022-03-02,우수
3615,신유진,sngj486@nate.com,010-1357-4546,창원,35.2271,128.6811,2022-06-07,일반
3616,신지아,sjng672@naver.com,010-4602-8969,서울,37.5665,126.978,2021-01-29,일반
3617,윤지민,ngjm846@naver.com,010-3967-3375,전주,35.8219,127.148,2021-03-22,우수
3618,최예린,chngr759@naver.com,010-4654-5590,세종,36.48,127.289,2021-03-01,VIP
3619,박서준,bsj370@gmail.com,,울산,35.5398,129.3114,2022-12-04,우수
3620,최예준,chngj656@nate.com,010-5600-8861,인천,37.4563,126.7052,2021-05-12,일반
3621,최하늘,chhn297@gmail.com,,부산,35.1796,129.0756,2022-07-04,우수
3622,전나윤,jnng510@gmail.com,010-9615-9530,세종,36.48,127.289,2021-12-09,일반
3623,장영민,jngm690@nate.com,010-1931-6172,대전,36.3504,127.3845,2022-08-19,일반
3624,강도현,gdh989@naver.com,,부산,35.1796,129.0756,2022-05-18,VIP
3625,장지아,jjng974@nate.com,010-2555-9757,광주,35.1595,126.8526,2022-03-04,일반
3626,최태현,chth109@nate.com,010-6134-7658,부산,35.1796,129.0756,2022-05-20,일반
3627,윤도윤,ngdng517@naver.com,010-7005-6773,부산,35.1796,129.0756,2021-06-22,일반
3628,권영민,gngm282@nate.com,010-7725-4570,부산,35.1796,129.0756,2022-03-05,VIP
3629,황도현,hdh674@gmail.com,010-4461-9610,부산,35.1796,129.0756,2022-08-11,우수
3630,전서현,jsh694@gmail.com,010-3731-1775,울산,35.5398,129.3114,2022-06-28,우수
3631,최나윤,chnng312@gmail.com,010-9089-6702,세종,36.48,127.289,2021-03-20,우수
3632,조현정,jhj799@naver.com,010-4186-7907,부산,35.1796,129.0756,2022-02-03,일반
3633,최현정,chhj957@naver.com,010-9632-6397,부산,35.1796,129.0756,2022-04-27,일반
3634,장시아,jsng137@gmail.com,010-1922-4975,대전,36.3504,127.3845,2022-12-07,일반
3635,황예린,hngr267@daum.net,010-6454-9249,전주,35.8219,127.148,2021-10-30,일반
3636,윤유진,ngngj811@nate.com,010-9981-3026,대구,35.8714,128.6014,2022-11-28,일반
3637,정민서,jms971@daum.net,010-3525-3383,전주,35.8219,127.148,2021-08-12,VIP
3638,오나윤,ngnng450@gmail.com,,세종,36.48,127.289,2021-10-06,일반
3639,강유진,gngj671@gmail.com,010-7897-3940,청주,36.6424,127.489,2021-09-18,일반
3640,최영민,chngm820@naver.com,010-1611-2990,전주,35.8219,127.148,2021-07-12,일반
3641,송지민,sjm338@daum.net,,광주,35.1595,126.8526,2021-09-22,일반
3642,조채원,jchng891@daum.net,,광주,35.1595,126.8526,2021-08-28,VIP
3643,신지후,sjh894@gmail.com,,창원,35.2271,128.6811,2021-09-06,일반
3644,황하린,hhr509@daum.net,010-8022-6011,창원,35.2271,128.6811,2021-02-17,일반
3645,한태현,hth907@nate.com,010-1526-3880,인천,37.4563,126.7052,2022-10-07,우수
3646,최수빈,chsb595@naver.com,010-2522-7857,광주,35.1595,126.8526,2022-10-29,일반
3647,신하늘,shn165@gmail.com,010-8708-4147,대구,35.8714,128.6014,2021-08-09,일반
3648,서수빈,ssb129@nate.com,,전주,35.8219,127.148,2021-05-20,일반
3649,윤가은,nggng400@gmail.com,010-3812-3797,전주,35.8219,127.148,2021-07-04,우수
3650,장도윤,jdng804@naver.com,010-5024-4028,서울,37.5665,126.978,2022-02-26,MVP
3651,윤서연,ngsng420@daum.net,010-2636-6079,서울,37.5665,126.978,2021-04-07,우수
3652,임지훈,ngjh272@daum.net,,수원,37.2636,127.0286,2021-10-05,일반
3653,김하준,ghj809@daum.net,,대구,35.8714,128.6014,2022-01-12,VIP
3654,임수빈,ngsb521@daum.net,,전주,35.8219,127.148,2021-04-04,일반
3655,안서연,ngsng773@gmail.com,010-1132-5669,광주,35.1595,126.8526,2022-03-03,일반
3656,최우진,chngj606@daum.net,010-2064-4154,대구,35.8714,128.6014,2022-09-28,일반
3657,권서준,gsj427@daum.net,010-6321-2529,청주,36.6424,127.489,2021-05-18,일반
3658,이하늘,nghn944@naver.com,010-2156-1445,울산,35.5398,129.3114,2021-03-19,우수
3659,조유진,jngj492@daum.net,,창원,35.2271,128.6811,2021-10-01,우수
3660,전시아,jsng279@gmail.com,010-7262-7252,청주,36.6424,127.489,2021-06-28,VIP
3661,서시아,ssng779@nate.com,010-6684-4829,창원,35.2271,128.6811,2021-06-27,우수
3662,윤지아,ngjng492@gmail.com,,창원,35.2271,128.6811,2021-09-14,우수
3663,박서현,bsh942@naver.com,,창원,35.2271,128.6811,2022-11-25,일반
3664,윤현정,nghj913@daum.net,010-3437-5817,인천,37.4563,126.7052,2021-10-15,일반
3665,김지민,gjm534@naver.com,010-4134-4302,수원,37.2636,127.0286,2021-07-12,우수
3666,임예린,ngngr629@naver.com,010-7077-2679,대구,35.8714,128.6014,2021-09-21,일반
3667,안지민,ngjm546@daum.net,010-6930-5718,전주,35.8219,127.148,2021-02-08,VIP
3668,강우진,gngj355@naver.com,010-6402-6628,울산,35.5398,129.3114,2022-09-28,일반
3669,김수빈,gsb375@naver.com,010-6691-3672,광주,35.1595,126.8526,2021-01-23,일반
3670,송서현,ssh635@daum.net,010-8857-1135,창원,35.2271,128.6811,2021-10-06,일반
3671,윤시아,ngsng537@nate.com,010-2574-8705,대전,36.3504,127.3845,2021-12-01,일반
3672,신유진,sngj145@daum.net,010-9569-4299,세종,36.48,127.289,2021-05-08,일반
3673,김서준,gsj880@daum.net,010-8460-4477,대전,36.3504,127.3845,2021-05-20,우수
3674,장우진,jngj857@nate.com,010-8104-8040,청주,36.6424,127.489,2022-01-22,일반
3675,권시아,gsng651@daum.net,010-2744-8496,세종,36.48,127.289,2021-01-17,우수
3676,김지현,gjh984@nate.com,,창원,35.2271,128.6811,2021-02-22,일반
3677,장하린,jhr550@gmail.com,010-4520-9578,부산,35.1796,129.0756,2021-01-27,일반
3678,장현정,jhj833@nate.com,010-6873-7862,부산,35.1796,129.0756,2021-12-11,일반
3679,서채원,schng433@gmail.com,,청주,36.6424,127.489,2021-12-13,VIP
3680,안서연,ngsng120@gmail.com,010-5272-3960,울산,35.5398,129.3114,2022-05-19,일반
3681,조우진,jngj810@naver.com,010-8126-9472,광주,35.1595,126.8526,2022-09-18,우수
3682,오민준,ngmj384@daum.net,010-7700-7693,서울,37.5665,126.978,2022-10-24,일반
3683,전현정,jhj334@nate.com,,광주,35.1595,126.8526,2021-11-15,우수
3684,장태현,jth282@nate.com,010-9799-3749,부산,35.1796,129.0756,2022-04-28,일반
3685,오현정,nghj556@gmail.com,010-6413-1912,대전,36.3504,127.3845,2021-02-04,우수
3686,윤지아,ngjng431@nate.com,010-5929-9424,울산,35.5398,129.3114,2021-06-26,우수
3687,박서현,bsh521@naver.com,010-5005-7671,수원,37.2636,127.0286,2022-10-25,VIP
3688,송지현,sjh153@nate.com,010-4616-1310,대구,35.8714,128.6014,2021-11-27,일반
3689,박민준,bmj888@gmail.com,010-7182-6463,인천,37.4563,126.7052,2022-03-26,일반
3690,박현정,bhj725@naver.com,010-9252-7043,서울,37.5665,126.978,2021-10-29,일반
3691,정도현,jdh989@nate.com,010-8779-1799,세종,36.48,127.289,2021-12-25,VIP
3692,조지민,jjm435@nate.com,010-7921-4532,인천,37.4563,126.7052,2021-02-22,우수
3693,장우진,jngj796@daum.net,010-7602-9334,대구,35.8714,128.6014,2022-10-06,우수
3694,신채원,schng856@naver.com,010-3466-4214,대구,35.8714,128.6014,2021-04-18,일반
3695,윤지원,ngjng550@nate.com,010-1783-8348,부산,35.1796,129.0756,2022-05-04,일반
3696,윤영민,ngngm227@nate.com,010-8552-8562,대전,36.3504,127.3845,2021-10-14,일반
3697,서하준,shj791@nate.com,010-7429-8282,인천,37.4563,126.7052,2022-02-02,MVP
3698,송유진,sngj813@gmail.com,010-9001-9124,수원,37.2636,127.0286,2022-09-21,우수
3699,장현정,jhj607@daum.net,010-4922-5673,창원,35.2271,128.6811,2021-10-07,VIP
3700,안가은,nggng442@naver.com,010-8309-8531,창원,35.2271,128.6811,2021-12-29,일반
3701,장태현,jth945@gmail.com,010-7879-8787,대구,35.8714,128.6014,2022-05-03,우수
3702,임민준,ngmj371@naver.com,010-6811-2319,서울,37.5665,126.978,2022-05-07,우수
3703,임하린,nghr555@daum.net,,대구,35.8714,128.6014,2021-11-02,일반
3704,오나윤,ngnng582@naver.com,,청주,36.6424,127.489,2021-08-01,VIP
3705,전서준,jsj907@gmail.com,010-5550-1548,청주,36.6424,127.489,2021-02-17,VIP
3706,서지원,sjng507@daum.net,,전주,35.8219,127.148,2022-06-03,VIP
3707,임채원,ngchng369@daum.net,010-6464-7924,대구,35.8714,128.6014,2022-06-22,우수
3708,한현우,hhng450@naver.com,,대구,35.8714,128.6014,2022-11-25,일반
3709,서서연,ssng132@gmail.com,010-2289-2149,서울,37.5665,126.978,2021-09-24,일반
3710,이채원,ngchng351@daum.net,010-7904-2274,창원,35.2271,128.6811,2022-11-13,MVP
3711,박하린,bhr805@nate.com,,광주,35.1595,126.8526,2021-03-24,일반
3712,최예린,chngr425@naver.com,010-5533-7582,전주,35.8219,127.148,2022-04-04,우수
3713,서예준,sngj419@daum.net,010-2523-9367,세종,36.48,127.289,2022-04-05,우수
3714,서하늘,shn598@gmail.com,010-7743-7551,대전,36.3504,127.3845,2022-04-18,우수
3715,신지아,sjng250@gmail.com,010-7043-7621,전주,35.8219,127.148,2022-01-17,MVP
3716,오하린,nghr700@daum.net,010-2110-5525,서울,37.5665,126.978,2022-06-24,일반
3717,강가은,ggng338@naver.com,010-4046-9132,서울,37.5665,126.978,2021-07-04,일반
3718,서도현,sdh392@gmail.com,010-4964-9765,광주,35.1595,126.8526,2021-10-12,일반
3719,서하준,shj259@gmail.com,010-4543-2445,대전,36.3504,127.3845,2021-02-26,일반
3720,송지민,sjm485@gmail.com,010-4991-4493,대전,36.3504,127.3845,2022-05-12,일반
3721,송시아,ssng958@gmail.com,010-9197-6563,대전,36.3504,127.3845,2022-04-10,일반
3722,강지훈,gjh566@daum.net,,대전,36.3504,127.3845,2021-05-12,VIP
3723,오하린,nghr368@daum.net,010-3727-4701,부산,35.1796,129.0756,2021-01-18,VIP
3724,안민서,ngms760@naver.com,010-7656-7776,광주,35.1595,126.8526,2021-03-26,일반
3725,임도현,ngdh987@nate.com,,세종,36.48,127.289,2021-11-06,일반
3726,박지후,bjh475@gmail.com,,수원,37.2636,127.0286,2022-11-22,VIP
3727,정지원,jjng626@daum.net,010-7855-6214,대구,35.8714,128.6014,2021-10-01,일반
3728,송영민,sngm180@daum.net,010-9814-6974,대구,35.8714,128.6014,2022-09-29,일반
3729,강가은,ggng221@nate.com,010-1948-9560,수원,37.2636,127.0286,2022-09-09,일반
3730,임가은,nggng793@gmail.com,010-6411-6914,인천,37.4563,126.7052,2022-07-22,우수
3731,안영민,ngngm986@gmail.com,010-3913-4524,울산,35.5398,129.3114,2022-04-17,일반
3732,송지후,sjh974@gmail.com,010-2502-9974,창원,35.2271,128.6811,2021-08-14,MVP
3733,이채원,ngchng156@naver.com,010-7310-4097,수원,37.2636,127.0286,2021-03-08,일반
3734,장주원,jjng820@naver.com,,대전,36.3504,127.3845,2021-06-10,우수
3735,한시아,hsng574@naver.com,010-2664-3840,서울,37.5665,126.978,2022-08-25,일반
3736,박하늘,bhn421@naver.com,010-2427-5845,세종,36.48,127.289,2021-07-17,일반
3737,신예준,sngj301@naver.com,010-6838-6938,부산,35.1796,129.0756,2021-12-07,우수
3738,조지현,jjh155@gmail.com,,광주,35.1595,126.8526,2021-08-17,우수
3739,이현정,nghj414@daum.net,010-2440-2635,서울,37.5665,126.978,2022-04-06,우수
3740,이하린,nghr858@nate.com,010-6125-6239,광주,35.1595,126.8526,2022-09-21,우수
3741,권서연,gsng859@nate.com,010-5973-2960,대구,35.8714,128.6014,2021-11-09,VIP
3742,송채원,schng288@gmail.com,010-5372-6590,인천,37.4563,126.7052,2022-02-21,VIP
3743,정서준,jsj526@daum.net,010-2687-1375,청주,36.6424,127.489,2021-03-26,우수
3744,서도윤,sdng811@nate.com,010-2528-1282,청주,36.6424,127.489,2022-01-25,일반
3745,이태현,ngth871@naver.com,010-3023-7627,인천,37.4563,126.7052,2022-11-12,일반
3746,송주원,sjng527@naver.com,,인천,37.4563,126.7052,2022-12-05,일반
3747,황지원,hjng753@nate.com,010-7249-3392,인천,37.4563,126.7052,2022-10-28,우수
3748,김하늘,ghn298@daum.net,010-2414-1063,세종,36.48,127.289,2022-08-10,일반
3749,김지원,gjng682@naver.com,010-6762-9065,인천,37.4563,126.7052,2022-11-09,일반
3750,정나윤,jnng235@nate.com,010-3388-1499,서울,37.5665,126.978,2022-12-22,VIP
3751,이서현,ngsh776@nate.com,010-9082-3110,대전,36.3504,127.3845,2022-07-27,VIP
3752,장현정,jhj295@nate.com,010-2447-5837,부산,35.1796,129.0756,2021-05-29,VIP
3753,오하준,nghj834@gmail.com,010-1377-3415,광주,35.1595,126.8526,2022-11-25,일반
3754,안지민,ngjm116@nate.com,010-3842-3980,서울,37.5665,126.978,2021-10-22,우수
3755,장민준,jmj528@daum.net,010-7539-6588,대전,36.3504,127.3845,2022-05-04,일반
3756,이가은,nggng693@gmail.com,010-9274-6414,대전,36.3504,127.3845,2021-03-27,일반
3757,서지민,sjm804@daum.net,,대구,35.8714,128.6014,2021-02-06,일반
3758,신유진,sngj742@daum.net,010-9063-9697,울산,35.5398,129.3114,2021-05-18,일반
3759,안도현,ngdh622@nate.com,010-4893-2213,전주,35.8219,127.148,2022-01-26,일반
3760,조지민,jjm774@gmail.com,,울산,35.5398,129.3114,2022-10-25,VIP
3761,정영민,jngm705@gmail.com,010-4170-7261,부산,35.1796,129.0756,2021-04-11,일반
3762,김도현,gdh386@nate.com,010-8327-2304,창원,35.2271,128.6811,2021-10-11,우수
3763,전하린,jhr115@naver.com,010-2986-5200,수원,37.2636,127.0286,2021-01-18,우수
3764,안시아,ngsng916@daum.net,010-5748-6046,전주,35.8219,127.148,2021-09-09,일반
3765,박시아,bsng828@gmail.com,010-1782-6925,대전,36.3504,127.3845,2022-04-16,일반
3766,윤우진,ngngj551@naver.com,010-2523-7698,수원,37.2636,127.0286,2021-09-03,일반
3767,황지후,hjh754@gmail.com,010-3065-7452,창원,35.2271,128.6811,2021-12-06,우수
3768,황민준,hmj927@daum.net,010-9662-7780,수원,37.2636,127.0286,2022-06-14,일반
3769,오지민,ngjm805@naver.com,010-9762-4040,창원,35.2271,128.6811,2021-06-20,일반
3770,강하늘,ghn268@gmail.com,010-5021-7119,부산,35.1796,129.0756,2022-06-24,일반
3771,조서준,jsj547@daum.net,010-7920-8945,울산,35.5398,129.3114,2022-07-03,우수
3772,서서현,ssh607@gmail.com,010-4584-8858,창원,35.2271,128.6811,2022-02-13,VIP
3773,장채원,jchng387@daum.net,010-2300-4785,창원,35.2271,128.6811,2022-05-02,일반
3774,한서현,hsh305@gmail.com,010-6402-3599,세종,36.48,127.289,2021-11-27,우수
3775,안가은,nggng737@nate.com,010-5529-2425,대전,36.3504,127.3845,2022-07-05,우수
3776,박가은,bgng751@daum.net,010-3563-8021,수원,37.2636,127.0286,2022-01-31,VIP
3777,권유진,gngj878@gmail.com,,전주,35.8219,127.148,2022-10-30,VIP
3778,황서연,hsng363@daum.net,010-6826-6214,대구,35.8714,128.6014,2021-10-02,우수
3779,박나윤,bnng466@nate.com,010-8218-9673,대전,36.3504,127.3845,2021-04-25,우수
3780,서현우,shng839@gmail.com,010-6750-9262,서울,37.5665,126.978,2022-08-03,VIP
3781,강서준,gsj955@gmail.com,010-2406-6362,울산,35.5398,129.3114,2021-07-16,일반
3782,전민서,jms767@naver.com,,인천,37.4563,126.7052,2021-10-15,일반
3783,안지훈,ngjh877@naver.com,010-8857-7251,대전,36.3504,127.3845,2022-11-10,일반
3784,서지아,sjng149@daum.net,010-2356-9292,울산,35.5398,129.3114,2022-11-02,VIP
3785,이지훈,ngjh108@naver.com,010-2179-6466,대구,35.8714,128.6014,2021-11-04,VIP
3786,윤수빈,ngsb865@naver.com,010-8962-2709,광주,35.1595,126.8526,2022-06-24,일반
3787,한유진,hngj367@daum.net,010-3527-7438,울산,35.5398,129.3114,2021-01-17,우수
3788,이하린,nghr547@nate.com,010-3257-9122,대전,36.3504,127.3845,2022-02-17,일반
3789,정서준,jsj744@daum.net,010-5897-2031,전주,35.8219,127.148,2021-07-31,일반
3790,최하린,chhr807@naver.com,010-6718-7697,전주,35.8219,127.148,2022-06-28,MVP
3791,권채원,gchng741@naver.com,010-3796-2400,수원,37.2636,127.0286,2022-01-09,일반
3792,한유진,hngj839@naver.com,010-9144-8438,수원,37.2636,127.0286,2021-09-09,일반
3793,오지현,ngjh427@naver.com,010-7828-5256,부산,35.1796,129.0756,2021-06-12,우수
3794,조하린,jhr479@nate.com,010-5727-7478,세종,36.48,127.289,2022-10-19,우수
3795,김수빈,gsb674@gmail.com,,세종,36.48,127.289,2021-12-18,일반
3796,전가은,jgng683@gmail.com,,창원,35.2271,128.6811,2022-06-01,우수
3797,황지원,hjng479@gmail.com,010-5543-5897,인천,37.4563,126.7052,2022-08-10,우수
3798,최현정,chhj414@naver.com,010-8036-5515,광주,35.1595,126.8526,2021-07-30,일반
3799,송하준,shj632@naver.com,010-8796-5458,수원,37.2636,127.0286,2022-10-22,일반
3800,권수빈,gsb544@daum.net,010-1601-8887,울산,35.5398,129.3114,2021-11-23,우수
3801,김지원,gjng433@daum.net,010-4444-6012,전주,35.8219,127.148,2022-09-20,일반
3802,윤나윤,ngnng542@nate.com,,청주,36.6424,127.489,2022-05-20,VIP
3803,서현정,shj677@naver.com,010-5352-1880,인천,37.4563,126.7052,2021-01-03,VIP
3804,황지민,hjm810@naver.com,010-6897-8599,대전,36.3504,127.3845,2021-04-26,MVP
3805,권도윤,gdng152@gmail.com,010-5133-8575,부산,35.1796,129.0756,2021-05-07,일반
3806,권지현,gjh334@daum.net,010-2175-5299,창원,35.2271,128.6811,2021-09-27,MVP
3807,송민서,sms236@naver.com,010-9199-6517,광주,35.1595,126.8526,2022-01-10,일반
3808,신지훈,sjh206@naver.com,010-8992-6062,광주,35.1595,126.8526,2021-10-04,일반
3809,최지민,chjm646@daum.net,010-6145-3484,청주,36.6424,127.489,2022-01-19,일반
3810,윤지현,ngjh248@daum.net,010-6636-8962,광주,35.1595,126.8526,2021-12-24,일반
3811,임영민,ngngm599@daum.net,010-7593-1725,수원,37.2636,127.0286,2021-04-11,우수
3812,정현정,jhj643@daum.net,,청주,36.6424,127.489,2022-10-18,일반
3813,조서연,jsng271@naver.com,010-5947-8275,대구,35.8714,128.6014,2022-11-02,일반
3814,김우진,gngj118@nate.com,010-8284-2573,부산,35.1796,129.0756,2021-09-15,우수
3815,장채원,jchng604@nate.com,010-5765-3039,전주,35.8219,127.148,2022-12-12,일반
3816,송지원,sjng830@daum.net,010-9490-4551,창원,35.2271,128.6811,2021-12-15,우수
3817,황우진,hngj481@nate.com,010-4128-7361,서울,37.5665,126.978,2021-05-06,일반
3818,최민준,chmj179@nate.com,010-1644-2718,광주,35.1595,126.8526,2022-09-23,VIP
3819,권채원,gchng136@nate.com,010-5418-1547,세종,36.48,127.289,2022-08-10,VIP
3820,황지아,hjng542@naver.com,010-2603-7518,수원,37.2636,127.0286,2021-11-17,일반
3821,정도윤,jdng867@daum.net,010-7950-8293,창원,35.2271,128.6811,2021-08-31,일반
3822,신예린,sngr355@daum.net,010-4934-7029,대구,35.8714,128.6014,2022-03-15,일반
3823,한가은,hgng639@nate.com,,서울,37.5665,126.978,2022-05-16,VIP
3824,정주원,jjng646@naver.com,010-4776-6659,대전,36.3504,127.3845,2021-03-29,일반
3825,최나윤,chnng298@gmail.com,,부산,35.1796,129.0756,2021-10-06,일반
3826,권도현,gdh977@daum.net,010-4714-8081,인천,37.4563,126.7052,2022-05-20,일반
3827,신지현,sjh788@naver.com,010-7783-8235,광주,35.1595,126.8526,2022-05-07,일반
3828,박가은,bgng374@gmail.com,010-1180-1844,대구,35.8714,128.6014,2022-12-22,일반
3829,권예린,gngr838@naver.com,010-6976-3512,광주,35.1595,126.8526,2022-10-06,VIP
3830,신영민,sngm125@naver.com,010-7800-4887,광주,35.1595,126.8526,2021-07-05,일반
3831,황현정,hhj705@daum.net,,전주,35.8219,127.148,2021-03-11,일반
3832,안지현,ngjh881@nate.com,,울산,35.5398,129.3114,2022-08-21,VIP
3833,정예린,jngr231@naver.com,010-3726-6280,인천,37.4563,126.7052,2021-03-19,VIP
3834,강현정,ghj486@gmail.com,010-9954-3404,부산,35.1796,129.0756,2022-08-23,일반
3835,오현정,nghj733@daum.net,010-5327-5470,울산,35.5398,129.3114,2021-11-23,일반
3836,신도현,sdh481@naver.com,010-6194-5590,인천,37.4563,126.7052,2022-01-19,일반
3837,임도현,ngdh178@gmail.com,010-9721-6613,수원,37.2636,127.0286,2021-04-10,VIP
3838,박지후,bjh491@nate.com,010-6539-3365,대구,35.8714,128.6014,2022-06-08,일반
3839,이지후,ngjh665@gmail.com,010-8026-9404,전주,35.8219,127.148,2022-08-31,VIP
3840,임나윤,ngnng202@daum.net,010-3204-3716,세종,36.48,127.289,2021-03-24,우수
3841,김예준,gngj367@naver.com,010-1977-2596,대구,35.8714,128.6014,2021-09-06,우수
3842,최하준,chhj553@naver.com,010-1187-4204,수원,37.2636,127.0286,2021-08-01,일반
3843,김하늘,ghn593@nate.com,010-1757-1173,대전,36.3504,127.3845,2022-04-25,일반
3844,서예린,sngr780@nate.com,010-4886-8619,울산,35.5398,129.3114,2021-04-22,일반
3845,신주원,sjng858@daum.net,010-8909-2076,서울,37.5665,126.978,2022-05-10,일반
3846,서하준,shj196@nate.com,010-9577-9456,인천,37.4563,126.7052,2021-02-12,우수
3847,신지아,sjng150@daum.net,010-4643-1732,부산,35.1796,129.0756,2022-05-29,MVP
3848,윤태현,ngth946@naver.com,010-7563-5205,울산,35.5398,129.3114,2021-11-01,우수
3849,서수빈,ssb405@gmail.com,,창원,35.2271,128.6811,2022-09-20,우수
3850,이유진,ngngj835@naver.com,,창원,35.2271,128.6811,2022-11-30,일반
3851,장현정,jhj916@gmail.com,010-1253-4759,창원,35.2271,128.6811,2022-12-28,일반
3852,임주원,ngjng444@gmail.com,010-1869-3021,전주,35.8219,127.148,2022-09-03,일반
3853,송예준,sngj855@daum.net,,수원,37.2636,127.0286,2022-08-11,우수
3854,신지아,sjng245@nate.com,010-3869-2931,세종,36.48,127.289,2021-01-12,VIP
3855,오도현,ngdh352@gmail.com,010-7520-3269,창원,35.2271,128.6811,2021-09-12,우수
3856,오하준,nghj511@gmail.com,,인천,37.4563,126.7052,2021-06-28,일반
3857,전채원,jchng874@gmail.com,010-7010-5527,수원,37.2636,127.0286,2022-12-26,일반
3858,안민준,ngmj244@naver.com,010-9249-5883,대구,35.8714,128.6014,2022-01-12,우수
3859,조예린,jngr959@gmail.com,010-4920-6345,서울,37.5665,126.978,2022-02-23,일반
3860,박민서,bms418@daum.net,010-6655-3000,대전,36.3504,127.3845,2022-01-22,VIP
3861,김태현,gth266@gmail.com,010-2448-3466,대전,36.3504,127.3845,2021-02-18,VIP
3862,송현우,shng293@gmail.com,010-8900-1195,창원,35.2271,128.6811,2021-12-05,우수
3863,윤유진,ngngj927@nate.com,010-2334-8961,부산,35.1796,129.0756,2022-05-20,일반
3864,김지후,gjh133@daum.net,010-1933-5971,울산,35.5398,129.3114,2022-05-28,일반
3865,박주원,bjng359@nate.com,,서울,37.5665,126.978,2021-12-04,일반
3866,신지훈,sjh653@naver.com,010-6255-4421,청주,36.6424,127.489,2022-10-09,일반
3867,윤수빈,ngsb494@daum.net,010-7614-8495,부산,35.1796,129.0756,2022-07-25,일반
3868,권지현,gjh783@nate.com,010-4677-6081,서울,37.5665,126.978,2021-01-10,우수
3869,오서현,ngsh963@nate.com,010-4820-2311,청주,36.6424,127.489,2022-10-13,우수
3870,황나윤,hnng342@gmail.com,,대구,35.8714,128.6014,2021-08-20,일반
3871,전현정,jhj530@nate.com,010-5325-6575,광주,35.1595,126.8526,2022-05-27,일반
3872,최나윤,chnng100@daum.net,010-1707-5972,수원,37.2636,127.0286,2021-10-15,일반
3873,권채원,gchng921@naver.com,,부산,35.1796,129.0756,2022-07-09,일반
3874,한지민,hjm120@daum.net,010-8454-6896,대전,36.3504,127.3845,2021-06-16,VIP
3875,전가은,jgng406@nate.com,,울산,35.5398,129.3114,2021-05-01,일반
3876,이민서,ngms689@nate.com,010-6931-5750,울산,35.5398,129.3114,2021-11-11,일반
3877,한서연,hsng449@nate.com,010-8469-3485,인천,37.4563,126.7052,2022-06-09,일반
3878,강지민,gjm799@naver.com,010-1405-4329,대전,36.3504,127.3845,2022-06-04,VIP
3879,전민준,jmj723@daum.net,010-6715-7829,청주,36.6424,127.489,2022-01-25,우수
3880,김영민,gngm544@nate.com,010-3981-7680,전주,35.8219,127.148,2022-08-28,일반
3881,박지후,bjh631@naver.com,010-8255-8220,울산,35.5398,129.3114,2022-07-16,우수
3882,권수빈,gsb710@daum.net,010-4360-7656,세종,36.48,127.289,2021-02-11,우수
3883,정지민,jjm328@nate.com,,세종,36.48,127.289,2022-08-27,MVP
3884,권예준,gngj786@gmail.com,010-6858-3018,서울,37.5665,126.978,2022-03-25,일반
3885,정지아,jjng711@nate.com,010-1532-7666,인천,37.4563,126.7052,2021-07-11,VIP
3886,송태현,sth768@naver.com,,대전,36.3504,127.3845,2021-07-26,VIP
3887,조예린,jngr894@naver.com,010-4764-5132,서울,37.5665,126.978,2021-05-27,VIP
3888,장지민,jjm123@nate.com,010-7190-5236,전주,35.8219,127.148,2021-01-29,우수
3889,윤예린,ngngr102@nate.com,010-4124-6587,창원,35.2271,128.6811,2021-12-19,우수
3890,권지아,gjng501@daum.net,010-3237-9287,인천,37.4563,126.7052,2022-09-06,일반
3891,오현우,nghng593@gmail.com,010-5340-5158,서울,37.5665,126.978,2022-01-27,우수
3892,안태현,ngth947@daum.net,010-6581-5020,대전,36.3504,127.3845,2022-06-29,우수
3893,최도윤,chdng692@gmail.com,010-6095-3345,대전,36.3504,127.3845,2021-06-20,우수
3894,안현정,nghj106@daum.net,010-5959-3162,대구,35.8714,128.6014,2022-03-31,일반
3895,한유진,hngj919@gmail.com,010-7951-9684,세종,36.48,127.289,2022-07-25,우수
3896,권지아,gjng506@gmail.com,,청주,36.6424,127.489,2021-07-04,VIP
3897,전주원,jjng272@gmail.com,010-1560-2524,대구,35.8714,128.6014,2021-03-18,일반
3898,오지아,ngjng510@nate.com,010-3158-9846,대구,35.8714,128.6014,2022-08-30,VIP
3899,황시아,hsng637@nate.com,010-2249-5122,인천,37.4563,126.7052,2022-06-16,우수
3900,강현정,ghj417@daum.net,010-2853-8764,울산,35.5398,129.3114,2021-06-27,VIP
3901,전지민,jjm417@daum.net,,부산,35.1796,129.0756,2022-03-14,일반
3902,조나윤,jnng287@gmail.com,,세종,36.48,127.289,2021-01-05,일반
3903,박가은,bgng142@naver.com,010-2299-3458,수원,37.2636,127.0286,2022-05-15,VIP
3904,김주원,gjng797@naver.com,010-1059-2347,전주,35.8219,127.148,2022-12-22,일반
3905,황지원,hjng404@daum.net,010-9680-9163,대전,36.3504,127.3845,2021-03-10,VIP
3906,정예린,jngr985@gmail.com,010-3156-8642,서울,37.5665,126.978,2021-10-03,일반
3907,오서현,ngsh857@gmail.com,,부산,35.1796,129.0756,2021-12-31,우수
3908,전수빈,jsb358@daum.net,010-7524-1907,인천,37.4563,126.7052,2021-02-22,일반
3909,황지아,hjng885@daum.net,010-4090-4304,대전,36.3504,127.3845,2022-07-10,우수
3910,김시아,gsng481@nate.com,010-4541-7519,인천,37.4563,126.7052,2021-09-01,일반
3911,송가은,sgng759@gmail.com,010-5253-6498,울산,35.5398,129.3114,2021-02-20,일반
3912,권하린,ghr257@naver.com,010-5389-9708,인천,37.4563,126.7052,2022-02-15,일반
3913,오하늘,nghn820@gmail.com,010-2567-6979,창원,35.2271,128.6811,2022-10-12,일반
3914,이채원,ngchng209@nate.com,010-8919-3166,세종,36.48,127.289,2022-09-16,MVP
3915,김하린,ghr232@daum.net,,부산,35.1796,129.0756,2022-08-09,MVP
3916,최지현,chjh675@naver.com,,수원,37.2636,127.0286,2021-12-28,일반
3917,윤가은,nggng252@nate.com,010-4239-8808,서울,37.5665,126.978,2021-10-03,우수
3918,전유진,jngj617@naver.com,010-7094-6287,창원,35.2271,128.6811,2021-04-16,일반
3919,최예준,chngj539@naver.com,010-5627-3701,창원,35.2271,128.6811,2022-10-24,우수
3920,김태현,gth906@nate.com,010-2813-6075,광주,35.1595,126.8526,2022-04-16,VIP
3921,강우진,gngj674@nate.com,010-7315-3134,대구,35.8714,128.6014,2022-08-20,VIP
3922,한하린,hhr181@naver.com,,전주,35.8219,127.148,2021-03-13,일반
3923,전현정,jhj581@nate.com,010-8554-8864,대구,35.8714,128.6014,2022-10-24,우수
3924,강태현,gth869@daum.net,010-4236-6613,대전,36.3504,127.3845,2021-07-15,일반
3925,임하린,nghr573@nate.com,010-7166-6929,인천,37.4563,126.7052,2022-09-11,MVP
3926,황도윤,hdng445@nate.com,010-9495-1704,전주,35.8219,127.148,2021-11-11,일반
3927,강하린,ghr685@gmail.com,010-1307-5863,대구,35.8714,128.6014,2021-10-04,우수
3928,정우진,jngj582@nate.com,,서울,37.5665,126.978,2022-10-04,우수
3929,이시아,ngsng393@gmail.com,010-6805-8912,창원,35.2271,128.6811,2021-03-09,우수
3930,윤민서,ngms525@naver.com,010-3267-3062,대전,36.3504,127.3845,2021-06-21,일반
3931,한지훈,hjh708@naver.com,010-4783-1869,서울,37.5665,126.978,2021-08-15,VIP
3932,박가은,bgng374@gmail.com,010-8647-4960,부산,35.1796,129.0756,2022-11-27,일반
3933,최가은,chgng216@nate.com,010-2078-5237,인천,37.4563,126.7052,2021-07-06,우수
3934,황지현,hjh436@nate.com,010-2077-9547,창원,35.2271,128.6811,2021-01-14,일반
3935,장주원,jjng725@naver.com,010-5471-8346,대구,35.8714,128.6014,2021-12-04,일반
3936,임하준,nghj261@naver.com,010-7806-8885,청주,36.6424,127.489,2021-11-27,우수
3937,황현정,hhj184@daum.net,,대구,35.8714,128.6014,2022-09-02,일반
3938,강하준,ghj541@naver.com,010-4871-7597,전주,35.8219,127.148,2021-11-05,일반
3939,오민준,ngmj143@naver.com,010-1621-1910,인천,37.4563,126.7052,2022-09-12,일반
3940,서우진,sngj962@nate.com,010-6107-5933,울산,35.5398,129.3114,2021-03-11,일반
3941,정수빈,jsb615@nate.com,010-5256-1860,대구,35.8714,128.6014,2022-12-24,우수
3942,임하준,nghj756@naver.com,010-3352-2002,부산,35.1796,129.0756,2022-02-15,VIP
3943,서수빈,ssb472@daum.net,010-6009-4787,창원,35.2271,128.6811,2021-08-19,일반
3944,전지민,jjm701@gmail.com,010-4001-6681,대전,36.3504,127.3845,2021-11-24,일반
3945,강하늘,ghn580@naver.com,,광주,35.1595,126.8526,2022-04-13,일반
3946,안도윤,ngdng326@naver.com,010-6576-5072,서울,37.5665,126.978,2022-05-08,일반
3947,조서준,jsj285@naver.com,,울산,35.5398,129.3114,2021-11-14,우수
3948,강주원,gjng400@nate.com,010-9826-7132,대전,36.3504,127.3845,2021-01-23,우수
3949,조가은,jgng938@nate.com,010-6682-1734,인천,37.4563,126.7052,2021-02-26,일반
3950,오도현,ngdh174@nate.com,010-3163-6351,서울,37.5665,126.978,2021-05-09,일반
3951,최영민,chngm129@nate.com,010-6840-6312,전주,35.8219,127.148,2021-04-02,일반
3952,송지현,sjh610@gmail.com,010-1857-5479,창원,35.2271,128.6811,2021-10-01,VIP
3953,정주원,jjng763@daum.net,010-2289-3560,광주,35.1595,126.8526,2022-02-07,MVP
3954,한영민,hngm481@gmail.com,010-1583-8967,인천,37.4563,126.7052,2021-11-25,일반
3955,안예준,ngngj700@gmail.com,010-6722-4657,대구,35.8714,128.6014,2021-12-20,일반
3956,임하린,nghr360@gmail.com,010-2803-6458,창원,35.2271,128.6811,2023-01-01,VIP
3957,황지현,hjh874@daum.net,010-7427-8081,광주,35.1595,126.8526,2022-05-24,VIP
3958,윤하준,nghj627@naver.com,010-8054-2971,대전,36.3504,127.3845,2022-02-24,일반
3959,서주원,sjng965@gmail.com,010-6974-8087,청주,36.6424,127.489,2022-11-17,일반
3960,윤유진,ngngj234@gmail.com,010-2198-6122,서울,37.5665,126.978,2022-04-15,일반
3961,이우진,ngngj257@gmail.com,010-7314-9207,광주,35.1595,126.8526,2022-09-14,우수
3962,한예린,hngr767@nate.com,010-2267-6014,창원,35.2271,128.6811,2022-04-02,일반
3963,조예린,jngr320@nate.com,,서울,37.5665,126.978,2022-06-02,일반
3964,전서준,jsj211@gmail.com,010-7841-2573,부산,35.1796,129.0756,2021-10-19,우수
3965,이채원,ngchng321@naver.com,010-2608-9813,세종,36.48,127.289,2022-06-10,일반
3966,조서준,jsj387@nate.com,010-4982-9568,청주,36.6424,127.489,2021-04-28,우수
3967,최서연,chsng620@nate.com,010-2451-9641,전주,35.8219,127.148,2022-07-03,일반
3968,한도현,hdh530@gmail.com,,광주,35.1595,126.8526,2022-10-05,일반
3969,전지민,jjm442@nate.com,010-7229-8841,수원,37.2636,127.0286,2022-07-04,우수
3970,강하늘,ghn135@gmail.com,010-3565-1029,세종,36.48,127.289,2021-06-09,일반
3971,송도윤,sdng789@daum.net,010-8505-4453,세종,36.48,127.289,2021-06-08,MVP
3972,한서연,hsng389@gmail.com,010-1471-9740,세종,36.48,127.289,2022-06-13,우수
3973,윤서준,ngsj887@nate.com,010-9526-7082,창원,35.2271,128.6811,2022-03-31,일반
3974,최서현,chsh361@daum.net,010-7744-8560,대전,36.3504,127.3845,2022-09-15,우수
3975,박지훈,bjh496@nate.com,,대전,36.3504,127.3845,2022-08-01,일반
3976,서지민,sjm639@nate.com,,세종,36.48,127.289,2022-01-17,VIP
3977,송유진,sngj881@nate.com,010-6805-8063,부산,35.1796,129.0756,2021-03-28,일반
3978,이지원,ngjng784@daum.net,010-5078-2464,울산,35.5398,129.3114,2021-08-01,우수
3979,안서준,ngsj740@nate.com,010-1266-1530,대구,35.8714,128.6014,2022-08-26,일반
3980,정지원,jjng641@daum.net,010-4504-4935,울산,35.5398,129.3114,2021-12-06,일반
3981,황가은,hgng588@nate.com,010-2628-7201,대구,35.8714,128.6014,2021-01-19,VIP
3982,황가은,hgng670@nate.com,010-7810-2765,부산,35.1796,129.0756,2022-08-30,VIP
3983,한우진,hngj660@nate.com,,청주,36.6424,127.489,2021-06-07,일반
3984,최주원,chjng368@gmail.com,010-5752-6521,인천,37.4563,126.7052,2022-01-19,일반
3985,오민준,ngmj773@gmail.com,010-1513-9311,광주,35.1595,126.8526,2021-10-30,VIP
3986,이예린,ngngr677@naver.com,010-8507-4881,창원,35.2271,128.6811,2022-05-23,VIP
3987,안하늘,nghn589@naver.com,,대전,36.3504,127.3845,2022-01-22,일반
3988,조민준,jmj307@daum.net,010-1973-1450,대구,35.8714,128.6014,2022-06-23,일반
3989,김시아,gsng181@daum.net,,대구,35.8714,128.6014,2021-11-17,일반
3990,임하린,nghr331@gmail.com,010-5554-2742,세종,36.48,127.289,2022-12-10,VIP
3991,권시아,gsng679@nate.com,010-7348-3500,광주,35.1595,126.8526,2021-10-05,일반
3992,안하린,nghr608@naver.com,010-7186-3568,광주,35.1595,126.8526,2021-04-13,일반
3993,정유진,jngj258@nate.com,010-1068-3718,광주,35.1595,126.8526,2022-10-10,우수
3994,정현우,jhng138@naver.com,,대구,35.8714,128.6014,2021-10-21,일반
3995,신채원,schng579@nate.com,010-7045-9497,부산,35.1796,129.0756,2021-07-08,일반
3996,전채원,jchng144@daum.net,010-3719-9304,부산,35.1796,129.0756,2022-06-13,일반
3997,김유진,gngj171@nate.com,,울산,35.5398,129.3114,2022-03-18,일반
3998,송현정,shj217@naver.com,,대구,35.8714,128.6014,2022-08-17,일반
3999,안지아,ngjng400@daum.net,010-7252-4173,세종,36.48,127.289,2022-10-13,우수
4000,서예준,sngj434@naver.com,010-5617-5960,세종,36.48,127.289,2022-02-05,일반
4001,임주원,ngjng115@naver.com,010-3444-5113,인천,37.4563,126.7052,2021-09-23,우수
4002,송지아,sjng956@nate.com,010-8561-4845,대구,35.8714,128.6014,2021-03-14,VIP
4003,권예준,gngj407@daum.net,010-2800-9732,서울,37.5665,126.978,2021-08-20,우수
4004,이가은,nggng256@nate.com,010-2995-5318,청주,36.6424,127.489,2022-01-25,일반
4005,최하린,chhr880@naver.com,010-7278-2397,청주,36.6424,127.489,2022-08-11,일반
4006,김지훈,gjh565@gmail.com,010-3033-2670,수원,37.2636,127.0286,2022-08-05,일반
4007,전현정,jhj918@naver.com,010-7199-3343,전주,35.8219,127.148,2021-11-19,일반
4008,임채원,ngchng597@nate.com,010-4463-5742,수원,37.2636,127.0286,2022-07-20,일반
4009,박서준,bsj325@daum.net,,부산,35.1796,129.0756,2021-10-15,우수
4010,박하늘,bhn206@gmail.com,,수원,37.2636,127.0286,2022-10-11,일반
4011,김유진,gngj187@naver.com,010-8289-1036,인천,37.4563,126.7052,2021-11-19,일반
4012,임우진,ngngj561@gmail.com,010-5503-1782,수원,37.2636,127.0286,2022-01-05,일반
4013,신수빈,ssb202@daum.net,010-4484-2133,청주,36.6424,127.489,2022-05-31,우수
4014,김지후,gjh207@daum.net,010-8762-3050,광주,35.1595,126.8526,2022-02-04,일반
4015,정수빈,jsb435@nate.com,010-8454-5386,창원,35.2271,128.6811,2021-10-03,우수
4016,김현우,ghng319@nate.com,010-9605-8369,대전,36.3504,127.3845,2021-09-22,일반
4017,김하린,ghr335@naver.com,010-7441-5733,창원,35.2271,128.6811,2021-04-20,VIP
4018,박하준,bhj935@nate.com,,대전,36.3504,127.3845,2021-03-14,VIP
4019,신민준,smj329@naver.com,010-2070-1745,울산,35.5398,129.3114,2022-04-07,일반
4020,한민서,hms506@naver.com,010-2330-1438,부산,35.1796,129.0756,2022-12-03,일반
4021,송하린,shr515@daum.net,010-3715-6277,대전,36.3504,127.3845,2022-02-21,일반
4022,윤지민,ngjm138@nate.com,,대전,36.3504,127.3845,2021-01-22,일반
4023,권우진,gngj633@nate.com,010-7202-9500,세종,36.48,127.289,2022-09-06,우수
4024,전지훈,jjh620@daum.net,010-5037-7640,수원,37.2636,127.0286,2021-03-13,VIP
4025,최민준,chmj154@nate.com,010-8282-8967,세종,36.48,127.289,2021-01-05,우수
4026,윤서현,ngsh592@daum.net,010-4309-1605,창원,35.2271,128.6811,2021-11-14,VIP
4027,권하늘,ghn205@gmail.com,,부산,35.1796,129.0756,2022-03-29,일반
4028,서영민,sngm153@gmail.com,,대전,36.3504,127.3845,2022-09-23,일반
4029,박지훈,bjh393@daum.net,010-7928-8335,부산,35.1796,129.0756,2022-01-01,우수
4030,장현우,jhng337@naver.com,010-7670-6610,청주,36.6424,127.489,2022-11-09,일반
4031,한하준,hhj334@gmail.com,,세종,36.48,127.289,2022-11-28,우수
4032,조채원,jchng339@daum.net,010-1907-6097,대구,35.8714,128.6014,2021-01-02,일반
4033,전시아,jsng284@nate.com,010-4513-7322,청주,36.6424,127.489,2022-02-18,일반
4034,최채원,chchng728@nate.com,010-8445-4546,청주,36.6424,127.489,2022-04-13,MVP
4035,전지현,jjh410@nate.com,010-9115-3494,전주,35.8219,127.148,2021-06-08,일반
4036,조현정,jhj864@daum.net,010-4991-3513,수원,37.2636,127.0286,2022-01-21,MVP
4037,황예린,hngr931@nate.com,010-5272-2281,수원,37.2636,127.0286,2022-04-10,MVP
4038,윤지훈,ngjh690@naver.com,010-7398-8214,부산,35.1796,129.0756,2022-05-09,우수
4039,이서연,ngsng106@daum.net,010-8826-4751,광주,35.1595,126.8526,2022-07-27,우수
4040,오수빈,ngsb722@naver.com,010-6554-1401,부산,35.1796,129.0756,2021-05-05,우수
4041,신가은,sgng930@naver.com,010-7564-4418,광주,35.1595,126.8526,2021-09-27,VIP
4042,전지아,jjng810@nate.com,010-6368-6908,서울,37.5665,126.978,2021-04-15,일반
4043,황민준,hmj967@naver.com,010-3167-8789,창원,35.2271,128.6811,2021-09-01,일반
4044,최채원,chchng653@nate.com,010-6932-6278,울산,35.5398,129.3114,2022-08-21,우수
4045,정하린,jhr953@gmail.com,010-3844-7380,광주,35.1595,126.8526,2021-01-25,일반
4046,이민준,ngmj149@gmail.com,010-1907-2362,부산,35.1796,129.0756,2022-11-15,일반
4047,오서연,ngsng175@nate.com,010-5225-5134,부산,35.1796,129.0756,2022-08-23,일반
4048,안예준,ngngj242@gmail.com,,대구,35.8714,128.6014,2021-01-02,우수
4049,송하늘,shn243@naver.com,010-7151-1839,수원,37.2636,127.0286,2021-11-07,VIP
4050,송지현,sjh514@nate.com,010-4572-2205,인천,37.4563,126.7052,2021-07-21,일반
4051,이지훈,ngjh781@daum.net,010-8638-5014,수원,37.2636,127.0286,2021-05-08,VIP
4052,서지현,sjh471@daum.net,,전주,35.8219,127.148,2022-03-06,우수
4053,정주원,jjng173@naver.com,010-2337-9622,인천,37.4563,126.7052,2021-01-22,VIP
4054,신영민,sngm394@gmail.com,,세종,36.48,127.289,2022-01-29,우수
4055,윤영민,ngngm129@naver.com,010-2906-8149,대구,35.8714,128.6014,2022-02-28,우수
4056,윤서연,ngsng618@naver.com,010-2083-7780,광주,35.1595,126.8526,2022-10-03,일반
4057,권서연,gsng380@gmail.com,010-2109-4737,대구,35.8714,128.6014,2021-05-31,VIP
4058,강유진,gngj243@naver.com,010-2666-3864,청주,36.6424,127.489,2022-02-16,일반
4059,신태현,sth716@naver.com,010-6257-3710,세종,36.48,127.289,2022-08-21,VIP
4060,강유진,gngj289@nate.com,010-9523-5561,대전,36.3504,127.3845,2021-09-22,MVP
4061,윤현정,nghj864@nate.com,010-2850-2902,전주,35.8219,127.148,2022-07-10,일반
4062,박우진,bngj901@naver.com,010-1398-9515,대구,35.8714,128.6014,2021-02-17,일반
4063,김유진,gngj675@nate.com,010-6198-6697,세종,36.48,127.289,2021-03-29,우수
4064,이나윤,ngnng755@nate.com,010-9694-8846,전주,35.8219,127.148,2021-06-20,일반
4065,이하준,nghj464@gmail.com,,전주,35.8219,127.148,2021-06-05,VIP
4066,장지민,jjm341@nate.com,010-7501-7476,인천,37.4563,126.7052,2021-04-30,일반
4067,김지후,gjh249@naver.com,010-9768-1109,광주,35.1595,126.8526,2022-06-05,일반
4068,강하린,ghr427@daum.net,010-9023-8674,청주,36.6424,127.489,2022-09-27,MVP
4069,윤채원,ngchng566@naver.com,010-6174-6673,창원,35.2271,128.6811,2022-01-03,우수
4070,박시아,bsng758@naver.com,010-2398-2204,대전,36.3504,127.3845,2022-04-08,VIP
4071,박민서,bms791@naver.com,,울산,35.5398,129.3114,2022-04-12,일반
4072,안서연,ngsng251@daum.net,010-8062-2705,울산,35.5398,129.3114,2022-10-31,우수
4073,최하준,chhj473@daum.net,010-1501-1236,전주,35.8219,127.148,2021-06-14,우수
4074,송서준,ssj470@nate.com,010-9325-3394,대구,35.8714,128.6014,2021-02-02,우수
4075,전하준,jhj743@daum.net,,청주,36.6424,127.489,2022-07-27,우수
4076,권현우,ghng958@naver.com,010-9547-9597,부산,35.1796,129.0756,2021-02-10,우수
4077,조예준,jngj275@nate.com,010-5761-9925,대구,35.8714,128.6014,2022-03-14,일반
4078,한주원,hjng288@gmail.com,,세종,36.48,127.289,2021-05-17,일반
4079,권지현,gjh123@daum.net,010-2136-8157,인천,37.4563,126.7052,2022-07-12,우수
4080,강민서,gms727@nate.com,010-2084-3572,대구,35.8714,128.6014,2022-10-07,일반
4081,오지원,ngjng439@gmail.com,,청주,36.6424,127.489,2022-12-28,우수
4082,한태현,hth182@gmail.com,010-9810-5193,수원,37.2636,127.0286,2021-04-28,일반
4083,정주원,jjng539@naver.com,,대구,35.8714,128.6014,2022-12-08,우수
4084,조서연,jsng110@nate.com,010-1627-3515,인천,37.4563,126.7052,2021-05-13,우수
4085,안현우,nghng102@naver.com,010-5499-4235,청주,36.6424,127.489,2021-10-06,일반
4086,권유진,gngj926@naver.com,010-3319-1493,창원,35.2271,128.6811,2021-04-28,일반
4087,최지현,chjh525@nate.com,010-7984-7316,대구,35.8714,128.6014,2021-05-07,일반
4088,송민서,sms844@daum.net,010-1023-5165,서울,37.5665,126.978,2021-09-12,우수
4089,한지훈,hjh358@gmail.com,,서울,37.5665,126.978,2022-02-03,VIP
4090,신지훈,sjh694@nate.com,010-5708-5753,서울,37.5665,126.978,2021-02-01,일반
4091,오지아,ngjng128@gmail.com,,광주,35.1595,126.8526,2022-11-03,우수
4092,서우진,sngj246@nate.com,010-3123-5845,전주,35.8219,127.148,2021-06-24,일반
4093,최도윤,chdng467@gmail.com,010-7683-7810,광주,35.1595,126.8526,2021-01-19,일반
4094,최채원,chchng836@naver.com,010-6429-7102,부산,35.1796,129.0756,2021-12-04,VIP
4095,강가은,ggng350@naver.com,010-1786-6314,인천,37.4563,126.7052,2022-11-08,일반
4096,안영민,ngngm661@naver.com,010-5983-4850,세종,36.48,127.289,2022-10-26,일반
4097,한도현,hdh377@gmail.com,010-7628-3856,전주,35.8219,127.148,2023-01-01,일반
4098,오채원,ngchng991@naver.com,,창원,35.2271,128.6811,2022-01-08,일반
4099,최예준,chngj218@daum.net,010-8133-3974,인천,37.4563,126.7052,2021-11-29,일반
4100,권수빈,gsb821@naver.com,010-8293-5527,울산,35.5398,129.3114,2021-02-11,일반
4101,송시아,ssng119@naver.com,010-6877-9743,서울,37.5665,126.978,2021-09-18,우수
4102,안민준,ngmj823@nate.com,010-6070-3150,부산,35.1796,129.0756,2022-07-11,일반
4103,강하린,ghr325@daum.net,010-5833-6971,전주,35.8219,127.148,2021-12-03,우수
4104,강서준,gsj433@daum.net,010-8289-9125,창원,35.2271,128.6811,2022-02-21,일반
4105,박도윤,bdng796@naver.com,010-4661-1300,세종,36.48,127.289,2022-08-30,일반
4106,임나윤,ngnng439@nate.com,010-5097-6327,울산,35.5398,129.3114,2021-05-27,우수
4107,최예준,chngj498@gmail.com,010-6843-9693,수원,37.2636,127.0286,2022-08-07,MVP
4108,전수빈,jsb139@gmail.com,010-3750-3974,광주,35.1595,126.8526,2022-11-07,일반
4109,최나윤,chnng310@naver.com,010-7159-1995,울산,35.5398,129.3114,2022-12-28,VIP
4110,김도현,gdh626@naver.com,010-2152-3128,대전,36.3504,127.3845,2022-04-15,우수
4111,안서현,ngsh691@naver.com,010-9123-5600,서울,37.5665,126.978,2022-12-05,우수
4112,신태현,sth208@gmail.com,010-8850-3074,전주,35.8219,127.148,2021-09-10,우수
4113,권도윤,gdng748@daum.net,010-4609-4461,전주,35.8219,127.148,2022-02-08,일반
4114,안예린,ngngr597@daum.net,010-9390-7497,인천,37.4563,126.7052,2022-06-10,일반
4115,안서현,ngsh207@daum.net,010-4976-1838,대구,35.8714,128.6014,2022-08-13,우수
4116,전민준,jmj760@gmail.com,010-5662-5869,세종,36.48,127.289,2021-08-31,일반
4117,장유진,jngj573@daum.net,,대전,36.3504,127.3845,2021-10-11,VIP
4118,이수빈,ngsb512@naver.com,,전주,35.8219,127.148,2022-03-13,일반
4119,오우진,ngngj769@naver.com,010-2787-7406,대전,36.3504,127.3845,2022-04-08,일반
4120,김도현,gdh919@daum.net,010-9444-4429,대구,35.8714,128.6014,2021-12-16,우수
4121,안유진,ngngj741@gmail.com,010-8031-6961,세종,36.48,127.289,2022-09-13,일반
4122,안지현,ngjh421@nate.com,010-9140-6404,수원,37.2636,127.0286,2021-08-17,우수
4123,서예린,sngr916@gmail.com,010-4573-6023,울산,35.5398,129.3114,2022-05-04,우수
4124,이민서,ngms961@naver.com,010-2603-8634,서울,37.5665,126.978,2022-03-30,VIP
4125,권지민,gjm196@naver.com,,광주,35.1595,126.8526,2022-11-05,우수
4126,김민서,gms620@naver.com,,울산,35.5398,129.3114,2022-08-21,우수
4127,조지후,jjh832@daum.net,010-4098-7697,대전,36.3504,127.3845,2021-01-14,우수
4128,전시아,jsng718@daum.net,010-1708-4068,인천,37.4563,126.7052,2022-07-22,VIP
4129,윤예준,ngngj883@naver.com,010-3598-8513,청주,36.6424,127.489,2022-02-07,일반
4130,윤유진,ngngj811@daum.net,010-3553-5300,부산,35.1796,129.0756,2021-10-19,일반
4131,이지후,ngjh243@naver.com,010-2226-5784,대구,35.8714,128.6014,2021-10-02,일반
4132,서현정,shj727@daum.net,010-6848-6143,서울,37.5665,126.978,2022-08-23,일반
4133,한지원,hjng811@nate.com,,서울,37.5665,126.978,2021-06-02,우수
4134,서도윤,sdng581@daum.net,010-6065-5349,부산,35.1796,129.0756,2021-07-19,우수
4135,한시아,hsng380@nate.com,010-2765-5084,울산,35.5398,129.3114,2021-04-24,우수
4136,박서현,bsh251@nate.com,010-6323-1486,청주,36.6424,127.489,2021-01-15,일반
4137,권채원,gchng514@gmail.com,010-9864-4880,인천,37.4563,126.7052,2021-06-22,우수
4138,김지원,gjng495@daum.net,010-6778-5068,대전,36.3504,127.3845,2022-03-06,일반
4139,김도현,gdh362@daum.net,010-6572-6455,광주,35.1595,126.8526,2021-11-28,우수
4140,이주원,ngjng517@naver.com,010-9187-9166,전주,35.8219,127.148,2021-12-07,우수
4141,황나윤,hnng651@daum.net,010-8997-7716,대구,35.8714,128.6014,2021-08-26,일반
4142,조시아,jsng840@gmail.com,010-1579-1478,대전,36.3504,127.3845,2022-11-26,일반
4143,안하준,nghj810@naver.com,010-3328-7948,울산,35.5398,129.3114,2022-08-03,일반
4144,전민준,jmj288@naver.com,010-7136-6524,인천,37.4563,126.7052,2021-03-05,VIP
4145,김지민,gjm206@nate.com,010-8573-1389,창원,35.2271,128.6811,2021-02-08,VIP
4146,박유진,bngj794@gmail.com,,인천,37.4563,126.7052,2021-02-09,우수
4147,전지현,jjh313@daum.net,,대전,36.3504,127.3845,2022-09-19,일반
4148,서하린,shr587@naver.com,,부산,35.1796,129.0756,2022-01-27,일반
4149,박지아,bjng764@naver.com,010-4788-2188,청주,36.6424,127.489,2021-09-01,우수
4150,강시아,gsng486@naver.com,010-4675-1407,부산,35.1796,129.0756,2021-01-03,우수
4151,황예준,hngj263@naver.com,010-3063-3380,울산,35.5398,129.3114,2021-02-13,일반
4152,안현우,nghng768@nate.com,,세종,36.48,127.289,2021-10-14,일반
4153,이유진,ngngj392@daum.net,010-8289-3728,세종,36.48,127.289,2022-07-09,우수
4154,송도현,sdh248@gmail.com,,울산,35.5398,129.3114,2021-07-18,일반
4155,안영민,ngngm810@gmail.com,010-1868-5769,부산,35.1796,129.0756,2021-06-21,일반
4156,장서연,jsng820@nate.com,010-3250-5435,광주,35.1595,126.8526,2022-05-31,일반
4157,황서연,hsng113@nate.com,010-5346-8208,전주,35.8219,127.148,2021-01-20,우수
4158,정가은,jgng742@daum.net,010-4563-8422,광주,35.1595,126.8526,2021-07-01,VIP
4159,송수빈,ssb811@daum.net,010-9787-5274,세종,36.48,127.289,2022-05-22,MVP
4160,김수빈,gsb103@daum.net,010-8506-1866,울산,35.5398,129.3114,2021-11-22,우수
4161,서예준,sngj245@nate.com,010-7535-9559,인천,37.4563,126.7052,2022-07-13,우수
4162,이현정,nghj713@naver.com,010-2166-7187,수원,37.2636,127.0286,2021-05-31,일반
4163,장도윤,jdng548@gmail.com,,서울,37.5665,126.978,2021-12-16,우수
4164,황예준,hngj760@nate.com,010-7517-9892,서울,37.5665,126.978,2021-12-09,일반
4165,안민준,ngmj913@naver.com,010-7576-7193,부산,35.1796,129.0756,2022-12-08,우수
4166,임민서,ngms990@daum.net,,청주,36.6424,127.489,2021-03-07,일반
4167,전하늘,jhn295@gmail.com,,인천,37.4563,126.7052,2021-09-26,일반
4168,한현우,hhng482@daum.net,010-2388-2402,부산,35.1796,129.0756,2022-02-13,일반
4169,송예린,sngr367@gmail.com,,수원,37.2636,127.0286,2022-03-27,일반
4170,최민서,chms101@nate.com,010-1645-8856,세종,36.48,127.289,2021-04-16,일반
4171,권서현,gsh205@gmail.com,,세종,36.48,127.289,2021-10-20,일반
4172,윤현우,nghng534@daum.net,010-8422-3484,전주,35.8219,127.148,2022-03-30,MVP
4173,임서연,ngsng185@gmail.com,,광주,35.1595,126.8526,2021-03-10,일반
4174,전도현,jdh100@gmail.com,,청주,36.6424,127.489,2022-04-26,우수
4175,최민서,chms668@daum.net,,서울,37.5665,126.978,2021-06-30,VIP
4176,이주원,ngjng456@daum.net,,창원,35.2271,128.6811,2022-04-30,MVP
4177,윤가은,nggng799@naver.com,,서울,37.5665,126.978,2021-03-25,우수
4178,강하린,ghr581@daum.net,010-8548-6468,창원,35.2271,128.6811,2022-09-10,VIP
4179,윤지현,ngjh713@nate.com,010-8394-6066,광주,35.1595,126.8526,2022-09-02,일반
4180,장영민,jngm878@naver.com,010-5225-3715,광주,35.1595,126.8526,2021-06-04,일반
4181,이우진,ngngj185@nate.com,010-4460-8222,대전,36.3504,127.3845,2021-04-26,일반
4182,임서준,ngsj912@daum.net,010-4764-8276,부산,35.1796,129.0756,2021-07-12,우수
4183,서현정,shj869@nate.com,010-8328-7214,전주,35.8219,127.148,2022-08-11,우수
4184,송도윤,sdng861@nate.com,010-9133-2448,서울,37.5665,126.978,2022-06-27,일반
4185,권우진,gngj713@gmail.com,010-7405-9457,광주,35.1595,126.8526,2022-06-18,일반
4186,안예준,ngngj381@daum.net,,창원,35.2271,128.6811,2022-09-19,우수
4187,이지후,ngjh939@daum.net,,수원,37.2636,127.0286,2022-02-15,일반
4188,이예린,ngngr464@nate.com,010-8155-4425,대전,36.3504,127.3845,2021-09-29,우수
4189,강지훈,gjh482@naver.com,010-2790-2592,광주,35.1595,126.8526,2021-05-29,우수
4190,최예준,chngj808@gmail.com,010-2160-9752,전주,35.8219,127.148,2022-06-15,우수
4191,장서연,jsng793@nate.com,010-6267-4643,수원,37.2636,127.0286,2022-09-17,우수
4192,강예준,gngj348@daum.net,,창원,35.2271,128.6811,2022-02-26,VIP
4193,조서준,jsj938@nate.com,,전주,35.8219,127.148,2022-12-13,일반
4194,장가은,jgng971@gmail.com,,서울,37.5665,126.978,2021-06-09,우수
4195,서지훈,sjh258@daum.net,010-3199-1141,창원,35.2271,128.6811,2022-05-23,우수
4196,오지현,ngjh439@daum.net,010-9471-8934,수원,37.2636,127.0286,2021-06-17,일반
4197,송지현,sjh204@naver.com,010-5184-9844,부산,35.1796,129.0756,2021-10-16,일반
4198,장수빈,jsb412@nate.com,,서울,37.5665,126.978,2021-10-29,일반
4199,윤도현,ngdh566@gmail.com,010-8773-3953,세종,36.48,127.289,2022-07-15,일반
4200,박지훈,bjh540@gmail.com,010-9770-1776,세종,36.48,127.289,2021-07-07,우수
4201,장지원,jjng919@naver.com,010-8010-9248,창원,35.2271,128.6811,2021-07-05,VIP
4202,안서현,ngsh733@nate.com,010-8710-6417,창원,35.2271,128.6811,2022-07-09,일반
4203,임지훈,ngjh437@daum.net,010-4860-5548,세종,36.48,127.289,2021-10-29,일반
4204,김도윤,gdng725@naver.com,010-4490-7814,전주,35.8219,127.148,2022-08-19,MVP
4205,김가은,ggng436@nate.com,010-2048-4420,인천,37.4563,126.7052,2022-12-14,일반
4206,장지민,jjm355@gmail.com,010-9650-5691,부산,35.1796,129.0756,2021-06-06,일반
4207,임민서,ngms718@naver.com,010-2946-2145,울산,35.5398,129.3114,2022-11-17,우수
4208,한서연,hsng667@nate.com,,인천,37.4563,126.7052,2022-12-24,우수
4209,윤지현,ngjh163@nate.com,010-5134-9494,서울,37.5665,126.978,2022-11-05,일반
4210,김지현,gjh423@naver.com,,부산,35.1796,129.0756,2022-01-23,일반
4211,정수빈,jsb750@daum.net,,대구,35.8714,128.6014,2021-09-12,일반
4212,권예린,gngr280@nate.com,010-3653-5657,부산,35.1796,129.0756,2022-07-04,우수
4213,임수빈,ngsb993@daum.net,010-2722-3130,울산,35.5398,129.3114,2021-07-12,우수
4214,박지후,bjh656@gmail.com,010-8999-9840,세종,36.48,127.289,2022-07-12,일반
4215,이태현,ngth504@nate.com,010-5895-6680,부산,35.1796,129.0756,2021-11-23,우수
4216,안유진,ngngj625@nate.com,010-6342-5857,울산,35.5398,129.3114,2021-08-26,VIP
4217,박하늘,bhn129@naver.com,010-3883-6547,청주,36.6424,127.489,2022-07-19,일반
4218,정예준,jngj275@nate.com,,울산,35.5398,129.3114,2022-08-22,일반
4219,오영민,ngngm728@daum.net,010-9617-6081,울산,35.5398,129.3114,2022-08-27,우수
4220,강지아,gjng613@naver.com,010-8356-1589,전주,35.8219,127.148,2022-06-30,일반
4221,오주원,ngjng145@naver.com,010-3745-9853,부산,35.1796,129.0756,2022-11-17,일반
4222,송지현,sjh571@gmail.com,010-3610-1274,전주,35.8219,127.148,2021-06-21,우수
4223,조지현,jjh542@nate.com,010-3077-8250,수원,37.2636,127.0286,2022-03-23,VIP
4224,황지아,hjng498@naver.com,010-6536-4049,울산,35.5398,129.3114,2022-07-09,VIP
4225,황주원,hjng641@nate.com,010-4984-3450,전주,35.8219,127.148,2022-01-23,우수
4226,김하늘,ghn594@nate.com,010-8170-2310,수원,37.2636,127.0286,2021-08-20,우수
4227,김서연,gsng286@naver.com,010-6684-7033,대구,35.8714,128.6014,2021-09-30,일반
4228,황현우,hhng450@nate.com,010-3114-8420,인천,37.4563,126.7052,2021-07-17,우수
4229,황서현,hsh830@gmail.com,010-6564-9695,서울,37.5665,126.978,2021-09-18,일반
4230,한가은,hgng698@nate.com,010-8574-4614,대구,35.8714,128.6014,2021-03-04,일반
4231,정하준,jhj663@daum.net,010-3674-5170,세종,36.48,127.289,2021-01-24,우수
4232,이나윤,ngnng844@naver.com,010-7726-9539,광주,35.1595,126.8526,2021-12-17,우수
4233,윤시아,ngsng914@nate.com,,세종,36.48,127.289,2022-10-27,일반
4234,최도윤,chdng525@nate.com,010-2132-6893,수원,37.2636,127.0286,2022-07-05,VIP
4235,전서연,jsng752@daum.net,010-9644-7405,울산,35.5398,129.3114,2022-10-23,일반
4236,오지민,ngjm723@gmail.com,010-5334-8065,대전,36.3504,127.3845,2021-10-13,일반
4237,황채원,hchng333@naver.com,,인천,37.4563,126.7052,2022-12-30,일반
4238,박가은,bgng266@daum.net,010-9759-8622,수원,37.2636,127.0286,2022-09-09,우수
4239,권민준,gmj110@nate.com,010-5288-6124,인천,37.4563,126.7052,2021-09-02,우수
4240,전영민,jngm707@daum.net,010-8998-7759,인천,37.4563,126.7052,2022-03-08,일반
4241,김서현,gsh668@daum.net,,대구,35.8714,128.6014,2021-03-02,우수
4242,이현우,nghng980@naver.com,,창원,35.2271,128.6811,2022-06-08,일반
4243,최현우,chhng838@nate.com,,부산,35.1796,129.0756,2022-01-20,우수
4244,윤현우,nghng464@nate.com,,수원,37.2636,127.0286,2022-10-02,일반
4245,송나윤,snng177@gmail.com,,수원,37.2636,127.0286,2022-11-21,일반
4246,최지원,chjng938@naver.com,010-4239-6342,대구,35.8714,128.6014,2022-04-14,VIP
4247,신수빈,ssb121@naver.com,010-3714-9380,청주,36.6424,127.489,2022-11-03,일반
4248,권예준,gngj426@nate.com,010-7030-8580,광주,35.1595,126.8526,2022-09-15,일반
4249,전예린,jngr402@daum.net,010-7076-7026,세종,36.48,127.289,2021-12-15,우수
4250,김태현,gth450@daum.net,010-7336-3195,청주,36.6424,127.489,2021-09-03,MVP
4251,전가은,jgng746@gmail.com,010-6972-5689,세종,36.48,127.289,2021-04-28,일반
4252,박지아,bjng329@daum.net,010-7012-3349,인천,37.4563,126.7052,2022-12-08,일반
4253,이수빈,ngsb784@naver.com,010-2577-2099,부산,35.1796,129.0756,2022-02-08,일반
4254,강예준,gngj406@daum.net,010-6237-3440,세종,36.48,127.289,2021-10-30,우수
4255,이현정,nghj309@gmail.com,010-7319-5293,청주,36.6424,127.489,2021-05-19,일반
4256,권지후,gjh126@naver.com,,대전,36.3504,127.3845,2021-02-28,우수
4257,한예린,hngr978@naver.com,010-5661-5681,인천,37.4563,126.7052,2021-04-04,MVP
4258,김채원,gchng819@naver.com,010-8151-4826,창원,35.2271,128.6811,2021-07-25,일반
4259,임서현,ngsh955@gmail.com,,창원,35.2271,128.6811,2021-09-14,일반
4260,박영민,bngm664@gmail.com,,광주,35.1595,126.8526,2022-11-07,일반
4261,황시아,hsng424@gmail.com,010-8838-5143,전주,35.8219,127.148,2021-01-28,일반
4262,박주원,bjng919@naver.com,010-1133-2414,인천,37.4563,126.7052,2021-11-29,VIP
4263,송태현,sth708@gmail.com,010-4821-5292,부산,35.1796,129.0756,2021-07-28,일반
4264,안가은,nggng475@nate.com,010-8084-3881,부산,35.1796,129.0756,2021-07-26,일반
4265,권서연,gsng659@nate.com,010-5757-3104,부산,35.1796,129.0756,2021-07-10,우수
4266,최나윤,chnng219@naver.com,010-4339-9232,서울,37.5665,126.978,2021-06-19,일반
4267,박현우,bhng140@gmail.com,010-1563-3666,대전,36.3504,127.3845,2022-08-30,우수
4268,안하린,nghr151@gmail.com,010-5948-6905,창원,35.2271,128.6811,2022-01-24,일반
4269,강지후,gjh219@gmail.com,010-1591-9407,청주,36.6424,127.489,2022-08-13,VIP
4270,정예준,jngj786@naver.com,010-4389-2541,대구,35.8714,128.6014,2021-11-25,VIP
4271,권주원,gjng339@nate.com,010-5921-2133,청주,36.6424,127.489,2022-02-13,우수
4272,황예준,hngj111@naver.com,010-2511-2886,전주,35.8219,127.148,2022-07-16,MVP
4273,안현정,nghj881@nate.com,010-1494-2835,대전,36.3504,127.3845,2021-02-06,일반
4274,윤채원,ngchng310@naver.com,010-5317-7027,서울,37.5665,126.978,2021-09-12,일반
4275,서민준,smj604@gmail.com,010-7403-6651,대전,36.3504,127.3845,2022-06-16,우수
4276,이영민,ngngm832@nate.com,010-3514-6867,세종,36.48,127.289,2021-12-22,우수
4277,권주원,gjng331@gmail.com,,울산,35.5398,129.3114,2021-08-02,일반
4278,김영민,gngm300@nate.com,010-2520-1898,청주,36.6424,127.489,2022-05-31,일반
4279,오나윤,ngnng806@nate.com,010-7211-4371,서울,37.5665,126.978,2021-07-12,일반
4280,이서연,ngsng508@nate.com,010-5602-7596,서울,37.5665,126.978,2021-01-14,일반
4281,신지민,sjm802@naver.com,010-5060-4574,전주,35.8219,127.148,2021-05-21,일반
4282,권서준,gsj129@nate.com,010-1145-1432,부산,35.1796,129.0756,2022-11-29,우수
4283,전민서,jms987@gmail.com,,대전,36.3504,127.3845,2022-11-03,일반
4284,서지후,sjh355@naver.com,010-1501-7655,대구,35.8714,128.6014,2021-11-02,일반
4285,오태현,ngth647@nate.com,010-9875-9620,대전,36.3504,127.3845,2021-10-20,우수
4286,송지후,sjh738@naver.com,010-1085-9075,대구,35.8714,128.6014,2022-04-25,우수
4287,강주원,gjng637@daum.net,,수원,37.2636,127.0286,2022-12-11,VIP
4288,한지아,hjng445@daum.net,010-2844-4466,광주,35.1595,126.8526,2021-11-20,우수
4289,최태현,chth689@nate.com,010-9509-3704,서울,37.5665,126.978,2021-08-08,일반
4290,윤서연,ngsng607@naver.com,010-7494-4154,수원,37.2636,127.0286,2022-12-29,VIP
4291,정현우,jhng644@gmail.com,010-7737-5183,서울,37.5665,126.978,2021-09-22,우수
4292,권지원,gjng631@daum.net,010-5480-9474,울산,35.5398,129.3114,2022-03-08,일반
4293,서채원,schng591@daum.net,010-2447-3134,부산,35.1796,129.0756,2022-02-07,우수
4294,이지민,ngjm333@gmail.com,010-3763-8246,세종,36.48,127.289,2021-12-07,VIP
4295,황지민,hjm138@gmail.com,010-1079-9402,대전,36.3504,127.3845,2022-01-02,일반
4296,최도윤,chdng867@daum.net,010-3920-9913,대전,36.3504,127.3845,2021-03-23,일반
4297,최가은,chgng419@naver.com,010-2190-7784,전주,35.8219,127.148,2022-01-24,일반
4298,송지민,sjm221@gmail.com,010-4248-7144,대전,36.3504,127.3845,2022-01-31,일반
4299,박예준,bngj628@naver.com,010-6598-6567,울산,35.5398,129.3114,2021-01-23,일반
4300,장지민,jjm459@daum.net,010-5043-7222,인천,37.4563,126.7052,2022-02-12,우수
4301,안나윤,ngnng361@naver.com,,세종,36.48,127.289,2022-04-08,일반
4302,장현정,jhj127@naver.com,010-6157-5600,대전,36.3504,127.3845,2022-11-24,VIP
4303,오지현,ngjh680@daum.net,010-1469-1145,청주,36.6424,127.489,2022-02-25,우수
4304,윤민준,ngmj971@gmail.com,010-3255-3493,부산,35.1796,129.0756,2022-09-08,우수
4305,황나윤,hnng253@naver.com,010-8726-5375,수원,37.2636,127.0286,2022-01-21,VIP
4306,정가은,jgng201@nate.com,010-9689-4797,전주,35.8219,127.148,2021-08-01,일반
4307,송지원,sjng773@gmail.com,010-8388-1351,창원,35.2271,128.6811,2021-11-29,일반
4308,전지후,jjh364@gmail.com,010-7658-6909,전주,35.8219,127.148,2022-09-12,우수
4309,이지아,ngjng216@gmail.com,010-5253-1315,대구,35.8714,128.6014,2022-02-26,VIP
4310,윤지훈,ngjh935@daum.net,,수원,37.2636,127.0286,2021-10-06,우수
4311,황영민,hngm574@gmail.com,010-8979-6418,서울,37.5665,126.978,2022-12-09,일반
4312,전유진,jngj997@gmail.com,010-6822-5179,대전,36.3504,127.3845,2021-07-05,VIP
4313,임하린,nghr866@nate.com,010-3264-2385,울산,35.5398,129.3114,2022-08-13,일반
4314,황영민,hngm812@daum.net,010-3761-9200,울산,35.5398,129.3114,2021-05-14,VIP
4315,김민준,gmj214@nate.com,010-8320-4353,전주,35.8219,127.148,2021-03-10,MVP
4316,장우진,jngj572@daum.net,010-4837-6128,전주,35.8219,127.148,2021-11-23,일반
4317,최영민,chngm519@naver.com,010-7923-5562,수원,37.2636,127.0286,2021-08-22,우수
4318,안하린,nghr598@gmail.com,010-1868-2482,청주,36.6424,127.489,2022-12-01,일반
4319,권민준,gmj576@gmail.com,010-5650-6535,인천,37.4563,126.7052,2022-12-01,일반
4320,권지민,gjm176@naver.com,010-5943-5617,서울,37.5665,126.978,2021-10-05,우수
4321,박가은,bgng973@daum.net,010-5017-6134,인천,37.4563,126.7052,2022-10-03,우수
4322,한나윤,hnng253@naver.com,010-9763-8731,청주,36.6424,127.489,2021-08-07,VIP
4323,한지현,hjh515@nate.com,,창원,35.2271,128.6811,2022-07-23,우수
4324,조서준,jsj241@nate.com,010-8476-8739,광주,35.1595,126.8526,2022-01-23,일반
4325,최영민,chngm184@daum.net,,수원,37.2636,127.0286,2022-07-28,VIP
4326,박영민,bngm637@nate.com,010-5548-2195,서울,37.5665,126.978,2022-11-23,MVP
4327,김민서,gms845@gmail.com,,부산,35.1796,129.0756,2022-03-03,일반
4328,임도현,ngdh510@daum.net,010-2338-2688,대전,36.3504,127.3845,2022-01-26,MVP
4329,전지현,jjh616@naver.com,010-5971-3825,서울,37.5665,126.978,2022-08-14,일반
4330,임지현,ngjh601@naver.com,010-9955-6512,전주,35.8219,127.148,2022-11-18,VIP
4331,강현우,ghng608@nate.com,010-9119-8511,대전,36.3504,127.3845,2022-07-27,일반
4332,김서준,gsj580@gmail.com,010-3827-6477,청주,36.6424,127.489,2021-05-31,일반
4333,최하준,chhj188@gmail.com,010-7654-8914,수원,37.2636,127.0286,2021-06-17,일반
4334,전시아,jsng161@nate.com,010-1319-3431,청주,36.6424,127.489,2022-02-20,우수
4335,송서연,ssng469@naver.com,010-6914-8526,수원,37.2636,127.0286,2021-08-09,일반
4336,박서연,bsng414@nate.com,,청주,36.6424,127.489,2022-06-27,일반
4337,최나윤,chnng834@gmail.com,010-8739-1157,서울,37.5665,126.978,2021-07-13,우수
4338,전영민,jngm121@nate.com,010-1995-9646,서울,37.5665,126.978,2021-09-09,VIP
4339,안나윤,ngnng850@nate.com,010-4683-3690,전주,35.8219,127.148,2022-12-23,일반
4340,이민서,ngms919@gmail.com,010-9267-5445,창원,35.2271,128.6811,2022-06-12,일반
4341,정예린,jngr811@nate.com,010-7707-3883,세종,36.48,127.289,2021-11-08,일반
4342,서지원,sjng160@nate.com,010-6575-7471,대전,36.3504,127.3845,2022-11-21,일반
4343,오수빈,ngsb236@nate.com,010-5524-2471,세종,36.48,127.289,2022-02-09,VIP
4344,안하준,nghj614@gmail.com,010-8809-6734,세종,36.48,127.289,2022-08-24,VIP
4345,김지현,gjh925@gmail.com,010-3168-3443,대구,35.8714,128.6014,2021-11-11,우수
4346,이하준,nghj547@naver.com,010-4698-1955,울산,35.5398,129.3114,2022-09-19,일반
4347,조주원,jjng965@nate.com,010-7082-8263,청주,36.6424,127.489,2021-09-19,우수
4348,윤현우,nghng110@gmail.com,010-1642-7243,세종,36.48,127.289,2021-09-22,우수
4349,윤유진,ngngj188@nate.com,,수원,37.2636,127.0286,2021-12-18,VIP
4350,정지훈,jjh576@nate.com,010-3050-6613,전주,35.8219,127.148,2022-05-06,우수
4351,송지후,sjh593@gmail.com,010-4439-7544,서울,37.5665,126.978,2022-01-02,우수
4352,서하린,shr313@naver.com,010-4556-5224,인천,37.4563,126.7052,2022-05-20,우수
4353,정주원,jjng645@daum.net,,전주,35.8219,127.148,2022-02-14,일반
4354,안현우,nghng576@naver.com,010-4051-6521,대구,35.8714,128.6014,2022-05-25,MVP
4355,전지후,jjh204@gmail.com,010-1871-1113,대구,35.8714,128.6014,2021-08-23,우수
4356,송가은,sgng698@daum.net,010-1557-4349,인천,37.4563,126.7052,2022-11-02,우수
4357,권민준,gmj373@naver.com,010-4221-3028,대구,35.8714,128.6014,2021-08-27,일반
4358,송태현,sth930@naver.com,010-2351-3095,수원,37.2636,127.0286,2021-10-15,우수
4359,한서현,hsh598@gmail.com,010-2655-9581,대전,36.3504,127.3845,2022-04-21,우수
4360,한나윤,hnng803@gmail.com,010-7318-9853,세종,36.48,127.289,2022-03-08,일반
4361,김태현,gth768@nate.com,010-6841-6032,대전,36.3504,127.3845,2022-01-14,일반
4362,임채원,ngchng951@naver.com,010-9837-4644,부산,35.1796,129.0756,2022-01-12,우수
4363,권하린,ghr784@naver.com,,울산,35.5398,129.3114,2021-10-24,우수
4364,조가은,jgng248@nate.com,010-8023-9558,대구,35.8714,128.6014,2022-10-26,우수
4365,안지원,ngjng731@naver.com,010-4496-1622,대전,36.3504,127.3845,2021-05-16,일반
4366,윤하린,nghr567@nate.com,010-4566-4460,청주,36.6424,127.489,2022-11-20,우수
4367,박가은,bgng481@gmail.com,,대구,35.8714,128.6014,2021-06-18,일반
4368,안지원,ngjng875@nate.com,010-1489-3093,광주,35.1595,126.8526,2022-01-07,일반
4369,오민준,ngmj505@nate.com,010-1603-7607,울산,35.5398,129.3114,2022-10-27,일반
4370,권현우,ghng404@nate.com,,울산,35.5398,129.3114,2022-04-28,일반
4371,임영민,ngngm681@nate.com,010-6871-2458,대구,35.8714,128.6014,2021-05-26,일반
4372,김현우,ghng640@daum.net,,인천,37.4563,126.7052,2021-11-14,일반
4373,황지민,hjm272@naver.com,010-7560-4965,부산,35.1796,129.0756,2021-11-30,일반
4374,권우진,gngj310@nate.com,010-6518-5735,대구,35.8714,128.6014,2022-09-03,일반
4375,김지후,gjh669@daum.net,010-8134-7029,광주,35.1595,126.8526,2021-10-20,우수
4376,조예준,jngj581@gmail.com,010-1877-3451,수원,37.2636,127.0286,2022-05-18,일반
4377,박민준,bmj778@naver.com,010-7228-7161,전주,35.8219,127.148,2022-04-24,일반
4378,윤예린,ngngr860@naver.com,010-8556-4356,광주,35.1595,126.8526,2022-02-04,VIP
4379,강하준,ghj847@naver.com,010-4503-2070,대전,36.3504,127.3845,2022-06-02,일반
4380,서예린,sngr500@gmail.com,,부산,35.1796,129.0756,2022-08-18,우수
4381,김우진,gngj661@nate.com,010-4405-3527,울산,35.5398,129.3114,2021-01-24,일반
4382,서우진,sngj411@nate.com,010-4239-8684,수원,37.2636,127.0286,2022-08-08,일반
4383,안지원,ngjng728@daum.net,,청주,36.6424,127.489,2021-10-14,우수
4384,서현정,shj159@gmail.com,010-7796-5794,창원,35.2271,128.6811,2021-07-22,우수
4385,한서현,hsh672@gmail.com,010-9041-5045,서울,37.5665,126.978,2021-10-20,VIP
4386,장서연,jsng545@daum.net,010-4830-9840,대전,36.3504,127.3845,2022-05-21,우수
4387,권나윤,gnng662@gmail.com,010-9211-1491,전주,35.8219,127.148,2022-12-30,MVP
4388,오지민,ngjm547@daum.net,,부산,35.1796,129.0756,2022-07-21,일반
4389,송현정,shj410@nate.com,010-9843-9232,세종,36.48,127.289,2021-04-03,일반
4390,윤수빈,ngsb380@naver.com,,대전,36.3504,127.3845,2021-12-30,일반
4391,신하늘,shn426@naver.com,010-6298-1946,수원,37.2636,127.0286,2021-02-11,일반
4392,정현우,jhng146@nate.com,010-3709-5345,대전,36.3504,127.3845,2022-02-07,우수
4393,윤우진,ngngj893@naver.com,010-6406-3896,광주,35.1595,126.8526,2021-09-15,우수
4394,최하준,chhj939@gmail.com,010-4852-9264,청주,36.6424,127.489,2021-12-31,일반
4395,권예준,gngj105@gmail.com,010-7874-5763,대구,35.8714,128.6014,2021-12-05,VIP
4396,신서연,ssng100@daum.net,010-7592-5252,창원,35.2271,128.6811,2021-03-02,VIP
4397,권지훈,gjh570@nate.com,,전주,35.8219,127.148,2022-08-20,일반
4398,박서연,bsng183@naver.com,010-1725-4895,인천,37.4563,126.7052,2021-04-29,일반
4399,전영민,jngm796@nate.com,010-7697-9236,전주,35.8219,127.148,2021-11-17,일반
4400,박서현,bsh676@gmail.com,,서울,37.5665,126.978,2021-11-06,일반
4401,안하린,nghr326@naver.com,,대구,35.8714,128.6014,2022-01-17,일반
4402,송서연,ssng831@nate.com,010-9447-6141,서울,37.5665,126.978,2021-04-13,우수
4403,오채원,ngchng100@gmail.com,010-8895-4162,인천,37.4563,126.7052,2022-08-24,일반
4404,안민준,ngmj208@gmail.com,010-6796-8629,부산,35.1796,129.0756,2021-07-08,일반
4405,최지아,chjng194@daum.net,010-2484-5836,수원,37.2636,127.0286,2021-02-26,MVP
4406,전나윤,jnng692@gmail.com,010-7122-1592,대구,35.8714,128.6014,2022-02-15,우수
4407,한유진,hngj223@gmail.com,010-7746-9720,청주,36.6424,127.489,2022-08-31,VIP
4408,권예준,gngj613@nate.com,,청주,36.6424,127.489,2022-05-20,일반
4409,김지아,gjng111@daum.net,010-4342-3669,창원,35.2271,128.6811,2021-06-01,일반
4410,송도현,sdh832@daum.net,010-2661-7923,서울,37.5665,126.978,2022-05-18,우수
4411,박주원,bjng705@naver.com,,대구,35.8714,128.6014,2021-05-24,일반
4412,조지훈,jjh690@daum.net,,인천,37.4563,126.7052,2021-05-19,일반
4413,장서준,jsj781@gmail.com,010-2196-8719,대구,35.8714,128.6014,2022-05-05,우수
4414,황지원,hjng634@daum.net,010-5176-9862,울산,35.5398,129.3114,2021-06-08,우수
4415,김지민,gjm509@gmail.com,010-3970-7791,부산,35.1796,129.0756,2022-12-09,일반
4416,정채원,jchng133@naver.com,010-7071-2203,서울,37.5665,126.978,2022-02-02,일반
4417,서유진,sngj602@gmail.com,,인천,37.4563,126.7052,2021-04-23,일반
4418,서서준,ssj951@gmail.com,010-3158-4768,수원,37.2636,127.0286,2021-03-25,일반
4419,윤지후,ngjh160@naver.com,010-9322-9115,광주,35.1595,126.8526,2022-01-01,일반
4420,전채원,jchng238@gmail.com,010-5661-6584,울산,35.5398,129.3114,2021-06-04,일반
4421,서지아,sjng773@gmail.com,010-2765-7628,서울,37.5665,126.978,2022-08-20,일반
4422,송서준,ssj395@daum.net,,서울,37.5665,126.978,2021-12-19,MVP
4423,박주원,bjng872@gmail.com,,대구,35.8714,128.6014,2022-03-09,우수
4424,최지민,chjm904@daum.net,010-1218-5147,부산,35.1796,129.0756,2022-12-07,우수
4425,장채원,jchng915@nate.com,010-9184-2674,서울,37.5665,126.978,2022-07-09,일반
4426,장서준,jsj923@naver.com,010-5319-5595,대전,36.3504,127.3845,2022-03-12,일반
4427,전태현,jth460@gmail.com,010-6446-9216,울산,35.5398,129.3114,2021-01-12,일반
4428,이서연,ngsng947@naver.com,010-7526-8081,전주,35.8219,127.148,2022-04-13,일반
4429,송현우,shng800@daum.net,,창원,35.2271,128.6811,2022-11-01,일반
4430,장주원,jjng722@daum.net,,부산,35.1796,129.0756,2021-11-09,우수
4431,김우진,gngj735@daum.net,010-8062-3935,세종,36.48,127.289,2022-10-29,우수
4432,오지현,ngjh295@daum.net,010-2402-6658,세종,36.48,127.289,2022-02-20,우수
4433,조서준,jsj198@nate.com,,대전,36.3504,127.3845,2022-05-23,일반
4434,신도윤,sdng580@daum.net,010-9499-6245,청주,36.6424,127.489,2022-12-31,VIP
4435,전도현,jdh114@naver.com,,청주,36.6424,127.489,2022-02-01,일반
4436,권지민,gjm186@gmail.com,,울산,35.5398,129.3114,2022-02-01,일반
4437,송지민,sjm545@gmail.com,010-3088-5424,대구,35.8714,128.6014,2021-11-12,일반
4438,신태현,sth661@nate.com,,세종,36.48,127.289,2022-10-29,우수
4439,신지원,sjng487@naver.com,010-5839-1734,세종,36.48,127.289,2022-05-18,MVP
4440,강예준,gngj472@nate.com,,인천,37.4563,126.7052,2021-07-31,일반
4441,정유진,jngj251@daum.net,010-6596-7394,인천,37.4563,126.7052,2021-07-27,VIP
4442,이민준,ngmj633@daum.net,010-6061-7397,전주,35.8219,127.148,2022-06-20,VIP
4443,박수빈,bsb284@gmail.com,010-3460-1135,광주,35.1595,126.8526,2021-02-27,일반
4444,한도현,hdh849@naver.com,010-4087-2950,광주,35.1595,126.8526,2021-07-23,일반
4445,안지훈,ngjh480@nate.com,010-4767-5721,서울,37.5665,126.978,2021-12-04,일반
4446,정현우,jhng253@naver.com,,전주,35.8219,127.148,2022-12-30,MVP
4447,박태현,bth250@daum.net,010-5541-2230,대전,36.3504,127.3845,2021-08-20,일반
4448,장지현,jjh131@nate.com,010-4224-8628,수원,37.2636,127.0286,2021-08-16,우수
4449,황시아,hsng880@naver.com,,전주,35.8219,127.148,2021-11-08,일반
4450,정도윤,jdng217@nate.com,010-4555-9062,수원,37.2636,127.0286,2021-05-31,우수
4451,전지현,jjh797@gmail.com,010-1698-7272,수원,37.2636,127.0286,2021-04-22,일반
4452,정지현,jjh418@naver.com,010-9508-8130,울산,35.5398,129.3114,2021-12-19,우수
4453,조예린,jngr440@daum.net,010-5624-6682,수원,37.2636,127.0286,2022-04-30,VIP
4454,정서연,jsng318@daum.net,010-3354-4201,수원,37.2636,127.0286,2022-06-20,VIP
4455,황영민,hngm741@naver.com,010-4042-3101,광주,35.1595,126.8526,2021-11-15,VIP
4456,오지후,ngjh434@gmail.com,010-4056-1413,부산,35.1796,129.0756,2022-04-23,일반
4457,오서준,ngsj355@daum.net,010-9638-4058,광주,35.1595,126.8526,2022-01-10,우수
4458,안민서,ngms262@gmail.com,010-8129-7220,대전,36.3504,127.3845,2022-03-28,일반
4459,신가은,sgng145@naver.com,010-5902-6258,수원,37.2636,127.0286,2022-07-14,일반
4460,안수빈,ngsb180@naver.com,010-4401-2183,서울,37.5665,126.978,2022-10-03,우수
4461,조가은,jgng499@daum.net,,창원,35.2271,128.6811,2021-07-14,일반
4462,정지민,jjm231@gmail.com,,청주,36.6424,127.489,2022-11-02,우수
4463,임가은,nggng184@daum.net,,대전,36.3504,127.3845,2021-08-14,MVP
4464,최민준,chmj924@nate.com,010-6824-3332,부산,35.1796,129.0756,2021-10-12,일반
4465,전현정,jhj988@nate.com,010-6109-5443,대전,36.3504,127.3845,2021-12-27,우수
4466,조지후,jjh170@nate.com,010-6937-4715,부산,35.1796,129.0756,2021-05-06,일반
4467,윤영민,ngngm348@daum.net,,창원,35.2271,128.6811,2022-04-07,일반
4468,서영민,sngm730@nate.com,,서울,37.5665,126.978,2021-04-05,일반
4469,이채원,ngchng310@daum.net,010-9131-6968,대구,35.8714,128.6014,2021-10-29,VIP
4470,송가은,sgng464@nate.com,010-9576-9299,청주,36.6424,127.489,2021-03-12,VIP
4471,박영민,bngm587@nate.com,010-3143-2894,서울,37.5665,126.978,2022-12-29,VIP
4472,한시아,hsng704@naver.com,010-8476-8161,세종,36.48,127.289,2022-09-14,MVP
4473,윤하늘,nghn230@nate.com,010-4451-4512,대전,36.3504,127.3845,2022-08-21,일반
4474,최하준,chhj271@naver.com,010-1671-8192,대구,35.8714,128.6014,2022-09-09,일반
4475,김우진,gngj561@naver.com,010-9607-4577,청주,36.6424,127.489,2021-05-01,우수
4476,신지아,sjng574@daum.net,010-9132-5191,세종,36.48,127.289,2022-04-28,일반
4477,김수빈,gsb118@naver.com,010-6787-7589,울산,35.5398,129.3114,2022-01-30,일반
4478,김민준,gmj788@nate.com,,울산,35.5398,129.3114,2021-05-23,일반
4479,송지현,sjh258@gmail.com,010-3081-2981,인천,37.4563,126.7052,2022-12-05,우수
4480,전영민,jngm317@nate.com,010-5285-8214,수원,37.2636,127.0286,2021-06-18,우수
4481,정서연,jsng367@naver.com,,창원,35.2271,128.6811,2021-07-30,일반
4482,김도현,gdh406@daum.net,010-8059-3721,청주,36.6424,127.489,2022-08-24,일반
4483,이태현,ngth511@nate.com,,청주,36.6424,127.489,2022-02-11,우수
4484,장지아,jjng460@naver.com,010-5335-4368,부산,35.1796,129.0756,2021-07-06,우수
4485,오하늘,nghn930@daum.net,,창원,35.2271,128.6811,2022-07-30,일반
4486,안예린,ngngr416@nate.com,,광주,35.1595,126.8526,2021-04-11,우수
4487,장하준,jhj221@gmail.com,010-2447-8763,울산,35.5398,129.3114,2021-08-29,일반
4488,김우진,gngj672@naver.com,010-9667-2553,울산,35.5398,129.3114,2021-09-16,일반
4489,박가은,bgng520@daum.net,010-7099-5227,창원,35.2271,128.6811,2021-12-25,우수
4490,강예준,gngj737@naver.com,010-2710-4417,세종,36.48,127.289,2022-08-11,우수
4491,서지후,sjh805@nate.com,010-9009-7549,광주,35.1595,126.8526,2022-08-14,일반
4492,권서연,gsng632@nate.com,010-4434-6912,세종,36.48,127.289,2022-05-15,우수
4493,송서연,ssng173@naver.com,010-2195-6669,대전,36.3504,127.3845,2021-04-02,우수
4494,윤나윤,ngnng933@gmail.com,010-5878-3935,수원,37.2636,127.0286,2022-10-31,우수
4495,서현정,shj603@naver.com,010-1212-9028,대구,35.8714,128.6014,2021-07-25,우수
4496,신도윤,sdng472@gmail.com,,서울,37.5665,126.978,2021-04-07,우수
4497,윤하린,nghr208@daum.net,010-6043-5637,대전,36.3504,127.3845,2022-06-23,일반
4498,강채원,gchng303@nate.com,010-2222-5285,대전,36.3504,127.3845,2022-05-27,일반
4499,전하린,jhr113@gmail.com,010-2593-7299,서울,37.5665,126.978,2022-06-22,일반
4500,장영민,jngm571@gmail.com,010-2467-6613,대전,36.3504,127.3845,2022-10-06,일반
4501,황현우,hhng643@gmail.com,010-7240-8565,울산,35.5398,129.3114,2022-04-11,우수
4502,윤지민,ngjm562@naver.com,010-2936-1738,서울,37.5665,126.978,2022-08-22,우수
4503,강나윤,gnng298@nate.com,010-3841-1936,인천,37.4563,126.7052,2022-03-19,일반
4504,한하늘,hhn917@nate.com,010-3592-5373,창원,35.2271,128.6811,2022-08-03,일반
4505,한하린,hhr580@gmail.com,010-8273-4202,청주,36.6424,127.489,2022-10-24,일반
4506,강나윤,gnng997@nate.com,,세종,36.48,127.289,2021-01-08,일반
4507,오우진,ngngj794@gmail.com,010-3996-7778,세종,36.48,127.289,2022-11-24,우수
4508,김영민,gngm700@nate.com,010-9782-7882,수원,37.2636,127.0286,2021-12-15,일반
4509,박서준,bsj874@daum.net,010-6681-9207,청주,36.6424,127.489,2022-09-12,우수
4510,신민서,sms982@daum.net,010-7729-5486,대구,35.8714,128.6014,2022-12-15,VIP
4511,장태현,jth608@gmail.com,010-9028-7481,인천,37.4563,126.7052,2022-01-27,일반
4512,황예린,hngr534@daum.net,010-5322-6485,창원,35.2271,128.6811,2022-02-08,일반
4513,안수빈,ngsb771@nate.com,010-5343-8251,울산,35.5398,129.3114,2022-09-26,일반
4514,박지원,bjng462@naver.com,010-6238-1591,대전,36.3504,127.3845,2022-03-30,우수
4515,정지훈,jjh124@daum.net,010-1091-5471,대구,35.8714,128.6014,2022-03-30,우수
4516,안하린,nghr507@daum.net,010-6452-1442,대구,35.8714,128.6014,2022-10-20,일반
4517,윤수빈,ngsb924@daum.net,010-1533-8897,대전,36.3504,127.3845,2022-07-22,우수
4518,안민준,ngmj483@naver.com,,수원,37.2636,127.0286,2021-08-10,VIP
4519,송지원,sjng512@naver.com,,인천,37.4563,126.7052,2022-09-14,일반
4520,서하린,shr488@daum.net,,전주,35.8219,127.148,2022-06-22,일반
4521,장현정,jhj899@gmail.com,010-1907-5502,세종,36.48,127.289,2021-08-15,VIP
4522,박지원,bjng101@nate.com,010-5219-1480,대구,35.8714,128.6014,2021-06-30,우수
4523,오도윤,ngdng146@naver.com,010-9732-8404,울산,35.5398,129.3114,2022-01-05,VIP
4524,전서연,jsng310@naver.com,010-7996-5365,대전,36.3504,127.3845,2022-02-09,우수
4525,신지현,sjh542@gmail.com,010-3236-8957,대구,35.8714,128.6014,2021-08-12,VIP
4526,조영민,jngm902@nate.com,010-3402-1879,대전,36.3504,127.3845,2021-04-25,일반
4527,전우진,jngj937@gmail.com,,서울,37.5665,126.978,2021-04-01,우수
4528,황서연,hsng145@nate.com,010-6372-2883,수원,37.2636,127.0286,2021-04-23,VIP
4529,신우진,sngj630@daum.net,010-8689-4312,창원,35.2271,128.6811,2022-04-18,우수
4530,안지후,ngjh341@gmail.com,010-4521-6266,울산,35.5398,129.3114,2021-03-31,일반
4531,권지현,gjh771@daum.net,010-9652-4446,대전,36.3504,127.3845,2022-12-24,일반
4532,오민준,ngmj927@daum.net,010-7715-1519,청주,36.6424,127.489,2022-10-19,일반
4533,강나윤,gnng578@gmail.com,010-8706-6474,전주,35.8219,127.148,2022-02-18,일반
4534,서나윤,snng581@gmail.com,010-9876-2961,세종,36.48,127.289,2021-03-29,일반
4535,강하린,ghr286@naver.com,010-4578-2798,전주,35.8219,127.148,2022-02-13,우수
4536,정지후,jjh603@nate.com,010-9534-5875,대전,36.3504,127.3845,2022-01-08,우수
4537,최가은,chgng854@naver.com,010-9200-8305,대구,35.8714,128.6014,2022-05-26,일반
4538,김유진,gngj810@gmail.com,,세종,36.48,127.289,2022-08-16,우수
4539,이서현,ngsh921@nate.com,,청주,36.6424,127.489,2022-01-08,일반
4540,김영민,gngm537@daum.net,,서울,37.5665,126.978,2022-05-23,일반
4541,권하늘,ghn309@daum.net,010-9393-4215,세종,36.48,127.289,2022-06-28,일반
4542,김현우,ghng360@daum.net,010-6383-5665,세종,36.48,127.289,2021-08-07,우수
4543,김지현,gjh398@daum.net,010-9422-1946,창원,35.2271,128.6811,2021-05-13,일반
4544,김지후,gjh220@nate.com,010-7389-5199,수원,37.2636,127.0286,2022-06-03,일반
4545,윤채원,ngchng184@nate.com,010-9234-5374,세종,36.48,127.289,2022-06-16,일반
4546,장지훈,jjh142@daum.net,010-4275-4050,전주,35.8219,127.148,2022-08-25,VIP
4547,이수빈,ngsb741@daum.net,010-6607-3531,울산,35.5398,129.3114,2021-01-06,일반
4548,서하린,shr739@gmail.com,,부산,35.1796,129.0756,2022-01-06,우수
4549,이태현,ngth233@nate.com,010-3705-5028,울산,35.5398,129.3114,2021-07-20,우수
4550,한지현,hjh509@daum.net,010-1480-8211,대전,36.3504,127.3845,2021-01-04,우수
4551,전도윤,jdng922@daum.net,010-8584-4415,대전,36.3504,127.3845,2021-03-03,VIP
4552,강민준,gmj220@naver.com,010-2530-6347,청주,36.6424,127.489,2022-09-16,일반
4553,김민준,gmj399@naver.com,010-9711-3294,대구,35.8714,128.6014,2021-03-22,일반
4554,이나윤,ngnng809@nate.com,010-1908-5930,수원,37.2636,127.0286,2021-05-10,VIP
4555,안지현,ngjh227@gmail.com,010-1916-6678,창원,35.2271,128.6811,2021-09-01,일반
4556,임하늘,nghn394@nate.com,010-8953-8324,대구,35.8714,128.6014,2022-06-13,우수
4557,조시아,jsng930@naver.com,010-6364-4878,대전,36.3504,127.3845,2021-12-04,우수
4558,안영민,ngngm207@daum.net,,부산,35.1796,129.0756,2022-07-03,우수
4559,정지현,jjh794@naver.com,010-5497-3154,수원,37.2636,127.0286,2021-05-22,VIP
4560,전지원,jjng988@gmail.com,,수원,37.2636,127.0286,2021-12-18,MVP
4561,한지원,hjng762@nate.com,010-9617-2298,청주,36.6424,127.489,2022-03-05,우수
4562,오태현,ngth446@gmail.com,010-3030-7934,대구,35.8714,128.6014,2021-02-24,일반
4563,오지현,ngjh410@daum.net,010-2692-6547,전주,35.8219,127.148,2022-05-29,VIP
4564,김영민,gngm825@daum.net,010-2886-6330,수원,37.2636,127.0286,2022-07-22,일반
4565,김하늘,ghn685@naver.com,010-5759-1672,청주,36.6424,127.489,2021-09-19,일반
4566,윤도현,ngdh440@gmail.com,010-6916-6679,세종,36.48,127.289,2022-02-27,VIP
4567,한하린,hhr814@naver.com,010-2274-2015,광주,35.1595,126.8526,2021-12-07,일반
4568,안나윤,ngnng828@naver.com,010-6402-5915,청주,36.6424,127.489,2021-06-06,일반
4569,권나윤,gnng956@nate.com,010-5448-7096,청주,36.6424,127.489,2022-05-24,일반
4570,전지현,jjh284@daum.net,,대전,36.3504,127.3845,2022-12-27,VIP
4571,조하늘,jhn558@naver.com,010-5068-8905,대전,36.3504,127.3845,2022-08-24,우수
4572,황하린,hhr139@gmail.com,010-6422-6966,세종,36.48,127.289,2021-03-05,우수
4573,임지아,ngjng952@daum.net,010-8566-5344,창원,35.2271,128.6811,2022-12-06,일반
4574,최서연,chsng536@naver.com,010-7910-9004,대구,35.8714,128.6014,2022-11-26,우수
4575,최주원,chjng437@daum.net,010-1489-3764,창원,35.2271,128.6811,2021-08-15,우수
4576,권서연,gsng557@daum.net,010-3030-3537,창원,35.2271,128.6811,2021-01-22,일반
4577,정민서,jms251@nate.com,,울산,35.5398,129.3114,2022-01-05,일반
4578,박우진,bngj936@daum.net,010-5526-2691,부산,35.1796,129.0756,2022-12-12,일반
4579,황도현,hdh752@gmail.com,010-6972-6511,서울,37.5665,126.978,2021-12-14,MVP
4580,송현우,shng909@daum.net,010-6508-6956,광주,35.1595,126.8526,2021-12-31,우수
4581,서현정,shj291@gmail.com,010-4517-4334,울산,35.5398,129.3114,2022-07-26,VIP
4582,한현정,hhj773@nate.com,010-1884-6834,전주,35.8219,127.148,2022-03-01,일반
4583,김우진,gngj922@gmail.com,010-1832-5812,서울,37.5665,126.978,2022-05-30,우수
4584,조예준,jngj585@gmail.com,010-6260-3599,광주,35.1595,126.8526,2021-12-04,우수
4585,박서현,bsh835@nate.com,010-7286-1757,창원,35.2271,128.6811,2021-08-26,우수
4586,윤지현,ngjh170@nate.com,010-9481-9293,서울,37.5665,126.978,2022-06-21,MVP
4587,송지원,sjng761@gmail.com,010-4226-2282,부산,35.1796,129.0756,2021-02-04,일반
4588,박도윤,bdng478@naver.com,,인천,37.4563,126.7052,2021-02-14,일반
4589,임서준,ngsj133@naver.com,010-4557-8101,청주,36.6424,127.489,2022-11-26,우수
4590,윤민서,ngms701@gmail.com,010-4869-9902,인천,37.4563,126.7052,2021-01-03,우수
4591,송서현,ssh558@naver.com,010-4461-9654,청주,36.6424,127.489,2021-03-06,우수
4592,임우진,ngngj560@gmail.com,010-5070-5472,울산,35.5398,129.3114,2022-04-09,일반
4593,정채원,jchng108@naver.com,010-4040-5816,대전,36.3504,127.3845,2022-06-09,우수
4594,강채원,gchng884@nate.com,010-3439-7767,울산,35.5398,129.3114,2021-10-27,일반
4595,임지훈,ngjh968@gmail.com,010-4180-3727,대전,36.3504,127.3845,2022-04-20,일반
4596,황하린,hhr940@nate.com,010-6361-9491,울산,35.5398,129.3114,2021-09-03,우수
4597,박예린,bngr809@nate.com,010-3765-6097,세종,36.48,127.289,2021-11-06,우수
4598,신하늘,shn556@gmail.com,010-4559-6487,대전,36.3504,127.3845,2021-09-21,일반
4599,윤예준,ngngj929@daum.net,010-3362-4211,광주,35.1595,126.8526,2022-03-24,일반
4600,장민준,jmj256@nate.com,010-7144-5395,창원,35.2271,128.6811,2021-01-12,일반
4601,전지민,jjm499@nate.com,,청주,36.6424,127.489,2022-06-16,일반
4602,최예린,chngr650@naver.com,010-3390-4981,인천,37.4563,126.7052,2022-08-14,우수
4603,정지훈,jjh492@nate.com,010-4711-8662,인천,37.4563,126.7052,2021-07-10,VIP
4604,조현우,jhng597@daum.net,010-2053-4338,서울,37.5665,126.978,2022-02-01,일반
4605,안서연,ngsng603@daum.net,010-9122-9215,전주,35.8219,127.148,2022-06-18,우수
4606,윤서준,ngsj371@daum.net,010-6333-8362,광주,35.1595,126.8526,2022-08-22,VIP
4607,신서현,ssh939@daum.net,010-1034-1886,세종,36.48,127.289,2022-05-30,VIP
4608,한유진,hngj168@naver.com,010-7952-5278,울산,35.5398,129.3114,2022-10-15,일반
4609,장하린,jhr370@naver.com,,울산,35.5398,129.3114,2021-08-18,MVP
4610,이지원,ngjng520@gmail.com,010-5117-5148,대전,36.3504,127.3845,2022-03-21,일반
4611,강서준,gsj162@daum.net,010-9357-8066,인천,37.4563,126.7052,2021-03-31,일반
4612,권지훈,gjh566@gmail.com,,광주,35.1595,126.8526,2021-05-21,일반
4613,오예준,ngngj746@gmail.com,010-1355-6575,창원,35.2271,128.6811,2022-06-25,일반
4614,서지원,sjng742@gmail.com,010-9967-6234,대구,35.8714,128.6014,2021-08-18,일반
4615,이지아,ngjng189@daum.net,010-9203-8795,대구,35.8714,128.6014,2021-07-10,일반
4616,서서연,ssng827@naver.com,010-1780-5573,인천,37.4563,126.7052,2022-05-17,일반
4617,정지후,jjh309@gmail.com,,서울,37.5665,126.978,2022-02-16,VIP
4618,안하린,nghr179@nate.com,010-3079-2335,서울,37.5665,126.978,2021-02-09,VIP
4619,안지훈,ngjh457@nate.com,010-7658-6928,청주,36.6424,127.489,2021-10-30,일반
4620,김유진,gngj967@naver.com,010-6756-8032,세종,36.48,127.289,2021-01-20,VIP
4621,최도윤,chdng921@daum.net,010-9254-4174,대구,35.8714,128.6014,2021-11-21,VIP
4622,이우진,ngngj988@gmail.com,010-7001-3023,청주,36.6424,127.489,2022-05-11,우수
4623,윤서준,ngsj538@gmail.com,010-3292-2781,서울,37.5665,126.978,2022-09-02,일반
4624,신지아,sjng701@nate.com,010-4295-8535,대전,36.3504,127.3845,2021-12-14,우수
4625,최우진,chngj557@naver.com,010-2354-3068,인천,37.4563,126.7052,2021-02-14,VIP
4626,권우진,gngj354@gmail.com,010-6757-7523,인천,37.4563,126.7052,2022-02-28,우수
4627,이하준,nghj326@naver.com,010-6829-6566,울산,35.5398,129.3114,2021-03-30,일반
4628,안민준,ngmj528@naver.com,010-6543-3454,대전,36.3504,127.3845,2022-04-10,우수
4629,서수빈,ssb242@gmail.com,010-8750-1941,청주,36.6424,127.489,2021-09-05,우수
4630,정수빈,jsb841@daum.net,,부산,35.1796,129.0756,2021-01-08,우수
4631,한태현,hth866@nate.com,,수원,37.2636,127.0286,2022-05-15,일반
4632,전민준,jmj426@nate.com,010-2363-9561,부산,35.1796,129.0756,2021-03-14,일반
4633,박지현,bjh492@nate.com,010-3952-4947,전주,35.8219,127.148,2022-09-06,VIP
4634,한현정,hhj914@naver.com,010-4790-1273,창원,35.2271,128.6811,2021-08-24,VIP
4635,한지훈,hjh642@daum.net,010-2341-7858,전주,35.8219,127.148,2022-08-20,일반
4636,오민서,ngms937@gmail.com,010-3380-2773,세종,36.48,127.289,2022-08-19,MVP
4637,안현우,nghng132@naver.com,010-5342-7754,대전,36.3504,127.3845,2021-06-30,일반
4638,안현정,nghj442@daum.net,010-3337-1565,전주,35.8219,127.148,2021-04-24,우수
4639,임예준,ngngj976@gmail.com,010-9264-1537,광주,35.1595,126.8526,2022-12-29,우수
4640,오도윤,ngdng151@naver.com,010-6980-5060,대구,35.8714,128.6014,2021-10-19,VIP
4641,윤서연,ngsng307@naver.com,010-7034-5958,서울,37.5665,126.978,2021-11-20,VIP
4642,조수빈,jsb817@gmail.com,010-5617-2958,서울,37.5665,126.978,2022-08-15,일반
4643,신나윤,snng369@naver.com,,세종,36.48,127.289,2022-04-05,VIP
4644,정도윤,jdng905@nate.com,010-2823-4013,서울,37.5665,126.978,2021-10-04,일반
4645,오가은,nggng816@naver.com,010-4669-4476,수원,37.2636,127.0286,2022-11-28,우수
4646,전채원,jchng581@gmail.com,010-9832-7129,세종,36.48,127.289,2022-10-20,우수
4647,신하늘,shn211@nate.com,010-1603-6809,울산,35.5398,129.3114,2022-09-12,우수
4648,최민서,chms857@naver.com,010-2133-1937,전주,35.8219,127.148,2022-07-31,일반
4649,한채원,hchng471@gmail.com,010-4099-5052,울산,35.5398,129.3114,2022-09-14,VIP
4650,박민서,bms702@naver.com,010-1457-9505,울산,35.5398,129.3114,2021-10-22,일반
4651,장채원,jchng407@gmail.com,010-5849-6815,울산,35.5398,129.3114,2021-12-25,일반
4652,정채원,jchng442@naver.com,,광주,35.1595,126.8526,2022-04-24,우수
4653,황지현,hjh491@daum.net,010-3947-1202,서울,37.5665,126.978,2022-08-14,일반
4654,황지아,hjng763@daum.net,010-3986-8375,울산,35.5398,129.3114,2021-05-31,VIP
4655,최시아,chsng777@naver.com,010-7275-2062,울산,35.5398,129.3114,2021-01-27,일반
4656,최지아,chjng546@gmail.com,,전주,35.8219,127.148,2021-05-01,일반
4657,윤서연,ngsng958@gmail.com,,창원,35.2271,128.6811,2022-10-27,VIP
4658,장지현,jjh685@gmail.com,010-1802-1802,수원,37.2636,127.0286,2021-03-10,우수
4659,조주원,jjng611@nate.com,010-6647-9583,청주,36.6424,127.489,2021-06-22,일반
4660,권수빈,gsb943@nate.com,,세종,36.48,127.289,2021-02-20,우수
4661,전수빈,jsb237@nate.com,010-2647-2723,수원,37.2636,127.0286,2021-05-13,우수
4662,전유진,jngj537@nate.com,,대전,36.3504,127.3845,2022-03-21,우수
4663,황수빈,hsb307@daum.net,010-2836-3740,창원,35.2271,128.6811,2022-01-06,일반
4664,정서준,jsj462@gmail.com,010-8529-5625,대구,35.8714,128.6014,2022-01-13,VIP
4665,안현정,nghj786@naver.com,,광주,35.1595,126.8526,2021-02-15,VIP
4666,한도윤,hdng534@nate.com,010-9600-7816,전주,35.8219,127.148,2021-09-30,우수
4667,황지후,hjh471@gmail.com,010-9029-9136,수원,37.2636,127.0286,2021-05-14,일반
4668,장하늘,jhn560@daum.net,010-7124-6457,세종,36.48,127.289,2022-04-07,VIP
4669,송우진,sngj321@naver.com,010-8695-3034,광주,35.1595,126.8526,2022-01-31,우수
4670,강지원,gjng248@gmail.com,010-7225-5164,부산,35.1796,129.0756,2022-09-19,우수
4671,서서현,ssh691@gmail.com,010-2833-2458,인천,37.4563,126.7052,2022-01-26,일반
4672,전서연,jsng699@naver.com,010-1615-4487,대구,35.8714,128.6014,2022-01-14,VIP
4673,박현우,bhng883@nate.com,,수원,37.2636,127.0286,2021-08-10,우수
4674,신하늘,shn235@nate.com,010-6431-3915,광주,35.1595,126.8526,2021-08-26,일반
4675,서가은,sgng275@gmail.com,010-9992-9043,인천,37.4563,126.7052,2022-09-05,일반
4676,장민서,jms616@gmail.com,010-7606-4227,부산,35.1796,129.0756,2021-07-10,VIP
4677,임채원,ngchng477@gmail.com,010-3706-3089,세종,36.48,127.289,2021-08-25,일반
4678,정시아,jsng326@gmail.com,010-8069-6499,세종,36.48,127.289,2022-10-23,MVP
4679,김현정,ghj350@daum.net,010-1908-6181,청주,36.6424,127.489,2022-03-26,우수
4680,오민서,ngms809@nate.com,010-2292-8515,전주,35.8219,127.148,2022-05-10,우수
4681,임지후,ngjh175@naver.com,010-6230-4381,청주,36.6424,127.489,2021-11-05,일반
4682,한현우,hhng614@gmail.com,010-6762-1518,부산,35.1796,129.0756,2022-12-08,일반
4683,전주원,jjng570@naver.com,010-1567-4081,서울,37.5665,126.978,2022-09-26,VIP
4684,신시아,ssng818@daum.net,010-7843-4054,세종,36.48,127.289,2022-10-22,일반
4685,장지후,jjh304@gmail.com,010-8546-1078,울산,35.5398,129.3114,2022-07-03,우수
4686,안지아,ngjng422@daum.net,010-5460-4732,서울,37.5665,126.978,2022-02-14,일반
4687,전서현,jsh379@daum.net,010-2105-1256,부산,35.1796,129.0756,2021-03-03,일반
4688,임주원,ngjng978@nate.com,010-4161-6714,전주,35.8219,127.148,2022-08-31,일반
4689,장영민,jngm698@naver.com,,부산,35.1796,129.0756,2021-01-02,우수
4690,안현정,nghj172@nate.com,010-4508-3549,창원,35.2271,128.6811,2022-09-30,MVP
4691,전현우,jhng478@nate.com,010-9237-2270,광주,35.1595,126.8526,2021-08-04,일반
4692,최예준,chngj432@nate.com,010-7052-7481,서울,37.5665,126.978,2021-07-13,일반
4693,이서현,ngsh194@nate.com,,대전,36.3504,127.3845,2022-12-05,일반
4694,강우진,gngj952@daum.net,010-3665-1053,광주,35.1595,126.8526,2021-10-18,우수
4695,강도윤,gdng950@naver.com,010-7379-3779,광주,35.1595,126.8526,2022-12-28,일반
4696,정예린,jngr355@daum.net,010-2365-8287,서울,37.5665,126.978,2022-05-17,VIP
4697,윤예린,ngngr402@naver.com,010-2016-6579,대전,36.3504,127.3845,2022-01-30,우수
4698,장민서,jms801@gmail.com,,전주,35.8219,127.148,2022-11-09,우수
4699,이현정,nghj910@naver.com,010-2261-1843,창원,35.2271,128.6811,2022-06-23,일반
4700,권시아,gsng892@daum.net,,부산,35.1796,129.0756,2022-02-05,MVP
4701,정예준,jngj365@gmail.com,,전주,35.8219,127.148,2021-07-01,일반
4702,강하준,ghj398@gmail.com,010-7274-9431,세종,36.48,127.289,2021-12-13,일반
4703,이태현,ngth721@daum.net,010-2407-9663,울산,35.5398,129.3114,2021-09-17,우수
4704,오지훈,ngjh224@naver.com,,대구,35.8714,128.6014,2022-11-22,우수
4705,신지원,sjng848@gmail.com,010-2103-6386,인천,37.4563,126.7052,2022-06-15,일반
4706,서가은,sgng877@daum.net,010-2620-7114,수원,37.2636,127.0286,2021-04-30,일반
4707,황지아,hjng274@gmail.com,,전주,35.8219,127.148,2021-12-04,우수
4708,임시아,ngsng282@naver.com,010-2681-5638,부산,35.1796,129.0756,2022-08-22,일반
4709,강시아,gsng696@daum.net,010-5657-1112,수원,37.2636,127.0286,2021-04-26,VIP
4710,박지후,bjh935@daum.net,010-4105-2982,전주,35.8219,127.148,2022-12-22,우수
4711,임지현,ngjh272@nate.com,,광주,35.1595,126.8526,2021-06-07,일반
4712,최영민,chngm266@gmail.com,010-1703-3492,부산,35.1796,129.0756,2022-04-07,일반
4713,이하린,nghr618@daum.net,010-9244-9413,전주,35.8219,127.148,2021-11-11,일반
4714,안지민,ngjm512@daum.net,010-9887-3406,창원,35.2271,128.6811,2021-11-01,우수
4715,권하준,ghj918@gmail.com,010-6356-2667,대구,35.8714,128.6014,2022-11-09,우수
4716,서우진,sngj379@gmail.com,010-2862-1416,광주,35.1595,126.8526,2021-07-15,일반
4717,최도윤,chdng295@gmail.com,010-4567-2676,수원,37.2636,127.0286,2021-11-19,우수
4718,한지민,hjm948@naver.com,,대구,35.8714,128.6014,2021-10-24,MVP
4719,장도현,jdh832@gmail.com,,전주,35.8219,127.148,2021-05-09,일반
4720,장지민,jjm278@nate.com,010-3590-1164,세종,36.48,127.289,2021-03-25,VIP
4721,정유진,jngj352@daum.net,010-8225-1644,인천,37.4563,126.7052,2021-09-05,일반
4722,권민서,gms494@gmail.com,010-4242-9769,대전,36.3504,127.3845,2021-05-18,일반
4723,황서현,hsh823@nate.com,010-5954-1848,전주,35.8219,127.148,2022-02-09,일반
4724,송가은,sgng997@nate.com,,세종,36.48,127.289,2021-05-18,일반
4725,권서현,gsh446@naver.com,,대전,36.3504,127.3845,2022-12-06,일반
4726,윤영민,ngngm323@gmail.com,,광주,35.1595,126.8526,2021-03-16,일반
4727,황도현,hdh248@daum.net,010-3995-8082,세종,36.48,127.289,2021-05-21,VIP
4728,한우진,hngj166@nate.com,010-4397-3914,전주,35.8219,127.148,2022-11-14,VIP
4729,황지현,hjh544@naver.com,010-4035-4596,창원,35.2271,128.6811,2022-07-19,우수
4730,송예린,sngr205@naver.com,,수원,37.2636,127.0286,2022-08-14,일반
4731,신서현,ssh296@naver.com,010-9453-1349,세종,36.48,127.289,2022-07-17,일반
4732,황태현,hth855@gmail.com,010-4805-6771,대전,36.3504,127.3845,2021-07-04,일반
4733,권나윤,gnng766@naver.com,010-7016-4854,부산,35.1796,129.0756,2022-06-18,우수
4734,박영민,bngm182@nate.com,010-2325-4132,청주,36.6424,127.489,2022-08-16,VIP
4735,오현우,nghng419@nate.com,010-8688-1054,전주,35.8219,127.148,2021-02-28,일반
4736,황민서,hms483@gmail.com,010-5874-5629,전주,35.8219,127.148,2022-07-26,일반
4737,전하린,jhr726@nate.com,010-9266-7818,대구,35.8714,128.6014,2021-12-21,우수
4738,서주원,sjng887@gmail.com,010-6330-6872,대구,35.8714,128.6014,2022-07-14,일반
4739,박하린,bhr899@daum.net,010-5553-3806,수원,37.2636,127.0286,2021-10-14,일반
4740,강태현,gth479@daum.net,,광주,35.1595,126.8526,2021-04-14,우수
4741,조가은,jgng135@daum.net,010-2577-7774,창원,35.2271,128.6811,2021-03-10,우수
4742,조예린,jngr805@daum.net,010-2630-1424,부산,35.1796,129.0756,2022-12-22,일반
4743,서민서,sms416@daum.net,010-8026-4758,부산,35.1796,129.0756,2022-11-20,일반
4744,신나윤,snng464@gmail.com,010-9048-4888,광주,35.1595,126.8526,2021-02-01,MVP
4745,황태현,hth245@naver.com,,대구,35.8714,128.6014,2021-09-25,일반
4746,황영민,hngm614@nate.com,,서울,37.5665,126.978,2022-12-28,일반
4747,강지후,gjh748@gmail.com,,인천,37.4563,126.7052,2022-06-13,일반
4748,박태현,bth911@naver.com,010-6245-3277,광주,35.1595,126.8526,2021-11-11,일반
4749,최예준,chngj265@nate.com,010-7932-5000,전주,35.8219,127.148,2021-11-21,일반
4750,황태현,hth936@naver.com,010-4372-4909,부산,35.1796,129.0756,2021-03-31,VIP
4751,최태현,chth116@nate.com,,인천,37.4563,126.7052,2021-09-04,일반
4752,서채원,schng885@daum.net,010-1431-1438,창원,35.2271,128.6811,2021-09-23,일반
4753,윤영민,ngngm645@gmail.com,010-7840-5879,수원,37.2636,127.0286,2021-01-20,우수
4754,송지원,sjng832@gmail.com,010-3113-2109,청주,36.6424,127.489,2021-02-08,우수
4755,안주원,ngjng411@gmail.com,,전주,35.8219,127.148,2021-09-16,VIP
4756,박수빈,bsb146@naver.com,010-2026-7956,수원,37.2636,127.0286,2021-09-26,VIP
4757,송민서,sms645@nate.com,,청주,36.6424,127.489,2022-10-10,일반
4758,박우진,bngj681@nate.com,010-1337-5589,서울,37.5665,126.978,2021-08-03,우수
4759,조서현,jsh418@nate.com,010-6026-6004,대전,36.3504,127.3845,2021-08-07,일반
4760,정도윤,jdng144@nate.com,010-1340-5820,광주,35.1595,126.8526,2021-03-09,MVP
4761,신민준,smj167@gmail.com,,청주,36.6424,127.489,2021-10-27,일반
4762,최현우,chhng444@daum.net,010-3181-1775,광주,35.1595,126.8526,2022-04-12,MVP
4763,황나윤,hnng250@naver.com,010-6854-7934,청주,36.6424,127.489,2021-08-26,우수
4764,권주원,gjng772@gmail.com,010-2257-9564,세종,36.48,127.289,2022-01-22,일반
4765,송시아,ssng667@nate.com,010-8437-9046,전주,35.8219,127.148,2022-07-22,우수
4766,서민서,sms853@nate.com,010-8870-8613,광주,35.1595,126.8526,2021-03-07,MVP
4767,박주원,bjng908@naver.com,,창원,35.2271,128.6811,2022-07-04,VIP
4768,전현우,jhng729@nate.com,010-1683-5550,청주,36.6424,127.489,2022-10-14,일반
4769,안민서,ngms330@gmail.com,,대전,36.3504,127.3845,2022-01-05,우수
4770,장유진,jngj449@nate.com,010-8475-4659,수원,37.2636,127.0286,2021-03-28,일반
4771,장도윤,jdng651@gmail.com,010-6106-1656,세종,36.48,127.289,2022-08-16,일반
4772,윤서현,ngsh748@gmail.com,010-9355-6430,광주,35.1595,126.8526,2022-05-12,일반
4773,조도현,jdh682@gmail.com,010-7411-3297,수원,37.2636,127.0286,2022-10-15,일반
4774,이지원,ngjng385@daum.net,010-3993-8340,창원,35.2271,128.6811,2021-07-15,VIP
4775,박예린,bngr677@daum.net,010-4733-9463,대전,36.3504,127.3845,2021-02-01,일반
4776,오지현,ngjh530@nate.com,010-8671-2223,서울,37.5665,126.978,2021-05-24,VIP
4777,한지후,hjh569@daum.net,010-6674-6882,인천,37.4563,126.7052,2021-02-26,일반
4778,한채원,hchng444@naver.com,010-1590-8375,청주,36.6424,127.489,2021-11-24,일반
4779,안가은,nggng707@nate.com,010-9246-9611,세종,36.48,127.289,2022-04-25,일반
4780,송현정,shj701@naver.com,010-2734-1512,청주,36.6424,127.489,2021-05-19,일반
4781,이수빈,ngsb898@naver.com,,청주,36.6424,127.489,2022-11-14,일반
4782,장민준,jmj887@daum.net,010-3847-5834,세종,36.48,127.289,2021-03-11,일반
4783,신도윤,sdng804@nate.com,010-1255-5579,광주,35.1595,126.8526,2022-11-16,우수
4784,최태현,chth123@daum.net,010-2340-9549,수원,37.2636,127.0286,2022-03-14,일반
4785,서지훈,sjh379@naver.com,010-5925-9152,울산,35.5398,129.3114,2021-05-10,일반
4786,이가은,nggng364@nate.com,,세종,36.48,127.289,2021-03-26,일반
4787,김도윤,gdng614@nate.com,010-3572-6346,세종,36.48,127.289,2021-01-15,VIP
4788,권나윤,gnng148@daum.net,010-1477-8595,청주,36.6424,127.489,2021-10-28,VIP
4789,윤주원,ngjng415@nate.com,010-8911-5200,청주,36.6424,127.489,2022-03-10,일반
4790,이나윤,ngnng318@gmail.com,010-2656-8602,대전,36.3504,127.3845,2021-08-22,일반
4791,권하린,ghr709@naver.com,010-3635-5646,대전,36.3504,127.3845,2022-02-18,일반
4792,권민준,gmj389@gmail.com,,부산,35.1796,129.0756,2022-11-28,MVP
4793,박하늘,bhn536@daum.net,010-5330-6853,대구,35.8714,128.6014,2021-05-20,일반
4794,신영민,sngm480@gmail.com,,수원,37.2636,127.0286,2021-05-08,일반
4795,한하린,hhr182@nate.com,010-4965-8541,서울,37.5665,126.978,2021-01-23,일반
4796,장지후,jjh846@naver.com,010-8684-5849,광주,35.1595,126.8526,2022-01-26,일반
4797,김영민,gngm913@daum.net,,대구,35.8714,128.6014,2022-01-25,일반
4798,박태현,bth764@naver.com,,대구,35.8714,128.6014,2021-05-07,우수
4799,오지훈,ngjh211@gmail.com,010-1442-3252,부산,35.1796,129.0756,2022-08-30,일반
4800,김지민,gjm111@nate.com,010-4340-1864,부산,35.1796,129.0756,2021-09-11,우수
4801,이지원,ngjng992@naver.com,010-6067-5338,인천,37.4563,126.7052,2021-03-19,일반
4802,강서현,gsh985@nate.com,010-5003-6988,세종,36.48,127.289,2022-11-01,일반
4803,조지아,jjng371@naver.com,,광주,35.1595,126.8526,2022-03-11,VIP
4804,서도윤,sdng801@daum.net,010-6096-5425,청주,36.6424,127.489,2022-09-29,일반
4805,정서연,jsng911@gmail.com,010-6397-6154,수원,37.2636,127.0286,2021-10-09,VIP
4806,조수빈,jsb881@daum.net,010-3084-7041,수원,37.2636,127.0286,2021-06-07,우수
4807,이지아,ngjng209@daum.net,010-6094-1514,창원,35.2271,128.6811,2022-08-18,일반
4808,강현정,ghj296@naver.com,010-4768-6698,대구,35.8714,128.6014,2021-12-22,MVP
4809,안서준,ngsj810@naver.com,010-3808-9322,청주,36.6424,127.489,2022-10-06,일반
4810,안민준,ngmj444@gmail.com,,세종,36.48,127.289,2021-11-20,VIP
4811,황가은,hgng781@gmail.com,010-8390-4470,창원,35.2271,128.6811,2022-12-04,일반
4812,한지훈,hjh907@daum.net,,인천,37.4563,126.7052,2022-01-02,VIP
4813,황민서,hms600@nate.com,010-5480-7398,대전,36.3504,127.3845,2021-10-20,일반
4814,장현정,jhj701@naver.com,010-1866-1799,서울,37.5665,126.978,2021-11-10,우수
4815,서민준,smj495@naver.com,010-3062-8495,울산,35.5398,129.3114,2021-11-01,우수
4816,한현정,hhj473@naver.com,010-6761-5755,세종,36.48,127.289,2022-04-19,VIP
4817,신민준,smj696@gmail.com,,인천,37.4563,126.7052,2021-05-05,VIP
4818,장민준,jmj579@naver.com,010-6803-4245,광주,35.1595,126.8526,2021-09-17,VIP
4819,서서준,ssj194@nate.com,010-4646-3315,서울,37.5665,126.978,2022-08-11,VIP
4820,장수빈,jsb131@nate.com,010-3229-6907,창원,35.2271,128.6811,2021-05-27,일반
4821,최가은,chgng588@daum.net,010-1930-4565,대구,35.8714,128.6014,2021-05-08,일반
4822,정지원,jjng160@naver.com,010-5868-5039,전주,35.8219,127.148,2022-11-28,일반
4823,안도현,ngdh643@daum.net,010-6857-3544,대전,36.3504,127.3845,2021-06-08,일반
4824,윤서연,ngsng192@nate.com,010-5301-6507,창원,35.2271,128.6811,2021-09-28,일반
4825,임하린,nghr815@daum.net,010-8477-9307,전주,35.8219,127.148,2022-10-01,우수
4826,최하준,chhj559@naver.com,010-5716-3354,전주,35.8219,127.148,2021-04-22,일반
4827,권채원,gchng209@naver.com,010-5585-1387,인천,37.4563,126.7052,2021-05-29,우수
4828,강지후,gjh714@naver.com,010-8795-7348,울산,35.5398,129.3114,2022-11-13,일반
4829,최수빈,chsb518@daum.net,010-5534-1662,전주,35.8219,127.148,2021-02-01,일반
4830,장채원,jchng498@daum.net,,청주,36.6424,127.489,2022-01-11,우수
4831,강지아,gjng486@naver.com,010-1260-6737,수원,37.2636,127.0286,2021-03-23,우수
4832,김주원,gjng824@naver.com,,수원,37.2636,127.0286,2022-09-10,우수
4833,황나윤,hnng765@daum.net,010-6841-3780,청주,36.6424,127.489,2022-10-14,우수
4834,안가은,nggng238@nate.com,010-5471-3991,울산,35.5398,129.3114,2022-05-18,일반
4835,조하린,jhr315@daum.net,010-4755-8484,전주,35.8219,127.148,2021-09-29,우수
4836,조채원,jchng906@naver.com,010-4538-7852,전주,35.8219,127.148,2022-03-28,일반
4837,전하준,jhj181@daum.net,,부산,35.1796,129.0756,2021-02-12,일반
4838,신민준,smj601@nate.com,010-5118-9551,인천,37.4563,126.7052,2021-03-11,일반
4839,신태현,sth682@nate.com,010-2118-6917,광주,35.1595,126.8526,2021-08-10,일반
4840,한민서,hms354@gmail.com,,서울,37.5665,126.978,2021-12-31,일반
4841,송시아,ssng672@naver.com,010-1496-6920,부산,35.1796,129.0756,2022-07-24,MVP
4842,이민서,ngms737@naver.com,010-4731-2727,대구,35.8714,128.6014,2022-04-24,MVP
4843,정하린,jhr587@naver.com,010-9473-6568,대전,36.3504,127.3845,2021-03-29,일반
4844,이태현,ngth885@naver.com,010-7113-1439,청주,36.6424,127.489,2022-12-08,일반
4845,안주원,ngjng521@gmail.com,,서울,37.5665,126.978,2022-09-15,일반
4846,정하준,jhj128@nate.com,010-2986-9559,부산,35.1796,129.0756,2021-06-10,일반
4847,전지현,jjh870@daum.net,010-6297-7775,광주,35.1595,126.8526,2021-07-04,VIP
4848,이주원,ngjng340@naver.com,010-9455-8611,부산,35.1796,129.0756,2021-12-02,일반
4849,한도윤,hdng571@daum.net,,세종,36.48,127.289,2022-09-28,우수
4850,강지후,gjh114@gmail.com,010-5636-2098,울산,35.5398,129.3114,2021-01-04,일반
4851,권유진,gngj112@naver.com,,전주,35.8219,127.148,2021-10-14,MVP
4852,윤도현,ngdh124@gmail.com,010-7933-9087,세종,36.48,127.289,2022-06-10,일반
4853,한하늘,hhn817@nate.com,010-6539-1080,광주,35.1595,126.8526,2021-12-15,우수
4854,전유진,jngj688@gmail.com,,대전,36.3504,127.3845,2021-12-10,일반
4855,권하준,ghj354@nate.com,010-7444-3096,울산,35.5398,129.3114,2022-09-29,우수
4856,권하준,ghj613@nate.com,010-3045-5719,광주,35.1595,126.8526,2021-04-17,일반
4857,정서준,jsj415@naver.com,010-6307-1753,청주,36.6424,127.489,2022-07-21,일반
4858,장도현,jdh510@naver.com,010-5272-4168,부산,35.1796,129.0756,2022-05-14,VIP
4859,임하린,nghr990@naver.com,,창원,35.2271,128.6811,2021-10-21,VIP
4860,신수빈,ssb362@gmail.com,010-7872-9368,세종,36.48,127.289,2022-07-24,VIP
4861,한지아,hjng422@nate.com,,대전,36.3504,127.3845,2022-09-28,우수
4862,박서준,bsj504@nate.com,,세종,36.48,127.289,2022-10-19,VIP
4863,서우진,sngj193@nate.com,010-8373-9814,창원,35.2271,128.6811,2021-08-30,일반
4864,오지후,ngjh565@nate.com,010-5566-4485,서울,37.5665,126.978,2021-03-16,일반
4865,최서연,chsng858@daum.net,010-9544-3412,광주,35.1595,126.8526,2022-11-24,일반
4866,장현우,jhng549@gmail.com,,대전,36.3504,127.3845,2022-03-27,우수
4867,이민서,ngms743@naver.com,,울산,35.5398,129.3114,2021-12-19,일반
4868,안영민,ngngm557@daum.net,,울산,35.5398,129.3114,2022-08-17,일반
4869,서태현,sth813@naver.com,010-3605-8694,서울,37.5665,126.978,2021-08-14,우수
4870,조유진,jngj894@nate.com,010-8926-4024,부산,35.1796,129.0756,2021-05-25,VIP
4871,박주원,bjng973@naver.com,010-6593-8501,서울,37.5665,126.978,2021-01-28,일반
4872,안지현,ngjh689@daum.net,010-3324-5996,창원,35.2271,128.6811,2021-04-28,일반
4873,강유진,gngj894@nate.com,,울산,35.5398,129.3114,2021-01-21,일반
4874,송현정,shj841@gmail.com,010-4487-7672,광주,35.1595,126.8526,2022-05-18,일반
4875,이가은,nggng310@gmail.com,,대구,35.8714,128.6014,2021-10-03,일반
4876,윤영민,ngngm752@nate.com,,광주,35.1595,126.8526,2022-11-01,우수
4877,전하늘,jhn430@nate.com,010-8271-8228,전주,35.8219,127.148,2022-07-03,우수
4878,김채원,gchng610@gmail.com,,울산,35.5398,129.3114,2021-02-15,우수
4879,장지민,jjm201@daum.net,010-1514-1833,대구,35.8714,128.6014,2021-09-11,일반
4880,장채원,jchng705@gmail.com,010-6060-5648,전주,35.8219,127.148,2022-11-08,VIP
4881,조지민,jjm673@nate.com,010-7251-4905,부산,35.1796,129.0756,2022-11-08,일반
4882,안도현,ngdh819@nate.com,010-6861-8831,울산,35.5398,129.3114,2021-07-10,일반
4883,황현정,hhj408@gmail.com,010-7138-9218,전주,35.8219,127.148,2021-11-29,VIP
4884,서서연,ssng224@naver.com,010-6039-2098,대전,36.3504,127.3845,2022-07-07,일반
4885,장하준,jhj600@daum.net,,대구,35.8714,128.6014,2022-10-05,일반
4886,최채원,chchng851@nate.com,010-5230-3818,인천,37.4563,126.7052,2022-03-05,VIP
4887,박서현,bsh264@naver.com,010-9587-3608,대구,35.8714,128.6014,2023-01-01,일반
4888,최유진,chngj676@gmail.com,010-3013-4467,서울,37.5665,126.978,2022-04-18,우수
4889,정예린,jngr812@gmail.com,010-5236-6752,대전,36.3504,127.3845,2021-10-07,일반
4890,서수빈,ssb914@nate.com,010-5356-2809,부산,35.1796,129.0756,2022-01-08,우수
4891,권서현,gsh812@nate.com,010-7843-9979,울산,35.5398,129.3114,2021-01-08,일반
4892,전영민,jngm336@gmail.com,010-6080-7071,부산,35.1796,129.0756,2022-02-16,일반
4893,권서현,gsh510@nate.com,010-7545-7102,청주,36.6424,127.489,2022-04-06,우수
4894,황채원,hchng543@nate.com,010-7456-1767,울산,35.5398,129.3114,2021-09-15,일반
4895,송지원,sjng228@gmail.com,010-6603-3288,수원,37.2636,127.0286,2022-11-19,일반
4896,전서연,jsng418@daum.net,,광주,35.1595,126.8526,2021-07-09,일반
4897,한서준,hsj394@nate.com,010-9212-8989,수원,37.2636,127.0286,2021-05-18,일반
4898,정수빈,jsb469@daum.net,,전주,35.8219,127.148,2021-10-10,일반
4899,김서연,gsng178@daum.net,010-3788-9785,전주,35.8219,127.148,2021-02-11,일반
4900,권현정,ghj795@naver.com,010-5515-1568,청주,36.6424,127.489,2022-06-23,VIP
4901,이지민,ngjm919@nate.com,010-8074-4312,인천,37.4563,126.7052,2021-11-09,일반
4902,전서준,jsj351@naver.com,010-4178-2457,부산,35.1796,129.0756,2021-09-21,일반
4903,송가은,sgng294@naver.com,010-2777-2835,대구,35.8714,128.6014,2021-01-21,일반
4904,안지훈,ngjh784@gmail.com,010-9712-6298,울산,35.5398,129.3114,2021-12-29,일반
4905,오하늘,nghn610@daum.net,010-6824-3514,광주,35.1595,126.8526,2021-05-17,VIP
4906,전지민,jjm206@daum.net,,부산,35.1796,129.0756,2021-10-11,일반
4907,권도현,gdh359@daum.net,010-4459-6199,세종,36.48,127.289,2022-12-26,MVP
4908,박도현,bdh563@naver.com,010-2458-4957,청주,36.6424,127.489,2022-05-29,일반
4909,오지원,ngjng506@nate.com,010-5054-4331,창원,35.2271,128.6811,2022-03-19,우수
4910,송가은,sgng924@daum.net,010-5101-2118,전주,35.8219,127.148,2022-07-05,우수
4911,권서현,gsh646@naver.com,010-1752-3009,광주,35.1595,126.8526,2022-11-30,VIP
4912,전도윤,jdng893@nate.com,010-6022-8709,인천,37.4563,126.7052,2021-09-28,우수
4913,서가은,sgng272@naver.com,010-5652-3250,울산,35.5398,129.3114,2022-12-02,우수
4914,서하늘,shn980@daum.net,010-8496-4133,부산,35.1796,129.0756,2022-05-12,일반
4915,서민서,sms678@gmail.com,,부산,35.1796,129.0756,2021-01-05,일반
4916,황영민,hngm178@gmail.com,010-3084-1147,청주,36.6424,127.489,2022-09-28,VIP
4917,조지아,jjng776@nate.com,010-3034-6985,인천,37.4563,126.7052,2021-04-14,일반
4918,박시아,bsng142@daum.net,,광주,35.1595,126.8526,2022-01-27,일반
4919,임영민,ngngm840@daum.net,,울산,35.5398,129.3114,2022-12-07,우수
4920,이도윤,ngdng500@daum.net,010-4863-4475,울산,35.5398,129.3114,2022-02-22,일반
4921,한서준,hsj634@naver.com,010-7279-3100,대전,36.3504,127.3845,2021-07-13,MVP
4922,오현우,nghng789@gmail.com,010-9102-6142,대전,36.3504,127.3845,2021-01-15,우수
4923,오지현,ngjh709@daum.net,010-3615-2004,부산,35.1796,129.0756,2022-11-20,우수
4924,정태현,jth389@daum.net,,대구,35.8714,128.6014,2021-12-21,VIP
4925,장지원,jjng114@naver.com,010-9445-1886,전주,35.8219,127.148,2021-09-10,일반
4926,전서현,jsh678@nate.com,010-1064-5952,서울,37.5665,126.978,2021-05-24,일반
4927,조예준,jngj124@gmail.com,,세종,36.48,127.289,2022-05-11,일반
4928,송하준,shj341@daum.net,010-3117-9011,전주,35.8219,127.148,2022-12-08,일반
4929,황서현,hsh758@naver.com,010-5214-8222,세종,36.48,127.289,2022-03-23,우수
4930,신예준,sngj548@naver.com,010-4690-6530,세종,36.48,127.289,2022-01-01,VIP
4931,오우진,ngngj670@gmail.com,010-3944-7383,대전,36.3504,127.3845,2022-04-25,일반
4932,서서연,ssng208@daum.net,010-3089-5362,청주,36.6424,127.489,2021-09-10,일반
4933,강수빈,gsb824@gmail.com,010-2609-4402,인천,37.4563,126.7052,2021-03-12,MVP
4934,장영민,jngm974@naver.com,010-8154-3582,청주,36.6424,127.489,2021-09-13,일반
4935,황하린,hhr975@daum.net,010-8314-8752,수원,37.2636,127.0286,2021-07-05,일반
4936,조지후,jjh821@gmail.com,010-1711-4621,인천,37.4563,126.7052,2022-09-10,일반
4937,권도현,gdh214@gmail.com,010-4971-6941,인천,37.4563,126.7052,2022-03-29,VIP
4938,오수빈,ngsb783@gmail.com,,대전,36.3504,127.3845,2021-07-05,우수
4939,박서연,bsng789@naver.com,010-7415-6328,인천,37.4563,126.7052,2021-02-04,우수
4940,박서준,bsj103@daum.net,010-4532-7427,대전,36.3504,127.3845,2021-07-14,VIP
4941,장우진,jngj357@naver.com,010-7855-2522,인천,37.4563,126.7052,2022-07-31,일반
4942,장주원,jjng260@gmail.com,010-3461-3705,청주,36.6424,127.489,2021-02-27,일반
4943,권지민,gjm835@naver.com,010-1769-9311,광주,35.1595,126.8526,2021-06-10,VIP
4944,권도현,gdh658@daum.net,,청주,36.6424,127.489,2022-05-09,일반
4945,조지후,jjh653@daum.net,,대구,35.8714,128.6014,2021-02-10,우수
4946,전서준,jsj161@nate.com,010-6605-9429,대구,35.8714,128.6014,2022-10-12,VIP
4947,서서현,ssh587@nate.com,010-7769-2975,광주,35.1595,126.8526,2021-10-18,우수
4948,황하준,hhj666@daum.net,,세종,36.48,127.289,2022-11-01,우수
4949,임지훈,ngjh922@nate.com,010-5702-7202,청주,36.6424,127.489,2021-08-10,VIP
4950,한서현,hsh907@nate.com,010-2065-6475,수원,37.2636,127.0286,2021-10-19,VIP
4951,임채원,ngchng520@naver.com,010-9111-4342,광주,35.1595,126.8526,2021-05-04,일반
4952,오나윤,ngnng169@daum.net,010-7334-6881,부산,35.1796,129.0756,2022-05-27,일반
4953,전지원,jjng693@nate.com,,광주,35.1595,126.8526,2022-02-26,일반
4954,윤가은,nggng324@nate.com,,전주,35.8219,127.148,2021-11-19,우수
4955,전영민,jngm504@daum.net,010-2446-1142,수원,37.2636,127.0286,2021-09-20,일반
4956,전하준,jhj288@naver.com,010-6546-6785,광주,35.1595,126.8526,2021-04-05,우수
4957,황도현,hdh701@daum.net,010-3137-4765,전주,35.8219,127.148,2021-07-22,일반
4958,황지민,hjm523@gmail.com,010-8039-6028,대전,36.3504,127.3845,2021-03-13,우수
4959,조서준,jsj289@nate.com,,서울,37.5665,126.978,2022-07-13,일반
4960,황주원,hjng283@naver.com,010-4281-6926,부산,35.1796,129.0756,2021-01-17,우수
4961,정우진,jngj787@naver.com,,창원,35.2271,128.6811,2021-06-06,우수
4962,한서준,hsj189@daum.net,010-5264-1419,창원,35.2271,128.6811,2022-02-08,일반
4963,권현정,ghj542@daum.net,,대구,35.8714,128.6014,2022-09-10,일반
4964,송수빈,ssb651@naver.com,010-9172-7600,청주,36.6424,127.489,2022-11-04,우수
4965,권예린,gngr738@gmail.com,010-6090-5971,서울,37.5665,126.978,2022-03-25,일반
4966,신서연,ssng501@nate.com,010-4636-8068,창원,35.2271,128.6811,2021-11-13,일반
4967,김예린,gngr678@daum.net,010-3601-6832,대구,35.8714,128.6014,2022-06-15,MVP
4968,김하늘,ghn434@daum.net,010-7998-3706,창원,35.2271,128.6811,2021-07-05,우수
4969,전민서,jms911@naver.com,010-3397-4452,울산,35.5398,129.3114,2022-01-25,MVP
4970,정유진,jngj558@naver.com,010-5983-7764,세종,36.48,127.289,2021-09-08,일반
4971,송영민,sngm834@naver.com,010-5431-8659,세종,36.48,127.289,2021-02-26,일반
4972,강지후,gjh899@naver.com,010-8052-7818,대전,36.3504,127.3845,2022-10-16,VIP
4973,신도윤,sdng147@daum.net,010-7329-2424,부산,35.1796,129.0756,2021-11-02,우수
4974,송서준,ssj487@nate.com,010-7326-9518,인천,37.4563,126.7052,2022-05-30,우수
4975,안민서,ngms730@naver.com,010-5174-1311,대전,36.3504,127.3845,2021-09-14,일반
4976,윤예린,ngngr915@daum.net,010-6308-7833,부산,35.1796,129.0756,2022-06-17,일반
4977,박현우,bhng783@daum.net,010-9851-4733,대전,36.3504,127.3845,2021-02-18,일반
4978,윤지현,ngjh203@naver.com,,수원,37.2636,127.0286,2021-01-29,일반
4979,전채원,jchng295@daum.net,010-3215-4333,세종,36.48,127.289,2022-03-07,일반
4980,황민서,hms716@naver.com,010-1038-2491,청주,36.6424,127.489,2022-09-17,일반
4981,강하준,ghj918@gmail.com,010-9211-7013,부산,35.1796,129.0756,2022-01-30,MVP
4982,강민준,gmj106@naver.com,,대구,35.8714,128.6014,2022-08-17,일반
4983,정지후,jjh174@naver.com,010-4552-2090,대구,35.8714,128.6014,2022-02-09,우수
4984,임나윤,ngnng104@naver.com,010-4007-5004,부산,35.1796,129.0756,2021-06-21,VIP
4985,최지아,chjng709@nate.com,,세종,36.48,127.289,2021-07-11,우수
4986,최하준,chhj737@daum.net,010-5012-2600,창원,35.2271,128.6811,2021-01-19,일반
4987,권민서,gms750@daum.net,010-1225-1127,울산,35.5398,129.3114,2022-08-13,우수
4988,김가은,ggng207@gmail.com,010-4482-3853,세종,36.48,127.289,2022-01-21,우수
4989,임지현,ngjh416@naver.com,010-9360-8880,대전,36.3504,127.3845,2021-08-12,우수
4990,최지원,chjng174@daum.net,010-2888-2860,대전,36.3504,127.3845,2022-05-20,우수
4991,권서현,gsh159@nate.com,010-9733-4053,서울,37.5665,126.978,2021-05-17,MVP
4992,이지현,ngjh360@gmail.com,010-9514-1158,서울,37.5665,126.978,2022-10-01,우수
4993,송도현,sdh844@naver.com,010-2868-3928,대전,36.3504,127.3845,2022-10-05,일반
4994,조하준,jhj215@nate.com,,청주,36.6424,127.489,2022-11-29,우수
4995,한지현,hjh714@naver.com,010-9951-4824,인천,37.4563,126.7052,2021-09-29,일반
4996,정예린,jngr853@daum.net,010-3624-6913,인천,37.4563,126.7052,2022-12-30,VIP
4997,정서현,jsh989@gmail.com,010-2617-8154,인천,37.4563,126.7052,2021-04-01,일반
4998,권시아,gsng454@daum.net,010-4524-3743,인천,37.4563,126.7052,2022-06-26,일반
4999,신민서,sms795@gmail.com,010-9282-2815,부산,35.1796,129.0756,2021-03-27,VIP
5000,최현정,chhj543@nate.com,010-3223-1115,전주,35.8219,127.148,2022-07-04,우수
5001,강유진,gngj198@daum.net,010-5203-3773,대구,35.8714,128.6014,2022-06-04,일반
5002,서수빈,ssb339@gmail.com,,인천,37.4563,126.7052,2021-06-25,일반
5003,전우진,jngj185@nate.com,010-1379-5635,청주,36.6424,127.489,2021-12-13,VIP
5004,김지원,gjng910@naver.com,010-2216-1993,부산,35.1796,129.0756,2022-09-15,일반
5005,오민준,ngmj558@daum.net,010-9221-6241,광주,35.1595,126.8526,2021-01-03,VIP
5006,강지아,gjng398@nate.com,,세종,36.48,127.289,2022-04-03,일반
5007,황하늘,hhn356@nate.com,010-1113-4722,세종,36.48,127.289,2022-09-17,우수
5008,김서현,gsh560@nate.com,010-1660-6566,대전,36.3504,127.3845,2022-11-07,VIP
5009,안현우,nghng429@daum.net,,전주,35.8219,127.148,2021-01-08,일반
5010,강수빈,gsb271@nate.com,010-4971-3253,청주,36.6424,127.489,2022-09-02,일반
5011,송하준,shj678@gmail.com,010-4870-3137,부산,35.1796,129.0756,2022-12-08,일반
5012,김지원,gjng210@gmail.com,010-5188-1453,인천,37.4563,126.7052,2021-03-06,우수
5013,서태현,sth300@nate.com,,수원,37.2636,127.0286,2021-02-01,우수
5014,이지원,ngjng130@naver.com,010-2052-2083,대전,36.3504,127.3845,2021-02-12,우수
5015,황서현,hsh830@daum.net,010-8551-1803,세종,36.48,127.289,2021-03-21,일반
5016,신지훈,sjh653@daum.net,010-9359-7644,세종,36.48,127.289,2022-08-04,일반
5017,조서현,jsh773@gmail.com,010-8337-1413,인천,37.4563,126.7052,2021-09-18,일반
5018,임서현,ngsh404@gmail.com,010-9539-2973,대구,35.8714,128.6014,2022-07-10,일반
5019,전서준,jsj227@gmail.com,010-9189-7588,대전,36.3504,127.3845,2021-12-10,우수
5020,권수빈,gsb526@gmail.com,,창원,35.2271,128.6811,2021-12-13,VIP
5021,전지민,jjm855@gmail.com,,부산,35.1796,129.0756,2022-05-11,우수
5022,정현정,jhj196@nate.com,010-8916-8646,울산,35.5398,129.3114,2021-11-10,일반
5023,이주원,ngjng256@naver.com,010-6734-4768,수원,37.2636,127.0286,2021-01-05,MVP
5024,임수빈,ngsb616@naver.com,010-6285-4106,세종,36.48,127.289,2022-04-17,우수
5025,정서준,jsj732@daum.net,010-3991-9718,청주,36.6424,127.489,2022-08-26,VIP
5026,장하늘,jhn677@nate.com,010-9173-3861,대구,35.8714,128.6014,2022-01-05,우수
5027,권하준,ghj734@naver.com,010-8743-1260,대구,35.8714,128.6014,2022-10-06,일반
5028,강가은,ggng361@gmail.com,010-7568-7941,창원,35.2271,128.6811,2021-09-06,일반
5029,조가은,jgng720@daum.net,010-5367-3217,울산,35.5398,129.3114,2021-10-21,우수
5030,권현우,ghng699@naver.com,010-6682-3144,광주,35.1595,126.8526,2022-02-07,일반
5031,윤하린,nghr179@nate.com,010-3548-8754,청주,36.6424,127.489,2022-04-10,일반
5032,윤유진,ngngj987@naver.com,010-7396-3589,대구,35.8714,128.6014,2021-11-16,우수
5033,이지현,ngjh206@nate.com,010-1968-2911,울산,35.5398,129.3114,2021-07-19,우수
5034,장가은,jgng998@naver.com,010-4215-5184,부산,35.1796,129.0756,2022-01-19,우수
5035,오하준,nghj994@nate.com,,대구,35.8714,128.6014,2022-02-15,일반
5036,안지아,ngjng529@naver.com,010-1526-5641,대구,35.8714,128.6014,2021-07-19,일반
5037,장지훈,jjh472@daum.net,010-6021-4332,전주,35.8219,127.148,2021-05-01,우수
5038,장지현,jjh397@naver.com,,부산,35.1796,129.0756,2021-03-21,MVP
5039,오지훈,ngjh689@daum.net,010-5732-3731,대전,36.3504,127.3845,2022-08-05,우수
5040,박서현,bsh667@daum.net,010-7202-4893,인천,37.4563,126.7052,2022-10-03,VIP
5041,안도윤,ngdng475@gmail.com,,인천,37.4563,126.7052,2022-10-02,우수
5042,서지훈,sjh870@nate.com,,청주,36.6424,127.489,2022-09-18,우수
5043,장예린,jngr496@daum.net,010-9210-8244,인천,37.4563,126.7052,2022-08-24,일반
5044,강지훈,gjh551@naver.com,010-9655-9123,광주,35.1595,126.8526,2021-08-08,우수
5045,한나윤,hnng760@gmail.com,010-2001-8613,광주,35.1595,126.8526,2021-09-03,우수
5046,오현정,nghj222@daum.net,,광주,35.1595,126.8526,2022-10-29,우수
5047,안현우,nghng977@daum.net,,세종,36.48,127.289,2022-08-06,일반
5048,윤서준,ngsj447@nate.com,010-4220-2248,수원,37.2636,127.0286,2021-06-25,우수
5049,김채원,gchng615@gmail.com,010-5912-4909,인천,37.4563,126.7052,2021-09-15,일반
5050,황지아,hjng755@nate.com,010-1777-2163,인천,37.4563,126.7052,2021-11-12,우수
5051,장서현,jsh525@gmail.com,010-7377-2871,울산,35.5398,129.3114,2022-03-07,일반
5052,김지민,gjm928@nate.com,010-2678-3409,대구,35.8714,128.6014,2022-04-02,VIP
5053,박하늘,bhn602@gmail.com,,울산,35.5398,129.3114,2021-12-13,일반
5054,박지현,bjh891@daum.net,010-1147-2677,세종,36.48,127.289,2021-03-27,일반
5055,최태현,chth268@daum.net,010-4129-2333,서울,37.5665,126.978,2021-05-23,일반
5056,서서준,ssj101@daum.net,010-8874-3704,서울,37.5665,126.978,2021-07-11,우수
5057,송도현,sdh930@nate.com,010-2848-3828,수원,37.2636,127.0286,2021-08-21,일반
5058,이지아,ngjng500@gmail.com,010-5839-3310,대전,36.3504,127.3845,2022-12-20,일반
5059,한서준,hsj970@nate.com,010-8416-9278,창원,35.2271,128.6811,2022-02-09,우수
5060,장하준,jhj133@gmail.com,010-5559-5418,청주,36.6424,127.489,2021-03-11,일반
5061,정지훈,jjh501@gmail.com,010-9000-3778,청주,36.6424,127.489,2022-05-03,VIP
5062,윤가은,nggng964@nate.com,010-3779-9500,부산,35.1796,129.0756,2021-12-29,VIP
5063,오채원,ngchng713@daum.net,010-8156-4495,세종,36.48,127.289,2021-11-28,우수
5064,황가은,hgng883@naver.com,,창원,35.2271,128.6811,2021-08-24,일반
5065,오민서,ngms589@nate.com,010-4423-7388,청주,36.6424,127.489,2022-09-08,우수
5066,권서연,gsng116@nate.com,,대전,36.3504,127.3845,2022-10-03,일반
5067,한시아,hsng323@daum.net,010-6184-1072,전주,35.8219,127.148,2022-11-20,일반
5068,장영민,jngm967@naver.com,010-6586-8104,창원,35.2271,128.6811,2021-02-27,일반
5069,김지현,gjh236@daum.net,010-7276-7971,수원,37.2636,127.0286,2022-10-10,VIP
5070,김지현,gjh732@nate.com,010-8667-7435,대구,35.8714,128.6014,2022-01-01,일반
5071,김도현,gdh597@daum.net,,부산,35.1796,129.0756,2021-06-25,우수
5072,박하늘,bhn397@naver.com,010-7220-6092,울산,35.5398,129.3114,2021-06-19,우수
5073,임도현,ngdh206@gmail.com,010-5806-1997,인천,37.4563,126.7052,2021-10-12,일반
5074,안지원,ngjng905@naver.com,010-6511-3580,광주,35.1595,126.8526,2022-02-20,일반
5075,장서현,jsh350@nate.com,010-8327-7837,세종,36.48,127.289,2022-08-28,MVP
5076,한나윤,hnng892@daum.net,010-5128-6777,세종,36.48,127.289,2021-08-17,우수
5077,정유진,jngj177@naver.com,010-5758-7869,인천,37.4563,126.7052,2021-12-05,우수
5078,권현정,ghj706@gmail.com,010-6318-3783,부산,35.1796,129.0756,2022-11-07,일반
5079,강지현,gjh591@naver.com,010-8014-6369,창원,35.2271,128.6811,2021-10-08,일반
5080,강지후,gjh905@nate.com,010-1864-3329,세종,36.48,127.289,2021-09-18,일반
5081,이영민,ngngm329@daum.net,010-1964-5296,대전,36.3504,127.3845,2021-02-08,일반
5082,박유진,bngj684@gmail.com,,인천,37.4563,126.7052,2021-10-17,일반
5083,전채원,jchng427@nate.com,010-9902-6582,광주,35.1595,126.8526,2021-08-15,VIP
5084,박가은,bgng306@nate.com,010-3638-5658,울산,35.5398,129.3114,2022-12-24,일반
5085,서예준,sngj419@naver.com,010-1356-5442,전주,35.8219,127.148,2022-03-21,일반
5086,이하늘,nghn462@naver.com,010-4350-5316,서울,37.5665,126.978,2022-02-12,우수
5087,서예준,sngj170@nate.com,,수원,37.2636,127.0286,2022-05-23,우수
5088,정하늘,jhn283@nate.com,010-4089-4580,광주,35.1595,126.8526,2022-09-10,일반
5089,안서준,ngsj393@gmail.com,,전주,35.8219,127.148,2022-09-20,우수
5090,박현정,bhj924@nate.com,010-4791-2001,서울,37.5665,126.978,2021-09-09,일반
5091,안영민,ngngm482@daum.net,010-5937-5092,대전,36.3504,127.3845,2021-03-30,일반
5092,서서현,ssh923@nate.com,,서울,37.5665,126.978,2022-11-12,일반
5093,김서현,gsh719@naver.com,010-9852-1791,부산,35.1796,129.0756,2021-08-16,VIP
5094,강예린,gngr168@gmail.com,010-8954-7769,창원,35.2271,128.6811,2021-09-04,일반
5095,황수빈,hsb901@nate.com,010-6604-8473,세종,36.48,127.289,2021-09-03,일반
5096,신우진,sngj465@daum.net,010-1953-4408,대전,36.3504,127.3845,2021-12-05,일반
5097,장태현,jth616@gmail.com,010-5097-4310,창원,35.2271,128.6811,2021-12-05,VIP
5098,한나윤,hnng856@gmail.com,,부산,35.1796,129.0756,2021-02-21,일반
5099,조시아,jsng422@daum.net,010-9804-3216,대구,35.8714,128.6014,2021-08-29,일반
5100,조가은,jgng355@naver.com,010-2144-6100,청주,36.6424,127.489,2021-03-26,일반
5101,안유진,ngngj444@gmail.com,,세종,36.48,127.289,2021-01-24,일반
5102,장민준,jmj542@naver.com,010-5611-2738,울산,35.5398,129.3114,2021-01-15,우수
5103,오서현,ngsh226@daum.net,010-3575-2759,대전,36.3504,127.3845,2022-06-04,우수
5104,서우진,sngj675@naver.com,010-8424-8431,전주,35.8219,127.148,2021-09-19,일반
5105,윤서준,ngsj278@daum.net,010-8831-3766,서울,37.5665,126.978,2022-03-24,일반
5106,한하준,hhj782@gmail.com,010-6918-9310,인천,37.4563,126.7052,2021-08-23,일반
5107,조수빈,jsb573@gmail.com,010-9798-5333,인천,37.4563,126.7052,2022-01-19,일반
5108,안나윤,ngnng672@gmail.com,010-5917-6869,창원,35.2271,128.6811,2022-11-17,일반
5109,박지민,bjm794@daum.net,,창원,35.2271,128.6811,2022-08-20,우수
5110,전지훈,jjh421@nate.com,010-8087-5119,청주,36.6424,127.489,2021-10-28,MVP
5111,오주원,ngjng343@gmail.com,,서울,37.5665,126.978,2021-09-22,MVP
5112,한하준,hhj410@naver.com,010-9820-6987,전주,35.8219,127.148,2022-06-23,VIP
5113,오지훈,ngjh605@gmail.com,010-8996-6679,부산,35.1796,129.0756,2022-05-30,우수
5114,이도윤,ngdng801@daum.net,010-4743-7938,울산,35.5398,129.3114,2022-04-08,우수
5115,황주원,hjng876@daum.net,010-1456-1938,서울,37.5665,126.978,2021-05-12,일반
5116,임예린,ngngr178@nate.com,,세종,36.48,127.289,2022-12-30,우수
5117,황현우,hhng376@nate.com,010-7776-2601,서울,37.5665,126.978,2022-11-21,일반
5118,윤예린,ngngr405@gmail.com,010-3089-2438,전주,35.8219,127.148,2022-05-15,일반
5119,신태현,sth374@daum.net,010-8992-6657,세종,36.48,127.289,2021-11-28,우수
5120,임서현,ngsh283@naver.com,010-9026-9226,인천,37.4563,126.7052,2022-07-30,일반
5121,오도현,ngdh192@daum.net,010-7410-9537,청주,36.6424,127.489,2021-02-23,일반
5122,안예준,ngngj455@daum.net,,전주,35.8219,127.148,2022-04-25,VIP
5123,오지원,ngjng955@nate.com,,청주,36.6424,127.489,2022-03-03,일반
5124,서서연,ssng673@daum.net,010-4915-7357,서울,37.5665,126.978,2022-08-03,일반
5125,장서연,jsng754@gmail.com,010-6137-2956,광주,35.1595,126.8526,2022-08-06,VIP
5126,서도윤,sdng984@gmail.com,010-7804-4078,대구,35.8714,128.6014,2021-08-01,우수
5127,강주원,gjng367@daum.net,,부산,35.1796,129.0756,2022-06-08,우수
5128,신하린,shr513@gmail.com,,창원,35.2271,128.6811,2021-05-12,일반
5129,정서현,jsh826@nate.com,010-6110-7354,창원,35.2271,128.6811,2022-04-07,일반
5130,전민서,jms666@daum.net,010-9314-7690,수원,37.2636,127.0286,2022-05-09,VIP
5131,조예준,jngj685@nate.com,010-9104-1834,대구,35.8714,128.6014,2021-03-01,우수
5132,장가은,jgng309@nate.com,,창원,35.2271,128.6811,2021-07-07,우수
5133,한영민,hngm676@gmail.com,,울산,35.5398,129.3114,2021-09-14,일반
5134,김도윤,gdng237@nate.com,010-1163-2812,대전,36.3504,127.3845,2022-02-20,일반
5135,황지민,hjm308@gmail.com,010-9231-7967,창원,35.2271,128.6811,2021-04-03,MVP
5136,윤수빈,ngsb798@gmail.com,010-4706-7362,수원,37.2636,127.0286,2022-01-07,일반
5137,김서연,gsng907@naver.com,,인천,37.4563,126.7052,2021-07-17,우수
5138,조지원,jjng527@nate.com,010-9033-8451,대구,35.8714,128.6014,2022-10-19,일반
5139,한지민,hjm735@daum.net,010-2063-1030,인천,37.4563,126.7052,2022-09-15,우수
5140,임태현,ngth108@gmail.com,010-1302-4571,대구,35.8714,128.6014,2021-06-13,VIP
5141,정우진,jngj885@naver.com,010-7241-4391,전주,35.8219,127.148,2022-04-01,우수
5142,오주원,ngjng799@naver.com,,광주,35.1595,126.8526,2022-02-28,일반
5143,송하늘,shn807@naver.com,010-9848-1054,서울,37.5665,126.978,2021-09-06,우수
5144,서지현,sjh944@daum.net,010-3273-2099,수원,37.2636,127.0286,2022-11-14,우수
5145,송유진,sngj304@gmail.com,,전주,35.8219,127.148,2021-04-16,일반
5146,강하늘,ghn880@gmail.com,010-1491-4425,세종,36.48,127.289,2022-05-12,VIP
5147,신서연,ssng494@nate.com,010-5976-8866,대구,35.8714,128.6014,2022-02-06,우수
5148,강하늘,ghn175@naver.com,010-6347-9444,인천,37.4563,126.7052,2022-03-01,VIP
5149,장유진,jngj110@naver.com,010-1806-3834,대구,35.8714,128.6014,2022-12-02,우수
5150,장민준,jmj952@naver.com,010-4242-2763,세종,36.48,127.289,2022-01-05,일반
5151,조주원,jjng827@daum.net,,전주,35.8219,127.148,2021-12-18,일반
5152,권가은,ggng437@nate.com,010-6608-1777,세종,36.48,127.289,2021-04-11,일반
5153,윤서준,ngsj478@nate.com,010-8472-2098,수원,37.2636,127.0286,2022-04-11,VIP
5154,정가은,jgng978@nate.com,010-5785-9877,광주,35.1595,126.8526,2021-06-05,우수
5155,박하늘,bhn464@naver.com,010-4898-9317,전주,35.8219,127.148,2022-09-06,우수
5156,안태현,ngth273@gmail.com,010-5530-8648,전주,35.8219,127.148,2021-03-17,일반
5157,권민서,gms523@daum.net,010-2390-7688,창원,35.2271,128.6811,2021-04-02,일반
5158,한수빈,hsb523@daum.net,010-3728-3193,인천,37.4563,126.7052,2022-06-05,우수
5159,신도윤,sdng959@daum.net,010-1388-3146,청주,36.6424,127.489,2021-10-03,일반
5160,전우진,jngj675@daum.net,,창원,35.2271,128.6811,2021-10-31,일반
5161,장채원,jchng978@daum.net,010-7705-7473,세종,36.48,127.289,2022-05-07,우수
5162,박채원,bchng343@nate.com,010-1556-2481,광주,35.1595,126.8526,2022-10-03,일반
5163,한하린,hhr454@nate.com,010-3320-4412,전주,35.8219,127.148,2022-03-31,일반
5164,전가은,jgng766@daum.net,010-1250-2917,창원,35.2271,128.6811,2021-07-12,일반
5165,전나윤,jnng391@gmail.com,010-7800-7272,인천,37.4563,126.7052,2022-10-15,일반
5166,최지아,chjng893@daum.net,010-9700-9072,청주,36.6424,127.489,2021-08-24,MVP
5167,송서준,ssj548@naver.com,,서울,37.5665,126.978,2022-11-16,일반
5168,윤도현,ngdh749@naver.com,,수원,37.2636,127.0286,2022-07-17,일반
5169,박하준,bhj111@nate.com,010-4601-8256,울산,35.5398,129.3114,2022-05-04,일반
5170,강민준,gmj304@nate.com,010-9245-4666,대구,35.8714,128.6014,2021-10-30,우수
5171,신지원,sjng530@nate.com,010-1041-6693,서울,37.5665,126.978,2022-04-17,일반
5172,신예린,sngr977@daum.net,010-4175-7685,세종,36.48,127.289,2021-10-21,우수
5173,황민서,hms134@daum.net,010-4296-4997,대전,36.3504,127.3845,2022-02-05,일반
5174,박지민,bjm357@gmail.com,010-7974-9727,창원,35.2271,128.6811,2021-12-16,일반
5175,황채원,hchng346@gmail.com,010-8024-9745,광주,35.1595,126.8526,2022-06-14,일반
5176,최서준,chsj970@naver.com,010-3238-3885,광주,35.1595,126.8526,2021-08-06,VIP
5177,서영민,sngm529@naver.com,010-9329-1797,광주,35.1595,126.8526,2021-10-06,VIP
5178,이시아,ngsng435@gmail.com,010-5814-7325,대전,36.3504,127.3845,2021-01-15,일반
5179,최영민,chngm423@nate.com,,전주,35.8219,127.148,2021-01-14,우수
5180,박도현,bdh693@gmail.com,010-9297-6246,서울,37.5665,126.978,2022-04-07,VIP
5181,장지민,jjm551@naver.com,010-5637-4997,청주,36.6424,127.489,2021-11-13,일반
5182,신나윤,snng686@naver.com,010-5526-2714,창원,35.2271,128.6811,2022-10-14,VIP
5183,조도윤,jdng688@daum.net,010-9579-4588,창원,35.2271,128.6811,2022-01-23,일반
5184,정도윤,jdng305@gmail.com,,광주,35.1595,126.8526,2021-10-28,VIP
5185,송서현,ssh359@naver.com,,광주,35.1595,126.8526,2022-10-08,우수
5186,박태현,bth696@gmail.com,010-1235-5813,대구,35.8714,128.6014,2021-12-28,VIP
5187,강예린,gngr691@daum.net,010-8347-1595,부산,35.1796,129.0756,2021-07-05,우수
5188,윤나윤,ngnng890@naver.com,010-8334-7860,대구,35.8714,128.6014,2022-07-26,일반
5189,권지민,gjm973@nate.com,010-3708-9578,서울,37.5665,126.978,2022-10-10,VIP
5190,전유진,jngj957@gmail.com,,대구,35.8714,128.6014,2021-11-14,일반
5191,조시아,jsng726@nate.com,010-5698-5754,수원,37.2636,127.0286,2021-08-12,일반
5192,조민준,jmj640@gmail.com,010-3639-4350,수원,37.2636,127.0286,2021-07-21,우수
5193,권가은,ggng108@naver.com,010-3733-1072,울산,35.5398,129.3114,2022-01-27,우수
5194,황도윤,hdng456@daum.net,010-2920-4644,수원,37.2636,127.0286,2021-03-23,VIP
5195,윤영민,ngngm987@gmail.com,010-1925-6588,부산,35.1796,129.0756,2022-04-27,일반
5196,권영민,gngm559@nate.com,,세종,36.48,127.289,2022-05-21,우수
5197,정가은,jgng901@naver.com,,서울,37.5665,126.978,2021-08-22,우수
5198,정하늘,jhn554@daum.net,,세종,36.48,127.289,2021-10-04,일반
5199,안하린,nghr870@naver.com,010-4427-7842,대구,35.8714,128.6014,2022-11-27,일반
5200,김지민,gjm548@nate.com,,수원,37.2636,127.0286,2022-05-09,일반
5201,강지훈,gjh877@nate.com,010-6596-8624,청주,36.6424,127.489,2021-06-29,일반
5202,박지후,bjh514@daum.net,010-5239-6955,창원,35.2271,128.6811,2022-03-01,MVP
5203,최가은,chgng862@daum.net,010-3911-6823,광주,35.1595,126.8526,2021-08-23,우수
5204,권채원,gchng407@daum.net,010-6294-3285,청주,36.6424,127.489,2022-06-15,우수
5205,서서현,ssh963@gmail.com,010-6985-2707,전주,35.8219,127.148,2021-04-26,MVP
5206,최영민,chngm214@daum.net,010-5090-4804,전주,35.8219,127.148,2022-03-20,일반
5207,송지현,sjh452@gmail.com,010-7888-9100,광주,35.1595,126.8526,2022-04-16,VIP
5208,이서현,ngsh477@gmail.com,010-9717-1151,청주,36.6424,127.489,2022-02-28,일반
5209,송지후,sjh616@naver.com,010-8109-6302,부산,35.1796,129.0756,2022-08-20,VIP
5210,이하준,nghj877@nate.com,010-1845-5073,광주,35.1595,126.8526,2022-06-06,일반
5211,임채원,ngchng863@daum.net,010-4384-9855,울산,35.5398,129.3114,2021-07-27,VIP
5212,전주원,jjng350@daum.net,,창원,35.2271,128.6811,2022-01-04,일반
5213,오수빈,ngsb154@daum.net,010-6525-8708,부산,35.1796,129.0756,2021-11-21,일반
5214,안서현,ngsh236@nate.com,010-4318-3722,대구,35.8714,128.6014,2022-07-03,우수
5215,장예린,jngr856@naver.com,010-9607-7384,세종,36.48,127.289,2021-04-01,일반
5216,강가은,ggng804@nate.com,010-5111-8887,창원,35.2271,128.6811,2022-04-19,우수
5217,서채원,schng924@naver.com,010-4426-6644,대구,35.8714,128.6014,2022-10-10,일반
5218,장민서,jms673@nate.com,010-2572-4100,전주,35.8219,127.148,2021-07-09,우수
5219,최현정,chhj725@naver.com,010-2479-3878,인천,37.4563,126.7052,2022-08-09,일반
5220,윤주원,ngjng622@gmail.com,010-5107-2553,울산,35.5398,129.3114,2021-07-09,일반
5221,안지원,ngjng381@daum.net,,광주,35.1595,126.8526,2021-10-12,일반
5222,송하린,shr268@daum.net,010-4916-2401,수원,37.2636,127.0286,2022-06-27,일반
5223,장나윤,jnng103@gmail.com,010-1458-4326,대구,35.8714,128.6014,2021-12-22,일반
5224,강하늘,ghn254@nate.com,010-5960-1148,세종,36.48,127.289,2021-07-15,일반
5225,임수빈,ngsb693@nate.com,,광주,35.1595,126.8526,2022-03-30,일반
5226,안시아,ngsng830@nate.com,,청주,36.6424,127.489,2021-05-23,일반
5227,정나윤,jnng856@daum.net,010-9845-7681,서울,37.5665,126.978,2022-06-22,우수
5228,송유진,sngj495@daum.net,010-7334-1828,청주,36.6424,127.489,2021-08-04,VIP
5229,안영민,ngngm994@naver.com,010-6922-9919,대구,35.8714,128.6014,2021-01-21,일반
5230,권하준,ghj633@daum.net,010-4497-7437,울산,35.5398,129.3114,2022-04-24,우수
5231,조예준,jngj506@naver.com,010-5808-7347,대구,35.8714,128.6014,2021-01-17,우수
5232,이도윤,ngdng580@naver.com,010-3494-9423,전주,35.8219,127.148,2022-02-08,일반
5233,김현우,ghng312@nate.com,,대전,36.3504,127.3845,2022-09-16,우수
5234,임현정,nghj783@nate.com,,대전,36.3504,127.3845,2022-08-08,일반
5235,박서연,bsng926@naver.com,010-1566-4747,대전,36.3504,127.3845,2022-10-30,우수
5236,최서준,chsj830@gmail.com,010-7149-8070,울산,35.5398,129.3114,2022-02-26,일반
5237,강나윤,gnng247@daum.net,010-5753-1043,광주,35.1595,126.8526,2021-11-22,우수
5238,송서현,ssh439@nate.com,,창원,35.2271,128.6811,2022-01-23,우수
5239,전지원,jjng177@gmail.com,010-9635-7995,청주,36.6424,127.489,2021-01-02,일반
5240,박서준,bsj491@nate.com,010-1985-3992,전주,35.8219,127.148,2021-02-14,일반
5241,신태현,sth106@daum.net,,울산,35.5398,129.3114,2022-08-29,MVP
5242,최수빈,chsb368@daum.net,010-2735-7221,대구,35.8714,128.6014,2022-06-08,일반
5243,정태현,jth419@daum.net,010-9054-9940,부산,35.1796,129.0756,2021-01-25,우수
5244,송우진,sngj427@nate.com,010-8054-6720,대구,35.8714,128.6014,2021-06-01,VIP
5245,이지현,ngjh281@daum.net,010-4195-6677,인천,37.4563,126.7052,2021-08-05,우수
5246,장채원,jchng360@gmail.com,010-1250-8603,세종,36.48,127.289,2021-03-20,우수
5247,강하린,ghr628@daum.net,010-1418-6669,서울,37.5665,126.978,2021-06-22,우수
5248,김영민,gngm535@nate.com,010-6567-4833,세종,36.48,127.289,2021-04-07,VIP
5249,윤예린,ngngr303@gmail.com,010-6190-6846,세종,36.48,127.289,2021-03-24,일반
5250,장채원,jchng929@gmail.com,010-3717-5795,인천,37.4563,126.7052,2022-07-31,일반
5251,전하준,jhj260@gmail.com,010-9992-2183,인천,37.4563,126.7052,2022-06-04,일반
5252,한현정,hhj769@naver.com,010-6803-3272,서울,37.5665,126.978,2022-06-06,MVP
5253,최지현,chjh551@nate.com,,수원,37.2636,127.0286,2021-01-04,우수
5254,강서연,gsng721@nate.com,010-6367-1934,인천,37.4563,126.7052,2021-12-09,일반
5255,황채원,hchng333@naver.com,,대전,36.3504,127.3845,2022-09-07,VIP
5256,임현우,nghng155@naver.com,010-3758-8968,전주,35.8219,127.148,2021-06-22,일반
5257,장하린,jhr506@naver.com,010-5615-5844,대구,35.8714,128.6014,2022-07-29,일반
5258,이나윤,ngnng795@naver.com,010-5208-4448,세종,36.48,127.289,2022-10-20,우수
5259,전시아,jsng372@naver.com,010-9594-1313,전주,35.8219,127.148,2022-07-30,일반
5260,조현우,jhng126@nate.com,010-5710-7741,청주,36.6424,127.489,2021-09-18,VIP
5261,윤영민,ngngm231@gmail.com,010-6450-1937,수원,37.2636,127.0286,2021-11-23,일반
5262,장도현,jdh787@nate.com,010-1454-6160,청주,36.6424,127.489,2021-04-19,VIP
5263,최지아,chjng228@naver.com,,세종,36.48,127.289,2022-05-15,우수
5264,이하린,nghr153@nate.com,010-4792-2756,대전,36.3504,127.3845,2021-10-23,일반
5265,박민서,bms227@nate.com,,대전,36.3504,127.3845,2021-01-11,MVP
5266,장지원,jjng503@daum.net,010-8975-4409,수원,37.2636,127.0286,2022-02-10,우수
5267,황우진,hngj899@daum.net,010-1080-8249,창원,35.2271,128.6811,2022-01-23,일반
5268,정현우,jhng503@nate.com,010-8699-5314,전주,35.8219,127.148,2021-03-01,일반
5269,최주원,chjng106@gmail.com,,수원,37.2636,127.0286,2021-01-02,VIP
5270,안하린,nghr315@naver.com,010-5620-1077,광주,35.1595,126.8526,2021-05-16,일반
5271,임지후,ngjh694@naver.com,010-3240-7486,광주,35.1595,126.8526,2021-04-30,일반
5272,오민서,ngms551@daum.net,010-7860-5745,인천,37.4563,126.7052,2022-12-08,일반
5273,송도현,sdh152@naver.com,010-7559-8698,청주,36.6424,127.489,2021-04-12,일반
5274,안예준,ngngj570@daum.net,010-2098-5071,인천,37.4563,126.7052,2021-09-25,우수
5275,오현우,nghng599@nate.com,010-9440-4768,대전,36.3504,127.3845,2021-06-10,일반
5276,윤민준,ngmj314@daum.net,010-7506-1684,대구,35.8714,128.6014,2022-09-06,일반
5277,안서현,ngsh650@daum.net,010-8667-4878,대구,35.8714,128.6014,2021-07-05,일반
5278,임가은,nggng985@gmail.com,010-9009-5990,부산,35.1796,129.0756,2021-03-28,일반
5279,권유진,gngj378@nate.com,010-8365-8589,대구,35.8714,128.6014,2022-11-20,VIP
5280,이지훈,ngjh879@gmail.com,010-2111-6079,창원,35.2271,128.6811,2022-03-04,일반
5281,한영민,hngm910@nate.com,010-8384-4817,광주,35.1595,126.8526,2022-08-12,MVP
5282,신도윤,sdng898@gmail.com,010-5109-1347,청주,36.6424,127.489,2021-07-25,일반
5283,오민서,ngms310@nate.com,,수원,37.2636,127.0286,2022-08-18,일반
5284,이하늘,nghn986@gmail.com,010-9141-6140,대전,36.3504,127.3845,2021-04-23,VIP
5285,서하린,shr754@daum.net,010-3646-2705,대구,35.8714,128.6014,2021-02-02,일반
5286,안예린,ngngr912@nate.com,010-7952-2652,청주,36.6424,127.489,2022-04-10,우수
5287,신유진,sngj618@nate.com,010-6049-2149,인천,37.4563,126.7052,2021-08-26,MVP
5288,최서준,chsj370@daum.net,010-7874-8360,세종,36.48,127.289,2022-07-24,일반
5289,최주원,chjng494@daum.net,,세종,36.48,127.289,2022-12-12,일반
5290,박지아,bjng247@gmail.com,010-9749-9337,인천,37.4563,126.7052,2022-05-18,우수
5291,한도현,hdh764@naver.com,010-2048-7624,대전,36.3504,127.3845,2022-08-15,일반
5292,김서현,gsh642@daum.net,010-6484-7027,부산,35.1796,129.0756,2022-12-14,일반
5293,조수빈,jsb830@naver.com,010-4514-8466,서울,37.5665,126.978,2022-12-25,일반
5294,서지후,sjh226@daum.net,010-9094-1357,광주,35.1595,126.8526,2022-08-03,일반
5295,황영민,hngm226@nate.com,010-2564-5439,창원,35.2271,128.6811,2021-09-19,우수
5296,임민준,ngmj104@gmail.com,,전주,35.8219,127.148,2021-10-06,일반
5297,권지원,gjng520@gmail.com,010-3015-1834,인천,37.4563,126.7052,2021-09-02,일반
5298,서우진,sngj894@gmail.com,010-7735-9586,세종,36.48,127.289,2022-09-14,우수
5299,강하준,ghj850@daum.net,,전주,35.8219,127.148,2021-11-09,일반
5300,조채원,jchng373@daum.net,010-3444-7141,창원,35.2271,128.6811,2022-12-30,일반
5301,최현정,chhj973@nate.com,010-7682-6270,전주,35.8219,127.148,2021-07-19,우수
5302,장수빈,jsb850@daum.net,010-4987-8935,수원,37.2636,127.0286,2022-04-18,일반
5303,박도현,bdh161@daum.net,010-3340-6809,대구,35.8714,128.6014,2022-08-25,우수
5304,전서준,jsj915@nate.com,010-6305-4195,전주,35.8219,127.148,2022-05-23,VIP
5305,신민준,smj886@gmail.com,010-1328-5213,세종,36.48,127.289,2021-10-24,일반
5306,이도현,ngdh261@daum.net,,울산,35.5398,129.3114,2021-03-02,우수
5307,최지후,chjh201@nate.com,010-8616-6769,청주,36.6424,127.489,2022-02-11,일반
5308,정민서,jms895@gmail.com,010-8338-8679,세종,36.48,127.289,2021-04-24,일반
5309,최수빈,chsb540@naver.com,,전주,35.8219,127.148,2021-11-30,VIP
5310,임하준,nghj813@nate.com,010-1385-5818,인천,37.4563,126.7052,2022-08-07,VIP
5311,조하늘,jhn660@gmail.com,010-3219-3751,세종,36.48,127.289,2022-02-21,일반
5312,권서준,gsj247@daum.net,010-7492-4803,대전,36.3504,127.3845,2021-09-10,우수
5313,전예준,jngj426@daum.net,010-3066-6496,울산,35.5398,129.3114,2021-10-07,VIP
5314,서서준,ssj945@daum.net,010-9394-3581,울산,35.5398,129.3114,2022-04-24,MVP
5315,이예린,ngngr309@nate.com,010-2761-6247,창원,35.2271,128.6811,2021-01-22,우수
5316,한서준,hsj779@naver.com,010-1483-8721,울산,35.5398,129.3114,2021-03-08,일반
5317,윤예준,ngngj985@naver.com,,인천,37.4563,126.7052,2022-11-20,일반
5318,서지민,sjm549@nate.com,010-1069-6313,울산,35.5398,129.3114,2021-11-27,MVP
5319,윤채원,ngchng750@naver.com,010-2866-7748,대전,36.3504,127.3845,2021-06-10,일반
5320,전지훈,jjh326@daum.net,,대구,35.8714,128.6014,2022-12-20,우수
5321,안채원,ngchng544@gmail.com,010-6991-2110,세종,36.48,127.289,2022-07-18,일반
5322,윤하늘,nghn132@daum.net,,세종,36.48,127.289,2021-08-18,일반
5323,윤지민,ngjm894@nate.com,010-5859-6847,수원,37.2636,127.0286,2022-11-01,일반
5324,오영민,ngngm481@naver.com,010-1494-8216,울산,35.5398,129.3114,2021-04-23,MVP
5325,김채원,gchng456@daum.net,010-3563-7119,세종,36.48,127.289,2021-01-09,일반
5326,이지아,ngjng508@nate.com,,대전,36.3504,127.3845,2021-10-24,우수
5327,조유진,jngj789@nate.com,010-6209-7506,청주,36.6424,127.489,2021-06-27,일반
5328,정지현,jjh508@naver.com,,광주,35.1595,126.8526,2022-03-18,일반
5329,신서현,ssh291@daum.net,,청주,36.6424,127.489,2021-12-21,일반
5330,박민서,bms919@nate.com,,전주,35.8219,127.148,2022-01-07,우수
5331,전지후,jjh586@daum.net,010-3828-8443,창원,35.2271,128.6811,2021-12-09,일반
5332,조지훈,jjh883@daum.net,010-2083-9069,광주,35.1595,126.8526,2022-06-27,일반
5333,서가은,sgng263@gmail.com,010-2461-7499,대구,35.8714,128.6014,2021-10-03,일반
5334,장예린,jngr485@gmail.com,010-8070-6494,광주,35.1595,126.8526,2021-06-02,일반
5335,윤주원,ngjng931@naver.com,010-8367-1641,인천,37.4563,126.7052,2022-11-23,MVP
5336,안도윤,ngdng102@gmail.com,010-3749-8253,대전,36.3504,127.3845,2022-06-25,VIP
5337,박하린,bhr671@daum.net,010-5113-5034,서울,37.5665,126.978,2022-07-23,일반
5338,권나윤,gnng909@daum.net,010-2956-3224,수원,37.2636,127.0286,2022-11-14,우수
5339,신하늘,shn212@nate.com,,창원,35.2271,128.6811,2021-09-13,VIP
5340,김하늘,ghn972@gmail.com,010-1195-6401,광주,35.1595,126.8526,2022-06-12,일반
5341,안서준,ngsj659@gmail.com,,대전,36.3504,127.3845,2021-01-17,VIP
5342,임가은,nggng959@gmail.com,010-2840-1790,광주,35.1595,126.8526,2021-02-04,VIP
5343,오지민,ngjm827@naver.com,010-8079-1623,광주,35.1595,126.8526,2022-10-19,일반
5344,강도윤,gdng896@naver.com,010-7796-5971,부산,35.1796,129.0756,2021-04-10,일반
5345,서민준,smj240@gmail.com,010-8340-7914,인천,37.4563,126.7052,2021-10-25,MVP
5346,장주원,jjng617@gmail.com,010-6680-9580,인천,37.4563,126.7052,2022-12-24,우수
5347,조지민,jjm895@naver.com,010-5382-9343,서울,37.5665,126.978,2022-04-14,일반
5348,송현정,shj959@daum.net,010-2226-3820,창원,35.2271,128.6811,2022-12-08,일반
5349,신민준,smj982@naver.com,010-5255-8089,서울,37.5665,126.978,2021-09-08,일반
5350,한서연,hsng803@daum.net,010-7401-6806,세종,36.48,127.289,2021-05-03,우수
5351,황지현,hjh981@gmail.com,010-6658-1939,대구,35.8714,128.6014,2021-01-24,우수
5352,임현우,nghng613@nate.com,,대전,36.3504,127.3845,2022-10-27,MVP
5353,장지원,jjng140@nate.com,010-6291-4113,인천,37.4563,126.7052,2022-12-25,일반
5354,정나윤,jnng230@naver.com,010-5443-9015,서울,37.5665,126.978,2022-04-29,우수
5355,신지훈,sjh196@naver.com,010-6964-6948,울산,35.5398,129.3114,2021-04-12,우수
5356,황지훈,hjh428@nate.com,010-6290-9257,부산,35.1796,129.0756,2022-06-01,일반
5357,조시아,jsng351@daum.net,010-5444-5575,서울,37.5665,126.978,2022-06-15,일반
5358,정예린,jngr754@nate.com,010-9941-9354,수원,37.2636,127.0286,2022-06-28,MVP
5359,최시아,chsng276@gmail.com,010-7240-4213,울산,35.5398,129.3114,2022-09-19,VIP
5360,강지원,gjng780@nate.com,010-3674-3275,인천,37.4563,126.7052,2022-04-15,일반
5361,윤서연,ngsng651@naver.com,010-4779-5166,부산,35.1796,129.0756,2021-06-28,우수
5362,최지아,chjng310@daum.net,010-1536-3637,광주,35.1595,126.8526,2022-10-13,일반
5363,정태현,jth626@gmail.com,010-1438-7889,부산,35.1796,129.0756,2022-04-11,우수
5364,정시아,jsng403@daum.net,010-5690-5382,서울,37.5665,126.978,2021-05-17,우수
5365,권현우,ghng895@daum.net,010-5618-5042,청주,36.6424,127.489,2021-08-07,우수
5366,박민준,bmj860@naver.com,010-3026-9660,인천,37.4563,126.7052,2021-09-02,MVP
5367,서영민,sngm778@nate.com,010-7955-7914,세종,36.48,127.289,2022-08-10,우수
5368,황채원,hchng363@nate.com,010-1847-2598,세종,36.48,127.289,2022-10-24,일반
5369,박예린,bngr993@gmail.com,010-9344-5101,대전,36.3504,127.3845,2021-01-02,우수
5370,윤채원,ngchng579@naver.com,010-9949-8323,울산,35.5398,129.3114,2021-01-19,일반
5371,황가은,hgng587@daum.net,,청주,36.6424,127.489,2021-08-16,일반
5372,임주원,ngjng236@daum.net,010-3124-3194,대구,35.8714,128.6014,2022-08-29,일반
5373,장주원,jjng468@nate.com,010-8470-8474,세종,36.48,127.289,2022-04-07,일반
5374,장지원,jjng556@daum.net,010-9538-9610,서울,37.5665,126.978,2021-06-18,우수
5375,한하준,hhj195@gmail.com,010-1570-4723,대전,36.3504,127.3845,2022-06-23,일반
5376,신지후,sjh643@naver.com,010-9752-9014,창원,35.2271,128.6811,2022-02-10,우수
5377,송영민,sngm617@daum.net,010-5675-8571,인천,37.4563,126.7052,2021-01-17,우수
5378,오태현,ngth804@naver.com,010-6096-8324,광주,35.1595,126.8526,2022-11-11,일반
5379,황서준,hsj492@naver.com,,청주,36.6424,127.489,2022-08-27,VIP
5380,오현우,nghng233@gmail.com,010-2330-7876,인천,37.4563,126.7052,2021-11-21,일반
5381,황시아,hsng396@nate.com,010-9607-2118,전주,35.8219,127.148,2022-04-01,일반
5382,안나윤,ngnng683@nate.com,010-2284-4683,대구,35.8714,128.6014,2022-03-01,우수
5383,전유진,jngj733@daum.net,010-3212-2059,청주,36.6424,127.489,2021-12-02,일반
5384,최가은,chgng673@daum.net,,전주,35.8219,127.148,2022-03-25,일반
5385,오서현,ngsh152@gmail.com,010-9099-8985,창원,35.2271,128.6811,2021-10-15,우수
5386,전서연,jsng240@nate.com,010-7210-6784,청주,36.6424,127.489,2021-07-21,우수
5387,임나윤,ngnng676@nate.com,010-8842-3518,청주,36.6424,127.489,2022-04-21,일반
5388,정민준,jmj145@gmail.com,,서울,37.5665,126.978,2021-01-31,MVP
5389,장하준,jhj616@nate.com,010-7473-3985,청주,36.6424,127.489,2022-03-03,우수
5390,오예준,ngngj429@nate.com,010-5151-1700,광주,35.1595,126.8526,2022-08-24,VIP
5391,전가은,jgng507@nate.com,010-1229-9376,부산,35.1796,129.0756,2022-10-10,일반
5392,김민준,gmj830@daum.net,010-8925-4004,청주,36.6424,127.489,2021-12-28,우수
5393,장하준,jhj774@naver.com,010-5800-7456,세종,36.48,127.289,2022-11-21,VIP
5394,서지원,sjng820@naver.com,010-4250-1735,창원,35.2271,128.6811,2021-11-01,우수
5395,한도윤,hdng567@gmail.com,,창원,35.2271,128.6811,2022-04-21,우수
5396,오예준,ngngj284@naver.com,010-4850-6366,대전,36.3504,127.3845,2021-07-30,일반
5397,윤서연,ngsng574@daum.net,010-9154-8279,청주,36.6424,127.489,2022-04-04,일반
5398,조지훈,jjh839@naver.com,010-8898-6286,울산,35.5398,129.3114,2021-12-09,일반
5399,이지후,ngjh781@gmail.com,010-8169-2509,서울,37.5665,126.978,2021-11-03,일반
5400,장민준,jmj581@nate.com,010-3987-9355,부산,35.1796,129.0756,2022-10-07,VIP
5401,김현정,ghj522@gmail.com,010-8886-5328,청주,36.6424,127.489,2022-08-14,일반
5402,신지민,sjm824@nate.com,010-5472-8775,창원,35.2271,128.6811,2022-05-25,MVP
5403,정현정,jhj964@gmail.com,010-3789-5748,세종,36.48,127.289,2021-05-03,MVP
5404,윤지원,ngjng499@nate.com,010-1826-4572,수원,37.2636,127.0286,2022-11-04,일반
5405,정지원,jjng875@naver.com,010-3365-6937,울산,35.5398,129.3114,2022-08-10,일반
5406,오지아,ngjng556@nate.com,010-1172-8775,세종,36.48,127.289,2021-07-31,VIP
5407,송나윤,snng195@gmail.com,,청주,36.6424,127.489,2022-05-27,MVP
5408,윤서현,ngsh709@daum.net,010-7802-2179,세종,36.48,127.289,2022-01-31,일반
5409,강예린,gngr487@gmail.com,010-4352-7633,대전,36.3504,127.3845,2022-09-17,일반
5410,윤도윤,ngdng889@nate.com,010-5884-5188,인천,37.4563,126.7052,2022-03-28,우수
5411,윤시아,ngsng988@gmail.com,,창원,35.2271,128.6811,2021-11-23,우수
5412,오지민,ngjm510@naver.com,010-4290-7390,서울,37.5665,126.978,2021-03-05,일반
5413,정가은,jgng220@gmail.com,,광주,35.1595,126.8526,2022-11-27,우수
5414,장서준,jsj556@nate.com,010-1908-5922,전주,35.8219,127.148,2022-12-31,일반
5415,안도윤,ngdng192@naver.com,010-4201-8805,전주,35.8219,127.148,2022-11-01,일반
5416,윤하린,nghr525@daum.net,010-3673-6192,인천,37.4563,126.7052,2022-05-10,일반
5417,전채원,jchng657@nate.com,010-2002-6482,세종,36.48,127.289,2022-04-17,일반
5418,한우진,hngj629@gmail.com,010-7294-2574,세종,36.48,127.289,2021-04-02,일반
5419,오우진,ngngj820@naver.com,,세종,36.48,127.289,2021-01-10,일반
5420,정시아,jsng353@naver.com,010-3108-7407,전주,35.8219,127.148,2021-04-18,일반
5421,안시아,ngsng299@nate.com,,대전,36.3504,127.3845,2022-03-07,일반
5422,박현우,bhng544@daum.net,010-2369-3218,부산,35.1796,129.0756,2022-01-04,일반
5423,박하늘,bhn372@naver.com,010-2034-6786,전주,35.8219,127.148,2022-10-03,MVP
5424,서나윤,snng187@nate.com,010-6973-6504,울산,35.5398,129.3114,2022-11-14,일반
5425,송하린,shr260@naver.com,010-3124-9958,대구,35.8714,128.6014,2022-12-11,일반
5426,오지아,ngjng602@gmail.com,,울산,35.5398,129.3114,2021-07-19,우수
5427,정나윤,jnng251@naver.com,010-6846-3354,창원,35.2271,128.6811,2021-08-17,MVP
5428,송지현,sjh549@nate.com,010-4176-6746,부산,35.1796,129.0756,2022-01-19,일반
5429,서우진,sngj596@naver.com,010-9172-5359,울산,35.5398,129.3114,2022-06-23,우수
5430,서지훈,sjh792@daum.net,010-3472-9518,광주,35.1595,126.8526,2021-02-04,우수
5431,윤도윤,ngdng876@gmail.com,010-1807-9623,부산,35.1796,129.0756,2022-07-18,우수
5432,송서준,ssj652@nate.com,010-6744-1418,광주,35.1595,126.8526,2022-02-17,일반
5433,오지아,ngjng213@gmail.com,,광주,35.1595,126.8526,2022-06-27,우수
5434,김지아,gjng757@nate.com,010-5259-5155,세종,36.48,127.289,2022-09-01,일반
5435,황서연,hsng181@naver.com,010-9979-7992,세종,36.48,127.289,2022-06-29,우수
5436,신지후,sjh949@nate.com,010-6414-4968,청주,36.6424,127.489,2021-10-30,우수
5437,윤현우,nghng407@nate.com,010-7691-4749,세종,36.48,127.289,2021-10-11,일반
5438,조민서,jms691@naver.com,010-3789-9224,인천,37.4563,126.7052,2022-12-11,VIP
5439,최하린,chhr176@daum.net,010-5754-4387,서울,37.5665,126.978,2021-07-05,일반
5440,송태현,sth754@nate.com,010-1823-6294,대구,35.8714,128.6014,2021-10-23,VIP
5441,강도윤,gdng714@daum.net,010-1063-5136,서울,37.5665,126.978,2021-11-24,일반
5442,황주원,hjng869@nate.com,010-7997-3684,서울,37.5665,126.978,2022-10-02,일반
5443,박지훈,bjh463@nate.com,010-7712-7187,세종,36.48,127.289,2021-08-30,일반
5444,김시아,gsng645@daum.net,010-2525-8193,창원,35.2271,128.6811,2021-04-28,MVP
5445,임민서,ngms837@naver.com,010-8228-9662,울산,35.5398,129.3114,2022-03-23,일반
5446,안지원,ngjng636@nate.com,010-6674-6934,대전,36.3504,127.3845,2022-06-03,일반
5447,권도윤,gdng350@gmail.com,010-5299-5324,청주,36.6424,127.489,2022-09-19,일반
5448,신예준,sngj545@naver.com,,창원,35.2271,128.6811,2021-11-24,우수
5449,황지훈,hjh588@nate.com,010-3585-2300,세종,36.48,127.289,2021-10-12,우수
5450,정현우,jhng619@daum.net,010-7283-2191,수원,37.2636,127.0286,2022-04-12,일반
5451,박도현,bdh661@nate.com,010-9812-4619,광주,35.1595,126.8526,2022-01-18,일반
5452,정채원,jchng291@gmail.com,010-6303-1201,청주,36.6424,127.489,2021-01-30,일반
5453,오우진,ngngj459@gmail.com,010-6969-5659,세종,36.48,127.289,2021-08-24,일반
5454,이유진,ngngj846@gmail.com,010-4029-5758,창원,35.2271,128.6811,2021-08-18,일반
5455,서주원,sjng980@nate.com,,부산,35.1796,129.0756,2021-05-18,우수
5456,윤현우,nghng156@nate.com,010-4190-7036,광주,35.1595,126.8526,2021-08-31,일반
5457,황유진,hngj940@gmail.com,010-3562-9253,창원,35.2271,128.6811,2022-02-10,일반
5458,강채원,gchng820@gmail.com,010-9607-9029,창원,35.2271,128.6811,2022-02-18,일반
5459,송민서,sms882@daum.net,010-3396-8800,청주,36.6424,127.489,2022-04-27,MVP
5460,조수빈,jsb972@nate.com,010-8681-8465,대구,35.8714,128.6014,2021-02-18,MVP
5461,윤시아,ngsng756@naver.com,010-9184-9168,울산,35.5398,129.3114,2022-01-30,VIP
5462,안현정,nghj433@daum.net,010-5789-5545,서울,37.5665,126.978,2021-02-26,일반
5463,한예린,hngr147@nate.com,010-3573-1445,전주,35.8219,127.148,2021-05-24,일반
5464,박민준,bmj552@naver.com,010-3417-7631,전주,35.8219,127.148,2021-07-06,일반
5465,한주원,hjng559@naver.com,010-1257-6448,광주,35.1595,126.8526,2021-10-24,일반
5466,임예린,ngngr180@daum.net,,울산,35.5398,129.3114,2022-05-27,우수
5467,권수빈,gsb427@naver.com,010-8246-3696,창원,35.2271,128.6811,2022-07-19,우수
5468,장현정,jhj752@daum.net,010-8542-1561,수원,37.2636,127.0286,2021-04-03,VIP
5469,안예린,ngngr612@daum.net,010-6167-4284,서울,37.5665,126.978,2022-05-22,VIP
5470,송현정,shj102@daum.net,010-8818-3325,대구,35.8714,128.6014,2022-02-06,일반
5471,서하늘,shn322@daum.net,010-1393-6721,서울,37.5665,126.978,2022-04-10,우수
5472,박현정,bhj294@gmail.com,010-3976-2062,울산,35.5398,129.3114,2022-09-13,일반
5473,정지아,jjng209@daum.net,010-8371-1460,울산,35.5398,129.3114,2022-07-15,일반
5474,강민서,gms985@daum.net,010-3549-2829,대구,35.8714,128.6014,2022-04-06,우수
5475,임채원,ngchng687@naver.com,010-2694-8855,대전,36.3504,127.3845,2021-03-28,일반
5476,윤민준,ngmj991@nate.com,010-9670-7094,전주,35.8219,127.148,2021-07-16,일반
5477,안지후,ngjh134@nate.com,010-9222-4345,수원,37.2636,127.0286,2021-09-25,일반
5478,서나윤,snng881@gmail.com,,울산,35.5398,129.3114,2022-03-30,우수
5479,송지민,sjm535@daum.net,,청주,36.6424,127.489,2022-02-28,우수
5480,신민서,sms592@daum.net,010-4989-6359,광주,35.1595,126.8526,2022-08-01,일반
5481,임도윤,ngdng930@gmail.com,010-8240-8887,광주,35.1595,126.8526,2022-10-17,VIP
5482,정지원,jjng112@daum.net,010-9735-9227,서울,37.5665,126.978,2021-07-03,일반
5483,송예준,sngj126@daum.net,010-4460-6613,광주,35.1595,126.8526,2022-06-26,일반
5484,황하늘,hhn398@daum.net,,세종,36.48,127.289,2022-10-07,우수
5485,안민준,ngmj256@daum.net,010-2403-7059,부산,35.1796,129.0756,2021-01-17,우수
5486,이현정,nghj578@daum.net,,창원,35.2271,128.6811,2021-09-08,MVP
5487,신민준,smj635@gmail.com,010-2408-6624,울산,35.5398,129.3114,2022-11-28,일반
5488,한서현,hsh491@nate.com,010-1272-5513,부산,35.1796,129.0756,2021-08-25,우수
5489,권예린,gngr770@daum.net,,서울,37.5665,126.978,2021-02-13,우수
5490,임유진,ngngj665@daum.net,010-3257-3131,서울,37.5665,126.978,2022-10-19,VIP
5491,황민준,hmj515@gmail.com,010-6042-4964,청주,36.6424,127.489,2022-01-29,일반
5492,오서연,ngsng764@daum.net,010-9293-1667,전주,35.8219,127.148,2022-12-14,우수
5493,윤현정,nghj771@nate.com,010-5798-8982,대구,35.8714,128.6014,2022-07-30,우수
5494,정지현,jjh268@daum.net,010-2593-8938,광주,35.1595,126.8526,2021-11-30,일반
5495,이하늘,nghn847@naver.com,,대구,35.8714,128.6014,2021-12-24,일반
5496,임지현,ngjh758@naver.com,010-7667-7576,대전,36.3504,127.3845,2021-10-06,일반
5497,윤예린,ngngr722@gmail.com,010-4468-9991,서울,37.5665,126.978,2021-02-05,우수
5498,김지훈,gjh818@nate.com,,세종,36.48,127.289,2022-10-10,VIP
5499,오도윤,ngdng408@gmail.com,010-8168-1834,청주,36.6424,127.489,2022-08-13,우수
5500,전시아,jsng614@nate.com,010-1227-9209,대구,35.8714,128.6014,2021-03-17,우수
5501,최태현,chth507@nate.com,,수원,37.2636,127.0286,2022-07-29,우수
5502,김현우,ghng978@daum.net,,울산,35.5398,129.3114,2022-09-10,일반
5503,강지아,gjng198@daum.net,010-6333-5278,서울,37.5665,126.978,2021-04-14,일반
5504,서지민,sjm257@daum.net,,세종,36.48,127.289,2021-08-26,일반
5505,한현우,hhng531@gmail.com,010-9201-8412,인천,37.4563,126.7052,2022-03-28,일반
5506,신하준,shj888@naver.com,010-6063-9000,창원,35.2271,128.6811,2021-12-30,일반
5507,장지원,jjng138@gmail.com,010-8394-2961,청주,36.6424,127.489,2022-08-01,우수
5508,권태현,gth337@naver.com,010-2540-7951,부산,35.1796,129.0756,2021-12-11,일반
5509,이태현,ngth384@naver.com,010-5136-8336,울산,35.5398,129.3114,2021-03-26,일반
5510,박태현,bth527@daum.net,010-2716-7061,서울,37.5665,126.978,2021-09-29,일반
5511,강서연,gsng367@daum.net,010-3350-7784,광주,35.1595,126.8526,2022-11-30,일반
5512,임채원,ngchng477@daum.net,010-2876-4591,부산,35.1796,129.0756,2022-11-07,VIP
5513,권지아,gjng145@daum.net,010-8021-3212,창원,35.2271,128.6811,2022-06-03,VIP
5514,김하린,ghr293@naver.com,010-6329-3699,세종,36.48,127.289,2021-09-10,우수
5515,임태현,ngth277@nate.com,,청주,36.6424,127.489,2022-03-03,일반
5516,황우진,hngj775@gmail.com,010-5427-1055,대전,36.3504,127.3845,2022-03-24,우수
5517,강서연,gsng810@gmail.com,,대구,35.8714,128.6014,2021-12-27,VIP
5518,정유진,jngj461@daum.net,010-3349-8049,울산,35.5398,129.3114,2021-03-30,우수
5519,정영민,jngm190@naver.com,010-6899-6647,수원,37.2636,127.0286,2021-09-19,일반
5520,박영민,bngm109@daum.net,010-6931-3316,대전,36.3504,127.3845,2021-05-16,우수
5521,황유진,hngj106@daum.net,010-2011-9364,울산,35.5398,129.3114,2022-07-09,VIP
5522,장서현,jsh997@naver.com,010-8713-2176,전주,35.8219,127.148,2021-01-14,우수
5523,정지민,jjm292@naver.com,010-4020-4471,대전,36.3504,127.3845,2021-02-03,우수
5524,황하늘,hhn207@naver.com,010-8394-5054,인천,37.4563,126.7052,2022-02-21,일반
5525,윤주원,ngjng999@nate.com,010-8037-8192,인천,37.4563,126.7052,2022-04-05,우수
5526,임서연,ngsng729@daum.net,010-5798-7304,수원,37.2636,127.0286,2022-06-05,일반
5527,송수빈,ssb755@nate.com,010-5743-5398,대전,36.3504,127.3845,2022-08-21,우수
5528,조현정,jhj174@naver.com,010-9108-3572,울산,35.5398,129.3114,2022-05-16,일반
5529,신서연,ssng616@daum.net,010-1074-6412,전주,35.8219,127.148,2022-09-11,일반
5530,윤지민,ngjm764@nate.com,010-4059-1520,세종,36.48,127.289,2022-10-24,일반
5531,조예준,jngj506@gmail.com,010-2758-8924,전주,35.8219,127.148,2022-12-30,우수
5532,권하린,ghr115@daum.net,,대구,35.8714,128.6014,2021-11-06,일반
5533,조지아,jjng796@naver.com,,대구,35.8714,128.6014,2021-07-24,우수
5534,오현정,nghj780@gmail.com,,수원,37.2636,127.0286,2021-01-17,우수
5535,신지훈,sjh653@gmail.com,010-9810-1955,인천,37.4563,126.7052,2021-09-13,일반
5536,최지현,chjh711@naver.com,010-6986-4177,수원,37.2636,127.0286,2022-06-26,일반
5537,박도윤,bdng462@daum.net,010-9915-2544,청주,36.6424,127.489,2021-09-04,일반
5538,한민서,hms351@daum.net,010-2383-1352,부산,35.1796,129.0756,2021-11-22,VIP
5539,신나윤,snng536@gmail.com,010-4861-7226,수원,37.2636,127.0286,2022-03-07,우수
5540,한서준,hsj396@nate.com,010-3860-3351,서울,37.5665,126.978,2021-05-25,일반
5541,임지현,ngjh606@naver.com,,인천,37.4563,126.7052,2021-12-11,일반
5542,송가은,sgng249@nate.com,010-5009-6527,청주,36.6424,127.489,2021-04-12,우수
5543,이서연,ngsng228@gmail.com,010-2267-6293,서울,37.5665,126.978,2022-06-27,VIP
5544,황지현,hjh728@nate.com,010-9576-2053,청주,36.6424,127.489,2021-01-19,VIP
5545,이시아,ngsng726@nate.com,,청주,36.6424,127.489,2021-12-29,우수
5546,서하늘,shn505@nate.com,010-4513-7860,광주,35.1595,126.8526,2021-02-20,일반
5547,송예준,sngj881@nate.com,010-2863-5766,수원,37.2636,127.0286,2022-11-21,일반
5548,이수빈,ngsb331@nate.com,010-8428-2355,대구,35.8714,128.6014,2021-02-25,일반
5549,장나윤,jnng302@gmail.com,,대구,35.8714,128.6014,2022-09-26,일반
5550,정민준,jmj153@daum.net,010-7517-1648,전주,35.8219,127.148,2022-11-12,일반
5551,황민준,hmj747@naver.com,010-9415-6347,청주,36.6424,127.489,2021-10-19,일반
5552,권하린,ghr635@naver.com,,부산,35.1796,129.0756,2021-08-25,일반
5553,윤지아,ngjng220@daum.net,010-4394-3833,인천,37.4563,126.7052,2021-06-06,VIP
5554,정시아,jsng564@naver.com,,광주,35.1595,126.8526,2021-09-20,우수
5555,임시아,ngsng786@naver.com,010-5845-9016,수원,37.2636,127.0286,2022-12-02,VIP
5556,한우진,hngj340@gmail.com,010-6100-6914,수원,37.2636,127.0286,2022-07-04,우수
5557,장수빈,jsb659@gmail.com,010-3845-5417,서울,37.5665,126.978,2022-05-02,일반
5558,서지후,sjh509@nate.com,010-6740-6889,창원,35.2271,128.6811,2022-06-20,우수
5559,한서현,hsh117@daum.net,010-9074-6912,광주,35.1595,126.8526,2022-07-12,일반
5560,이민준,ngmj995@nate.com,010-1888-4084,전주,35.8219,127.148,2022-04-21,우수
5561,최수빈,chsb908@naver.com,010-4719-6940,부산,35.1796,129.0756,2022-10-08,일반
5562,전가은,jgng612@gmail.com,010-2802-7140,대전,36.3504,127.3845,2021-07-17,MVP
5563,서시아,ssng530@daum.net,,서울,37.5665,126.978,2021-04-29,일반
5564,임지민,ngjm131@gmail.com,,창원,35.2271,128.6811,2022-11-25,일반
5565,조유진,jngj290@gmail.com,010-7278-1893,울산,35.5398,129.3114,2021-06-20,VIP
5566,전지후,jjh179@nate.com,,전주,35.8219,127.148,2021-10-10,일반
5567,신지민,sjm957@naver.com,010-5797-1859,대구,35.8714,128.6014,2021-04-30,우수
5568,송주원,sjng294@gmail.com,010-8354-2983,서울,37.5665,126.978,2021-03-07,우수
5569,전우진,jngj424@nate.com,,전주,35.8219,127.148,2021-09-14,VIP
5570,최하린,chhr781@daum.net,,서울,37.5665,126.978,2022-07-22,MVP
5571,김민준,gmj961@daum.net,010-4813-6867,울산,35.5398,129.3114,2022-03-28,MVP
5572,강현정,ghj527@naver.com,010-8730-8081,광주,35.1595,126.8526,2022-09-05,일반
5573,윤지원,ngjng286@daum.net,010-1460-3458,부산,35.1796,129.0756,2021-09-03,VIP
5574,강현정,ghj639@nate.com,,세종,36.48,127.289,2021-04-11,우수
5575,서유진,sngj860@nate.com,010-3746-4166,서울,37.5665,126.978,2021-06-22,우수
5576,한태현,hth556@nate.com,,세종,36.48,127.289,2021-10-22,일반
5577,임시아,ngsng144@daum.net,010-4139-3476,세종,36.48,127.289,2021-03-29,우수
5578,정가은,jgng607@nate.com,010-3674-7451,전주,35.8219,127.148,2022-11-25,MVP
5579,최유진,chngj639@nate.com,010-9586-2889,수원,37.2636,127.0286,2022-10-02,VIP
5580,신영민,sngm846@naver.com,010-6197-2856,부산,35.1796,129.0756,2022-05-04,일반
5581,박예준,bngj364@naver.com,,전주,35.8219,127.148,2021-09-27,일반
5582,임가은,nggng925@daum.net,010-8202-4552,광주,35.1595,126.8526,2021-11-09,일반
5583,박도현,bdh788@naver.com,010-8699-5320,세종,36.48,127.289,2021-03-18,VIP
5584,박시아,bsng100@nate.com,010-6201-1876,울산,35.5398,129.3114,2022-09-04,우수
5585,송지원,sjng587@gmail.com,,대구,35.8714,128.6014,2021-09-18,일반
5586,최서현,chsh914@gmail.com,010-2463-8561,세종,36.48,127.289,2022-02-17,일반
5587,김지민,gjm206@naver.com,,청주,36.6424,127.489,2021-02-07,일반
5588,정수빈,jsb318@naver.com,010-2439-8455,부산,35.1796,129.0756,2022-11-12,일반
5589,강민준,gmj350@daum.net,010-7912-5252,세종,36.48,127.289,2022-08-25,VIP
5590,김민준,gmj165@gmail.com,010-6196-5763,청주,36.6424,127.489,2022-10-28,우수
5591,정나윤,jnng508@gmail.com,010-3433-5766,전주,35.8219,127.148,2022-03-25,일반
5592,박도윤,bdng531@daum.net,010-3826-5963,대구,35.8714,128.6014,2021-10-05,우수
5593,박영민,bngm225@daum.net,010-7484-8151,세종,36.48,127.289,2021-11-21,일반
5594,정지훈,jjh870@naver.com,010-2023-7970,인천,37.4563,126.7052,2021-08-23,MVP
5595,임주원,ngjng860@gmail.com,010-5287-7559,부산,35.1796,129.0756,2022-03-09,일반
5596,이현우,nghng630@daum.net,010-3438-4900,부산,35.1796,129.0756,2022-10-05,일반
5597,장도현,jdh805@nate.com,,울산,35.5398,129.3114,2021-11-23,일반
5598,황우진,hngj534@daum.net,010-4827-2614,광주,35.1595,126.8526,2021-07-12,우수
5599,서나윤,snng986@daum.net,,창원,35.2271,128.6811,2021-11-19,우수
5600,이나윤,ngnng431@daum.net,010-4492-8795,부산,35.1796,129.0756,2021-04-09,우수
5601,최도현,chdh329@daum.net,010-4966-2723,청주,36.6424,127.489,2022-03-12,일반
5602,김민서,gms656@gmail.com,010-6263-8419,청주,36.6424,127.489,2022-05-11,일반
5603,신서준,ssj214@naver.com,,서울,37.5665,126.978,2021-10-08,일반
5604,오서현,ngsh979@daum.net,010-9164-4939,청주,36.6424,127.489,2021-10-18,우수
5605,윤지훈,ngjh818@naver.com,010-8680-5073,광주,35.1595,126.8526,2022-11-02,일반
5606,서나윤,snng717@nate.com,010-9224-6902,서울,37.5665,126.978,2021-04-07,우수
5607,정영민,jngm471@naver.com,010-8924-6239,부산,35.1796,129.0756,2022-11-13,VIP
5608,이지훈,ngjh104@naver.com,,세종,36.48,127.289,2021-01-19,VIP
5609,최하늘,chhn435@nate.com,010-5401-1292,수원,37.2636,127.0286,2022-08-10,일반
5610,한하준,hhj678@gmail.com,010-1532-6736,광주,35.1595,126.8526,2022-11-04,일반
5611,황도현,hdh684@naver.com,010-8322-3511,수원,37.2636,127.0286,2021-03-11,일반
5612,신지민,sjm617@gmail.com,010-3816-5718,울산,35.5398,129.3114,2021-07-30,우수
5613,박서연,bsng750@gmail.com,010-5413-1577,부산,35.1796,129.0756,2022-09-04,VIP
5614,신하준,shj857@nate.com,010-1424-9364,수원,37.2636,127.0286,2022-10-24,일반
5615,송채원,schng863@gmail.com,010-2458-3010,울산,35.5398,129.3114,2022-05-30,일반
5616,정예린,jngr941@gmail.com,010-3286-3433,세종,36.48,127.289,2022-08-20,VIP
5617,강지후,gjh347@gmail.com,010-9165-3244,인천,37.4563,126.7052,2021-12-04,VIP
5618,한민준,hmj944@naver.com,010-8027-3019,수원,37.2636,127.0286,2021-12-19,일반
5619,서하준,shj805@nate.com,010-5279-2506,전주,35.8219,127.148,2021-04-29,우수
5620,조지훈,jjh910@naver.com,010-4090-3358,세종,36.48,127.289,2022-10-31,일반
5621,조유진,jngj766@nate.com,010-5167-3947,대구,35.8714,128.6014,2022-12-18,일반
5622,최예린,chngr416@naver.com,010-1568-8197,서울,37.5665,126.978,2022-09-16,VIP
5623,윤태현,ngth592@daum.net,010-8460-2073,부산,35.1796,129.0756,2022-01-14,VIP
5624,임주원,ngjng450@gmail.com,010-3227-6406,청주,36.6424,127.489,2021-12-04,우수
5625,윤지현,ngjh756@gmail.com,010-9968-9055,창원,35.2271,128.6811,2022-01-08,일반
5626,황하린,hhr919@naver.com,010-3984-9004,울산,35.5398,129.3114,2021-10-30,VIP
5627,조수빈,jsb699@daum.net,010-2630-7918,세종,36.48,127.289,2021-06-02,일반
5628,박주원,bjng696@naver.com,010-2670-2206,부산,35.1796,129.0756,2021-09-03,일반
5629,윤서현,ngsh312@gmail.com,010-4075-7110,부산,35.1796,129.0756,2021-01-31,우수
5630,이하준,nghj989@daum.net,010-9606-5724,울산,35.5398,129.3114,2022-08-14,일반
5631,최하준,chhj316@naver.com,,전주,35.8219,127.148,2021-05-10,우수
5632,강도현,gdh134@nate.com,010-8774-1970,대구,35.8714,128.6014,2022-06-21,우수
5633,전우진,jngj312@gmail.com,,대구,35.8714,128.6014,2022-05-07,일반
5634,안지원,ngjng675@nate.com,010-3776-3029,수원,37.2636,127.0286,2021-07-30,일반
5635,윤도윤,ngdng534@naver.com,010-9451-1106,인천,37.4563,126.7052,2022-01-20,일반
5636,조수빈,jsb169@daum.net,010-8358-9903,부산,35.1796,129.0756,2022-10-02,일반
5637,임지훈,ngjh831@naver.com,,수원,37.2636,127.0286,2021-01-04,우수
5638,장서현,jsh548@naver.com,,수원,37.2636,127.0286,2021-05-07,VIP
5639,조수빈,jsb162@daum.net,010-6016-7000,창원,35.2271,128.6811,2021-09-30,일반
5640,오우진,ngngj131@nate.com,,세종,36.48,127.289,2021-01-16,일반
5641,윤도현,ngdh464@daum.net,010-4349-5322,청주,36.6424,127.489,2022-06-04,우수
5642,송채원,schng203@gmail.com,010-3935-4806,수원,37.2636,127.0286,2021-01-29,VIP
5643,안유진,ngngj159@naver.com,010-8884-3719,전주,35.8219,127.148,2022-07-02,일반
5644,오하늘,nghn597@daum.net,,대구,35.8714,128.6014,2022-04-21,일반
5645,한서연,hsng888@daum.net,010-4847-4544,부산,35.1796,129.0756,2021-11-25,우수
5646,이수빈,ngsb890@gmail.com,010-9084-1997,울산,35.5398,129.3114,2022-02-25,일반
5647,신지후,sjh883@naver.com,010-2131-8057,부산,35.1796,129.0756,2021-04-13,일반
5648,박도윤,bdng704@daum.net,,광주,35.1595,126.8526,2021-08-14,우수
5649,윤민서,ngms310@gmail.com,010-4774-8989,대구,35.8714,128.6014,2021-09-19,우수
5650,황하린,hhr179@nate.com,010-4460-1450,서울,37.5665,126.978,2021-08-09,우수
5651,서도윤,sdng930@naver.com,010-7079-9476,서울,37.5665,126.978,2021-01-15,우수
5652,정서준,jsj588@naver.com,,부산,35.1796,129.0756,2022-02-05,우수
5653,장수빈,jsb809@daum.net,010-5423-8834,인천,37.4563,126.7052,2021-11-02,일반
5654,윤주원,ngjng468@daum.net,010-3202-1394,서울,37.5665,126.978,2022-03-11,일반
5655,오가은,nggng324@nate.com,010-3119-1396,세종,36.48,127.289,2022-10-02,일반
5656,권하준,ghj865@gmail.com,010-1371-4836,창원,35.2271,128.6811,2021-12-20,일반
5657,오가은,nggng818@daum.net,,서울,37.5665,126.978,2022-07-05,우수
5658,서지아,sjng980@daum.net,010-8318-9824,대전,36.3504,127.3845,2021-11-26,VIP
5659,박영민,bngm846@nate.com,010-1550-6154,대전,36.3504,127.3845,2021-10-29,MVP
5660,장서준,jsj751@daum.net,010-6338-7878,부산,35.1796,129.0756,2022-01-14,우수
5661,황현정,hhj387@gmail.com,,창원,35.2271,128.6811,2021-06-28,일반
5662,신서현,ssh610@daum.net,010-1580-1393,창원,35.2271,128.6811,2022-09-04,일반
5663,박현우,bhng363@gmail.com,010-9828-1854,대전,36.3504,127.3845,2021-02-04,VIP
5664,신서현,ssh590@gmail.com,010-5452-8100,창원,35.2271,128.6811,2021-03-15,우수
5665,한우진,hngj631@daum.net,,서울,37.5665,126.978,2021-02-20,우수
5666,임서준,ngsj123@daum.net,010-6878-5127,전주,35.8219,127.148,2022-02-27,우수
5667,권지민,gjm641@naver.com,010-6750-3791,대전,36.3504,127.3845,2022-07-03,우수
5668,한서연,hsng119@daum.net,010-5620-7493,수원,37.2636,127.0286,2022-08-18,VIP
5669,서주원,sjng423@nate.com,,울산,35.5398,129.3114,2021-03-03,일반
5670,조하늘,jhn140@nate.com,010-2461-9309,창원,35.2271,128.6811,2021-12-06,우수
5671,최하준,chhj783@gmail.com,,울산,35.5398,129.3114,2021-12-28,VIP
5672,한서준,hsj670@gmail.com,010-1368-6050,광주,35.1595,126.8526,2022-08-03,일반
5673,윤도윤,ngdng446@gmail.com,010-5206-2165,세종,36.48,127.289,2021-03-14,우수
5674,서예린,sngr381@nate.com,010-4091-2663,세종,36.48,127.289,2022-11-09,일반
5675,이가은,nggng334@naver.com,,전주,35.8219,127.148,2021-09-11,MVP
5676,권지민,gjm583@gmail.com,010-7156-2632,인천,37.4563,126.7052,2022-01-06,일반
5677,서하늘,shn360@daum.net,010-5634-6987,대전,36.3504,127.3845,2022-01-24,우수
5678,안하린,nghr877@naver.com,010-9884-4734,대전,36.3504,127.3845,2022-12-01,일반
5679,강하늘,ghn891@gmail.com,010-3080-5454,부산,35.1796,129.0756,2021-09-05,우수
5680,장나윤,jnng604@naver.com,010-6318-2512,창원,35.2271,128.6811,2022-04-14,일반
5681,장도현,jdh954@daum.net,010-1327-1081,수원,37.2636,127.0286,2022-08-13,일반
5682,전예린,jngr416@nate.com,010-7638-4844,광주,35.1595,126.8526,2022-07-12,일반
5683,전주원,jjng759@daum.net,010-1299-8808,수원,37.2636,127.0286,2022-05-31,VIP
5684,윤민서,ngms506@nate.com,010-8700-4371,울산,35.5398,129.3114,2021-09-18,일반
5685,권하늘,ghn146@daum.net,010-6744-2827,대구,35.8714,128.6014,2021-10-08,일반
5686,전도윤,jdng975@nate.com,,부산,35.1796,129.0756,2022-03-10,우수
5687,송시아,ssng557@daum.net,010-8086-7964,세종,36.48,127.289,2022-03-22,우수
5688,신나윤,snng158@gmail.com,010-6976-3681,창원,35.2271,128.6811,2021-05-04,VIP
5689,신영민,sngm359@naver.com,010-4450-2855,광주,35.1595,126.8526,2022-08-14,일반
5690,권서연,gsng985@nate.com,010-7888-8331,서울,37.5665,126.978,2022-06-28,우수
5691,오시아,ngsng219@gmail.com,010-8144-4482,청주,36.6424,127.489,2022-01-19,일반
5692,전서현,jsh787@nate.com,010-5546-8296,세종,36.48,127.289,2021-02-17,일반
5693,황민서,hms944@gmail.com,010-8377-8668,대전,36.3504,127.3845,2021-02-04,우수
5694,이주원,ngjng473@gmail.com,010-5621-5195,전주,35.8219,127.148,2021-03-29,우수
5695,임서준,ngsj755@daum.net,,세종,36.48,127.289,2021-11-28,우수
5696,신서현,ssh321@nate.com,010-5408-6848,대전,36.3504,127.3845,2021-10-01,일반
5697,오채원,ngchng444@nate.com,010-4965-6542,울산,35.5398,129.3114,2022-11-21,일반
5698,장하준,jhj103@daum.net,010-4535-1161,서울,37.5665,126.978,2022-08-02,일반
5699,권하준,ghj581@nate.com,010-3341-8779,인천,37.4563,126.7052,2022-06-25,MVP
5700,신시아,ssng434@nate.com,010-5467-3581,서울,37.5665,126.978,2022-07-23,일반
5701,서영민,sngm512@gmail.com,010-9852-1509,대구,35.8714,128.6014,2022-02-24,일반
5702,강나윤,gnng575@nate.com,010-3825-5677,청주,36.6424,127.489,2021-11-10,일반
5703,조가은,jgng469@gmail.com,010-7522-2681,서울,37.5665,126.978,2022-05-09,우수
5704,서지원,sjng329@nate.com,010-5195-3286,세종,36.48,127.289,2022-04-24,일반
5705,장민서,jms208@nate.com,010-2830-7383,대전,36.3504,127.3845,2022-08-01,VIP
5706,조예린,jngr538@daum.net,010-3844-6621,서울,37.5665,126.978,2022-12-05,일반
5707,강지원,gjng136@gmail.com,,울산,35.5398,129.3114,2022-09-13,VIP
5708,서하린,shr587@gmail.com,010-4410-1876,세종,36.48,127.289,2022-10-02,일반
5709,황예린,hngr147@gmail.com,,수원,37.2636,127.0286,2021-03-06,우수
5710,임영민,ngngm854@gmail.com,010-8869-5909,인천,37.4563,126.7052,2021-08-02,VIP
5711,윤하준,nghj951@nate.com,010-5566-5610,창원,35.2271,128.6811,2021-06-29,일반
5712,최지아,chjng103@gmail.com,010-6774-2930,전주,35.8219,127.148,2022-01-24,MVP
5713,최서현,chsh810@naver.com,010-5306-1645,창원,35.2271,128.6811,2021-11-04,일반
5714,윤예준,ngngj209@naver.com,010-2547-5311,수원,37.2636,127.0286,2022-04-19,VIP
5715,서도현,sdh465@daum.net,010-1450-4089,부산,35.1796,129.0756,2021-03-26,우수
5716,윤시아,ngsng933@gmail.com,010-8081-8089,광주,35.1595,126.8526,2022-09-10,일반
5717,전지훈,jjh257@naver.com,010-4404-8891,창원,35.2271,128.6811,2021-10-25,일반
5718,한태현,hth982@daum.net,010-7306-4970,인천,37.4563,126.7052,2022-06-27,일반
5719,황채원,hchng590@naver.com,010-6316-1879,대전,36.3504,127.3845,2022-10-05,일반
5720,윤민준,ngmj935@naver.com,010-2299-8437,세종,36.48,127.289,2022-05-02,일반
5721,전지후,jjh933@gmail.com,010-6406-6775,울산,35.5398,129.3114,2021-06-12,일반
5722,조하준,jhj534@nate.com,,창원,35.2271,128.6811,2022-09-13,일반
5723,임예린,ngngr892@naver.com,,전주,35.8219,127.148,2022-04-23,우수
5724,송가은,sgng572@nate.com,010-9626-5397,창원,35.2271,128.6811,2021-09-04,일반
5725,박현정,bhj275@nate.com,010-8866-5212,세종,36.48,127.289,2021-06-19,일반
5726,황현정,hhj651@nate.com,,창원,35.2271,128.6811,2021-03-27,우수
5727,김수빈,gsb488@naver.com,010-7240-6136,창원,35.2271,128.6811,2022-01-22,일반
5728,강영민,gngm867@daum.net,010-2217-9417,부산,35.1796,129.0756,2021-11-21,일반
5729,이주원,ngjng118@daum.net,,서울,37.5665,126.978,2021-09-28,일반
5730,김수빈,gsb925@gmail.com,,창원,35.2271,128.6811,2021-03-12,VIP
5731,장현우,jhng905@naver.com,010-3949-7919,세종,36.48,127.289,2021-02-27,VIP
5732,한수빈,hsb641@gmail.com,010-6858-6207,대전,36.3504,127.3845,2022-09-28,일반
5733,김예준,gngj696@naver.com,010-2301-1497,광주,35.1595,126.8526,2021-08-03,우수
5734,최채원,chchng431@daum.net,010-4690-2501,광주,35.1595,126.8526,2022-02-10,우수
5735,윤민서,ngms158@gmail.com,010-8555-5509,전주,35.8219,127.148,2022-12-16,우수
5736,전지후,jjh194@nate.com,010-9186-4821,광주,35.1595,126.8526,2022-03-01,우수
5737,김하준,ghj206@nate.com,010-8881-1725,대구,35.8714,128.6014,2022-04-10,우수
5738,박영민,bngm995@gmail.com,010-5741-3814,부산,35.1796,129.0756,2022-11-08,일반
5739,서하준,shj178@naver.com,010-1254-1001,인천,37.4563,126.7052,2022-11-25,일반
5740,서예준,sngj313@nate.com,010-7985-7600,광주,35.1595,126.8526,2021-10-04,일반
5741,이하준,nghj765@daum.net,010-9888-1678,부산,35.1796,129.0756,2021-10-05,VIP
5742,장영민,jngm582@gmail.com,010-1506-1533,부산,35.1796,129.0756,2022-07-25,우수
5743,임유진,ngngj153@gmail.com,010-2843-6373,광주,35.1595,126.8526,2021-09-06,VIP
5744,서서준,ssj950@naver.com,010-4121-5489,세종,36.48,127.289,2022-02-20,MVP
5745,황민서,hms721@nate.com,010-5205-9231,울산,35.5398,129.3114,2021-02-20,일반
5746,오지민,ngjm253@daum.net,,세종,36.48,127.289,2021-12-25,우수
5747,장하준,jhj283@daum.net,010-7337-5316,울산,35.5398,129.3114,2021-09-25,우수
5748,안서연,ngsng875@gmail.com,010-5224-2734,전주,35.8219,127.148,2022-05-19,MVP
5749,안하준,nghj610@nate.com,010-2591-7269,부산,35.1796,129.0756,2021-04-29,MVP
5750,이지원,ngjng669@gmail.com,010-6411-6801,부산,35.1796,129.0756,2022-08-05,우수
5751,황서준,hsj670@naver.com,010-7249-6342,울산,35.5398,129.3114,2022-05-19,일반
5752,이지훈,ngjh377@daum.net,010-5571-3251,부산,35.1796,129.0756,2021-11-03,우수
5753,장나윤,jnng248@nate.com,,세종,36.48,127.289,2022-10-07,일반
5754,송서준,ssj816@daum.net,010-3029-4724,서울,37.5665,126.978,2021-03-08,우수
5755,권예린,gngr624@nate.com,010-8278-1704,인천,37.4563,126.7052,2022-02-25,VIP
5756,임주원,ngjng360@gmail.com,010-2907-5830,울산,35.5398,129.3114,2022-07-31,일반
5757,정지현,jjh105@nate.com,010-8194-1173,울산,35.5398,129.3114,2022-11-07,우수
5758,이서연,ngsng647@gmail.com,010-8739-3525,대전,36.3504,127.3845,2021-08-14,일반
5759,윤하린,nghr866@nate.com,010-1776-6126,울산,35.5398,129.3114,2022-02-25,일반
5760,장도윤,jdng986@nate.com,,부산,35.1796,129.0756,2021-11-27,일반
5761,황서연,hsng114@gmail.com,010-2816-9796,전주,35.8219,127.148,2022-04-14,우수
5762,김민준,gmj559@nate.com,,수원,37.2636,127.0286,2021-09-14,VIP
5763,임지원,ngjng471@nate.com,010-8010-8916,울산,35.5398,129.3114,2021-04-16,VIP
5764,황현정,hhj146@nate.com,,울산,35.5398,129.3114,2022-05-15,일반
5765,박하린,bhr843@naver.com,010-5905-2922,인천,37.4563,126.7052,2022-07-21,VIP
5766,장지후,jjh110@naver.com,,부산,35.1796,129.0756,2022-01-07,우수
5767,강채원,gchng472@nate.com,,수원,37.2636,127.0286,2021-08-16,일반
5768,권도현,gdh387@gmail.com,010-3794-1736,수원,37.2636,127.0286,2022-11-26,일반
5769,한시아,hsng698@daum.net,010-7407-9739,대전,36.3504,127.3845,2022-12-06,일반
5770,송민준,smj192@naver.com,010-7635-3114,청주,36.6424,127.489,2021-06-19,VIP
5771,이지아,ngjng321@nate.com,010-9842-1627,부산,35.1796,129.0756,2021-01-15,우수
5772,정지원,jjng602@gmail.com,010-3759-1774,부산,35.1796,129.0756,2022-02-18,우수
5773,신가은,sgng346@nate.com,010-6522-6762,서울,37.5665,126.978,2021-08-20,일반
5774,최유진,chngj226@nate.com,010-8136-7772,세종,36.48,127.289,2022-01-23,우수
5775,정시아,jsng515@daum.net,010-4159-7320,수원,37.2636,127.0286,2022-02-11,일반
5776,이주원,ngjng899@daum.net,010-4080-3364,대구,35.8714,128.6014,2022-01-20,일반
5777,이하린,nghr251@naver.com,010-1321-7344,광주,35.1595,126.8526,2021-10-10,우수
5778,장민준,jmj727@nate.com,010-9159-2587,수원,37.2636,127.0286,2022-04-20,일반
5779,송도현,sdh304@daum.net,010-1073-8160,부산,35.1796,129.0756,2021-02-27,VIP
5780,신유진,sngj652@daum.net,010-4946-4791,수원,37.2636,127.0286,2021-10-22,일반
5781,김나윤,gnng105@daum.net,010-6131-7784,울산,35.5398,129.3114,2021-03-05,우수
5782,김가은,ggng646@nate.com,010-5013-8705,서울,37.5665,126.978,2022-01-29,일반
5783,한하린,hhr915@gmail.com,010-1834-6159,대전,36.3504,127.3845,2021-10-17,우수
5784,송영민,sngm348@gmail.com,,대전,36.3504,127.3845,2022-04-27,일반
5785,황서현,hsh642@gmail.com,010-7034-2860,인천,37.4563,126.7052,2022-04-12,일반
5786,조민준,jmj802@gmail.com,010-2937-9936,광주,35.1595,126.8526,2022-10-08,VIP
5787,오도현,ngdh602@daum.net,010-9882-9322,대전,36.3504,127.3845,2022-05-09,일반
5788,김지아,gjng389@naver.com,,세종,36.48,127.289,2021-11-11,VIP
5789,강하늘,ghn268@daum.net,,서울,37.5665,126.978,2022-04-01,MVP
5790,오현우,nghng288@gmail.com,,광주,35.1595,126.8526,2022-12-12,일반
5791,송지원,sjng174@daum.net,,광주,35.1595,126.8526,2021-02-27,일반
5792,오하준,nghj358@nate.com,010-9358-8765,부산,35.1796,129.0756,2021-04-05,우수
5793,한민준,hmj836@daum.net,010-2972-9693,부산,35.1796,129.0756,2021-08-02,MVP
5794,장예준,jngj625@gmail.com,010-2668-3083,광주,35.1595,126.8526,2021-04-05,VIP
5795,김가은,ggng944@gmail.com,010-1683-5503,세종,36.48,127.289,2021-09-22,우수
5796,한예준,hngj439@nate.com,010-4487-4543,창원,35.2271,128.6811,2022-09-11,우수
5797,정민서,jms516@naver.com,010-5345-8341,울산,35.5398,129.3114,2022-07-30,일반
5798,윤하늘,nghn576@naver.com,010-7056-3919,서울,37.5665,126.978,2022-08-04,MVP
5799,조하린,jhr149@nate.com,010-7741-1743,서울,37.5665,126.978,2022-01-11,MVP
5800,권예준,gngj252@daum.net,010-5867-2418,부산,35.1796,129.0756,2021-07-28,일반
5801,정서현,jsh420@gmail.com,010-7379-5704,창원,35.2271,128.6811,2021-08-16,일반
5802,조서연,jsng404@naver.com,010-4194-2376,울산,35.5398,129.3114,2021-12-25,일반
5803,임태현,ngth856@daum.net,010-5586-7108,전주,35.8219,127.148,2022-09-03,일반
5804,서지아,sjng878@gmail.com,010-6236-2783,광주,35.1595,126.8526,2021-02-02,VIP
5805,임지민,ngjm818@naver.com,010-8846-7731,청주,36.6424,127.489,2021-04-21,일반
5806,윤현우,nghng789@gmail.com,,인천,37.4563,126.7052,2021-07-23,일반
5807,정현정,jhj944@naver.com,010-9604-4920,대구,35.8714,128.6014,2021-08-16,일반
5808,최예린,chngr683@nate.com,010-3515-9120,서울,37.5665,126.978,2021-05-29,MVP
5809,김지훈,gjh105@gmail.com,010-9950-8135,대전,36.3504,127.3845,2021-09-09,우수
5810,신서연,ssng627@daum.net,010-3503-7368,세종,36.48,127.289,2021-02-11,일반
5811,이채원,ngchng264@nate.com,010-7856-7989,광주,35.1595,126.8526,2022-05-04,일반
5812,조서연,jsng615@gmail.com,010-8954-4170,광주,35.1595,126.8526,2021-07-30,MVP
5813,안서준,ngsj963@naver.com,010-1707-8543,대구,35.8714,128.6014,2021-07-14,VIP
5814,김예준,gngj723@naver.com,010-8646-6929,대전,36.3504,127.3845,2022-04-21,일반
5815,최하늘,chhn809@nate.com,,인천,37.4563,126.7052,2021-04-17,일반
5816,안예린,ngngr740@nate.com,010-3848-9281,대구,35.8714,128.6014,2022-02-18,일반
5817,박태현,bth533@nate.com,010-7536-9260,서울,37.5665,126.978,2021-01-15,일반
5818,안예준,ngngj996@naver.com,,세종,36.48,127.289,2022-08-26,우수
5819,강지원,gjng275@daum.net,010-1380-7918,울산,35.5398,129.3114,2021-11-27,VIP
5820,송나윤,snng176@nate.com,,창원,35.2271,128.6811,2021-05-18,일반
5821,임도윤,ngdng781@nate.com,,창원,35.2271,128.6811,2022-03-30,VIP
5822,최서준,chsj670@gmail.com,010-1071-9946,수원,37.2636,127.0286,2021-08-06,일반
5823,한태현,hth842@daum.net,010-1729-5451,대전,36.3504,127.3845,2022-06-28,우수
5824,송현우,shng297@daum.net,010-8501-3219,울산,35.5398,129.3114,2021-11-22,우수
5825,신서준,ssj287@gmail.com,010-9263-1484,대구,35.8714,128.6014,2021-03-13,일반
5826,서가은,sgng532@nate.com,010-8807-5975,대전,36.3504,127.3845,2021-02-27,일반
5827,윤서현,ngsh124@nate.com,,전주,35.8219,127.148,2022-07-24,우수
5828,조수빈,jsb636@naver.com,010-4951-8189,청주,36.6424,127.489,2021-12-09,일반
5829,최주원,chjng528@nate.com,010-2315-6466,서울,37.5665,126.978,2021-10-22,일반
5830,오민서,ngms653@gmail.com,010-4281-2275,대구,35.8714,128.6014,2022-10-09,우수
5831,임영민,ngngm271@gmail.com,010-3253-5425,세종,36.48,127.289,2022-11-16,MVP
5832,황하린,hhr716@daum.net,010-2822-9139,전주,35.8219,127.148,2021-09-16,일반
5833,송하준,shj560@naver.com,010-8824-7692,전주,35.8219,127.148,2021-02-09,VIP
5834,서주원,sjng132@daum.net,010-7569-5146,서울,37.5665,126.978,2022-03-28,일반
5835,김나윤,gnng217@daum.net,010-7327-3275,세종,36.48,127.289,2022-04-05,우수
5836,최하린,chhr729@nate.com,010-8003-6618,수원,37.2636,127.0286,2022-11-10,우수
5837,정유진,jngj451@daum.net,010-7912-7584,인천,37.4563,126.7052,2021-09-27,VIP
5838,권하준,ghj724@naver.com,,창원,35.2271,128.6811,2022-09-14,일반
5839,권하준,ghj238@nate.com,010-8101-1384,세종,36.48,127.289,2022-09-23,우수
5840,최유진,chngj892@daum.net,010-8180-4823,부산,35.1796,129.0756,2021-08-22,우수
5841,송서연,ssng787@naver.com,,대구,35.8714,128.6014,2022-09-23,일반
5842,조영민,jngm649@nate.com,010-5143-7933,인천,37.4563,126.7052,2021-06-08,일반
5843,안채원,ngchng531@naver.com,010-2423-1989,창원,35.2271,128.6811,2022-02-27,일반
5844,윤지원,ngjng511@daum.net,010-1848-6114,세종,36.48,127.289,2021-10-03,일반
5845,조민서,jms767@gmail.com,010-3636-7724,전주,35.8219,127.148,2021-11-09,VIP
5846,정민서,jms337@daum.net,010-1856-2264,서울,37.5665,126.978,2022-10-26,일반
5847,정영민,jngm538@nate.com,010-1595-8109,대전,36.3504,127.3845,2022-02-04,일반
5848,박우진,bngj719@gmail.com,,창원,35.2271,128.6811,2021-03-27,우수
5849,최서연,chsng501@daum.net,010-6061-6567,청주,36.6424,127.489,2022-08-31,일반
5850,임도현,ngdh837@naver.com,,서울,37.5665,126.978,2021-02-25,우수
5851,안지현,ngjh375@nate.com,010-9043-5884,인천,37.4563,126.7052,2022-11-02,일반
5852,강현정,ghj941@gmail.com,,청주,36.6424,127.489,2021-11-19,MVP
5853,정유진,jngj781@nate.com,,청주,36.6424,127.489,2021-07-22,VIP
5854,조하준,jhj211@nate.com,010-7551-2736,울산,35.5398,129.3114,2022-01-18,VIP
5855,이채원,ngchng558@gmail.com,010-7619-2076,청주,36.6424,127.489,2022-06-29,일반
5856,최영민,chngm606@gmail.com,010-1015-3405,대구,35.8714,128.6014,2022-11-17,우수
5857,한서준,hsj122@nate.com,,대전,36.3504,127.3845,2021-06-30,일반
5858,권서연,gsng907@daum.net,010-6023-7781,대구,35.8714,128.6014,2021-11-14,일반
5859,오주원,ngjng541@daum.net,010-5660-9177,서울,37.5665,126.978,2021-11-24,일반
5860,황예린,hngr970@daum.net,010-1243-3571,부산,35.1796,129.0756,2021-03-25,우수
5861,안지원,ngjng817@daum.net,010-9167-6625,대구,35.8714,128.6014,2022-07-17,일반
5862,한하린,hhr754@nate.com,010-4068-1972,광주,35.1595,126.8526,2022-08-01,우수
5863,장채원,jchng171@daum.net,010-9673-3698,광주,35.1595,126.8526,2021-06-17,일반
5864,윤서준,ngsj925@gmail.com,010-1335-5032,울산,35.5398,129.3114,2021-10-08,일반
5865,정하린,jhr606@nate.com,010-5706-4723,전주,35.8219,127.148,2021-10-13,우수
5866,윤나윤,ngnng834@naver.com,010-8480-9606,창원,35.2271,128.6811,2022-12-21,일반
5867,서도현,sdh610@daum.net,010-8740-8445,전주,35.8219,127.148,2021-02-25,우수
5868,정지훈,jjh751@nate.com,010-8877-3463,전주,35.8219,127.148,2021-10-08,일반
5869,안지후,ngjh777@daum.net,010-7718-8383,부산,35.1796,129.0756,2022-07-31,VIP
5870,박민준,bmj132@nate.com,010-3846-9320,수원,37.2636,127.0286,2021-10-26,우수
5871,강시아,gsng683@naver.com,010-3148-2984,부산,35.1796,129.0756,2022-01-24,일반
5872,정하늘,jhn229@nate.com,010-8697-1824,광주,35.1595,126.8526,2022-06-03,일반
5873,강우진,gngj628@gmail.com,010-8693-2451,서울,37.5665,126.978,2021-12-17,우수
5874,한나윤,hnng968@daum.net,010-6746-7207,대구,35.8714,128.6014,2021-09-28,VIP
5875,한도윤,hdng766@naver.com,010-5345-5509,대구,35.8714,128.6014,2021-10-21,일반
5876,이가은,nggng990@nate.com,010-1329-7789,전주,35.8219,127.148,2021-01-28,일반
5877,조예준,jngj851@naver.com,010-5791-4910,창원,35.2271,128.6811,2021-12-03,VIP
5878,오도현,ngdh560@daum.net,,광주,35.1595,126.8526,2022-09-27,우수
5879,황지후,hjh807@gmail.com,,인천,37.4563,126.7052,2022-06-20,일반
5880,최현정,chhj173@naver.com,010-2550-9370,울산,35.5398,129.3114,2021-11-12,일반
5881,박유진,bngj362@daum.net,010-4562-8608,세종,36.48,127.289,2022-07-21,일반
5882,권서준,gsj599@gmail.com,010-7078-1327,광주,35.1595,126.8526,2021-01-29,우수
5883,신도현,sdh233@nate.com,,청주,36.6424,127.489,2021-08-11,일반
5884,신하준,shj361@naver.com,010-3505-1054,인천,37.4563,126.7052,2022-03-14,MVP
5885,황하린,hhr637@gmail.com,,대전,36.3504,127.3845,2022-05-18,일반
5886,안하린,nghr910@naver.com,010-9171-9104,세종,36.48,127.289,2022-09-11,일반
5887,오하준,nghj817@naver.com,010-4197-7370,창원,35.2271,128.6811,2022-08-27,우수
5888,전현정,jhj211@daum.net,010-9934-4678,광주,35.1595,126.8526,2021-10-11,VIP
5889,안도현,ngdh471@nate.com,,전주,35.8219,127.148,2022-08-06,VIP
5890,강지민,gjm927@naver.com,,전주,35.8219,127.148,2022-09-12,일반
5891,서현정,shj460@gmail.com,010-6138-3718,광주,35.1595,126.8526,2022-09-10,우수
5892,황도현,hdh390@nate.com,010-6916-6431,수원,37.2636,127.0286,2022-05-21,우수
5893,윤지후,ngjh309@gmail.com,010-4730-2167,청주,36.6424,127.489,2022-04-02,일반
5894,조서현,jsh405@nate.com,010-7930-2552,광주,35.1595,126.8526,2022-01-28,일반
5895,권지민,gjm469@gmail.com,010-1334-1710,인천,37.4563,126.7052,2021-04-26,일반
5896,강민서,gms641@nate.com,010-6845-9549,대전,36.3504,127.3845,2022-11-10,일반
5897,권서준,gsj886@gmail.com,010-6334-4724,광주,35.1595,126.8526,2021-05-04,VIP
5898,안태현,ngth767@gmail.com,,청주,36.6424,127.489,2022-03-08,일반
5899,김유진,gngj320@nate.com,010-8662-3748,울산,35.5398,129.3114,2022-09-05,MVP
5900,황우진,hngj791@nate.com,010-9447-8794,인천,37.4563,126.7052,2021-07-03,우수
5901,오지후,ngjh190@gmail.com,,전주,35.8219,127.148,2021-12-23,우수
5902,장나윤,jnng912@naver.com,,수원,37.2636,127.0286,2022-05-19,우수
5903,김수빈,gsb432@nate.com,010-6086-5911,창원,35.2271,128.6811,2021-07-17,일반
5904,장서현,jsh723@daum.net,010-7153-5426,부산,35.1796,129.0756,2022-08-31,일반
5905,오예린,ngngr688@nate.com,010-4317-5553,인천,37.4563,126.7052,2022-10-11,일반
5906,김시아,gsng833@naver.com,010-2219-6812,세종,36.48,127.289,2022-04-03,우수
5907,권지현,gjh334@nate.com,,수원,37.2636,127.0286,2021-12-06,일반
5908,권서준,gsj428@gmail.com,010-2942-1500,수원,37.2636,127.0286,2021-06-09,우수
5909,조예준,jngj768@nate.com,010-8812-6818,세종,36.48,127.289,2021-05-14,일반
5910,전도윤,jdng380@daum.net,010-2264-7687,전주,35.8219,127.148,2022-01-18,일반
5911,신채원,schng570@nate.com,010-1894-5428,서울,37.5665,126.978,2021-04-05,일반
5912,윤지훈,ngjh101@gmail.com,010-7095-6606,서울,37.5665,126.978,2021-07-09,VIP
5913,권지민,gjm811@daum.net,010-7468-6943,세종,36.48,127.289,2022-01-15,우수
5914,권태현,gth297@naver.com,010-5929-2369,창원,35.2271,128.6811,2022-10-21,일반
5915,이유진,ngngj102@nate.com,010-3488-4953,수원,37.2636,127.0286,2021-11-29,우수
5916,윤서준,ngsj726@daum.net,,울산,35.5398,129.3114,2022-12-21,일반
5917,임가은,nggng596@gmail.com,010-6479-4609,울산,35.5398,129.3114,2021-04-11,MVP
5918,권현우,ghng956@gmail.com,010-5855-3701,광주,35.1595,126.8526,2021-07-28,우수
5919,송하린,shr100@nate.com,,전주,35.8219,127.148,2022-06-25,일반
5920,서주원,sjng692@naver.com,010-7190-2825,서울,37.5665,126.978,2022-08-13,우수
5921,한지현,hjh157@nate.com,010-2994-7509,부산,35.1796,129.0756,2021-02-21,일반
5922,이현우,nghng543@nate.com,010-5410-2940,서울,37.5665,126.978,2021-12-06,MVP
5923,최수빈,chsb772@nate.com,010-4321-2702,세종,36.48,127.289,2022-09-16,일반
5924,전우진,jngj522@nate.com,010-7344-1797,서울,37.5665,126.978,2022-08-05,우수
5925,송수빈,ssb377@nate.com,,부산,35.1796,129.0756,2021-06-02,일반
5926,안현우,nghng118@nate.com,010-8685-8410,수원,37.2636,127.0286,2022-06-14,우수
5927,전지아,jjng620@naver.com,010-7607-9700,대전,36.3504,127.3845,2021-08-10,우수
5928,신지아,sjng803@nate.com,010-9228-4070,인천,37.4563,126.7052,2022-04-03,우수
5929,윤민준,ngmj993@gmail.com,010-6315-5216,창원,35.2271,128.6811,2023-01-01,우수
5930,황영민,hngm440@daum.net,010-4185-4540,서울,37.5665,126.978,2021-04-29,VIP
5931,신수빈,ssb978@naver.com,,전주,35.8219,127.148,2022-11-05,일반
5932,오지민,ngjm556@gmail.com,010-9760-3990,대전,36.3504,127.3845,2021-01-19,일반
5933,임나윤,ngnng952@nate.com,010-2950-4931,대전,36.3504,127.3845,2022-09-16,일반
5934,권예준,gngj530@daum.net,010-3747-4549,서울,37.5665,126.978,2022-08-05,MVP
5935,최지원,chjng683@nate.com,010-9825-2405,청주,36.6424,127.489,2021-08-30,일반
5936,윤도윤,ngdng769@gmail.com,010-2221-4953,광주,35.1595,126.8526,2021-04-19,우수
5937,신현정,shj694@gmail.com,010-1789-5978,서울,37.5665,126.978,2021-10-10,우수
5938,서채원,schng412@daum.net,,창원,35.2271,128.6811,2021-09-26,일반
5939,한예린,hngr924@gmail.com,010-4649-5177,광주,35.1595,126.8526,2021-04-11,일반
5940,정민서,jms673@gmail.com,010-3630-8110,전주,35.8219,127.148,2022-10-03,일반
5941,송하린,shr155@gmail.com,010-7978-1818,창원,35.2271,128.6811,2022-05-28,일반
5942,서영민,sngm635@gmail.com,010-8027-7990,대전,36.3504,127.3845,2021-11-12,일반
5943,신도윤,sdng205@nate.com,,세종,36.48,127.289,2022-12-03,일반
5944,장하준,jhj102@nate.com,010-1488-6608,세종,36.48,127.289,2021-02-21,VIP
5945,안채원,ngchng452@naver.com,,대전,36.3504,127.3845,2022-11-26,MVP
5946,황민서,hms828@daum.net,,전주,35.8219,127.148,2022-05-11,일반
5947,김서준,gsj336@gmail.com,010-9518-7776,대구,35.8714,128.6014,2021-03-27,일반
5948,박수빈,bsb455@nate.com,010-5976-8671,인천,37.4563,126.7052,2021-06-05,일반
5949,서지훈,sjh760@gmail.com,010-6672-9291,창원,35.2271,128.6811,2021-10-04,우수
5950,조하준,jhj471@gmail.com,,창원,35.2271,128.6811,2022-08-10,VIP
5951,김주원,gjng981@nate.com,010-3193-3374,대구,35.8714,128.6014,2021-08-06,일반
5952,권도현,gdh869@nate.com,,전주,35.8219,127.148,2022-04-30,일반
5953,오시아,ngsng413@naver.com,,울산,35.5398,129.3114,2022-06-03,우수
5954,한채원,hchng479@daum.net,010-9818-3979,대구,35.8714,128.6014,2022-12-12,우수
5955,박현우,bhng635@gmail.com,010-6552-8819,부산,35.1796,129.0756,2021-05-04,일반
5956,신하린,shr383@gmail.com,010-2681-4452,청주,36.6424,127.489,2022-01-15,우수
5957,송나윤,snng471@daum.net,010-4355-8709,대구,35.8714,128.6014,2021-06-10,일반
5958,한민준,hmj616@naver.com,010-8583-6236,창원,35.2271,128.6811,2022-05-22,일반
5959,강영민,gngm427@naver.com,,청주,36.6424,127.489,2021-08-14,우수
5960,윤지훈,ngjh815@naver.com,010-8906-8085,부산,35.1796,129.0756,2021-07-29,VIP
5961,오서연,ngsng269@gmail.com,010-7124-1311,세종,36.48,127.289,2021-07-22,일반
5962,김서연,gsng826@daum.net,010-9572-1725,전주,35.8219,127.148,2021-11-30,VIP
5963,임현정,nghj630@naver.com,,창원,35.2271,128.6811,2021-10-27,일반
5964,송하준,shj631@nate.com,010-9545-8220,인천,37.4563,126.7052,2022-01-10,우수
5965,강시아,gsng293@nate.com,010-3576-6917,서울,37.5665,126.978,2022-03-15,일반
5966,안수빈,ngsb841@naver.com,010-7016-6768,울산,35.5398,129.3114,2021-01-20,VIP
5967,송주원,sjng946@naver.com,010-2354-7697,울산,35.5398,129.3114,2021-05-28,VIP
5968,권지원,gjng969@gmail.com,010-3222-8360,부산,35.1796,129.0756,2021-03-28,일반
5969,김나윤,gnng320@daum.net,010-8271-8811,부산,35.1796,129.0756,2021-10-20,VIP
5970,오나윤,ngnng488@nate.com,,대구,35.8714,128.6014,2022-05-15,VIP
5971,권시아,gsng701@nate.com,,서울,37.5665,126.978,2022-06-22,우수
5972,오현우,nghng618@naver.com,010-2232-3880,수원,37.2636,127.0286,2022-08-21,일반
5973,정서현,jsh901@naver.com,010-6408-8420,청주,36.6424,127.489,2022-09-19,VIP
5974,한지현,hjh299@nate.com,010-6442-2864,울산,35.5398,129.3114,2021-10-04,VIP
5975,강서현,gsh435@nate.com,,인천,37.4563,126.7052,2021-06-23,일반
5976,송태현,sth772@naver.com,010-5404-3154,대전,36.3504,127.3845,2022-02-22,MVP
5977,전시아,jsng803@nate.com,010-8332-2231,부산,35.1796,129.0756,2021-08-03,일반
5978,송예린,sngr485@gmail.com,010-4316-5308,전주,35.8219,127.148,2022-03-19,일반
5979,오예준,ngngj137@nate.com,,청주,36.6424,127.489,2022-06-26,우수
5980,정하린,jhr244@gmail.com,010-9459-7188,울산,35.5398,129.3114,2021-05-30,우수
5981,김우진,gngj810@naver.com,010-9116-2733,세종,36.48,127.289,2022-06-04,우수
5982,이현우,nghng531@naver.com,010-6456-7802,청주,36.6424,127.489,2021-01-13,일반
5983,강유진,gngj741@gmail.com,010-5916-2201,청주,36.6424,127.489,2022-08-19,MVP
5984,정지후,jjh426@naver.com,010-1027-9985,수원,37.2636,127.0286,2022-06-26,일반
5985,안나윤,ngnng881@nate.com,,서울,37.5665,126.978,2022-06-22,일반
5986,김수빈,gsb201@daum.net,010-4347-7557,창원,35.2271,128.6811,2021-06-28,일반
5987,김현우,ghng898@nate.com,010-6467-9283,수원,37.2636,127.0286,2021-01-31,우수
5988,임지훈,ngjh900@daum.net,,대구,35.8714,128.6014,2022-05-15,VIP
5989,최영민,chngm303@naver.com,010-9122-7826,울산,35.5398,129.3114,2022-12-29,우수
5990,조지현,jjh672@naver.com,,부산,35.1796,129.0756,2022-08-25,VIP
5991,안서준,ngsj920@daum.net,010-4943-1764,대구,35.8714,128.6014,2022-06-09,일반
5992,전민서,jms683@nate.com,010-5283-3893,광주,35.1595,126.8526,2022-01-20,우수
5993,최지아,chjng224@gmail.com,010-8741-5575,부산,35.1796,129.0756,2022-06-23,일반
5994,권하준,ghj712@gmail.com,010-2716-3015,전주,35.8219,127.148,2022-12-11,일반
5995,강지민,gjm465@nate.com,,대전,36.3504,127.3845,2022-02-01,일반
5996,이주원,ngjng802@naver.com,,부산,35.1796,129.0756,2021-05-17,우수
5997,안도윤,ngdng558@gmail.com,010-3302-9092,대전,36.3504,127.3845,2021-07-01,우수
5998,오하늘,nghn657@gmail.com,010-3732-1396,부산,35.1796,129.0756,2022-06-30,우수
5999,서지후,sjh124@daum.net,010-8430-3743,부산,35.1796,129.0756,2022-01-26,일반
6000,신예준,sngj666@gmail.com,010-2587-1696,서울,37.5665,126.978,2022-08-12,일반
6001,김태현,gth945@gmail.com,010-3963-6306,세종,36.48,127.289,2022-09-09,우수
6002,박현우,bhng506@naver.com,010-1294-2231,인천,37.4563,126.7052,2021-07-19,일반
6003,조예린,jngr559@gmail.com,010-2490-6107,인천,37.4563,126.7052,2021-01-31,VIP
6004,김예준,gngj986@daum.net,010-4870-7602,울산,35.5398,129.3114,2022-09-23,우수
6005,이도현,ngdh576@nate.com,,인천,37.4563,126.7052,2022-05-18,일반
6006,임지원,ngjng149@gmail.com,010-6748-4746,울산,35.5398,129.3114,2021-07-29,MVP
6007,윤지후,ngjh471@gmail.com,010-7901-3163,부산,35.1796,129.0756,2022-02-16,우수
6008,오예준,ngngj136@daum.net,010-2958-8951,창원,35.2271,128.6811,2021-10-06,일반
6009,윤서준,ngsj999@daum.net,010-6536-2646,청주,36.6424,127.489,2021-03-18,우수
6010,조현우,jhng773@naver.com,010-4326-1902,서울,37.5665,126.978,2022-08-29,일반
6011,전영민,jngm946@naver.com,010-2529-4301,대전,36.3504,127.3845,2021-01-01,VIP
6012,오시아,ngsng746@nate.com,010-1817-4642,울산,35.5398,129.3114,2021-12-12,VIP
6013,신현우,shng776@daum.net,010-2657-6244,세종,36.48,127.289,2021-10-12,MVP
6014,안민준,ngmj819@gmail.com,010-7420-3320,서울,37.5665,126.978,2022-07-20,우수
6015,신민서,sms469@gmail.com,010-9511-4951,부산,35.1796,129.0756,2023-01-01,일반
6016,최지훈,chjh500@daum.net,010-5188-7064,서울,37.5665,126.978,2021-01-19,우수
6017,한하늘,hhn833@daum.net,010-1960-2600,울산,35.5398,129.3114,2021-10-22,일반
6018,안도윤,ngdng881@gmail.com,,인천,37.4563,126.7052,2021-08-07,우수
6019,최지민,chjm456@gmail.com,010-1114-7651,창원,35.2271,128.6811,2022-06-19,우수
6020,김영민,gngm708@gmail.com,,세종,36.48,127.289,2021-12-24,일반
6021,오도윤,ngdng860@naver.com,010-6805-1342,울산,35.5398,129.3114,2022-04-18,일반
6022,장지민,jjm196@nate.com,010-9441-5649,청주,36.6424,127.489,2021-06-13,VIP
6023,조채원,jchng718@nate.com,010-9176-3697,광주,35.1595,126.8526,2022-03-12,VIP
6024,김주원,gjng103@daum.net,,수원,37.2636,127.0286,2022-05-13,일반
6025,김영민,gngm332@nate.com,010-8993-7170,청주,36.6424,127.489,2021-12-14,일반
6026,임예준,ngngj358@daum.net,010-8684-2884,인천,37.4563,126.7052,2022-12-29,일반
6027,전도현,jdh548@daum.net,,광주,35.1595,126.8526,2021-08-12,VIP
6028,임지원,ngjng694@daum.net,010-1834-1814,광주,35.1595,126.8526,2021-01-16,일반
6029,정서현,jsh732@gmail.com,010-8708-4207,울산,35.5398,129.3114,2022-08-20,우수
6030,오서연,ngsng360@naver.com,,세종,36.48,127.289,2022-12-06,일반
6031,장지후,jjh522@gmail.com,,서울,37.5665,126.978,2022-09-17,우수
6032,안하준,nghj367@daum.net,010-5327-8055,서울,37.5665,126.978,2022-10-23,일반
6033,임수빈,ngsb142@naver.com,,대구,35.8714,128.6014,2022-03-05,우수
6034,임도윤,ngdng603@gmail.com,,울산,35.5398,129.3114,2021-01-14,일반
6035,한하준,hhj443@daum.net,010-4083-5171,대구,35.8714,128.6014,2022-11-08,우수
6036,박수빈,bsb531@naver.com,,인천,37.4563,126.7052,2022-07-14,일반
6037,전지원,jjng406@gmail.com,010-1517-2576,세종,36.48,127.289,2022-01-14,우수
6038,신현우,shng559@gmail.com,010-3698-2861,광주,35.1595,126.8526,2022-07-17,VIP
6039,권지후,gjh728@naver.com,010-2692-1430,대구,35.8714,128.6014,2022-09-18,일반
6040,송하준,shj920@nate.com,010-8111-2787,청주,36.6424,127.489,2022-11-08,VIP
6041,정현정,jhj162@nate.com,010-7697-8856,대전,36.3504,127.3845,2022-01-31,우수
6042,신지훈,sjh574@daum.net,010-1782-5284,울산,35.5398,129.3114,2021-06-23,일반
6043,한서준,hsj862@gmail.com,010-3543-6835,청주,36.6424,127.489,2021-11-10,일반
6044,권태현,gth115@naver.com,,수원,37.2636,127.0286,2022-03-19,일반
6045,정하늘,jhn452@daum.net,010-3508-6281,부산,35.1796,129.0756,2021-09-14,우수
6046,오주원,ngjng111@naver.com,010-9872-7707,인천,37.4563,126.7052,2022-11-20,우수
6047,오영민,ngngm677@gmail.com,010-9668-1578,수원,37.2636,127.0286,2021-05-06,일반
6048,한하준,hhj642@naver.com,010-6551-4190,창원,35.2271,128.6811,2021-02-13,우수
6049,김서연,gsng600@naver.com,010-1869-4719,서울,37.5665,126.978,2022-11-18,VIP
6050,송태현,sth639@daum.net,010-8778-8600,서울,37.5665,126.978,2021-04-18,VIP
6051,신시아,ssng245@gmail.com,,창원,35.2271,128.6811,2022-10-25,우수
6052,김유진,gngj113@nate.com,010-6799-8946,부산,35.1796,129.0756,2022-08-16,MVP
6053,임도현,ngdh877@daum.net,010-8151-2906,광주,35.1595,126.8526,2022-12-25,우수
6054,임현우,nghng622@nate.com,010-6000-5025,울산,35.5398,129.3114,2022-04-28,일반
6055,최나윤,chnng808@daum.net,010-7956-6152,전주,35.8219,127.148,2022-01-17,VIP
6056,권하린,ghr267@nate.com,010-8796-4578,인천,37.4563,126.7052,2022-02-23,일반
6057,강지훈,gjh333@nate.com,010-2291-1660,서울,37.5665,126.978,2021-07-15,일반
6058,오서연,ngsng515@daum.net,010-5350-2030,청주,36.6424,127.489,2021-04-22,일반
6059,윤우진,ngngj295@gmail.com,010-4779-3462,세종,36.48,127.289,2022-02-11,VIP
6060,전나윤,jnng619@nate.com,010-8068-1547,울산,35.5398,129.3114,2022-12-13,VIP
6061,한현정,hhj838@gmail.com,010-1121-3623,창원,35.2271,128.6811,2021-04-16,일반
6062,장하준,jhj986@naver.com,010-4522-8577,울산,35.5398,129.3114,2021-09-04,일반
6063,윤지아,ngjng146@gmail.com,010-5305-4158,대구,35.8714,128.6014,2021-03-19,일반
6064,임예준,ngngj292@daum.net,010-8167-3341,청주,36.6424,127.489,2022-05-09,우수
6065,서도윤,sdng166@gmail.com,010-3794-1412,전주,35.8219,127.148,2021-10-21,일반
6066,권지후,gjh361@nate.com,010-4751-6632,수원,37.2636,127.0286,2022-05-09,우수
6067,임도윤,ngdng387@daum.net,010-8406-4178,광주,35.1595,126.8526,2022-03-04,일반
6068,박서현,bsh200@nate.com,010-3885-7627,수원,37.2636,127.0286,2022-07-01,일반
6069,신현우,shng584@gmail.com,010-9563-5399,서울,37.5665,126.978,2022-07-13,일반
6070,윤지아,ngjng299@gmail.com,010-6995-8764,부산,35.1796,129.0756,2021-11-02,일반
6071,안채원,ngchng206@nate.com,,광주,35.1595,126.8526,2022-03-20,VIP
6072,안서준,ngsj794@daum.net,010-1618-3127,부산,35.1796,129.0756,2022-06-05,일반
6073,임우진,ngngj511@naver.com,010-8081-2074,수원,37.2636,127.0286,2022-06-24,일반
6074,권지후,gjh368@nate.com,010-8109-4303,서울,37.5665,126.978,2022-07-13,일반
6075,박지훈,bjh677@naver.com,010-4112-8396,전주,35.8219,127.148,2021-04-06,일반
6076,정나윤,jnng255@naver.com,010-1110-4755,수원,37.2636,127.0286,2021-01-08,일반
6077,김나윤,gnng757@naver.com,,대전,36.3504,127.3845,2022-08-05,일반
6078,박지민,bjm393@nate.com,010-8819-4237,울산,35.5398,129.3114,2021-09-19,우수
6079,송가은,sgng516@gmail.com,010-8783-3154,대구,35.8714,128.6014,2021-08-28,우수
6080,강서현,gsh599@gmail.com,010-4400-4037,수원,37.2636,127.0286,2021-03-18,일반
6081,한가은,hgng615@naver.com,,서울,37.5665,126.978,2021-06-29,일반
6082,신민서,sms164@nate.com,010-9251-6093,서울,37.5665,126.978,2022-10-30,MVP
6083,박도현,bdh843@nate.com,010-3531-9370,수원,37.2636,127.0286,2022-04-11,일반
6084,황우진,hngj712@gmail.com,010-5110-9695,세종,36.48,127.289,2021-06-13,일반
6085,안예준,ngngj103@daum.net,010-2443-7839,전주,35.8219,127.148,2021-02-01,일반
6086,황지아,hjng176@naver.com,010-8278-4627,수원,37.2636,127.0286,2022-06-07,일반
6087,송유진,sngj749@naver.com,010-4011-8340,서울,37.5665,126.978,2022-07-24,우수
6088,안도윤,ngdng380@nate.com,010-6188-5015,창원,35.2271,128.6811,2021-12-23,일반
6089,서시아,ssng628@naver.com,,대구,35.8714,128.6014,2021-06-28,우수
6090,강서현,gsh407@nate.com,,부산,35.1796,129.0756,2022-11-27,일반
6091,서현정,shj788@naver.com,010-7370-9164,대구,35.8714,128.6014,2021-02-23,일반
6092,송민준,smj166@daum.net,,울산,35.5398,129.3114,2022-05-19,우수
6093,박지훈,bjh820@gmail.com,010-1014-5183,인천,37.4563,126.7052,2022-07-29,일반
6094,임수빈,ngsb207@naver.com,010-7878-3099,서울,37.5665,126.978,2022-07-30,우수
6095,임지아,ngjng557@daum.net,010-4507-8351,수원,37.2636,127.0286,2021-12-04,일반
6096,송서현,ssh669@nate.com,010-4626-3128,전주,35.8219,127.148,2021-03-13,우수
6097,권수빈,gsb517@gmail.com,010-4084-6436,전주,35.8219,127.148,2022-03-02,일반
6098,박가은,bgng345@nate.com,010-1806-7990,수원,37.2636,127.0286,2022-08-06,VIP
6099,한나윤,hnng585@daum.net,010-9991-5112,부산,35.1796,129.0756,2022-12-16,일반
6100,윤태현,ngth525@nate.com,010-8792-7087,전주,35.8219,127.148,2021-09-07,VIP
6101,서나윤,snng187@daum.net,010-8420-8891,광주,35.1595,126.8526,2021-08-15,일반
6102,황태현,hth637@daum.net,010-5531-6557,창원,35.2271,128.6811,2021-05-22,우수
6103,안현우,nghng523@gmail.com,010-9405-4143,수원,37.2636,127.0286,2022-11-29,일반
6104,권우진,gngj419@naver.com,010-7182-1614,대구,35.8714,128.6014,2022-09-27,VIP
6105,임주원,ngjng375@daum.net,,광주,35.1595,126.8526,2021-01-05,일반
6106,신민서,sms755@gmail.com,010-9471-3835,인천,37.4563,126.7052,2021-05-04,일반
6107,오현정,nghj701@gmail.com,010-4836-8178,울산,35.5398,129.3114,2021-04-22,일반
6108,서지후,sjh882@naver.com,,창원,35.2271,128.6811,2021-10-26,일반
6109,안영민,ngngm843@gmail.com,010-2475-3568,대전,36.3504,127.3845,2021-08-08,일반
6110,서하린,shr941@gmail.com,010-2968-1248,수원,37.2636,127.0286,2022-01-20,VIP
6111,안서연,ngsng895@gmail.com,010-1050-9126,창원,35.2271,128.6811,2022-08-31,MVP
6112,안지후,ngjh739@naver.com,010-5980-1528,청주,36.6424,127.489,2021-03-23,일반
6113,강예린,gngr582@daum.net,,창원,35.2271,128.6811,2021-10-25,VIP
6114,이예준,ngngj513@daum.net,010-8778-5936,세종,36.48,127.289,2022-01-09,우수
6115,안지민,ngjm317@naver.com,010-9116-1052,수원,37.2636,127.0286,2021-03-14,일반
6116,오지민,ngjm160@daum.net,010-5650-2897,광주,35.1595,126.8526,2022-05-06,우수
6117,이시아,ngsng514@gmail.com,010-2907-7685,서울,37.5665,126.978,2022-03-18,우수
6118,박예린,bngr451@naver.com,010-1341-3695,부산,35.1796,129.0756,2022-03-28,MVP
6119,임우진,ngngj810@daum.net,010-2497-9360,울산,35.5398,129.3114,2022-09-08,일반
6120,박우진,bngj318@naver.com,010-8398-6376,전주,35.8219,127.148,2022-02-01,우수
6121,권유진,gngj967@daum.net,010-7299-4121,대전,36.3504,127.3845,2022-02-07,일반
6122,장나윤,jnng284@nate.com,,서울,37.5665,126.978,2022-01-17,일반
6123,안지아,ngjng261@daum.net,010-8130-7557,창원,35.2271,128.6811,2022-12-23,일반
6124,신채원,schng151@gmail.com,010-9479-1593,수원,37.2636,127.0286,2022-04-23,MVP
6125,임도윤,ngdng396@gmail.com,010-6010-9625,대구,35.8714,128.6014,2022-03-06,VIP
6126,권지훈,gjh441@gmail.com,,인천,37.4563,126.7052,2022-02-04,우수
6127,전태현,jth346@nate.com,010-3591-4412,창원,35.2271,128.6811,2021-02-27,우수
6128,김하린,ghr762@daum.net,010-2149-3675,대전,36.3504,127.3845,2021-08-09,일반
6129,박현정,bhj302@daum.net,010-8201-1500,전주,35.8219,127.148,2021-11-28,일반
6130,이민서,ngms289@daum.net,010-8948-3148,울산,35.5398,129.3114,2022-02-01,일반
6131,윤서준,ngsj490@naver.com,010-9632-4245,울산,35.5398,129.3114,2021-12-23,일반
6132,권가은,ggng175@daum.net,010-4868-7536,부산,35.1796,129.0756,2021-02-23,우수
6133,황수빈,hsb594@nate.com,010-4305-3107,세종,36.48,127.289,2022-09-13,우수
6134,정지훈,jjh991@nate.com,010-7908-8727,세종,36.48,127.289,2021-08-12,일반
6135,오유진,ngngj898@nate.com,010-1493-6009,창원,35.2271,128.6811,2021-05-02,일반
6136,오지훈,ngjh786@gmail.com,010-5551-5884,인천,37.4563,126.7052,2022-07-06,일반
6137,조지아,jjng854@naver.com,010-5568-2983,울산,35.5398,129.3114,2022-08-26,일반
6138,윤예린,ngngr497@nate.com,010-9534-7986,세종,36.48,127.289,2021-10-04,VIP
6139,안하린,nghr697@nate.com,010-8846-9490,창원,35.2271,128.6811,2021-01-09,우수
6140,서현우,shng678@gmail.com,010-4921-6301,대전,36.3504,127.3845,2021-05-06,VIP
6141,전서준,jsj863@daum.net,010-5768-5266,창원,35.2271,128.6811,2021-02-24,일반
6142,권지훈,gjh290@nate.com,,서울,37.5665,126.978,2022-04-09,일반
6143,임지훈,ngjh451@naver.com,010-1997-6473,세종,36.48,127.289,2022-07-29,일반
6144,장수빈,jsb947@naver.com,010-1898-8477,수원,37.2636,127.0286,2022-05-02,VIP
6145,오예준,ngngj993@naver.com,010-7255-1119,창원,35.2271,128.6811,2021-05-07,우수
6146,윤수빈,ngsb659@naver.com,010-7781-9572,수원,37.2636,127.0286,2021-02-01,일반
6147,최예린,chngr119@daum.net,010-1006-8695,수원,37.2636,127.0286,2022-05-22,우수
6148,한민준,hmj208@naver.com,010-4530-3840,창원,35.2271,128.6811,2022-11-01,일반
6149,오지민,ngjm562@nate.com,010-7462-5011,전주,35.8219,127.148,2021-11-08,우수
6150,박나윤,bnng590@nate.com,010-7657-7658,부산,35.1796,129.0756,2022-06-16,VIP
6151,권채원,gchng883@nate.com,010-4710-7427,부산,35.1796,129.0756,2022-02-18,우수
6152,조현정,jhj646@gmail.com,010-3333-7718,대구,35.8714,128.6014,2021-01-11,우수
6153,정우진,jngj801@nate.com,010-7592-7496,대전,36.3504,127.3845,2021-01-28,일반
6154,한현정,hhj944@daum.net,010-6124-4686,창원,35.2271,128.6811,2022-05-14,일반
6155,신우진,sngj375@naver.com,010-5706-2690,대전,36.3504,127.3845,2022-07-31,일반
6156,정도윤,jdng768@nate.com,,울산,35.5398,129.3114,2021-06-24,일반
6157,송서현,ssh132@gmail.com,010-5088-5172,전주,35.8219,127.148,2021-06-30,우수
6158,안하준,nghj645@gmail.com,010-1307-6822,서울,37.5665,126.978,2022-11-22,우수
6159,윤지현,ngjh494@daum.net,010-7543-9595,서울,37.5665,126.978,2021-10-23,일반
6160,서하린,shr528@gmail.com,010-4579-4082,서울,37.5665,126.978,2021-03-23,VIP
6161,박현정,bhj423@naver.com,010-3012-6132,대전,36.3504,127.3845,2021-01-15,일반
6162,권유진,gngj626@daum.net,010-9474-7836,전주,35.8219,127.148,2021-05-29,일반
6163,박서현,bsh930@naver.com,010-4233-4956,세종,36.48,127.289,2022-04-05,일반
6164,윤현우,nghng948@daum.net,010-3534-1326,울산,35.5398,129.3114,2022-09-23,일반
6165,박지아,bjng374@daum.net,010-7196-2375,광주,35.1595,126.8526,2022-04-04,일반
6166,서지현,sjh946@naver.com,,창원,35.2271,128.6811,2022-01-08,일반
6167,서우진,sngj166@gmail.com,010-2032-8976,대구,35.8714,128.6014,2021-03-21,일반
6168,윤예린,ngngr284@nate.com,010-8012-7053,광주,35.1595,126.8526,2021-05-24,MVP
6169,한우진,hngj539@gmail.com,010-4610-9874,인천,37.4563,126.7052,2022-11-06,일반
6170,장채원,jchng521@nate.com,010-5959-1848,청주,36.6424,127.489,2021-06-27,일반
6171,박지현,bjh716@naver.com,010-2876-5916,전주,35.8219,127.148,2022-06-07,일반
6172,조영민,jngm441@naver.com,010-3951-6617,광주,35.1595,126.8526,2022-10-18,우수
6173,서주원,sjng949@nate.com,,전주,35.8219,127.148,2022-10-25,일반
6174,안예준,ngngj955@naver.com,010-8448-6457,수원,37.2636,127.0286,2021-10-18,VIP
6175,박현우,bhng856@daum.net,010-2445-9240,서울,37.5665,126.978,2022-04-20,우수
6176,오민준,ngmj483@naver.com,,청주,36.6424,127.489,2021-09-24,우수
6177,한예린,hngr422@daum.net,010-3148-1974,울산,35.5398,129.3114,2022-12-31,우수
6178,신하린,shr123@nate.com,010-6714-8443,부산,35.1796,129.0756,2021-04-09,일반
6179,조서현,jsh550@naver.com,010-4801-2946,광주,35.1595,126.8526,2021-09-02,일반
6180,오지아,ngjng379@nate.com,010-5100-5447,대전,36.3504,127.3845,2021-08-22,일반
6181,정지아,jjng116@daum.net,,대전,36.3504,127.3845,2022-11-20,우수
6182,전하준,jhj898@naver.com,010-1783-8736,부산,35.1796,129.0756,2022-08-12,일반
6183,송민서,sms348@gmail.com,,광주,35.1595,126.8526,2022-12-02,일반
6184,김지현,gjh138@naver.com,010-4427-4050,대전,36.3504,127.3845,2022-10-12,MVP
6185,강태현,gth497@naver.com,010-7024-6672,서울,37.5665,126.978,2021-12-05,일반
6186,신영민,sngm251@daum.net,010-6654-8251,창원,35.2271,128.6811,2022-05-25,VIP
6187,송가은,sgng324@naver.com,010-5739-4400,창원,35.2271,128.6811,2021-09-06,우수
6188,박민준,bmj692@daum.net,010-6791-8289,부산,35.1796,129.0756,2022-07-07,일반
6189,송수빈,ssb643@naver.com,010-6572-8901,수원,37.2636,127.0286,2021-01-16,일반
6190,강채원,gchng989@naver.com,010-1198-2166,창원,35.2271,128.6811,2022-04-02,일반
6191,송하린,shr675@nate.com,010-9562-5790,광주,35.1595,126.8526,2022-10-09,우수
6192,신나윤,snng912@gmail.com,010-7873-3578,세종,36.48,127.289,2021-10-27,우수
6193,오예린,ngngr864@nate.com,,청주,36.6424,127.489,2022-04-24,우수
6194,조도현,jdh260@nate.com,010-9316-8327,부산,35.1796,129.0756,2022-07-02,VIP
6195,한하늘,hhn562@daum.net,010-1522-3165,서울,37.5665,126.978,2022-08-17,우수
6196,이민서,ngms449@naver.com,010-1769-8581,서울,37.5665,126.978,2021-09-16,일반
6197,임지후,ngjh694@gmail.com,010-9732-5118,청주,36.6424,127.489,2022-02-13,일반
6198,황민서,hms294@naver.com,010-5184-5405,서울,37.5665,126.978,2021-06-02,VIP
6199,김예린,gngr589@naver.com,010-2322-9870,청주,36.6424,127.489,2021-04-14,일반
6200,김도윤,gdng169@naver.com,010-9000-3945,서울,37.5665,126.978,2021-07-20,일반
6201,박채원,bchng504@daum.net,,인천,37.4563,126.7052,2022-03-20,우수
6202,신서연,ssng778@nate.com,,대전,36.3504,127.3845,2022-05-11,일반
6203,김민서,gms811@naver.com,010-7886-7007,광주,35.1595,126.8526,2021-07-07,VIP
6204,정가은,jgng824@gmail.com,,수원,37.2636,127.0286,2021-09-11,우수
6205,조민준,jmj767@gmail.com,,부산,35.1796,129.0756,2022-01-31,일반
6206,안현우,nghng282@gmail.com,010-1765-1973,광주,35.1595,126.8526,2021-06-12,VIP
6207,황우진,hngj171@nate.com,010-4453-1617,울산,35.5398,129.3114,2022-12-30,일반
6208,송지민,sjm124@daum.net,010-4852-2579,인천,37.4563,126.7052,2022-07-24,일반
6209,신민서,sms243@naver.com,010-5130-5600,인천,37.4563,126.7052,2021-11-04,일반
6210,황도윤,hdng139@nate.com,,서울,37.5665,126.978,2022-02-07,일반
6211,권서현,gsh342@nate.com,010-3695-2186,세종,36.48,127.289,2022-06-26,일반
6212,장도윤,jdng656@gmail.com,010-1416-9253,서울,37.5665,126.978,2021-03-03,일반
6213,장민서,jms735@gmail.com,010-8472-1998,전주,35.8219,127.148,2021-04-18,일반
6214,한나윤,hnng500@daum.net,010-8021-6423,세종,36.48,127.289,2022-10-16,일반
6215,송서현,ssh479@nate.com,010-4690-4685,광주,35.1595,126.8526,2022-04-06,우수
6216,신서현,ssh572@daum.net,010-5579-9015,청주,36.6424,127.489,2022-08-27,VIP
6217,박영민,bngm121@naver.com,010-9846-7589,전주,35.8219,127.148,2022-05-10,일반
6218,오하준,nghj322@gmail.com,010-4506-4171,수원,37.2636,127.0286,2021-01-05,일반
6219,장태현,jth317@gmail.com,010-3852-1426,대전,36.3504,127.3845,2022-09-19,일반
6220,권지현,gjh133@gmail.com,010-8677-6726,서울,37.5665,126.978,2021-06-07,일반
6221,오지훈,ngjh557@daum.net,010-8113-5761,대구,35.8714,128.6014,2022-12-27,우수
6222,박서연,bsng315@naver.com,,광주,35.1595,126.8526,2021-03-24,우수
6223,정영민,jngm749@naver.com,010-6717-9305,서울,37.5665,126.978,2021-07-17,일반
6224,강예준,gngj586@naver.com,010-1478-9914,울산,35.5398,129.3114,2021-08-19,일반
6225,이현정,nghj866@daum.net,010-1213-9769,수원,37.2636,127.0286,2022-10-15,일반
6226,안가은,nggng539@gmail.com,010-9226-1339,부산,35.1796,129.0756,2021-06-20,우수
6227,임우진,ngngj818@naver.com,010-8609-8925,서울,37.5665,126.978,2022-02-12,일반
6228,정예준,jngj202@naver.com,010-9462-2731,세종,36.48,127.289,2021-04-20,MVP
6229,김시아,gsng643@gmail.com,010-8027-4817,청주,36.6424,127.489,2022-04-10,우수
6230,한주원,hjng187@daum.net,010-8399-2876,인천,37.4563,126.7052,2022-03-05,일반
6231,박민준,bmj562@gmail.com,010-8096-5490,울산,35.5398,129.3114,2022-07-01,우수
6232,서채원,schng951@daum.net,010-4853-6733,부산,35.1796,129.0756,2021-10-25,VIP
6233,임서연,ngsng662@daum.net,010-4043-6616,대구,35.8714,128.6014,2022-10-14,우수
6234,강유진,gngj570@nate.com,010-9049-8903,울산,35.5398,129.3114,2022-07-06,일반
6235,윤예린,ngngr949@daum.net,010-7320-1557,부산,35.1796,129.0756,2022-02-02,일반
6236,윤채원,ngchng264@naver.com,010-1493-2635,청주,36.6424,127.489,2022-05-07,VIP
6237,장예린,jngr841@gmail.com,010-2012-8207,창원,35.2271,128.6811,2021-12-28,우수
6238,박지원,bjng759@gmail.com,010-4645-3307,창원,35.2271,128.6811,2022-09-17,우수
6239,윤서준,ngsj766@daum.net,,세종,36.48,127.289,2022-05-19,VIP
6240,전서연,jsng177@gmail.com,010-6645-4767,광주,35.1595,126.8526,2022-10-16,VIP
6241,윤현정,nghj896@daum.net,,부산,35.1796,129.0756,2022-02-07,VIP
6242,전예린,jngr892@gmail.com,010-9337-2426,울산,35.5398,129.3114,2021-07-09,일반
6243,오채원,ngchng812@nate.com,010-4162-1437,울산,35.5398,129.3114,2021-02-24,우수
6244,전지아,jjng159@daum.net,010-5309-4277,부산,35.1796,129.0756,2022-10-17,우수
6245,장영민,jngm681@naver.com,010-9641-2003,울산,35.5398,129.3114,2021-09-13,우수
6246,안민서,ngms553@naver.com,,대전,36.3504,127.3845,2022-05-14,우수
6247,장도윤,jdng820@nate.com,,세종,36.48,127.289,2022-02-01,일반
6248,송민서,sms863@daum.net,010-5686-9188,대구,35.8714,128.6014,2021-01-22,우수
6249,임주원,ngjng717@naver.com,010-5945-9560,인천,37.4563,126.7052,2022-02-05,우수
6250,황민준,hmj718@naver.com,,창원,35.2271,128.6811,2021-12-10,일반
6251,강지아,gjng826@gmail.com,010-9621-3529,수원,37.2636,127.0286,2021-11-16,일반
6252,신주원,sjng548@nate.com,,대구,35.8714,128.6014,2021-08-17,일반
6253,강유진,gngj633@gmail.com,010-8617-7444,인천,37.4563,126.7052,2022-11-18,일반
6254,신현우,shng372@gmail.com,010-5133-5280,대전,36.3504,127.3845,2021-04-17,일반
6255,권서연,gsng449@naver.com,010-7571-9454,인천,37.4563,126.7052,2021-11-07,일반
6256,오나윤,ngnng217@nate.com,,창원,35.2271,128.6811,2021-07-02,우수
6257,한예준,hngj572@gmail.com,010-3352-5867,대구,35.8714,128.6014,2022-01-16,우수
6258,오지훈,ngjh757@nate.com,010-6359-1116,서울,37.5665,126.978,2022-12-30,우수
6259,김지원,gjng924@nate.com,010-9626-1713,대전,36.3504,127.3845,2022-12-01,VIP
6260,황서연,hsng529@daum.net,010-2884-4700,수원,37.2636,127.0286,2022-04-16,일반
6261,송예린,sngr355@gmail.com,010-9116-9778,인천,37.4563,126.7052,2022-04-13,일반
6262,윤지후,ngjh458@daum.net,010-3089-5196,수원,37.2636,127.0286,2021-06-30,VIP
6263,한주원,hjng393@gmail.com,010-6973-5068,울산,35.5398,129.3114,2021-01-16,일반
6264,임도윤,ngdng598@nate.com,010-2747-5293,전주,35.8219,127.148,2021-12-28,MVP
6265,최도윤,chdng760@gmail.com,,서울,37.5665,126.978,2022-11-01,VIP
6266,권지현,gjh327@gmail.com,010-9297-4855,청주,36.6424,127.489,2021-06-23,우수
6267,오하늘,nghn356@daum.net,,수원,37.2636,127.0286,2022-12-29,MVP
6268,최주원,chjng569@nate.com,010-9025-2722,부산,35.1796,129.0756,2021-05-19,일반
6269,오지민,ngjm762@daum.net,,대구,35.8714,128.6014,2022-09-09,일반
6270,전도윤,jdng797@nate.com,010-5135-1229,대전,36.3504,127.3845,2021-10-05,우수
6271,안민준,ngmj772@naver.com,010-3621-3729,서울,37.5665,126.978,2022-07-05,일반
6272,전서현,jsh145@nate.com,010-7374-6337,대전,36.3504,127.3845,2021-04-10,VIP
6273,송채원,schng402@gmail.com,010-8611-7894,인천,37.4563,126.7052,2022-12-13,일반
6274,장유진,jngj229@nate.com,010-3121-9596,청주,36.6424,127.489,2021-11-23,우수
6275,김도현,gdh272@naver.com,010-3923-7783,수원,37.2636,127.0286,2022-01-30,우수
6276,이민준,ngmj667@gmail.com,010-2968-9612,광주,35.1595,126.8526,2022-08-17,우수
6277,송하늘,shn113@gmail.com,,전주,35.8219,127.148,2021-09-11,일반
6278,오도현,ngdh299@nate.com,010-7509-9583,수원,37.2636,127.0286,2021-06-07,일반
6279,황서현,hsh264@naver.com,,서울,37.5665,126.978,2021-07-15,VIP
6280,박서준,bsj979@gmail.com,010-3724-4359,울산,35.5398,129.3114,2022-08-08,일반
6281,전수빈,jsb487@nate.com,010-2132-6708,인천,37.4563,126.7052,2021-04-26,VIP
6282,박시아,bsng674@gmail.com,010-3078-8443,세종,36.48,127.289,2021-01-03,우수
6283,정하린,jhr779@naver.com,010-3534-7699,전주,35.8219,127.148,2022-09-01,우수
6284,조유진,jngj650@naver.com,,대전,36.3504,127.3845,2022-08-21,우수
6285,신지후,sjh672@nate.com,010-6305-6753,청주,36.6424,127.489,2022-11-02,일반
6286,박서준,bsj724@naver.com,010-6889-6951,전주,35.8219,127.148,2021-08-24,우수
6287,안하늘,nghn456@nate.com,010-5301-7553,인천,37.4563,126.7052,2022-06-12,VIP
6288,조서현,jsh628@gmail.com,010-1438-6736,울산,35.5398,129.3114,2021-03-25,일반
6289,오도현,ngdh668@nate.com,,광주,35.1595,126.8526,2021-08-01,MVP
6290,정시아,jsng519@gmail.com,010-1935-5876,대전,36.3504,127.3845,2022-08-23,일반
6291,박서연,bsng579@daum.net,,청주,36.6424,127.489,2022-11-06,일반
6292,이하준,nghj575@gmail.com,010-9870-2325,대전,36.3504,127.3845,2021-12-03,일반
6293,박지아,bjng730@gmail.com,,세종,36.48,127.289,2022-10-04,MVP
6294,장유진,jngj901@daum.net,010-5218-1703,수원,37.2636,127.0286,2022-05-11,일반
6295,이시아,ngsng989@naver.com,010-9466-7518,울산,35.5398,129.3114,2021-07-08,VIP
6296,한채원,hchng653@gmail.com,,세종,36.48,127.289,2022-11-04,VIP
6297,김영민,gngm157@gmail.com,010-2316-9154,광주,35.1595,126.8526,2022-04-13,일반
6298,임지현,ngjh315@daum.net,010-3111-6409,세종,36.48,127.289,2021-11-26,일반
6299,한영민,hngm814@daum.net,010-9965-5399,청주,36.6424,127.489,2022-03-08,우수
6300,서영민,sngm714@gmail.com,010-2822-3092,서울,37.5665,126.978,2021-04-17,일반
6301,조지민,jjm977@naver.com,,대전,36.3504,127.3845,2022-12-22,우수
6302,임현정,nghj595@gmail.com,010-6651-2902,서울,37.5665,126.978,2021-05-19,일반
6303,전가은,jgng140@nate.com,010-6050-5412,청주,36.6424,127.489,2022-04-05,일반
6304,서서준,ssj736@daum.net,010-3610-5706,세종,36.48,127.289,2022-12-07,우수
6305,송민서,sms596@daum.net,010-1890-9706,세종,36.48,127.289,2022-01-31,일반
6306,조유진,jngj550@naver.com,010-2548-1930,청주,36.6424,127.489,2022-07-04,일반
6307,이가은,nggng807@nate.com,010-6036-2318,대구,35.8714,128.6014,2021-10-01,일반
6308,안민준,ngmj939@daum.net,010-3570-4190,인천,37.4563,126.7052,2021-02-16,일반
6309,김유진,gngj899@nate.com,010-8089-4067,광주,35.1595,126.8526,2022-04-13,우수
6310,안지현,ngjh591@nate.com,010-6852-6685,광주,35.1595,126.8526,2022-04-06,VIP
6311,정유진,jngj621@nate.com,010-9857-6899,수원,37.2636,127.0286,2021-11-28,일반
6312,김채원,gchng536@nate.com,010-3749-7567,대전,36.3504,127.3845,2022-05-28,우수
6313,임지현,ngjh622@nate.com,,부산,35.1796,129.0756,2021-08-18,우수
6314,이하준,nghj451@daum.net,010-6579-5084,대전,36.3504,127.3845,2022-02-19,일반
6315,윤우진,ngngj555@daum.net,010-9334-5688,인천,37.4563,126.7052,2022-08-23,일반
6316,임수빈,ngsb106@daum.net,010-7092-1577,부산,35.1796,129.0756,2022-12-07,VIP
6317,오예린,ngngr863@nate.com,010-8002-6486,대구,35.8714,128.6014,2021-07-20,우수
6318,최지현,chjh167@gmail.com,010-4241-9762,창원,35.2271,128.6811,2022-02-08,우수
6319,권지현,gjh995@daum.net,010-5577-3679,청주,36.6424,127.489,2022-09-24,우수
6320,강시아,gsng637@gmail.com,010-3486-5731,청주,36.6424,127.489,2021-07-15,일반
6321,박하린,bhr783@nate.com,,세종,36.48,127.289,2021-03-31,우수
6322,김지현,gjh210@nate.com,010-5825-4173,세종,36.48,127.289,2022-12-15,우수
6323,신서준,ssj949@daum.net,010-9515-6436,수원,37.2636,127.0286,2022-10-01,우수
6324,정수빈,jsb201@daum.net,010-5445-8705,대구,35.8714,128.6014,2022-12-02,일반
6325,장하린,jhr310@daum.net,010-9466-9736,세종,36.48,127.289,2022-02-04,일반
6326,전지후,jjh832@nate.com,010-2485-9625,부산,35.1796,129.0756,2022-02-05,일반
6327,황현정,hhj570@nate.com,010-1913-9841,대전,36.3504,127.3845,2021-11-20,MVP
6328,임지후,ngjh183@nate.com,,청주,36.6424,127.489,2021-11-22,일반
6329,박태현,bth810@nate.com,010-1453-6263,창원,35.2271,128.6811,2021-02-07,일반
6330,조예린,jngr166@naver.com,010-9029-5901,울산,35.5398,129.3114,2021-01-21,일반
6331,이주원,ngjng743@daum.net,010-8238-7937,광주,35.1595,126.8526,2022-09-29,일반
6332,전유진,jngj483@gmail.com,010-2482-4721,청주,36.6424,127.489,2021-06-24,우수
6333,이민서,ngms630@naver.com,,세종,36.48,127.289,2021-08-03,우수
6334,안가은,nggng806@naver.com,010-2787-3802,광주,35.1595,126.8526,2022-08-19,우수
6335,윤나윤,ngnng861@daum.net,010-4306-3890,광주,35.1595,126.8526,2022-08-20,일반
6336,한가은,hgng628@gmail.com,010-6230-9191,전주,35.8219,127.148,2021-07-05,우수
6337,박도현,bdh204@nate.com,010-4402-6454,인천,37.4563,126.7052,2022-12-18,일반
6338,최도현,chdh902@daum.net,010-7744-4295,창원,35.2271,128.6811,2021-05-09,일반
6339,정민서,jms817@gmail.com,,인천,37.4563,126.7052,2021-07-30,일반
6340,장서현,jsh134@naver.com,,수원,37.2636,127.0286,2021-03-18,일반
6341,신민준,smj899@nate.com,010-5485-4405,울산,35.5398,129.3114,2021-08-26,일반
6342,조지훈,jjh796@nate.com,010-7149-4408,서울,37.5665,126.978,2021-07-05,우수
6343,윤채원,ngchng475@nate.com,010-3936-9966,대전,36.3504,127.3845,2021-03-17,우수
6344,황서준,hsj931@naver.com,,광주,35.1595,126.8526,2021-06-04,VIP
6345,박지훈,bjh794@naver.com,010-4243-7247,광주,35.1595,126.8526,2021-04-08,일반
6346,안지원,ngjng144@daum.net,010-6958-3776,전주,35.8219,127.148,2022-11-06,일반
6347,신서준,ssj748@naver.com,010-8710-3519,전주,35.8219,127.148,2021-09-09,일반
6348,강지훈,gjh136@daum.net,010-4885-1744,전주,35.8219,127.148,2022-01-04,MVP
6349,신태현,sth178@gmail.com,,대구,35.8714,128.6014,2022-09-20,우수
6350,장지원,jjng771@naver.com,010-3705-4216,세종,36.48,127.289,2022-01-08,우수
6351,장서준,jsj618@nate.com,010-4694-4587,서울,37.5665,126.978,2022-01-19,일반
6352,오지원,ngjng466@nate.com,010-2037-9614,대구,35.8714,128.6014,2022-06-06,우수
6353,정지아,jjng366@naver.com,010-5867-9681,창원,35.2271,128.6811,2022-08-01,일반
6354,신시아,ssng673@gmail.com,010-9000-4416,서울,37.5665,126.978,2021-12-20,우수
6355,조도현,jdh637@gmail.com,010-3060-7652,세종,36.48,127.289,2022-10-01,VIP
6356,신민준,smj691@daum.net,010-7066-1429,서울,37.5665,126.978,2021-11-08,MVP
6357,최수빈,chsb926@daum.net,010-7417-6685,서울,37.5665,126.978,2021-12-08,우수
6358,오하늘,nghn709@gmail.com,010-7502-9140,청주,36.6424,127.489,2022-02-12,일반
6359,정하준,jhj306@naver.com,,대전,36.3504,127.3845,2021-07-06,VIP
6360,윤민준,ngmj162@nate.com,,대구,35.8714,128.6014,2022-12-08,우수
6361,최지현,chjh138@nate.com,010-2650-5034,창원,35.2271,128.6811,2022-04-26,일반
6362,신나윤,snng347@daum.net,010-2489-5935,창원,35.2271,128.6811,2021-03-22,일반
6363,정영민,jngm150@naver.com,,수원,37.2636,127.0286,2022-02-12,일반
6364,정지후,jjh261@nate.com,010-3156-5711,청주,36.6424,127.489,2021-05-04,일반
6365,오우진,ngngj239@naver.com,,대전,36.3504,127.3845,2022-09-01,일반
6366,임현우,nghng122@naver.com,,대구,35.8714,128.6014,2022-12-09,우수
6367,이민준,ngmj127@gmail.com,010-3806-9922,대구,35.8714,128.6014,2021-05-13,일반
6368,강지훈,gjh778@naver.com,010-9000-2570,광주,35.1595,126.8526,2021-03-04,일반
6369,윤유진,ngngj335@naver.com,010-2909-8941,창원,35.2271,128.6811,2021-11-27,우수
6370,서하준,shj702@daum.net,010-7683-8998,전주,35.8219,127.148,2022-12-15,VIP
6371,신우진,sngj157@nate.com,010-4531-7159,세종,36.48,127.289,2022-08-17,우수
6372,박태현,bth381@gmail.com,,수원,37.2636,127.0286,2021-07-13,일반
6373,권서준,gsj711@gmail.com,010-4890-7172,울산,35.5398,129.3114,2021-09-09,VIP
6374,이주원,ngjng596@naver.com,010-3684-7904,부산,35.1796,129.0756,2021-12-09,VIP
6375,박민서,bms863@naver.com,010-5775-6263,울산,35.5398,129.3114,2021-07-11,일반
6376,송시아,ssng581@nate.com,010-3986-5927,세종,36.48,127.289,2021-07-20,일반
6377,조하늘,jhn259@gmail.com,,대전,36.3504,127.3845,2022-03-19,우수
6378,강하준,ghj290@naver.com,,수원,37.2636,127.0286,2021-08-17,VIP
6379,박지후,bjh612@daum.net,010-1457-7304,인천,37.4563,126.7052,2021-06-17,MVP
6380,정민서,jms797@gmail.com,010-1694-2571,창원,35.2271,128.6811,2022-12-24,VIP
6381,장우진,jngj176@naver.com,010-4039-3536,대전,36.3504,127.3845,2021-12-13,우수
6382,장현정,jhj478@nate.com,,세종,36.48,127.289,2022-11-23,우수
6383,전현우,jhng689@naver.com,010-5580-7799,전주,35.8219,127.148,2022-10-22,일반
6384,강가은,ggng728@naver.com,010-5560-2850,대구,35.8714,128.6014,2022-10-21,일반
6385,한도현,hdh301@daum.net,010-9557-8320,수원,37.2636,127.0286,2021-08-28,일반
6386,안서현,ngsh696@daum.net,010-1354-6576,창원,35.2271,128.6811,2021-03-23,우수
6387,윤나윤,ngnng133@daum.net,010-6661-1969,광주,35.1595,126.8526,2022-07-29,우수
6388,안가은,nggng289@daum.net,010-4130-1229,세종,36.48,127.289,2021-05-13,우수
6389,김민서,gms104@nate.com,010-5972-9240,부산,35.1796,129.0756,2022-07-25,일반
6390,임지민,ngjm797@nate.com,010-6735-3755,대전,36.3504,127.3845,2022-04-23,우수
6391,최지훈,chjh660@naver.com,010-7239-6948,전주,35.8219,127.148,2022-01-11,일반
6392,이지아,ngjng753@nate.com,010-3283-8505,창원,35.2271,128.6811,2021-05-20,일반
6393,김채원,gchng276@daum.net,010-5328-2692,인천,37.4563,126.7052,2022-11-25,우수
6394,최채원,chchng783@gmail.com,010-3915-5968,광주,35.1595,126.8526,2021-12-30,우수
6395,박주원,bjng532@nate.com,010-9313-1428,세종,36.48,127.289,2022-03-07,MVP
6396,전영민,jngm371@gmail.com,010-5951-8927,전주,35.8219,127.148,2021-11-17,일반
6397,이현우,nghng305@nate.com,010-6323-4253,대전,36.3504,127.3845,2021-06-24,일반
6398,정민준,jmj540@daum.net,,대전,36.3504,127.3845,2021-08-19,일반
6399,서서현,ssh168@daum.net,010-4403-8839,대구,35.8714,128.6014,2021-11-02,일반
6400,박지원,bjng252@daum.net,,대구,35.8714,128.6014,2021-05-03,VIP
6401,박유진,bngj792@nate.com,010-1494-6982,수원,37.2636,127.0286,2021-09-11,우수
6402,윤채원,ngchng179@naver.com,,인천,37.4563,126.7052,2022-01-08,VIP
6403,신지훈,sjh700@nate.com,010-2011-8124,대전,36.3504,127.3845,2022-03-25,일반
6404,권서현,gsh741@nate.com,,대전,36.3504,127.3845,2021-10-16,VIP
6405,서서현,ssh989@naver.com,010-1490-8539,서울,37.5665,126.978,2022-04-23,일반
6406,안예준,ngngj852@gmail.com,010-2788-3215,전주,35.8219,127.148,2021-03-12,VIP
6407,임영민,ngngm396@gmail.com,010-5871-3110,광주,35.1595,126.8526,2022-02-06,일반
6408,최도윤,chdng856@nate.com,010-1418-5578,대전,36.3504,127.3845,2022-08-24,일반
6409,장시아,jsng171@gmail.com,010-4151-2169,청주,36.6424,127.489,2021-03-05,우수
6410,임도현,ngdh683@naver.com,010-4407-1266,서울,37.5665,126.978,2021-10-18,VIP
6411,서우진,sngj157@daum.net,,부산,35.1796,129.0756,2021-05-14,일반
6412,권서준,gsj787@daum.net,,청주,36.6424,127.489,2021-07-31,일반
6413,한지원,hjng904@gmail.com,010-9555-9414,대구,35.8714,128.6014,2021-04-01,VIP
6414,권지아,gjng424@gmail.com,,울산,35.5398,129.3114,2022-03-02,일반
6415,서수빈,ssb929@daum.net,010-5339-9558,청주,36.6424,127.489,2021-04-29,일반
6416,윤지원,ngjng173@daum.net,010-2973-5355,울산,35.5398,129.3114,2021-01-22,일반
6417,정도현,jdh568@nate.com,,서울,37.5665,126.978,2022-12-03,일반
6418,오나윤,ngnng335@nate.com,010-3001-2924,부산,35.1796,129.0756,2021-04-18,VIP
6419,박도현,bdh826@nate.com,010-5195-4404,인천,37.4563,126.7052,2022-04-28,우수
6420,한하린,hhr297@daum.net,010-7911-6334,부산,35.1796,129.0756,2021-02-06,우수
6421,김서현,gsh360@nate.com,010-2990-1590,인천,37.4563,126.7052,2021-11-22,MVP
6422,황지후,hjh611@gmail.com,,인천,37.4563,126.7052,2021-05-30,일반
6423,정유진,jngj851@gmail.com,010-6257-3896,수원,37.2636,127.0286,2022-10-26,일반
6424,임도현,ngdh120@nate.com,010-8020-3102,전주,35.8219,127.148,2021-02-05,일반
6425,오나윤,ngnng335@naver.com,,울산,35.5398,129.3114,2021-02-09,일반
6426,김도현,gdh696@naver.com,010-5405-1965,부산,35.1796,129.0756,2022-08-28,일반
6427,김현정,ghj709@gmail.com,010-2812-3223,인천,37.4563,126.7052,2022-10-02,VIP
6428,강하늘,ghn633@nate.com,010-5208-3457,대전,36.3504,127.3845,2021-03-20,우수
6429,한지훈,hjh751@naver.com,010-1720-3435,대전,36.3504,127.3845,2022-12-26,일반
6430,신서연,ssng366@naver.com,010-8102-7450,세종,36.48,127.289,2021-09-06,우수
6431,서태현,sth385@gmail.com,010-3802-3222,부산,35.1796,129.0756,2021-02-08,우수
6432,권주원,gjng938@daum.net,010-9072-8712,대구,35.8714,128.6014,2021-01-20,VIP
6433,황하린,hhr629@naver.com,010-9316-2091,청주,36.6424,127.489,2022-01-30,VIP
6434,김민서,gms103@naver.com,010-4655-6873,대전,36.3504,127.3845,2021-02-25,우수
6435,박가은,bgng811@naver.com,010-8444-3923,대구,35.8714,128.6014,2021-04-10,우수
6436,이지아,ngjng284@naver.com,,울산,35.5398,129.3114,2022-01-30,우수
6437,신서현,ssh267@gmail.com,010-3474-6331,부산,35.1796,129.0756,2022-04-02,우수
6438,최예린,chngr243@nate.com,,청주,36.6424,127.489,2022-02-15,일반
6439,송도현,sdh984@nate.com,010-2432-1326,창원,35.2271,128.6811,2022-03-10,일반
6440,송지훈,sjh101@naver.com,010-3957-8823,창원,35.2271,128.6811,2021-01-28,우수
6441,신태현,sth595@naver.com,010-7839-4744,울산,35.5398,129.3114,2021-01-22,일반
6442,조지후,jjh935@daum.net,010-7625-9081,서울,37.5665,126.978,2022-02-05,일반
6443,서민준,smj911@daum.net,010-1434-1604,광주,35.1595,126.8526,2021-01-21,우수
6444,오영민,ngngm149@gmail.com,,수원,37.2636,127.0286,2021-08-12,일반
6445,강지원,gjng149@gmail.com,010-5833-6105,광주,35.1595,126.8526,2022-01-15,우수
6446,박시아,bsng687@daum.net,010-7844-2078,부산,35.1796,129.0756,2021-05-10,우수
6447,신서준,ssj480@gmail.com,010-1693-8212,전주,35.8219,127.148,2021-07-04,MVP
6448,신예준,sngj695@gmail.com,,청주,36.6424,127.489,2022-06-01,일반
6449,임하린,nghr998@naver.com,010-1235-4883,울산,35.5398,129.3114,2022-05-21,일반
6450,정영민,jngm195@nate.com,010-2533-2948,세종,36.48,127.289,2021-10-13,우수
6451,황서연,hsng549@daum.net,010-1665-5572,광주,35.1595,126.8526,2021-01-24,VIP
6452,조영민,jngm605@daum.net,010-2723-6446,청주,36.6424,127.489,2021-07-23,MVP
6453,권지원,gjng760@naver.com,010-9820-5059,인천,37.4563,126.7052,2022-09-28,일반
6454,송지민,sjm136@naver.com,010-9121-5769,창원,35.2271,128.6811,2021-03-02,일반
6455,송서연,ssng552@daum.net,010-4332-6324,울산,35.5398,129.3114,2022-04-29,VIP
6456,박태현,bth423@naver.com,010-9090-5660,대전,36.3504,127.3845,2022-11-09,일반
6457,조하린,jhr239@nate.com,,서울,37.5665,126.978,2022-06-15,우수
6458,이수빈,ngsb658@gmail.com,010-9843-2458,전주,35.8219,127.148,2021-01-27,일반
6459,김도윤,gdng103@naver.com,010-1090-9237,청주,36.6424,127.489,2021-05-27,일반
6460,정지현,jjh345@daum.net,,부산,35.1796,129.0756,2022-02-19,일반
6461,김시아,gsng575@daum.net,010-6792-2864,세종,36.48,127.289,2022-12-23,일반
6462,신지민,sjm186@gmail.com,010-5355-1786,세종,36.48,127.289,2022-02-10,우수
6463,장현우,jhng902@daum.net,010-7531-2227,전주,35.8219,127.148,2022-11-19,VIP
6464,서서현,ssh244@naver.com,010-8273-3166,전주,35.8219,127.148,2021-06-22,일반
6465,서도윤,sdng119@daum.net,010-1616-3775,대전,36.3504,127.3845,2022-10-26,VIP
6466,신민준,smj863@naver.com,010-7754-6827,수원,37.2636,127.0286,2022-10-28,일반
6467,오시아,ngsng245@gmail.com,010-7276-9862,전주,35.8219,127.148,2022-06-28,우수
6468,안현정,nghj510@daum.net,010-4145-8369,창원,35.2271,128.6811,2022-08-13,일반
6469,장지원,jjng294@gmail.com,,수원,37.2636,127.0286,2021-02-13,VIP
6470,송우진,sngj669@nate.com,010-5976-5975,울산,35.5398,129.3114,2021-03-28,우수
6471,장현우,jhng849@naver.com,010-4798-7188,청주,36.6424,127.489,2022-11-24,우수
6472,이하린,nghr965@gmail.com,010-4649-8665,수원,37.2636,127.0286,2021-12-04,VIP
6473,임수빈,ngsb501@naver.com,010-5176-3944,부산,35.1796,129.0756,2022-06-26,우수
6474,전민준,jmj113@naver.com,,대전,36.3504,127.3845,2022-08-31,MVP
6475,황지아,hjng915@daum.net,010-2284-6199,인천,37.4563,126.7052,2021-07-27,우수
6476,박현정,bhj263@gmail.com,010-1074-9569,울산,35.5398,129.3114,2022-05-19,VIP
6477,서서준,ssj190@gmail.com,010-9284-8303,울산,35.5398,129.3114,2022-03-14,우수
6478,안예린,ngngr263@daum.net,010-6906-3142,인천,37.4563,126.7052,2022-01-14,일반
6479,전지후,jjh670@daum.net,010-1680-5924,대전,36.3504,127.3845,2022-12-21,우수
6480,임서현,ngsh444@gmail.com,010-7543-4172,전주,35.8219,127.148,2021-08-27,일반
6481,안태현,ngth303@daum.net,010-1371-9571,울산,35.5398,129.3114,2022-02-04,우수
6482,최지훈,chjh401@nate.com,010-7626-6418,서울,37.5665,126.978,2021-05-21,일반
6483,윤하준,nghj803@naver.com,010-4299-1363,부산,35.1796,129.0756,2021-12-19,우수
6484,황민준,hmj577@gmail.com,010-9632-9129,창원,35.2271,128.6811,2021-02-13,일반
6485,안서연,ngsng123@gmail.com,010-4701-4911,광주,35.1595,126.8526,2021-03-05,일반
6486,장현정,jhj426@gmail.com,010-5120-6686,인천,37.4563,126.7052,2022-09-13,일반
6487,장나윤,jnng189@naver.com,010-2770-5985,대구,35.8714,128.6014,2022-05-24,MVP
6488,황나윤,hnng825@daum.net,,인천,37.4563,126.7052,2021-12-25,일반
6489,임현우,nghng638@naver.com,010-1975-1909,서울,37.5665,126.978,2021-07-24,일반
6490,권하늘,ghn538@nate.com,010-1566-6256,세종,36.48,127.289,2021-12-07,우수
6491,조채원,jchng426@nate.com,010-7287-1977,청주,36.6424,127.489,2022-10-10,우수
6492,윤지민,ngjm979@nate.com,010-2113-5409,대구,35.8714,128.6014,2021-08-11,일반
6493,강지훈,gjh583@daum.net,010-2526-8119,부산,35.1796,129.0756,2021-12-31,일반
6494,윤주원,ngjng730@daum.net,010-5509-9328,울산,35.5398,129.3114,2022-03-02,일반
6495,강가은,ggng370@naver.com,010-2231-8268,울산,35.5398,129.3114,2021-11-05,MVP
6496,안하준,nghj812@nate.com,010-8767-4325,청주,36.6424,127.489,2022-01-06,일반
6497,이나윤,ngnng496@gmail.com,,대전,36.3504,127.3845,2022-02-05,일반
6498,황예린,hngr361@gmail.com,010-1986-2006,창원,35.2271,128.6811,2022-01-22,일반
6499,전주원,jjng435@nate.com,010-6407-7989,청주,36.6424,127.489,2022-06-08,일반
6500,정수빈,jsb632@naver.com,010-8840-7265,청주,36.6424,127.489,2022-07-25,우수
6501,오지훈,ngjh100@naver.com,010-8718-2989,대구,35.8714,128.6014,2021-11-01,일반
6502,임지원,ngjng217@naver.com,010-1106-3092,세종,36.48,127.289,2021-10-07,일반
6503,송서현,ssh900@naver.com,010-8070-6600,울산,35.5398,129.3114,2021-12-31,일반
6504,강시아,gsng328@nate.com,010-8442-7059,세종,36.48,127.289,2022-01-06,일반
6505,장유진,jngj790@daum.net,010-9358-5043,서울,37.5665,126.978,2021-08-28,일반
6506,권지원,gjng735@daum.net,010-5888-3777,광주,35.1595,126.8526,2021-08-31,VIP
6507,강예린,gngr150@daum.net,010-5259-9108,세종,36.48,127.289,2021-02-04,우수
6508,신지원,sjng616@naver.com,010-1183-2115,창원,35.2271,128.6811,2022-11-09,VIP
6509,송채원,schng770@nate.com,010-3693-8311,울산,35.5398,129.3114,2022-12-09,VIP
6510,이지훈,ngjh978@naver.com,010-3404-9510,수원,37.2636,127.0286,2022-07-08,우수
6511,권예준,gngj971@daum.net,010-5366-4681,전주,35.8219,127.148,2022-06-15,일반
6512,김주원,gjng942@nate.com,010-6091-5428,전주,35.8219,127.148,2021-09-03,우수
6513,강현정,ghj387@gmail.com,010-5252-9775,인천,37.4563,126.7052,2022-09-23,VIP
6514,김우진,gngj815@nate.com,010-1766-9835,수원,37.2636,127.0286,2022-06-22,우수
6515,권지민,gjm304@daum.net,010-6035-8195,청주,36.6424,127.489,2021-06-28,우수
6516,권도윤,gdng214@daum.net,010-8871-9798,세종,36.48,127.289,2022-07-18,일반
6517,박유진,bngj516@gmail.com,,울산,35.5398,129.3114,2021-06-10,VIP
6518,황지후,hjh487@nate.com,010-9114-4235,부산,35.1796,129.0756,2021-08-29,우수
6519,박우진,bngj120@naver.com,010-2922-7517,부산,35.1796,129.0756,2022-08-06,MVP
6520,서서연,ssng987@gmail.com,010-7506-9938,울산,35.5398,129.3114,2021-06-23,일반
6521,안채원,ngchng691@nate.com,,세종,36.48,127.289,2022-02-07,일반
6522,박하늘,bhn241@naver.com,010-3971-3063,대전,36.3504,127.3845,2022-04-21,일반
6523,장민서,jms514@nate.com,010-8468-2679,세종,36.48,127.289,2021-02-13,우수
6524,신영민,sngm553@gmail.com,010-6886-8540,청주,36.6424,127.489,2021-10-02,일반
6525,정유진,jngj567@daum.net,,전주,35.8219,127.148,2021-06-26,일반
6526,오주원,ngjng711@gmail.com,,서울,37.5665,126.978,2022-09-28,MVP
6527,박현우,bhng895@nate.com,010-3106-5685,대구,35.8714,128.6014,2021-09-15,일반
6528,황영민,hngm992@gmail.com,010-9485-4042,부산,35.1796,129.0756,2021-12-21,VIP
6529,강예준,gngj670@gmail.com,,창원,35.2271,128.6811,2021-12-08,일반
6530,박현정,bhj718@gmail.com,010-8735-8003,세종,36.48,127.289,2021-01-27,VIP
6531,조영민,jngm991@gmail.com,010-7409-5878,대구,35.8714,128.6014,2021-04-10,우수
6532,오현우,nghng666@naver.com,010-3643-6714,대구,35.8714,128.6014,2022-02-14,VIP
6533,오민준,ngmj975@naver.com,010-3864-2450,광주,35.1595,126.8526,2021-09-08,VIP
6534,이도윤,ngdng264@daum.net,010-6365-2130,대전,36.3504,127.3845,2022-12-16,일반
6535,임시아,ngsng702@daum.net,010-4808-2561,창원,35.2271,128.6811,2022-04-05,일반
6536,황민준,hmj469@nate.com,010-7057-4214,수원,37.2636,127.0286,2022-11-05,일반
6537,강서준,gsj168@daum.net,010-7362-4161,대구,35.8714,128.6014,2021-12-04,우수
6538,신지현,sjh582@naver.com,010-7870-5920,울산,35.5398,129.3114,2022-05-28,VIP
6539,임채원,ngchng416@gmail.com,010-4178-3167,서울,37.5665,126.978,2022-11-09,일반
6540,서지현,sjh559@naver.com,010-7176-1377,창원,35.2271,128.6811,2021-05-23,우수
6541,장주원,jjng988@daum.net,010-3296-2251,인천,37.4563,126.7052,2022-09-23,일반
6542,박하린,bhr949@naver.com,010-4481-6590,대전,36.3504,127.3845,2022-04-03,VIP
6543,이서연,ngsng716@nate.com,,수원,37.2636,127.0286,2021-06-23,MVP
6544,전채원,jchng312@nate.com,,인천,37.4563,126.7052,2021-05-02,일반
6545,김지후,gjh623@naver.com,010-4145-1670,전주,35.8219,127.148,2022-08-30,일반
6546,최지원,chjng102@daum.net,010-9029-7976,창원,35.2271,128.6811,2021-12-24,일반
6547,박서연,bsng672@gmail.com,010-9402-1564,전주,35.8219,127.148,2022-10-06,우수
6548,윤서준,ngsj417@gmail.com,010-5425-7881,서울,37.5665,126.978,2021-12-01,우수
6549,안민준,ngmj181@naver.com,010-4936-7820,부산,35.1796,129.0756,2021-10-08,일반
6550,김도현,gdh466@nate.com,,대전,36.3504,127.3845,2021-07-20,일반
6551,최도윤,chdng452@daum.net,010-3130-2343,창원,35.2271,128.6811,2021-12-07,일반
6552,황하린,hhr853@gmail.com,010-1773-2088,창원,35.2271,128.6811,2022-01-24,우수
6553,윤지민,ngjm399@gmail.com,010-3110-1296,세종,36.48,127.289,2022-10-21,우수
6554,한시아,hsng409@naver.com,010-1447-2221,울산,35.5398,129.3114,2021-01-26,일반
6555,서영민,sngm632@gmail.com,010-4550-7821,부산,35.1796,129.0756,2021-03-26,우수
6556,김하린,ghr494@daum.net,010-4204-5370,대구,35.8714,128.6014,2022-09-16,우수
6557,황지후,hjh229@gmail.com,010-2909-7088,서울,37.5665,126.978,2022-08-21,일반
6558,조유진,jngj306@gmail.com,,광주,35.1595,126.8526,2021-08-14,일반
6559,한서연,hsng862@naver.com,010-9958-9839,대전,36.3504,127.3845,2022-11-25,우수
6560,김지현,gjh918@daum.net,,창원,35.2271,128.6811,2022-05-23,MVP
6561,서지훈,sjh664@daum.net,010-2593-7627,광주,35.1595,126.8526,2021-12-31,일반
6562,전채원,jchng315@naver.com,,전주,35.8219,127.148,2021-10-17,일반
6563,오태현,ngth883@nate.com,,청주,36.6424,127.489,2021-10-24,일반
6564,전지후,jjh478@naver.com,010-4841-9406,창원,35.2271,128.6811,2021-04-11,우수
6565,전예준,jngj810@nate.com,010-1435-6902,울산,35.5398,129.3114,2022-05-25,일반
6566,정예준,jngj619@daum.net,010-7205-9694,청주,36.6424,127.489,2022-06-01,일반
6567,이지훈,ngjh811@naver.com,,창원,35.2271,128.6811,2021-09-24,우수
6568,김서준,gsj911@naver.com,010-6315-8930,광주,35.1595,126.8526,2022-07-07,우수
6569,안현정,nghj304@gmail.com,,대구,35.8714,128.6014,2022-05-05,일반
6570,권민서,gms311@gmail.com,010-7709-6011,인천,37.4563,126.7052,2021-02-22,일반
6571,안지원,ngjng310@gmail.com,010-2272-4094,세종,36.48,127.289,2021-09-16,우수
6572,장민준,jmj840@daum.net,,전주,35.8219,127.148,2022-11-01,일반
6573,장민준,jmj427@gmail.com,010-4977-7328,전주,35.8219,127.148,2021-03-15,일반
6574,박민서,bms999@gmail.com,010-9432-6862,서울,37.5665,126.978,2021-02-08,VIP
6575,임채원,ngchng772@gmail.com,010-5109-9295,전주,35.8219,127.148,2021-05-19,일반
6576,최민준,chmj995@daum.net,,청주,36.6424,127.489,2021-11-30,우수
6577,오태현,ngth354@nate.com,010-8067-2283,인천,37.4563,126.7052,2021-11-27,VIP
6578,장지훈,jjh203@naver.com,010-9881-8298,청주,36.6424,127.489,2022-12-10,일반
6579,이예준,ngngj960@gmail.com,010-2985-6461,창원,35.2271,128.6811,2021-07-15,일반
6580,정시아,jsng361@gmail.com,,세종,36.48,127.289,2022-03-18,우수
6581,최태현,chth971@daum.net,,수원,37.2636,127.0286,2021-08-28,VIP
6582,이하린,nghr515@daum.net,010-2251-3158,인천,37.4563,126.7052,2022-11-25,VIP
6583,최지민,chjm937@nate.com,010-2442-1988,전주,35.8219,127.148,2022-08-01,우수
6584,김예준,gngj165@naver.com,010-1375-3008,전주,35.8219,127.148,2021-08-01,일반
6585,서수빈,ssb693@nate.com,010-7392-8613,광주,35.1595,126.8526,2022-01-13,우수
6586,윤하준,nghj326@naver.com,010-5807-4946,울산,35.5398,129.3114,2022-06-02,일반
6587,임우진,ngngj502@naver.com,,인천,37.4563,126.7052,2022-06-02,일반
6588,황지훈,hjh778@gmail.com,010-1223-6615,광주,35.1595,126.8526,2021-07-24,일반
6589,한민준,hmj729@daum.net,010-8143-9903,인천,37.4563,126.7052,2022-06-22,일반
6590,윤지민,ngjm256@daum.net,,세종,36.48,127.289,2022-05-19,우수
6591,김가은,ggng613@nate.com,010-3003-1825,인천,37.4563,126.7052,2022-04-24,일반
6592,한시아,hsng181@daum.net,010-9338-2377,전주,35.8219,127.148,2022-04-17,일반
6593,한유진,hngj444@gmail.com,010-7030-3743,수원,37.2636,127.0286,2021-11-16,일반
6594,서지훈,sjh352@daum.net,,인천,37.4563,126.7052,2021-05-22,VIP
6595,조주원,jjng664@daum.net,010-8856-3811,인천,37.4563,126.7052,2021-09-28,우수
6596,전지아,jjng161@naver.com,010-8519-3823,서울,37.5665,126.978,2021-06-08,일반
6597,신유진,sngj893@gmail.com,010-5304-3385,청주,36.6424,127.489,2022-10-26,일반
6598,이우진,ngngj740@daum.net,010-5001-2748,세종,36.48,127.289,2022-06-13,일반
6599,임지원,ngjng880@nate.com,010-4582-1990,인천,37.4563,126.7052,2022-01-17,VIP
6600,정지훈,jjh970@gmail.com,,대구,35.8714,128.6014,2021-01-17,우수
6601,최지후,chjh167@daum.net,010-4029-2370,울산,35.5398,129.3114,2021-11-06,우수
6602,임현우,nghng576@nate.com,010-1455-7083,수원,37.2636,127.0286,2022-11-26,우수
6603,오예린,ngngr731@naver.com,010-8770-1385,전주,35.8219,127.148,2021-05-17,일반
6604,정서연,jsng154@daum.net,010-8750-9489,창원,35.2271,128.6811,2022-04-23,VIP
6605,권가은,ggng288@daum.net,010-6008-2275,울산,35.5398,129.3114,2022-11-19,우수
6606,박지후,bjh456@gmail.com,010-5750-7231,세종,36.48,127.289,2022-12-09,일반
6607,권하준,ghj817@nate.com,,전주,35.8219,127.148,2022-02-17,일반
6608,전서연,jsng618@gmail.com,,서울,37.5665,126.978,2022-03-30,우수
6609,최하린,chhr984@daum.net,,세종,36.48,127.289,2021-11-18,VIP
6610,한서현,hsh288@naver.com,,서울,37.5665,126.978,2021-04-08,일반
6611,황영민,hngm930@gmail.com,,전주,35.8219,127.148,2021-10-16,VIP
6612,한도현,hdh683@naver.com,010-3265-4444,대구,35.8714,128.6014,2022-10-27,우수
6613,송예준,sngj927@daum.net,,대구,35.8714,128.6014,2021-08-06,일반
6614,박서연,bsng515@nate.com,010-7771-8971,대전,36.3504,127.3845,2022-11-26,일반
6615,이민서,ngms217@gmail.com,010-6414-2113,창원,35.2271,128.6811,2022-06-24,일반
6616,최도윤,chdng478@nate.com,,수원,37.2636,127.0286,2022-04-10,우수
6617,전서준,jsj301@nate.com,010-9450-7564,부산,35.1796,129.0756,2021-11-26,일반
6618,김하준,ghj511@daum.net,010-3912-5953,인천,37.4563,126.7052,2021-08-04,일반
6619,오현정,nghj621@daum.net,010-4383-8306,전주,35.8219,127.148,2022-01-21,우수
6620,박현정,bhj387@nate.com,010-1422-9505,청주,36.6424,127.489,2022-07-19,우수
6621,김지원,gjng761@nate.com,,청주,36.6424,127.489,2021-03-09,일반
6622,황하늘,hhn364@daum.net,,대전,36.3504,127.3845,2021-02-20,일반
6623,황영민,hngm366@daum.net,010-4785-8234,인천,37.4563,126.7052,2021-10-10,일반
6624,조지민,jjm499@nate.com,010-7508-8512,서울,37.5665,126.978,2021-10-21,우수
6625,최도윤,chdng651@gmail.com,010-9024-8217,울산,35.5398,129.3114,2021-03-11,VIP
6626,윤우진,ngngj943@nate.com,010-8178-9484,세종,36.48,127.289,2021-10-23,일반
6627,임지원,ngjng817@naver.com,010-4970-2676,세종,36.48,127.289,2021-08-29,VIP
6628,안영민,ngngm922@gmail.com,010-5667-2980,광주,35.1595,126.8526,2022-03-02,우수
6629,조현정,jhj443@daum.net,010-8179-8483,청주,36.6424,127.489,2022-10-11,우수
6630,김채원,gchng571@gmail.com,010-6058-7115,세종,36.48,127.289,2022-03-29,우수
6631,오지후,ngjh127@gmail.com,,부산,35.1796,129.0756,2022-05-12,일반
6632,장도윤,jdng254@nate.com,010-2776-4005,인천,37.4563,126.7052,2021-12-26,일반
6633,전서현,jsh667@daum.net,010-5232-1856,울산,35.5398,129.3114,2022-04-04,우수
6634,한지원,hjng450@naver.com,010-5730-9712,광주,35.1595,126.8526,2021-04-18,우수
6635,한서연,hsng428@naver.com,010-3550-5418,청주,36.6424,127.489,2022-02-18,우수
6636,조수빈,jsb415@naver.com,010-1387-4028,수원,37.2636,127.0286,2021-05-19,일반
6637,정서준,jsj381@gmail.com,010-7648-1687,서울,37.5665,126.978,2022-03-05,VIP
6638,권하준,ghj485@daum.net,010-2750-5564,인천,37.4563,126.7052,2021-03-05,우수
6639,안수빈,ngsb529@gmail.com,010-4799-8194,창원,35.2271,128.6811,2022-02-26,일반
6640,강지원,gjng134@gmail.com,010-2920-6611,창원,35.2271,128.6811,2021-09-02,일반
6641,신채원,schng959@naver.com,010-1017-7921,인천,37.4563,126.7052,2021-03-02,우수
6642,한서준,hsj506@nate.com,010-6501-9863,청주,36.6424,127.489,2021-04-27,우수
6643,안지훈,ngjh379@daum.net,010-5331-2182,인천,37.4563,126.7052,2021-08-11,일반
6644,최태현,chth860@gmail.com,,서울,37.5665,126.978,2022-11-25,VIP
6645,송시아,ssng484@nate.com,010-7748-3355,울산,35.5398,129.3114,2021-02-04,일반
6646,윤하준,nghj198@daum.net,010-8639-6161,부산,35.1796,129.0756,2022-12-15,일반
6647,최하린,chhr485@nate.com,010-7680-1449,창원,35.2271,128.6811,2021-07-03,VIP
6648,오하늘,nghn540@daum.net,010-4470-5431,대구,35.8714,128.6014,2021-03-24,VIP
6649,강하준,ghj133@nate.com,010-1741-8461,서울,37.5665,126.978,2021-10-21,우수
6650,권하준,ghj269@naver.com,010-6447-9301,수원,37.2636,127.0286,2022-04-23,VIP
6651,전지후,jjh851@nate.com,,세종,36.48,127.289,2021-10-28,일반
6652,신서준,ssj184@nate.com,010-9680-8376,울산,35.5398,129.3114,2022-12-09,VIP
6653,조태현,jth614@gmail.com,,부산,35.1796,129.0756,2021-04-17,일반
6654,조서준,jsj768@daum.net,010-3464-4405,인천,37.4563,126.7052,2022-12-05,일반
6655,안현우,nghng472@naver.com,010-6495-1724,인천,37.4563,126.7052,2021-08-04,일반
6656,장우진,jngj914@gmail.com,010-4065-5324,울산,35.5398,129.3114,2022-10-31,일반
6657,장지아,jjng797@nate.com,010-5566-2796,수원,37.2636,127.0286,2021-09-14,일반
6658,강서연,gsng207@nate.com,010-6095-3126,전주,35.8219,127.148,2022-01-11,일반
6659,권시아,gsng353@naver.com,010-1912-3167,청주,36.6424,127.489,2022-08-26,일반
6660,최태현,chth404@nate.com,010-1570-6109,부산,35.1796,129.0756,2022-01-30,일반
6661,황예린,hngr489@gmail.com,010-8000-7008,서울,37.5665,126.978,2021-06-02,우수
6662,장우진,jngj184@gmail.com,010-1542-3735,대전,36.3504,127.3845,2021-07-23,일반
6663,서수빈,ssb999@gmail.com,010-7775-3758,광주,35.1595,126.8526,2021-01-11,일반
6664,윤수빈,ngsb937@naver.com,010-6332-7508,대전,36.3504,127.3845,2022-02-11,우수
6665,김우진,gngj650@daum.net,010-1513-7628,부산,35.1796,129.0756,2021-03-29,VIP
6666,오나윤,ngnng502@naver.com,010-8949-2167,인천,37.4563,126.7052,2021-07-10,우수
6667,최예준,chngj933@nate.com,,수원,37.2636,127.0286,2021-12-11,일반
6668,한하린,hhr828@naver.com,,청주,36.6424,127.489,2022-04-11,우수
6669,전예준,jngj515@daum.net,,인천,37.4563,126.7052,2021-05-30,일반
6670,정도현,jdh456@naver.com,,수원,37.2636,127.0286,2021-09-21,일반
6671,권유진,gngj909@nate.com,010-7133-8939,울산,35.5398,129.3114,2021-03-30,일반
6672,강하준,ghj785@daum.net,010-9527-4859,광주,35.1595,126.8526,2022-06-18,VIP
6673,서서연,ssng114@nate.com,010-5630-1780,창원,35.2271,128.6811,2022-07-28,일반
6674,안지후,ngjh850@naver.com,010-2841-6761,세종,36.48,127.289,2022-06-08,일반
6675,전하준,jhj972@nate.com,010-9481-1386,울산,35.5398,129.3114,2022-06-19,일반
6676,송민준,smj592@daum.net,010-1413-1810,울산,35.5398,129.3114,2021-12-10,VIP
6677,강현정,ghj246@nate.com,010-7703-1258,광주,35.1595,126.8526,2021-01-14,우수
6678,장민서,jms994@gmail.com,010-4847-4639,창원,35.2271,128.6811,2021-06-09,일반
6679,권현정,ghj189@daum.net,,인천,37.4563,126.7052,2022-11-30,우수
6680,황우진,hngj560@naver.com,010-3874-3357,세종,36.48,127.289,2022-08-06,우수
6681,서채원,schng820@daum.net,010-9171-7825,창원,35.2271,128.6811,2021-12-02,우수
6682,정하린,jhr352@naver.com,010-9368-4510,울산,35.5398,129.3114,2022-08-11,일반
6683,정나윤,jnng416@gmail.com,,청주,36.6424,127.489,2022-04-28,VIP
6684,안예준,ngngj900@daum.net,,창원,35.2271,128.6811,2022-05-30,일반
6685,서도현,sdh177@gmail.com,010-1504-9753,창원,35.2271,128.6811,2022-06-03,우수
6686,송채원,schng163@daum.net,010-7455-3899,서울,37.5665,126.978,2022-10-02,일반
6687,권주원,gjng375@daum.net,,광주,35.1595,126.8526,2021-05-11,일반
6688,한하린,hhr365@naver.com,010-3193-8935,울산,35.5398,129.3114,2022-05-16,일반
6689,강하준,ghj251@gmail.com,010-6244-1822,광주,35.1595,126.8526,2021-12-23,우수
6690,최지민,chjm733@naver.com,010-8251-5155,인천,37.4563,126.7052,2022-08-04,일반
6691,한도윤,hdng187@nate.com,010-2122-7915,광주,35.1595,126.8526,2022-12-21,우수
6692,김지아,gjng508@naver.com,010-2740-4682,대전,36.3504,127.3845,2022-08-31,일반
6693,조시아,jsng535@nate.com,010-6587-8606,전주,35.8219,127.148,2021-01-05,우수
6694,오지현,ngjh252@nate.com,010-8846-2076,울산,35.5398,129.3114,2021-11-09,VIP
6695,박하늘,bhn187@naver.com,,인천,37.4563,126.7052,2022-11-06,우수
6696,정지후,jjh854@gmail.com,,창원,35.2271,128.6811,2022-12-28,우수
6697,장지민,jjm437@daum.net,010-8088-9332,서울,37.5665,126.978,2022-02-25,우수
6698,오태현,ngth906@gmail.com,010-7889-6909,울산,35.5398,129.3114,2022-04-15,일반
6699,한하린,hhr733@gmail.com,010-7757-8255,창원,35.2271,128.6811,2022-01-24,VIP
6700,신서준,ssj858@naver.com,010-6019-6692,인천,37.4563,126.7052,2021-07-22,일반
6701,최지현,chjh396@naver.com,,세종,36.48,127.289,2022-11-14,우수
6702,장지후,jjh796@daum.net,010-7850-3544,인천,37.4563,126.7052,2021-10-31,우수
6703,서지후,sjh222@nate.com,010-5479-3423,세종,36.48,127.289,2022-04-26,일반
6704,강주원,gjng201@naver.com,,청주,36.6424,127.489,2021-11-05,일반
6705,최현정,chhj833@nate.com,,대구,35.8714,128.6014,2022-06-10,일반
6706,전민준,jmj338@daum.net,,세종,36.48,127.289,2021-07-28,VIP
6707,오도윤,ngdng132@naver.com,010-6356-1241,창원,35.2271,128.6811,2022-01-10,VIP
6708,안채원,ngchng310@naver.com,,인천,37.4563,126.7052,2022-05-01,우수
6709,임유진,ngngj312@daum.net,010-7987-4305,부산,35.1796,129.0756,2021-08-11,우수
6710,임현우,nghng167@nate.com,010-2056-7237,부산,35.1796,129.0756,2022-09-12,VIP
6711,윤도현,ngdh925@naver.com,010-2394-6873,광주,35.1595,126.8526,2021-09-25,일반
6712,장지현,jjh316@naver.com,010-3725-6302,청주,36.6424,127.489,2022-10-11,일반
6713,임도윤,ngdng596@nate.com,010-3410-1534,수원,37.2636,127.0286,2022-08-09,우수
6714,신도현,sdh652@naver.com,010-5173-6586,창원,35.2271,128.6811,2022-10-23,VIP
6715,송가은,sgng142@naver.com,010-2941-7842,수원,37.2636,127.0286,2021-11-07,VIP
6716,전예린,jngr202@gmail.com,010-5806-4202,울산,35.5398,129.3114,2021-06-30,일반
6717,최도현,chdh409@daum.net,010-4281-4555,대구,35.8714,128.6014,2022-03-05,일반
6718,안서연,ngsng213@naver.com,010-7324-2339,울산,35.5398,129.3114,2022-04-23,일반
6719,서도윤,sdng539@gmail.com,010-8416-1325,광주,35.1595,126.8526,2021-10-07,일반
6720,황나윤,hnng784@naver.com,,울산,35.5398,129.3114,2022-04-26,일반
6721,황가은,hgng365@nate.com,010-7141-4921,서울,37.5665,126.978,2022-03-04,우수
6722,박하준,bhj210@nate.com,010-1006-7354,수원,37.2636,127.0286,2022-09-02,일반
6723,권주원,gjng708@nate.com,010-5470-2459,세종,36.48,127.289,2021-05-25,VIP
6724,송서연,ssng273@naver.com,010-2732-7177,부산,35.1796,129.0756,2022-09-23,일반
6725,권지아,gjng747@nate.com,010-7309-5224,광주,35.1595,126.8526,2022-12-08,우수
6726,황지훈,hjh114@gmail.com,010-6644-5042,창원,35.2271,128.6811,2021-05-28,일반
6727,최수빈,chsb442@daum.net,010-2684-8118,서울,37.5665,126.978,2021-09-24,일반
6728,최우진,chngj822@naver.com,,수원,37.2636,127.0286,2021-10-06,일반
6729,권주원,gjng965@nate.com,010-8209-7851,세종,36.48,127.289,2021-12-11,MVP
6730,전서현,jsh158@daum.net,,부산,35.1796,129.0756,2021-09-22,VIP
6731,이하린,nghr461@nate.com,010-1921-4572,대구,35.8714,128.6014,2022-02-23,일반
6732,안유진,ngngj761@daum.net,010-4048-4110,인천,37.4563,126.7052,2022-06-04,일반
6733,최지후,chjh252@nate.com,010-6057-4320,세종,36.48,127.289,2022-06-09,VIP
6734,한지아,hjng816@daum.net,,창원,35.2271,128.6811,2022-08-16,일반
6735,권태현,gth893@nate.com,010-9385-7419,울산,35.5398,129.3114,2021-09-11,일반
6736,전주원,jjng245@daum.net,010-5419-4712,전주,35.8219,127.148,2022-10-25,우수
6737,황가은,hgng516@naver.com,,울산,35.5398,129.3114,2022-02-19,VIP
6738,황도윤,hdng178@nate.com,010-4476-6611,부산,35.1796,129.0756,2022-03-24,일반
6739,오지원,ngjng299@daum.net,010-9542-6519,광주,35.1595,126.8526,2021-02-18,일반
6740,안나윤,ngnng773@naver.com,010-4857-2001,창원,35.2271,128.6811,2021-09-27,VIP
6741,전채원,jchng572@naver.com,010-5533-2989,수원,37.2636,127.0286,2021-12-08,일반
6742,권시아,gsng309@daum.net,010-2944-5314,대구,35.8714,128.6014,2021-03-29,일반
6743,강도현,gdh172@daum.net,010-1543-7576,대전,36.3504,127.3845,2021-11-14,우수
6744,권영민,gngm498@naver.com,010-6910-9103,대전,36.3504,127.3845,2021-05-27,VIP
6745,장서준,jsj416@gmail.com,010-8944-8622,광주,35.1595,126.8526,2021-06-12,일반
6746,김지후,gjh477@daum.net,010-4792-1819,세종,36.48,127.289,2022-03-18,MVP
6747,권현정,ghj774@nate.com,010-2260-1007,창원,35.2271,128.6811,2022-09-15,우수
6748,전민준,jmj504@daum.net,010-1378-8989,부산,35.1796,129.0756,2022-09-29,일반
6749,강영민,gngm919@naver.com,,대전,36.3504,127.3845,2022-02-22,MVP
6750,이지훈,ngjh221@gmail.com,010-3482-3279,세종,36.48,127.289,2021-02-21,일반
6751,이시아,ngsng246@daum.net,010-1464-1071,부산,35.1796,129.0756,2022-12-18,일반
6752,강시아,gsng804@daum.net,010-2534-5978,서울,37.5665,126.978,2021-03-07,우수
6753,권지훈,gjh790@nate.com,010-6692-7064,인천,37.4563,126.7052,2022-09-24,일반
6754,오주원,ngjng346@nate.com,010-1457-5136,수원,37.2636,127.0286,2021-07-12,일반
6755,황지원,hjng591@daum.net,010-5639-5645,광주,35.1595,126.8526,2022-01-21,일반
6756,정영민,jngm491@naver.com,010-5024-9913,대구,35.8714,128.6014,2021-08-04,일반
6757,임태현,ngth847@nate.com,010-1688-4394,광주,35.1595,126.8526,2021-03-09,VIP
6758,임지아,ngjng304@gmail.com,010-4415-1674,수원,37.2636,127.0286,2021-05-22,우수
6759,최서연,chsng913@gmail.com,010-5172-5308,울산,35.5398,129.3114,2022-11-09,MVP
6760,전서준,jsj306@daum.net,010-5762-2945,청주,36.6424,127.489,2022-08-03,일반
6761,황예린,hngr595@naver.com,010-4829-1695,대구,35.8714,128.6014,2021-10-19,일반
6762,권도윤,gdng660@naver.com,010-3614-2507,부산,35.1796,129.0756,2022-10-03,일반
6763,신예린,sngr117@nate.com,010-4600-2098,청주,36.6424,127.489,2021-07-12,일반
6764,안도현,ngdh485@nate.com,010-2391-1446,청주,36.6424,127.489,2022-11-13,일반
6765,송현정,shj162@naver.com,010-7539-8858,대구,35.8714,128.6014,2022-07-09,우수
6766,김나윤,gnng791@naver.com,010-6184-4928,청주,36.6424,127.489,2021-12-31,VIP
6767,한서연,hsng417@daum.net,010-4100-6712,청주,36.6424,127.489,2021-03-07,MVP
6768,임도현,ngdh899@nate.com,010-5079-7424,전주,35.8219,127.148,2021-07-09,일반
6769,강우진,gngj926@gmail.com,010-5299-3357,청주,36.6424,127.489,2021-06-10,VIP
6770,이현우,nghng172@nate.com,010-5281-6255,청주,36.6424,127.489,2021-12-20,일반
6771,김하린,ghr145@gmail.com,010-6983-8852,청주,36.6424,127.489,2021-07-15,일반
6772,정하늘,jhn485@naver.com,010-2468-1402,창원,35.2271,128.6811,2021-12-15,VIP
6773,신지현,sjh835@nate.com,010-9514-4019,대구,35.8714,128.6014,2021-08-14,우수
6774,권지민,gjm427@naver.com,010-3916-5914,대전,36.3504,127.3845,2022-07-08,일반
6775,전지민,jjm500@naver.com,010-6653-6426,대구,35.8714,128.6014,2022-07-25,일반
6776,강민준,gmj175@gmail.com,010-6966-6080,청주,36.6424,127.489,2021-04-25,일반
6777,임나윤,ngnng415@daum.net,,세종,36.48,127.289,2022-09-01,우수
6778,권지훈,gjh158@daum.net,010-8638-1228,부산,35.1796,129.0756,2022-12-09,일반
6779,조예린,jngr237@naver.com,010-6377-1895,부산,35.1796,129.0756,2022-10-30,MVP
6780,정지원,jjng896@daum.net,010-9677-4950,전주,35.8219,127.148,2022-10-05,일반
6781,전예준,jngj126@naver.com,010-2733-1855,인천,37.4563,126.7052,2021-01-07,일반
6782,윤서현,ngsh598@naver.com,,수원,37.2636,127.0286,2021-03-11,일반
6783,정도현,jdh870@nate.com,010-8340-6353,인천,37.4563,126.7052,2022-09-02,우수
6784,한태현,hth217@naver.com,010-1913-9091,울산,35.5398,129.3114,2021-08-08,일반
6785,서나윤,snng770@naver.com,,대구,35.8714,128.6014,2022-12-20,우수
6786,강하준,ghj457@gmail.com,010-9725-3855,세종,36.48,127.289,2022-02-01,VIP
6787,최태현,chth268@nate.com,,대전,36.3504,127.3845,2022-03-04,VIP
6788,조지후,jjh410@daum.net,010-7021-7518,창원,35.2271,128.6811,2021-12-22,VIP
6789,한지민,hjm263@gmail.com,010-6343-1538,창원,35.2271,128.6811,2021-06-25,VIP
6790,전태현,jth851@daum.net,010-9166-6971,대전,36.3504,127.3845,2021-03-18,우수
6791,조나윤,jnng549@nate.com,010-3873-6715,대구,35.8714,128.6014,2022-04-08,VIP
6792,서도현,sdh399@daum.net,010-9154-8159,수원,37.2636,127.0286,2022-03-15,일반
6793,서시아,ssng466@daum.net,010-1073-6268,청주,36.6424,127.489,2022-05-24,일반
6794,최지아,chjng516@daum.net,010-7775-5588,서울,37.5665,126.978,2022-02-10,일반
6795,오예준,ngngj201@daum.net,,창원,35.2271,128.6811,2022-10-19,일반
6796,정지현,jjh963@daum.net,010-6085-3714,울산,35.5398,129.3114,2022-05-31,일반
6797,서지훈,sjh486@nate.com,,창원,35.2271,128.6811,2022-01-01,MVP
6798,송서준,ssj904@daum.net,010-1110-7385,전주,35.8219,127.148,2022-02-11,일반
6799,윤하늘,nghn821@naver.com,,수원,37.2636,127.0286,2022-01-16,일반
6800,임도윤,ngdng527@naver.com,,세종,36.48,127.289,2021-12-05,우수
6801,강민준,gmj754@naver.com,,인천,37.4563,126.7052,2021-12-09,일반
6802,강나윤,gnng894@naver.com,,수원,37.2636,127.0286,2021-01-13,일반
6803,임지훈,ngjh816@nate.com,010-6311-2571,인천,37.4563,126.7052,2022-05-20,일반
6804,임하늘,nghn575@daum.net,010-6162-2598,창원,35.2271,128.6811,2022-04-28,일반
6805,정예린,jngr711@daum.net,010-4938-9948,대전,36.3504,127.3845,2022-01-14,일반
6806,오현우,nghng747@naver.com,010-5805-2090,광주,35.1595,126.8526,2022-05-28,우수
6807,서시아,ssng455@naver.com,010-6566-3345,광주,35.1595,126.8526,2022-10-23,우수
6808,정지아,jjng832@nate.com,010-3125-1114,청주,36.6424,127.489,2022-11-27,일반
6809,전가은,jgng145@gmail.com,010-5946-8495,수원,37.2636,127.0286,2021-04-02,일반
6810,윤나윤,ngnng164@gmail.com,010-7934-4912,부산,35.1796,129.0756,2021-10-22,일반
6811,조서연,jsng971@gmail.com,010-2577-1881,창원,35.2271,128.6811,2022-07-10,우수
6812,오예린,ngngr102@daum.net,010-7381-2671,청주,36.6424,127.489,2021-11-26,일반
6813,권태현,gth764@daum.net,010-6933-9040,서울,37.5665,126.978,2021-01-29,일반
6814,한나윤,hnng632@naver.com,010-6859-5465,대전,36.3504,127.3845,2022-11-20,우수
6815,강예준,gngj116@daum.net,010-5823-2471,인천,37.4563,126.7052,2021-01-18,일반
6816,안하준,nghj658@nate.com,010-8622-9965,광주,35.1595,126.8526,2021-10-05,일반
6817,권하준,ghj432@daum.net,010-2956-6481,서울,37.5665,126.978,2022-12-25,일반
6818,최하린,chhr149@naver.com,010-8632-1036,세종,36.48,127.289,2022-01-14,VIP
6819,권영민,gngm902@nate.com,010-7585-2518,청주,36.6424,127.489,2021-01-31,VIP
6820,서시아,ssng382@gmail.com,010-3815-9879,대구,35.8714,128.6014,2022-01-09,우수
6821,장현정,jhj982@naver.com,010-6898-6971,울산,35.5398,129.3114,2022-09-08,일반
6822,송하준,shj596@nate.com,010-3152-3235,전주,35.8219,127.148,2021-03-05,우수
6823,서하린,shr958@gmail.com,010-5125-1468,광주,35.1595,126.8526,2022-02-02,MVP
6824,서태현,sth121@naver.com,,세종,36.48,127.289,2022-03-11,MVP
6825,김하준,ghj828@naver.com,010-1444-5240,광주,35.1595,126.8526,2021-03-20,일반
6826,한시아,hsng825@nate.com,010-8689-4366,창원,35.2271,128.6811,2021-04-23,VIP
6827,장하린,jhr367@naver.com,010-7932-4283,수원,37.2636,127.0286,2021-12-21,일반
6828,조민서,jms467@daum.net,,창원,35.2271,128.6811,2022-12-11,일반
6829,송채원,schng584@nate.com,010-2451-2432,서울,37.5665,126.978,2021-04-26,우수
6830,최채원,chchng336@naver.com,010-3618-4415,세종,36.48,127.289,2022-09-17,일반
6831,조도윤,jdng372@naver.com,,인천,37.4563,126.7052,2021-10-10,VIP
6832,권민준,gmj785@nate.com,010-8948-7819,부산,35.1796,129.0756,2021-05-29,일반
6833,윤현우,nghng863@nate.com,,창원,35.2271,128.6811,2022-10-24,우수
6834,안채원,ngchng170@naver.com,,청주,36.6424,127.489,2021-06-26,VIP
6835,이영민,ngngm619@naver.com,010-9504-5812,인천,37.4563,126.7052,2021-02-25,VIP
6836,윤지현,ngjh425@gmail.com,010-2607-7805,창원,35.2271,128.6811,2022-05-18,일반
6837,장시아,jsng461@nate.com,010-3313-6582,부산,35.1796,129.0756,2021-02-05,일반
6838,전민준,jmj115@naver.com,,수원,37.2636,127.0286,2021-10-29,우수
6839,장나윤,jnng199@nate.com,,서울,37.5665,126.978,2022-12-25,일반
6840,윤지현,ngjh741@gmail.com,010-5518-4434,대구,35.8714,128.6014,2022-05-22,MVP
6841,장서준,jsj329@gmail.com,010-3794-6441,광주,35.1595,126.8526,2022-11-15,VIP
6842,박민서,bms328@naver.com,010-4811-7692,대구,35.8714,128.6014,2021-12-22,일반
6843,안하준,nghj878@naver.com,010-6483-3555,서울,37.5665,126.978,2021-03-25,일반
6844,황하린,hhr528@daum.net,,대전,36.3504,127.3845,2022-02-18,일반
6845,박지민,bjm562@gmail.com,010-1713-9423,청주,36.6424,127.489,2021-02-24,VIP
6846,정도윤,jdng943@naver.com,010-7184-8089,대전,36.3504,127.3845,2021-01-11,일반
6847,임채원,ngchng751@daum.net,010-3095-2904,청주,36.6424,127.489,2021-08-07,일반
6848,윤태현,ngth841@daum.net,010-2718-4929,서울,37.5665,126.978,2022-10-11,일반
6849,장지훈,jjh720@nate.com,010-6344-1443,수원,37.2636,127.0286,2022-12-07,우수
6850,전주원,jjng939@gmail.com,010-5203-6832,수원,37.2636,127.0286,2021-10-20,일반
6851,장예린,jngr838@daum.net,010-6763-5829,전주,35.8219,127.148,2022-09-01,일반
6852,권영민,gngm250@gmail.com,010-6023-3057,대전,36.3504,127.3845,2022-05-17,VIP
6853,최수빈,chsb956@daum.net,010-1031-5307,울산,35.5398,129.3114,2021-08-25,VIP
6854,신유진,sngj203@daum.net,010-6949-8946,대전,36.3504,127.3845,2021-09-22,우수
6855,임하늘,nghn169@daum.net,,전주,35.8219,127.148,2021-11-22,일반
6856,정가은,jgng623@nate.com,010-1281-4757,대전,36.3504,127.3845,2022-01-24,일반
6857,김지훈,gjh343@gmail.com,010-2252-4892,세종,36.48,127.289,2022-07-26,우수
6858,최현우,chhng895@nate.com,010-9179-6574,전주,35.8219,127.148,2022-09-16,일반
6859,장하늘,jhn324@naver.com,010-3170-8230,세종,36.48,127.289,2022-05-12,VIP
6860,최지원,chjng357@naver.com,,인천,37.4563,126.7052,2021-09-21,우수
6861,오나윤,ngnng914@gmail.com,010-4449-5506,전주,35.8219,127.148,2021-07-28,일반
6862,최하준,chhj394@nate.com,010-8459-3395,인천,37.4563,126.7052,2021-07-04,VIP
6863,이수빈,ngsb404@gmail.com,010-8823-1807,창원,35.2271,128.6811,2022-05-10,MVP
6864,이지현,ngjh539@naver.com,010-9020-8471,인천,37.4563,126.7052,2021-08-29,일반
6865,조현우,jhng481@naver.com,010-9674-4099,부산,35.1796,129.0756,2021-01-01,우수
6866,권지원,gjng464@naver.com,,울산,35.5398,129.3114,2021-08-20,일반
6867,박하늘,bhn718@daum.net,010-9574-6679,광주,35.1595,126.8526,2021-04-13,일반
6868,안시아,ngsng822@gmail.com,010-5428-3971,수원,37.2636,127.0286,2021-05-06,일반
6869,송도윤,sdng608@naver.com,010-1033-7745,대전,36.3504,127.3845,2021-05-19,우수
6870,장지후,jjh305@daum.net,010-4202-4073,광주,35.1595,126.8526,2021-07-12,MVP
6871,임시아,ngsng793@nate.com,010-8287-3090,전주,35.8219,127.148,2021-04-12,우수
6872,김지훈,gjh151@naver.com,,인천,37.4563,126.7052,2021-10-26,일반
6873,조영민,jngm741@gmail.com,010-8529-4685,서울,37.5665,126.978,2022-09-20,우수
6874,최지민,chjm297@naver.com,010-1062-9450,인천,37.4563,126.7052,2021-10-28,일반
6875,황나윤,hnng274@daum.net,010-1465-8961,대전,36.3504,127.3845,2022-05-07,VIP
6876,최태현,chth238@gmail.com,010-9842-8072,인천,37.4563,126.7052,2022-01-10,일반
6877,박서준,bsj250@daum.net,010-3935-8712,부산,35.1796,129.0756,2022-08-06,일반
6878,강지훈,gjh397@daum.net,010-2263-6827,인천,37.4563,126.7052,2021-02-08,일반
6879,정영민,jngm653@naver.com,010-8594-9077,부산,35.1796,129.0756,2021-04-03,우수
6880,안시아,ngsng465@gmail.com,010-1923-2746,울산,35.5398,129.3114,2022-02-20,일반
6881,송서준,ssj153@daum.net,010-3358-8647,대전,36.3504,127.3845,2021-10-31,우수
6882,권지민,gjm160@gmail.com,010-7372-3254,청주,36.6424,127.489,2021-05-10,일반
6883,오영민,ngngm582@daum.net,010-1316-4532,부산,35.1796,129.0756,2021-01-26,일반
6884,신지현,sjh520@daum.net,010-8778-4879,세종,36.48,127.289,2021-11-16,일반
6885,송지훈,sjh978@nate.com,010-9958-5415,청주,36.6424,127.489,2021-04-04,VIP
6886,한하늘,hhn176@nate.com,010-2755-3851,대구,35.8714,128.6014,2021-02-18,VIP
6887,전현정,jhj179@naver.com,,대구,35.8714,128.6014,2022-02-21,일반
6888,황주원,hjng438@gmail.com,010-9540-1512,부산,35.1796,129.0756,2021-05-23,일반
6889,조나윤,jnng837@gmail.com,010-4808-8219,서울,37.5665,126.978,2021-06-07,일반
6890,김지원,gjng137@nate.com,010-3857-6741,세종,36.48,127.289,2022-11-21,우수
6891,강지현,gjh256@naver.com,010-7444-6515,광주,35.1595,126.8526,2021-10-16,일반
6892,장민서,jms485@naver.com,010-5864-7071,부산,35.1796,129.0756,2022-03-19,VIP
6893,한태현,hth709@gmail.com,010-6816-5622,대구,35.8714,128.6014,2022-01-30,VIP
6894,강영민,gngm308@nate.com,010-8403-7291,인천,37.4563,126.7052,2021-09-19,일반
6895,정하준,jhj519@nate.com,010-8212-1194,울산,35.5398,129.3114,2021-03-17,일반
6896,장현정,jhj464@daum.net,010-3796-1708,인천,37.4563,126.7052,2021-05-27,VIP
6897,한하린,hhr900@nate.com,010-8371-9722,대전,36.3504,127.3845,2021-05-31,VIP
6898,이지민,ngjm378@naver.com,010-7523-1655,세종,36.48,127.289,2021-03-27,일반
6899,조우진,jngj970@nate.com,,대구,35.8714,128.6014,2021-03-12,일반
6900,이도윤,ngdng456@nate.com,010-7070-4033,광주,35.1595,126.8526,2021-08-29,일반
6901,박도윤,bdng890@daum.net,010-2530-6690,대전,36.3504,127.3845,2021-07-07,일반
6902,김예린,gngr859@daum.net,010-1996-9596,대구,35.8714,128.6014,2022-10-17,일반
6903,서영민,sngm661@gmail.com,010-9639-7049,수원,37.2636,127.0286,2022-06-09,일반
6904,한하늘,hhn760@naver.com,010-8345-7112,울산,35.5398,129.3114,2021-09-25,우수
6905,권시아,gsng678@nate.com,010-5791-3654,대전,36.3504,127.3845,2021-05-17,일반
6906,전서현,jsh159@daum.net,010-8822-6351,대구,35.8714,128.6014,2022-01-29,일반
6907,신하늘,shn361@nate.com,010-8423-9560,청주,36.6424,127.489,2022-06-25,일반
6908,서도현,sdh921@nate.com,010-9381-2752,인천,37.4563,126.7052,2021-11-22,VIP
6909,오하늘,nghn105@nate.com,010-5285-7113,세종,36.48,127.289,2022-06-19,VIP
6910,최도윤,chdng966@naver.com,010-7762-8902,청주,36.6424,127.489,2021-06-12,일반
6911,박서현,bsh831@naver.com,,세종,36.48,127.289,2021-12-11,일반
6912,권태현,gth208@gmail.com,010-7031-7318,서울,37.5665,126.978,2021-05-31,MVP
6913,조유진,jngj175@nate.com,,광주,35.1595,126.8526,2022-04-09,일반
6914,조영민,jngm285@gmail.com,010-4625-1329,창원,35.2271,128.6811,2021-09-09,일반
6915,박우진,bngj419@nate.com,010-8903-3583,대전,36.3504,127.3845,2021-04-21,일반
6916,전영민,jngm772@daum.net,,부산,35.1796,129.0756,2022-11-05,일반
6917,서민서,sms435@gmail.com,010-4639-3518,울산,35.5398,129.3114,2022-08-05,일반
6918,안태현,ngth705@daum.net,010-8472-2271,서울,37.5665,126.978,2021-03-14,VIP
6919,조태현,jth134@naver.com,,전주,35.8219,127.148,2022-05-12,우수
6920,권도윤,gdng641@daum.net,010-8622-8800,울산,35.5398,129.3114,2022-04-15,일반
6921,윤민서,ngms321@gmail.com,010-8330-6653,울산,35.5398,129.3114,2022-08-08,VIP
6922,강민서,gms416@nate.com,,서울,37.5665,126.978,2021-03-28,일반
6923,신서현,ssh723@nate.com,,세종,36.48,127.289,2021-10-27,일반
6924,권서준,gsj164@naver.com,010-7524-7246,인천,37.4563,126.7052,2022-01-15,우수
6925,박지아,bjng108@nate.com,010-6549-4992,부산,35.1796,129.0756,2021-01-04,우수
6926,권서준,gsj106@nate.com,,서울,37.5665,126.978,2021-01-22,일반
6927,정나윤,jnng243@naver.com,,전주,35.8219,127.148,2021-04-30,일반
6928,신지아,sjng948@naver.com,010-1585-2997,창원,35.2271,128.6811,2021-02-12,우수
6929,박나윤,bnng659@gmail.com,010-5400-2833,전주,35.8219,127.148,2022-01-23,우수
6930,김현정,ghj491@nate.com,010-8812-2061,울산,35.5398,129.3114,2022-09-23,우수
6931,이영민,ngngm212@daum.net,,창원,35.2271,128.6811,2021-11-09,일반
6932,서현우,shng956@naver.com,010-6944-2836,수원,37.2636,127.0286,2021-06-03,일반
6933,전지민,jjm363@naver.com,010-7326-2991,창원,35.2271,128.6811,2021-12-04,일반
6934,서수빈,ssb249@gmail.com,,부산,35.1796,129.0756,2022-05-12,일반
6935,정영민,jngm434@daum.net,010-6354-1590,대전,36.3504,127.3845,2022-09-02,VIP
6936,강가은,ggng382@naver.com,010-3325-6334,전주,35.8219,127.148,2021-03-27,일반
6937,장서현,jsh637@gmail.com,010-6657-6385,광주,35.1595,126.8526,2022-12-14,일반
6938,김태현,gth274@daum.net,010-3266-7863,인천,37.4563,126.7052,2021-09-15,우수
6939,조현우,jhng483@naver.com,010-6248-5710,대구,35.8714,128.6014,2021-04-29,일반
6940,안수빈,ngsb609@gmail.com,,청주,36.6424,127.489,2021-07-18,일반
6941,정민준,jmj510@gmail.com,010-3134-1235,전주,35.8219,127.148,2021-07-31,VIP
6942,윤도윤,ngdng896@nate.com,010-8573-5588,세종,36.48,127.289,2022-03-12,VIP
6943,임하늘,nghn271@naver.com,010-9175-4199,수원,37.2636,127.0286,2022-05-16,우수
6944,이서준,ngsj954@daum.net,010-7335-7838,창원,35.2271,128.6811,2022-03-19,일반
6945,신지현,sjh559@nate.com,010-3566-8113,인천,37.4563,126.7052,2022-08-05,우수
6946,임지현,ngjh724@gmail.com,010-9073-3015,청주,36.6424,127.489,2021-02-12,우수
6947,서우진,sngj941@daum.net,010-5336-5991,대전,36.3504,127.3845,2021-11-25,일반
6948,서지원,sjng579@nate.com,010-8376-2822,전주,35.8219,127.148,2021-05-01,일반
6949,한지후,hjh360@naver.com,010-4471-3859,세종,36.48,127.289,2022-05-30,VIP
6950,안도현,ngdh969@nate.com,010-3843-8674,대구,35.8714,128.6014,2021-05-30,일반
6951,신서연,ssng428@daum.net,010-3098-9185,전주,35.8219,127.148,2022-07-02,우수
6952,임나윤,ngnng708@daum.net,010-5507-1960,울산,35.5398,129.3114,2022-12-07,일반
6953,조태현,jth847@gmail.com,,전주,35.8219,127.148,2021-01-29,일반
6954,최지현,chjh407@naver.com,010-5815-6883,울산,35.5398,129.3114,2022-03-02,일반
6955,조지아,jjng666@naver.com,010-6007-6454,대구,35.8714,128.6014,2021-05-20,VIP
6956,윤지후,ngjh457@nate.com,010-3170-9582,울산,35.5398,129.3114,2022-06-12,일반
6957,서영민,sngm473@nate.com,010-3437-1086,청주,36.6424,127.489,2022-01-13,우수
6958,윤영민,ngngm816@gmail.com,010-8646-7499,부산,35.1796,129.0756,2021-07-26,우수
6959,박현정,bhj726@gmail.com,010-1131-2626,광주,35.1595,126.8526,2022-11-20,우수
6960,임태현,ngth191@gmail.com,010-9656-2768,부산,35.1796,129.0756,2021-12-31,MVP
6961,신영민,sngm257@naver.com,010-5478-3628,부산,35.1796,129.0756,2021-12-29,우수
6962,송예준,sngj215@daum.net,010-7635-6535,수원,37.2636,127.0286,2022-04-19,일반
6963,이시아,ngsng894@gmail.com,010-8348-6968,울산,35.5398,129.3114,2021-07-26,MVP
6964,김지원,gjng549@naver.com,,부산,35.1796,129.0756,2022-01-15,우수
6965,송영민,sngm194@gmail.com,010-5338-5831,서울,37.5665,126.978,2022-10-22,일반
6966,윤민준,ngmj136@naver.com,010-1231-7145,세종,36.48,127.289,2022-05-15,일반
6967,오지민,ngjm679@daum.net,010-4091-1139,인천,37.4563,126.7052,2022-04-03,VIP
6968,안하준,nghj491@naver.com,010-7835-4708,인천,37.4563,126.7052,2022-02-08,일반
6969,최예준,chngj416@naver.com,010-4746-9240,부산,35.1796,129.0756,2021-03-04,우수
6970,황예준,hngj382@gmail.com,010-5781-3195,대전,36.3504,127.3845,2021-07-10,일반
6971,전현우,jhng131@nate.com,010-2835-5608,청주,36.6424,127.489,2021-09-21,일반
6972,조하늘,jhn851@naver.com,010-2036-7767,전주,35.8219,127.148,2022-06-03,우수
6973,황우진,hngj825@naver.com,010-6127-6089,전주,35.8219,127.148,2022-07-08,일반
6974,이지원,ngjng645@daum.net,010-5797-9004,청주,36.6424,127.489,2022-05-01,일반
6975,오주원,ngjng915@nate.com,010-8507-9899,인천,37.4563,126.7052,2022-10-30,우수
6976,강하준,ghj916@daum.net,010-1432-5580,광주,35.1595,126.8526,2021-12-20,일반
6977,정도윤,jdng121@gmail.com,010-7544-2940,부산,35.1796,129.0756,2021-11-04,우수
6978,최나윤,chnng949@nate.com,010-5583-7090,세종,36.48,127.289,2022-06-24,VIP
6979,조시아,jsng856@gmail.com,010-9952-7230,전주,35.8219,127.148,2021-12-21,우수
6980,신도현,sdh231@nate.com,010-4521-4881,창원,35.2271,128.6811,2021-06-30,일반
6981,전유진,jngj920@naver.com,,전주,35.8219,127.148,2021-01-09,일반
6982,정서현,jsh454@daum.net,010-4003-7049,대구,35.8714,128.6014,2022-09-02,우수
6983,신가은,sgng311@nate.com,010-2728-3878,세종,36.48,127.289,2022-11-16,VIP
6984,한하준,hhj418@daum.net,010-3015-4618,수원,37.2636,127.0286,2022-05-17,VIP
6985,최채원,chchng933@gmail.com,010-9036-4893,부산,35.1796,129.0756,2022-04-01,VIP
6986,조지원,jjng670@naver.com,010-3889-3037,울산,35.5398,129.3114,2021-05-26,일반
6987,오예준,ngngj447@nate.com,010-9117-9972,창원,35.2271,128.6811,2021-11-13,일반
6988,황예준,hngj568@gmail.com,010-4534-6710,대구,35.8714,128.6014,2021-11-28,일반
6989,안예린,ngngr698@gmail.com,010-5564-9823,서울,37.5665,126.978,2021-12-25,일반
6990,강유진,gngj543@naver.com,010-7955-5597,전주,35.8219,127.148,2022-05-11,일반
6991,조예린,jngr897@naver.com,,부산,35.1796,129.0756,2022-03-17,VIP
6992,정민준,jmj759@naver.com,010-8792-5804,수원,37.2636,127.0286,2022-03-07,일반
6993,정예린,jngr811@nate.com,,세종,36.48,127.289,2021-12-05,일반
6994,윤지민,ngjm773@nate.com,010-8202-6795,인천,37.4563,126.7052,2021-02-18,일반
6995,이영민,ngngm493@nate.com,,창원,35.2271,128.6811,2022-08-31,VIP
6996,정채원,jchng659@daum.net,010-5510-5772,전주,35.8219,127.148,2022-02-10,우수
6997,박서연,bsng392@naver.com,010-2372-2427,대구,35.8714,128.6014,2021-04-12,우수
6998,오지민,ngjm874@daum.net,,대전,36.3504,127.3845,2021-01-30,VIP
6999,정도윤,jdng630@gmail.com,010-1160-5022,울산,35.5398,129.3114,2022-12-11,일반
7000,서현우,shng273@naver.com,010-6330-3813,청주,36.6424,127.489,2022-01-14,우수
7001,정하린,jhr774@gmail.com,010-4264-2013,울산,35.5398,129.3114,2021-12-29,일반
7002,권채원,gchng931@naver.com,010-2286-5767,창원,35.2271,128.6811,2022-06-12,일반
7003,안우진,ngngj797@daum.net,010-4257-1485,대전,36.3504,127.3845,2021-11-12,VIP
7004,김수빈,gsb761@daum.net,010-8384-9006,광주,35.1595,126.8526,2022-11-23,우수
7005,황도현,hdh397@gmail.com,010-6674-2642,청주,36.6424,127.489,2021-10-28,일반
7006,안지후,ngjh199@nate.com,010-7011-4632,대구,35.8714,128.6014,2021-07-25,일반
7007,윤가은,nggng543@naver.com,010-6786-8591,서울,37.5665,126.978,2021-12-07,우수
7008,안영민,ngngm488@nate.com,010-4061-6514,서울,37.5665,126.978,2022-04-10,일반
7009,김수빈,gsb836@nate.com,,울산,35.5398,129.3114,2022-03-13,일반
7010,신시아,ssng756@daum.net,010-3424-7988,서울,37.5665,126.978,2022-06-12,일반
7011,박서준,bsj530@nate.com,010-4427-3227,광주,35.1595,126.8526,2021-12-21,일반
7012,신나윤,snng360@nate.com,010-5254-2050,대전,36.3504,127.3845,2021-04-20,VIP
7013,강예린,gngr378@gmail.com,,청주,36.6424,127.489,2021-09-24,일반
7014,서하늘,shn390@naver.com,010-7353-1820,광주,35.1595,126.8526,2022-08-21,일반
7015,김민준,gmj168@naver.com,010-7348-4550,서울,37.5665,126.978,2022-06-10,우수
7016,안태현,ngth664@gmail.com,010-3377-8811,창원,35.2271,128.6811,2021-08-09,VIP
7017,박시아,bsng197@naver.com,010-9753-8829,수원,37.2636,127.0286,2021-04-19,일반
7018,정도윤,jdng523@daum.net,010-2212-8624,서울,37.5665,126.978,2021-04-10,일반
7019,한수빈,hsb531@gmail.com,,부산,35.1796,129.0756,2022-06-08,일반
7020,안서연,ngsng829@nate.com,010-3066-7741,청주,36.6424,127.489,2021-11-24,우수
7021,정우진,jngj711@gmail.com,010-4683-3753,광주,35.1595,126.8526,2021-05-12,우수
7022,안도윤,ngdng915@nate.com,010-2317-8987,울산,35.5398,129.3114,2021-12-12,VIP
7023,황지후,hjh179@naver.com,010-8551-5745,부산,35.1796,129.0756,2022-09-22,MVP
7024,전현우,jhng218@naver.com,010-9010-7991,광주,35.1595,126.8526,2021-05-21,우수
7025,강현정,ghj920@daum.net,010-9058-7931,광주,35.1595,126.8526,2022-09-24,우수
7026,한예준,hngj195@naver.com,010-7944-6530,광주,35.1595,126.8526,2022-03-24,일반
7027,최지민,chjm319@gmail.com,010-6402-5126,세종,36.48,127.289,2021-06-23,일반
7028,송가은,sgng298@nate.com,,인천,37.4563,126.7052,2022-07-02,MVP
7029,조우진,jngj224@naver.com,,광주,35.1595,126.8526,2021-01-25,일반
7030,임지민,ngjm112@nate.com,010-9274-8224,대전,36.3504,127.3845,2022-08-30,일반
7031,오수빈,ngsb408@daum.net,010-5144-9828,울산,35.5398,129.3114,2022-12-18,우수
7032,정도윤,jdng627@nate.com,010-3898-2732,대구,35.8714,128.6014,2022-09-22,일반
7033,정태현,jth437@daum.net,010-8718-5579,수원,37.2636,127.0286,2022-07-11,우수
7034,이태현,ngth897@daum.net,010-6577-2086,서울,37.5665,126.978,2021-08-12,우수
7035,조우진,jngj882@nate.com,010-7812-6295,광주,35.1595,126.8526,2021-02-25,일반
7036,서하린,shr676@nate.com,010-5366-5803,전주,35.8219,127.148,2021-08-13,VIP
7037,황태현,hth603@gmail.com,,대구,35.8714,128.6014,2021-11-12,일반
7038,오채원,ngchng344@naver.com,,대전,36.3504,127.3845,2021-03-31,일반
7039,한나윤,hnng569@naver.com,010-7907-7265,창원,35.2271,128.6811,2022-09-28,우수
7040,한서연,hsng882@naver.com,010-9172-1807,전주,35.8219,127.148,2021-02-13,우수
7041,윤태현,ngth721@naver.com,010-8978-8440,대구,35.8714,128.6014,2022-01-20,우수
7042,장우진,jngj967@gmail.com,010-4325-8686,서울,37.5665,126.978,2022-12-02,일반
7043,최채원,chchng890@gmail.com,010-1900-1200,수원,37.2636,127.0286,2021-07-10,우수
7044,조예린,jngr381@gmail.com,010-9374-4001,창원,35.2271,128.6811,2021-09-09,일반
7045,황채원,hchng800@gmail.com,010-3215-1868,세종,36.48,127.289,2021-07-22,VIP
7046,조예준,jngj780@gmail.com,010-8136-6892,울산,35.5398,129.3114,2022-02-11,일반
7047,최영민,chngm613@daum.net,010-9165-8651,세종,36.48,127.289,2022-06-05,우수
7048,안지아,ngjng624@daum.net,010-9054-6824,광주,35.1595,126.8526,2022-05-28,일반
7049,권가은,ggng694@nate.com,010-2418-8505,부산,35.1796,129.0756,2021-04-12,일반
7050,임서연,ngsng168@gmail.com,010-3898-4691,울산,35.5398,129.3114,2022-08-27,일반
7051,전현정,jhj462@gmail.com,010-4345-3177,서울,37.5665,126.978,2022-07-06,VIP
7052,황예린,hngr629@nate.com,010-9880-9604,울산,35.5398,129.3114,2022-06-17,우수
7053,임주원,ngjng118@gmail.com,010-6422-1990,대구,35.8714,128.6014,2021-07-11,VIP
7054,윤서준,ngsj999@daum.net,,인천,37.4563,126.7052,2021-09-25,일반
7055,장나윤,jnng272@gmail.com,010-7126-2559,전주,35.8219,127.148,2022-03-30,일반
7056,윤지후,ngjh445@naver.com,010-8805-8163,창원,35.2271,128.6811,2021-10-17,일반
7057,이현우,nghng829@nate.com,010-9846-5431,전주,35.8219,127.148,2021-03-14,VIP
7058,전하준,jhj873@nate.com,010-4375-9544,서울,37.5665,126.978,2021-11-05,일반
7059,서지아,sjng554@nate.com,010-8350-7736,부산,35.1796,129.0756,2021-05-27,VIP
7060,황지민,hjm255@gmail.com,010-6257-7619,청주,36.6424,127.489,2021-07-20,VIP
7061,박지훈,bjh838@naver.com,010-9390-4132,부산,35.1796,129.0756,2021-12-19,VIP
7062,임지아,ngjng942@daum.net,,대구,35.8714,128.6014,2021-03-09,우수
7063,이서준,ngsj632@daum.net,010-1483-3873,창원,35.2271,128.6811,2021-02-13,우수
7064,장도윤,jdng793@nate.com,010-5121-4003,서울,37.5665,126.978,2021-08-09,우수
7065,윤현정,nghj602@naver.com,010-3442-6100,대구,35.8714,128.6014,2021-03-21,일반
7066,박우진,bngj741@nate.com,010-8902-7447,부산,35.1796,129.0756,2022-06-09,우수
7067,강지현,gjh176@nate.com,010-5822-3311,세종,36.48,127.289,2022-09-13,일반
7068,강도윤,gdng135@gmail.com,010-5383-9879,세종,36.48,127.289,2021-05-20,일반
7069,정예준,jngj825@daum.net,010-1324-9033,부산,35.1796,129.0756,2022-05-07,일반
7070,전서연,jsng341@gmail.com,010-1989-5496,대구,35.8714,128.6014,2021-05-28,일반
7071,전지민,jjm936@gmail.com,010-6226-2508,창원,35.2271,128.6811,2022-03-06,일반
7072,신지민,sjm275@nate.com,010-1844-7948,부산,35.1796,129.0756,2021-10-10,일반
7073,오도현,ngdh806@nate.com,,수원,37.2636,127.0286,2022-03-23,우수
7074,조수빈,jsb623@daum.net,010-8587-3014,전주,35.8219,127.148,2022-04-05,일반
7075,강예준,gngj689@naver.com,010-2415-9071,전주,35.8219,127.148,2022-11-03,우수
7076,신채원,schng860@nate.com,010-9019-1185,서울,37.5665,126.978,2022-11-13,일반
7077,김주원,gjng275@nate.com,010-5532-6014,창원,35.2271,128.6811,2022-03-11,우수
7078,오하준,nghj553@daum.net,010-1174-4594,대구,35.8714,128.6014,2021-01-01,우수
7079,송민서,sms612@gmail.com,010-6578-6038,울산,35.5398,129.3114,2021-10-21,우수
7080,박예린,bngr881@nate.com,010-5981-9375,수원,37.2636,127.0286,2022-10-24,우수
7081,황가은,hgng378@naver.com,,전주,35.8219,127.148,2021-07-02,일반
7082,전주원,jjng270@nate.com,010-1419-4391,수원,37.2636,127.0286,2022-02-17,우수
7083,황지원,hjng481@nate.com,010-5701-6368,수원,37.2636,127.0286,2022-01-12,일반
7084,황가은,hgng810@nate.com,,광주,35.1595,126.8526,2021-08-08,일반
7085,정지훈,jjh865@nate.com,,대전,36.3504,127.3845,2021-07-30,우수
7086,안도윤,ngdng327@naver.com,010-8544-7072,인천,37.4563,126.7052,2021-06-27,일반
7087,김지훈,gjh177@naver.com,010-4908-7118,인천,37.4563,126.7052,2022-03-08,우수
7088,김시아,gsng387@daum.net,010-4807-2606,광주,35.1595,126.8526,2022-10-25,우수
7089,임나윤,ngnng683@naver.com,010-3383-5149,청주,36.6424,127.489,2022-03-11,일반
7090,황수빈,hsb538@gmail.com,,대구,35.8714,128.6014,2022-07-23,일반
7091,안서준,ngsj592@gmail.com,,서울,37.5665,126.978,2021-02-20,일반
7092,오하늘,nghn891@nate.com,010-4920-7375,대전,36.3504,127.3845,2021-04-26,VIP
7093,황하린,hhr350@naver.com,010-4206-4209,창원,35.2271,128.6811,2021-07-27,우수
7094,안수빈,ngsb938@nate.com,010-7529-9552,수원,37.2636,127.0286,2022-06-09,일반
7095,전현정,jhj642@naver.com,,광주,35.1595,126.8526,2022-06-10,일반
7096,권지후,gjh670@nate.com,010-7207-6711,수원,37.2636,127.0286,2021-04-15,우수
7097,강채원,gchng245@naver.com,010-4860-8863,광주,35.1595,126.8526,2021-02-08,VIP
7098,송민서,sms338@daum.net,010-9565-1410,인천,37.4563,126.7052,2021-04-27,일반
7099,신하늘,shn361@nate.com,,서울,37.5665,126.978,2022-11-14,일반
7100,조도현,jdh396@naver.com,010-1942-9866,창원,35.2271,128.6811,2022-09-24,VIP
7101,신수빈,ssb257@naver.com,010-4032-9758,울산,35.5398,129.3114,2022-11-10,일반
7102,박태현,bth157@nate.com,010-8279-9819,울산,35.5398,129.3114,2022-03-27,일반
7103,서수빈,ssb786@naver.com,010-9728-2107,전주,35.8219,127.148,2022-09-09,MVP
7104,이지원,ngjng767@nate.com,010-4730-4558,대전,36.3504,127.3845,2022-03-17,우수
7105,이지원,ngjng320@nate.com,010-3585-5199,대전,36.3504,127.3845,2021-02-13,일반
7106,정지민,jjm220@gmail.com,010-5581-8737,전주,35.8219,127.148,2021-08-30,일반
7107,황지후,hjh498@daum.net,010-2819-9790,부산,35.1796,129.0756,2022-06-25,일반
7108,서나윤,snng502@gmail.com,010-1351-7557,대구,35.8714,128.6014,2021-05-25,일반
7109,윤지원,ngjng583@naver.com,010-4340-6705,대전,36.3504,127.3845,2022-04-24,VIP
7110,황나윤,hnng250@nate.com,010-1565-1184,청주,36.6424,127.489,2022-12-18,일반
7111,권주원,gjng666@daum.net,010-6814-9596,대구,35.8714,128.6014,2022-06-05,우수
7112,김민준,gmj692@nate.com,010-3638-5386,울산,35.5398,129.3114,2022-12-05,VIP
7113,오가은,nggng116@daum.net,010-6086-9244,부산,35.1796,129.0756,2021-10-01,일반
7114,권채원,gchng328@daum.net,010-5476-4697,전주,35.8219,127.148,2022-09-14,일반
7115,임현정,nghj429@naver.com,010-7418-2643,울산,35.5398,129.3114,2021-10-28,우수
7116,이민서,ngms611@nate.com,,세종,36.48,127.289,2021-05-26,VIP
7117,정가은,jgng539@daum.net,,울산,35.5398,129.3114,2022-11-23,VIP
7118,오도현,ngdh347@naver.com,,서울,37.5665,126.978,2021-01-11,일반
7119,김주원,gjng571@daum.net,010-8802-7872,전주,35.8219,127.148,2021-03-03,우수
7120,황나윤,hnng809@nate.com,010-9806-1634,전주,35.8219,127.148,2022-07-31,우수
7121,오도윤,ngdng358@daum.net,010-1160-2917,대구,35.8714,128.6014,2022-07-22,VIP
7122,서하늘,shn993@gmail.com,010-1104-1895,인천,37.4563,126.7052,2021-02-08,일반
7123,김지민,gjm726@gmail.com,010-6675-4588,광주,35.1595,126.8526,2022-01-10,우수
7124,전태현,jth777@naver.com,010-6831-8145,인천,37.4563,126.7052,2021-09-22,VIP
7125,오하준,nghj317@naver.com,010-9783-6064,인천,37.4563,126.7052,2021-04-09,일반
7126,장나윤,jnng185@naver.com,010-2399-8327,창원,35.2271,128.6811,2022-08-09,일반
7127,신시아,ssng714@naver.com,010-2296-6190,대구,35.8714,128.6014,2021-02-23,일반
7128,서시아,ssng434@gmail.com,010-8132-7051,세종,36.48,127.289,2021-01-14,일반
7129,박민준,bmj959@nate.com,010-2043-3296,대구,35.8714,128.6014,2022-02-26,일반
7130,안지현,ngjh596@daum.net,010-2852-2046,서울,37.5665,126.978,2022-12-23,VIP
7131,권영민,gngm295@gmail.com,010-4755-9689,청주,36.6424,127.489,2022-01-20,일반
7132,정예준,jngj382@daum.net,010-9510-7496,인천,37.4563,126.7052,2022-07-13,일반
7133,정하늘,jhn690@naver.com,,서울,37.5665,126.978,2022-10-20,우수
7134,임서준,ngsj469@naver.com,010-6249-7280,부산,35.1796,129.0756,2022-05-30,일반
7135,이지아,ngjng294@gmail.com,,창원,35.2271,128.6811,2021-04-09,일반
7136,서서준,ssj368@daum.net,010-6340-5316,전주,35.8219,127.148,2022-06-25,우수
7137,송예준,sngj661@daum.net,010-4961-9906,대전,36.3504,127.3845,2021-01-16,VIP
7138,서지원,sjng415@nate.com,010-9185-1842,부산,35.1796,129.0756,2022-09-30,우수
7139,한지훈,hjh622@nate.com,010-6509-7539,대전,36.3504,127.3845,2022-06-27,우수
7140,신주원,sjng330@gmail.com,010-7430-1111,전주,35.8219,127.148,2021-02-18,일반
7141,전서현,jsh416@daum.net,010-6909-1172,청주,36.6424,127.489,2022-02-05,VIP
7142,최주원,chjng960@naver.com,010-7143-7162,광주,35.1595,126.8526,2021-02-23,일반
7143,서영민,sngm156@daum.net,010-9377-6910,서울,37.5665,126.978,2021-12-24,우수
7144,한가은,hgng568@nate.com,010-4485-8803,광주,35.1595,126.8526,2022-05-12,일반
7145,전가은,jgng354@gmail.com,010-4698-8563,창원,35.2271,128.6811,2021-11-12,VIP
7146,정태현,jth680@gmail.com,010-3497-2354,전주,35.8219,127.148,2021-07-15,우수
7147,전채원,jchng496@gmail.com,,창원,35.2271,128.6811,2021-05-08,우수
7148,권서연,gsng900@daum.net,010-6054-4068,세종,36.48,127.289,2021-03-14,일반
7149,장예린,jngr767@naver.com,,인천,37.4563,126.7052,2021-03-24,일반
7150,전서준,jsj233@nate.com,010-3189-4842,청주,36.6424,127.489,2022-03-03,우수
7151,황수빈,hsb296@gmail.com,,대구,35.8714,128.6014,2021-09-13,우수
7152,송현우,shng200@daum.net,010-9749-1214,광주,35.1595,126.8526,2021-06-16,일반
7153,조우진,jngj495@naver.com,010-5329-3513,대구,35.8714,128.6014,2021-07-05,MVP
7154,한서연,hsng427@nate.com,010-9707-1558,수원,37.2636,127.0286,2022-02-07,VIP
7155,오도현,ngdh667@gmail.com,010-6729-4526,서울,37.5665,126.978,2021-02-20,일반
7156,송도윤,sdng435@nate.com,010-6144-5416,광주,35.1595,126.8526,2021-02-24,VIP
7157,윤예린,ngngr656@daum.net,,세종,36.48,127.289,2022-07-08,우수
7158,이민서,ngms564@daum.net,010-9691-9513,창원,35.2271,128.6811,2021-04-20,일반
7159,최지원,chjng785@gmail.com,010-2518-6588,대전,36.3504,127.3845,2021-10-05,일반
7160,장도윤,jdng565@gmail.com,010-7662-6954,서울,37.5665,126.978,2021-01-04,우수
7161,서영민,sngm244@nate.com,010-6931-5759,울산,35.5398,129.3114,2022-03-15,우수
7162,오예린,ngngr440@naver.com,010-9153-9131,청주,36.6424,127.489,2022-12-03,일반
7163,서서연,ssng469@daum.net,,창원,35.2271,128.6811,2022-09-06,우수
7164,윤지훈,ngjh388@naver.com,,대구,35.8714,128.6014,2022-07-29,우수
7165,서하준,shj288@nate.com,010-6074-2764,울산,35.5398,129.3114,2021-10-03,우수
7166,안서현,ngsh501@gmail.com,010-9989-9466,대전,36.3504,127.3845,2022-01-30,일반
7167,윤지민,ngjm323@daum.net,010-4385-4289,수원,37.2636,127.0286,2021-03-03,VIP
7168,박예린,bngr469@gmail.com,,청주,36.6424,127.489,2021-07-24,일반
7169,조지원,jjng541@gmail.com,010-3684-8948,부산,35.1796,129.0756,2022-03-31,일반
7170,안우진,ngngj586@naver.com,010-4136-8300,대전,36.3504,127.3845,2021-11-11,일반
7171,강채원,gchng279@naver.com,010-7230-2247,창원,35.2271,128.6811,2021-04-23,일반
7172,서지아,sjng264@naver.com,010-9563-5478,광주,35.1595,126.8526,2022-06-19,VIP
7173,조도윤,jdng320@daum.net,010-5987-1247,전주,35.8219,127.148,2022-11-29,일반
7174,안수빈,ngsb414@nate.com,010-4199-8809,대전,36.3504,127.3845,2021-01-29,우수
7175,정시아,jsng743@nate.com,010-6595-8197,부산,35.1796,129.0756,2022-05-14,일반
7176,황시아,hsng685@gmail.com,010-4979-5737,울산,35.5398,129.3114,2021-05-08,일반
7177,장주원,jjng436@gmail.com,,부산,35.1796,129.0756,2022-06-03,MVP
7178,오지훈,ngjh441@daum.net,010-3065-5741,부산,35.1796,129.0756,2022-08-23,우수
7179,최지원,chjng232@nate.com,010-1099-2092,대구,35.8714,128.6014,2021-11-15,일반
7180,서지현,sjh891@gmail.com,,청주,36.6424,127.489,2022-04-08,우수
7181,신지훈,sjh721@gmail.com,010-5021-9065,대전,36.3504,127.3845,2021-11-10,일반
7182,한영민,hngm283@gmail.com,010-2566-5523,부산,35.1796,129.0756,2022-01-04,일반
7183,서예린,sngr211@nate.com,010-6745-8766,청주,36.6424,127.489,2021-11-02,우수
7184,윤지후,ngjh586@nate.com,,수원,37.2636,127.0286,2021-10-04,우수
7185,박지후,bjh373@gmail.com,010-1255-1094,청주,36.6424,127.489,2022-05-19,일반
7186,황도윤,hdng687@daum.net,,세종,36.48,127.289,2022-10-20,VIP
7187,임태현,ngth453@gmail.com,010-5583-6884,대전,36.3504,127.3845,2022-08-20,우수
7188,오지아,ngjng893@naver.com,010-7285-9995,수원,37.2636,127.0286,2022-05-14,일반
7189,이지현,ngjh578@naver.com,010-2276-9478,창원,35.2271,128.6811,2022-02-08,우수
7190,이지아,ngjng363@naver.com,010-7268-9861,수원,37.2636,127.0286,2022-06-16,우수
7191,임하늘,nghn243@nate.com,010-1380-1515,전주,35.8219,127.148,2021-06-23,우수
7192,권도현,gdh117@daum.net,010-6576-1052,전주,35.8219,127.148,2022-01-30,일반
7193,윤민준,ngmj778@gmail.com,,울산,35.5398,129.3114,2022-11-19,우수
7194,한가은,hgng841@gmail.com,010-9382-2370,청주,36.6424,127.489,2022-09-17,일반
7195,안민서,ngms336@naver.com,,서울,37.5665,126.978,2021-01-30,VIP
7196,신현우,shng831@naver.com,,세종,36.48,127.289,2021-07-07,우수
7197,황현우,hhng952@nate.com,,창원,35.2271,128.6811,2021-11-28,일반
7198,조주원,jjng764@nate.com,010-5265-8607,서울,37.5665,126.978,2021-12-06,우수
7199,윤지원,ngjng315@daum.net,010-6997-5262,인천,37.4563,126.7052,2021-06-18,VIP
7200,전지후,jjh153@daum.net,010-4110-6000,대구,35.8714,128.6014,2022-07-31,VIP
7201,한도윤,hdng299@daum.net,010-3376-7894,창원,35.2271,128.6811,2022-08-25,일반
7202,이서현,ngsh488@gmail.com,010-8510-3561,전주,35.8219,127.148,2021-01-27,일반
7203,권지훈,gjh111@daum.net,010-4970-2875,부산,35.1796,129.0756,2021-09-22,우수
7204,신우진,sngj193@gmail.com,010-4278-8114,창원,35.2271,128.6811,2022-09-22,일반
7205,한서연,hsng417@gmail.com,010-5727-3839,청주,36.6424,127.489,2021-06-10,VIP
7206,서서준,ssj143@nate.com,010-4000-3740,인천,37.4563,126.7052,2022-07-07,일반
7207,조하늘,jhn365@naver.com,010-4074-9810,광주,35.1595,126.8526,2022-04-19,일반
7208,오도현,ngdh686@daum.net,010-3549-6341,광주,35.1595,126.8526,2022-07-30,일반
7209,박서현,bsh594@daum.net,,세종,36.48,127.289,2021-11-26,일반
7210,장하린,jhr555@nate.com,010-2673-3660,광주,35.1595,126.8526,2022-02-12,우수
7211,안지현,ngjh895@daum.net,010-8014-9035,울산,35.5398,129.3114,2021-07-26,일반
7212,서서연,ssng455@nate.com,,서울,37.5665,126.978,2021-08-04,일반
7213,김예준,gngj271@naver.com,010-9451-9077,청주,36.6424,127.489,2021-03-15,일반
7214,한현정,hhj315@daum.net,010-9377-4514,인천,37.4563,126.7052,2021-03-17,우수
7215,오우진,ngngj792@daum.net,010-9624-4785,세종,36.48,127.289,2021-10-23,일반
7216,서태현,sth632@naver.com,,수원,37.2636,127.0286,2022-12-11,우수
7217,정지원,jjng988@daum.net,010-4150-6596,대구,35.8714,128.6014,2021-02-06,우수
7218,윤도현,ngdh873@daum.net,010-9031-4206,인천,37.4563,126.7052,2021-03-07,우수
7219,임현정,nghj488@nate.com,010-3484-5190,서울,37.5665,126.978,2022-03-19,VIP
7220,황도윤,hdng466@nate.com,010-1281-9938,광주,35.1595,126.8526,2022-03-02,VIP
7221,이예린,ngngr178@gmail.com,,대구,35.8714,128.6014,2021-01-21,VIP
7222,최가은,chgng243@naver.com,010-2746-3930,창원,35.2271,128.6811,2021-12-13,일반
7223,최지현,chjh932@nate.com,010-4129-3511,창원,35.2271,128.6811,2022-06-09,일반
7224,송지원,sjng365@gmail.com,010-7705-4779,대전,36.3504,127.3845,2021-05-10,일반
7225,정서연,jsng861@naver.com,010-4324-8779,부산,35.1796,129.0756,2021-10-30,VIP
7226,최유진,chngj761@gmail.com,,대전,36.3504,127.3845,2021-11-26,MVP
7227,신민서,sms656@nate.com,010-1528-2285,세종,36.48,127.289,2022-07-18,VIP
7228,최서현,chsh461@gmail.com,010-5890-4050,대구,35.8714,128.6014,2021-07-02,일반
7229,조도현,jdh279@nate.com,010-5402-7791,대구,35.8714,128.6014,2021-12-12,VIP
7230,이지후,ngjh296@nate.com,010-2418-1575,전주,35.8219,127.148,2022-07-31,일반
7231,오수빈,ngsb184@nate.com,010-9981-2641,대구,35.8714,128.6014,2021-06-30,일반
7232,한우진,hngj448@daum.net,010-8688-8160,인천,37.4563,126.7052,2022-04-10,일반
7233,강서현,gsh490@gmail.com,010-5656-1358,인천,37.4563,126.7052,2021-08-09,일반
7234,전현우,jhng114@nate.com,010-7112-1203,수원,37.2636,127.0286,2022-09-14,우수
7235,황가은,hgng674@nate.com,010-4560-9595,세종,36.48,127.289,2022-08-06,일반
7236,최시아,chsng761@gmail.com,010-8538-5470,청주,36.6424,127.489,2022-08-05,일반
7237,신도윤,sdng277@naver.com,010-1143-1591,청주,36.6424,127.489,2021-03-27,우수
7238,정우진,jngj193@daum.net,010-6355-9514,광주,35.1595,126.8526,2021-04-26,VIP
7239,신태현,sth322@nate.com,010-3716-8758,대구,35.8714,128.6014,2021-12-08,우수
7240,이주원,ngjng616@nate.com,010-9733-7045,울산,35.5398,129.3114,2022-03-21,일반
7241,송영민,sngm863@daum.net,,대구,35.8714,128.6014,2021-03-13,VIP
7242,강도현,gdh168@gmail.com,010-6808-2380,전주,35.8219,127.148,2022-11-19,VIP
7243,임가은,nggng730@daum.net,010-7595-6958,세종,36.48,127.289,2021-07-31,일반
7244,임채원,ngchng305@gmail.com,010-9114-2087,서울,37.5665,126.978,2021-12-15,우수
7245,이도현,ngdh309@gmail.com,010-7788-1679,청주,36.6424,127.489,2021-05-28,일반
7246,송도현,sdh744@daum.net,010-4097-6435,수원,37.2636,127.0286,2022-01-28,일반
7247,안우진,ngngj308@daum.net,,인천,37.4563,126.7052,2021-07-12,우수
7248,전지훈,jjh887@daum.net,,인천,37.4563,126.7052,2021-04-14,VIP
7249,송서연,ssng146@nate.com,010-1080-9391,인천,37.4563,126.7052,2022-10-21,일반
7250,최지아,chjng145@daum.net,010-2891-6193,서울,37.5665,126.978,2022-10-31,VIP
7251,최현정,chhj409@gmail.com,010-1976-6712,대전,36.3504,127.3845,2021-01-03,VIP
7252,김예린,gngr181@naver.com,010-5468-3646,청주,36.6424,127.489,2021-09-30,VIP
7253,신도현,sdh324@nate.com,010-3814-7749,대전,36.3504,127.3845,2021-03-15,일반
7254,임수빈,ngsb238@daum.net,010-3921-5675,전주,35.8219,127.148,2021-10-01,VIP
7255,오지후,ngjh714@nate.com,,서울,37.5665,126.978,2021-10-24,일반
7256,김지아,gjng185@nate.com,010-3264-7019,대전,36.3504,127.3845,2022-12-26,우수
7257,윤도현,ngdh684@nate.com,010-4043-8408,수원,37.2636,127.0286,2022-10-29,일반
7258,서하늘,shn976@naver.com,,서울,37.5665,126.978,2022-08-06,일반
7259,송도윤,sdng269@naver.com,010-5254-3614,대전,36.3504,127.3845,2022-01-29,우수
7260,송서준,ssj719@nate.com,,서울,37.5665,126.978,2021-06-15,일반
7261,권시아,gsng822@gmail.com,010-6864-2663,창원,35.2271,128.6811,2022-03-22,일반
7262,오하린,nghr179@gmail.com,010-4862-2921,세종,36.48,127.289,2021-12-16,일반
7263,권서준,gsj238@daum.net,010-8765-1027,대구,35.8714,128.6014,2021-09-02,우수
7264,송지민,sjm152@daum.net,010-8841-6662,청주,36.6424,127.489,2021-08-30,일반
7265,송수빈,ssb284@daum.net,,대구,35.8714,128.6014,2022-04-24,VIP
7266,정서준,jsj801@gmail.com,010-1406-1121,광주,35.1595,126.8526,2021-08-24,일반
7267,조도현,jdh989@naver.com,010-7811-5450,광주,35.1595,126.8526,2022-01-27,일반
7268,권나윤,gnng357@gmail.com,,대구,35.8714,128.6014,2021-08-30,일반
7269,최지원,chjng193@nate.com,010-9837-5933,수원,37.2636,127.0286,2021-08-21,일반
7270,강주원,gjng522@nate.com,010-4477-1288,대구,35.8714,128.6014,2021-03-30,일반
7271,전태현,jth953@gmail.com,010-6098-2925,대구,35.8714,128.6014,2022-10-20,일반
7272,윤예준,ngngj464@nate.com,,청주,36.6424,127.489,2021-12-17,MVP
7273,신서연,ssng608@gmail.com,010-4207-6385,대구,35.8714,128.6014,2022-02-15,우수
7274,박채원,bchng408@daum.net,010-3222-4482,인천,37.4563,126.7052,2021-07-08,일반
7275,정태현,jth432@naver.com,010-4063-8321,대전,36.3504,127.3845,2022-06-08,일반
7276,전지후,jjh829@daum.net,010-8178-8472,창원,35.2271,128.6811,2022-02-21,VIP
7277,오지아,ngjng345@naver.com,,광주,35.1595,126.8526,2021-06-30,일반
7278,황민준,hmj799@nate.com,010-5725-2447,대전,36.3504,127.3845,2021-01-07,일반
7279,정지후,jjh808@gmail.com,,광주,35.1595,126.8526,2021-10-15,우수
7280,임지훈,ngjh571@naver.com,010-1238-2753,서울,37.5665,126.978,2022-04-09,우수
7281,신지후,sjh245@nate.com,010-5412-2884,청주,36.6424,127.489,2021-01-22,우수
7282,장도윤,jdng986@gmail.com,,청주,36.6424,127.489,2021-12-21,일반
7283,신지후,sjh940@nate.com,010-3503-2214,대전,36.3504,127.3845,2021-06-21,일반
7284,강도현,gdh994@nate.com,010-5667-4321,대전,36.3504,127.3845,2022-12-02,우수
7285,신민서,sms528@nate.com,010-6009-7387,창원,35.2271,128.6811,2022-03-20,일반
7286,황서현,hsh976@naver.com,010-4186-1078,울산,35.5398,129.3114,2022-09-03,우수
7287,박가은,bgng338@naver.com,010-3209-2550,대구,35.8714,128.6014,2021-05-16,우수
7288,권민준,gmj275@nate.com,,청주,36.6424,127.489,2022-05-11,일반
7289,전지민,jjm172@daum.net,010-9848-6764,창원,35.2271,128.6811,2021-10-17,VIP
7290,최우진,chngj852@nate.com,010-7812-1681,광주,35.1595,126.8526,2022-03-09,VIP
7291,조지아,jjng389@daum.net,010-7860-9444,전주,35.8219,127.148,2021-06-03,우수
7292,강영민,gngm261@nate.com,010-2173-6027,창원,35.2271,128.6811,2021-11-17,일반
7293,박나윤,bnng111@nate.com,010-7039-3780,울산,35.5398,129.3114,2021-03-13,일반
7294,조하준,jhj849@daum.net,010-9964-9268,세종,36.48,127.289,2022-06-25,일반
7295,오현정,nghj144@nate.com,,창원,35.2271,128.6811,2021-01-16,일반
7296,윤우진,ngngj853@nate.com,,전주,35.8219,127.148,2021-03-14,MVP
7297,이주원,ngjng580@naver.com,,서울,37.5665,126.978,2022-10-28,일반
7298,윤지현,ngjh640@daum.net,010-2595-3282,청주,36.6424,127.489,2022-08-11,일반
7299,전서현,jsh257@gmail.com,,세종,36.48,127.289,2021-06-06,일반
7300,이현정,nghj309@naver.com,,광주,35.1595,126.8526,2022-07-21,우수
7301,윤시아,ngsng653@daum.net,010-4950-9144,부산,35.1796,129.0756,2021-04-19,일반
7302,황도현,hdh914@naver.com,010-3577-8192,수원,37.2636,127.0286,2022-11-09,일반
7303,송수빈,ssb499@nate.com,010-1125-5801,수원,37.2636,127.0286,2021-06-10,일반
7304,강주원,gjng707@nate.com,,울산,35.5398,129.3114,2021-12-03,VIP
7305,장예린,jngr366@nate.com,010-1387-7601,광주,35.1595,126.8526,2022-04-16,일반
7306,정영민,jngm123@nate.com,010-5894-3021,수원,37.2636,127.0286,2021-03-08,VIP
7307,전하늘,jhn819@nate.com,,인천,37.4563,126.7052,2021-02-21,VIP
7308,전하늘,jhn181@gmail.com,010-9482-5451,대구,35.8714,128.6014,2021-01-11,일반
7309,윤도현,ngdh762@naver.com,010-2379-2903,창원,35.2271,128.6811,2021-05-03,우수
7310,박가은,bgng748@nate.com,010-4195-1346,창원,35.2271,128.6811,2022-02-25,일반
7311,오민준,ngmj565@daum.net,,창원,35.2271,128.6811,2021-12-14,MVP
7312,임우진,ngngj344@naver.com,010-3721-1097,세종,36.48,127.289,2021-04-10,우수
7313,정가은,jgng632@daum.net,010-2826-7706,청주,36.6424,127.489,2021-09-28,일반
7314,박예린,bngr486@naver.com,010-5472-1953,청주,36.6424,127.489,2022-02-23,일반
7315,안채원,ngchng638@daum.net,010-4811-3174,부산,35.1796,129.0756,2022-11-02,일반
7316,윤하늘,nghn206@naver.com,010-6245-8909,세종,36.48,127.289,2021-01-15,MVP
7317,임예준,ngngj138@naver.com,010-3870-7789,세종,36.48,127.289,2022-02-25,일반
7318,오하린,nghr374@gmail.com,,전주,35.8219,127.148,2021-12-01,우수
7319,송지후,sjh639@daum.net,010-9078-9470,부산,35.1796,129.0756,2022-03-18,일반
7320,박현정,bhj221@nate.com,010-7726-9199,대전,36.3504,127.3845,2021-10-12,VIP
7321,장현정,jhj590@gmail.com,010-1961-2646,대구,35.8714,128.6014,2021-06-24,일반
7322,이태현,ngth282@gmail.com,010-6585-2978,광주,35.1595,126.8526,2022-06-18,우수
7323,최지아,chjng476@gmail.com,,부산,35.1796,129.0756,2021-02-24,일반
7324,신서준,ssj234@naver.com,010-6535-7507,전주,35.8219,127.148,2022-01-15,우수
7325,안하준,nghj622@gmail.com,010-9812-2862,부산,35.1796,129.0756,2021-10-05,일반
7326,정가은,jgng348@daum.net,010-7539-9113,울산,35.5398,129.3114,2021-08-22,일반
7327,신지민,sjm150@naver.com,010-3950-8588,세종,36.48,127.289,2021-04-08,일반
7328,안태현,ngth748@daum.net,010-8534-2468,세종,36.48,127.289,2022-06-09,우수
7329,송예준,sngj974@naver.com,010-8268-1748,수원,37.2636,127.0286,2021-08-24,일반
7330,한예준,hngj112@daum.net,010-1501-4027,세종,36.48,127.289,2021-08-27,우수
7331,안하준,nghj196@naver.com,,부산,35.1796,129.0756,2022-12-23,일반
7332,임영민,ngngm623@naver.com,010-2513-5929,대전,36.3504,127.3845,2022-10-07,VIP
7333,윤민준,ngmj380@daum.net,010-9724-5860,대전,36.3504,127.3845,2022-01-26,VIP
7334,정현정,jhj435@nate.com,010-1257-1348,대구,35.8714,128.6014,2021-11-04,우수
7335,박시아,bsng562@nate.com,010-5534-6893,수원,37.2636,127.0286,2022-09-16,일반
7336,김서준,gsj364@gmail.com,,창원,35.2271,128.6811,2022-01-08,일반
7337,박지후,bjh744@gmail.com,010-7372-7392,대구,35.8714,128.6014,2021-01-27,일반
7338,박민서,bms104@nate.com,010-7585-5384,전주,35.8219,127.148,2021-04-19,일반
7339,서우진,sngj915@naver.com,010-9555-9007,청주,36.6424,127.489,2021-02-01,우수
7340,정하늘,jhn416@gmail.com,010-7442-3288,수원,37.2636,127.0286,2021-04-19,우수
7341,윤나윤,ngnng387@daum.net,010-8207-3329,대전,36.3504,127.3845,2021-02-27,VIP
7342,임민서,ngms874@nate.com,010-7716-4211,인천,37.4563,126.7052,2021-03-26,일반
7343,신주원,sjng126@gmail.com,010-5464-5825,울산,35.5398,129.3114,2021-01-08,우수
7344,최민서,chms853@naver.com,010-1468-2024,대구,35.8714,128.6014,2021-03-11,일반
7345,권서준,gsj815@nate.com,010-4977-8174,울산,35.5398,129.3114,2022-06-24,우수
7346,정도윤,jdng814@daum.net,010-6665-9414,수원,37.2636,127.0286,2022-08-13,일반
7347,장채원,jchng836@gmail.com,,대전,36.3504,127.3845,2022-05-08,일반
7348,한가은,hgng567@gmail.com,010-6676-7293,인천,37.4563,126.7052,2022-03-03,일반
7349,장도윤,jdng796@nate.com,010-8496-2558,광주,35.1595,126.8526,2022-02-09,우수
7350,오수빈,ngsb891@gmail.com,,부산,35.1796,129.0756,2021-05-02,VIP
7351,황민준,hmj207@gmail.com,010-4141-7016,전주,35.8219,127.148,2021-12-12,일반
7352,전서연,jsng602@naver.com,010-6555-3248,울산,35.5398,129.3114,2021-07-06,일반
7353,한수빈,hsb531@gmail.com,010-4893-4072,광주,35.1595,126.8526,2021-01-29,일반
7354,한지현,hjh944@daum.net,010-7845-2074,수원,37.2636,127.0286,2021-02-18,우수
7355,안서연,ngsng788@naver.com,010-3376-3638,서울,37.5665,126.978,2021-09-16,일반
7356,전하린,jhr995@nate.com,010-3029-1054,수원,37.2636,127.0286,2022-01-18,우수
7357,박가은,bgng346@naver.com,010-4558-1157,창원,35.2271,128.6811,2022-07-12,MVP
7358,전민준,jmj387@gmail.com,010-7887-6647,서울,37.5665,126.978,2021-09-11,VIP
7359,송우진,sngj953@gmail.com,,부산,35.1796,129.0756,2021-11-08,일반
7360,오서연,ngsng440@gmail.com,010-9002-1610,인천,37.4563,126.7052,2021-12-27,VIP
7361,이하린,nghr432@gmail.com,010-1113-5443,인천,37.4563,126.7052,2022-11-30,우수
7362,신지후,sjh504@gmail.com,010-9459-4160,창원,35.2271,128.6811,2022-08-13,일반
7363,안서연,ngsng373@naver.com,010-7793-2302,울산,35.5398,129.3114,2021-05-17,우수
7364,서가은,sgng298@nate.com,010-2089-8461,세종,36.48,127.289,2022-11-19,VIP
7365,권유진,gngj289@nate.com,010-5901-3947,전주,35.8219,127.148,2022-11-29,일반
7366,신하린,shr201@daum.net,010-8571-9845,대전,36.3504,127.3845,2022-12-26,일반
7367,송채원,schng190@daum.net,,부산,35.1796,129.0756,2022-12-08,일반
7368,오영민,ngngm267@nate.com,010-9736-8741,세종,36.48,127.289,2021-02-06,우수
7369,오도현,ngdh446@gmail.com,,광주,35.1595,126.8526,2022-03-17,일반
7370,임영민,ngngm942@gmail.com,010-7315-8240,수원,37.2636,127.0286,2022-07-04,VIP
7371,안시아,ngsng832@daum.net,010-2849-4291,서울,37.5665,126.978,2021-04-14,우수
7372,안수빈,ngsb163@nate.com,010-3756-1359,대전,36.3504,127.3845,2021-03-24,우수
7373,최현우,chhng383@daum.net,010-3858-9942,대구,35.8714,128.6014,2022-07-20,일반
7374,박도현,bdh418@gmail.com,,대전,36.3504,127.3845,2022-02-04,우수
7375,황지아,hjng547@naver.com,010-4030-4533,광주,35.1595,126.8526,2022-03-27,일반
7376,서예린,sngr266@nate.com,,대구,35.8714,128.6014,2021-08-27,일반
7377,전민준,jmj347@daum.net,010-9192-5641,광주,35.1595,126.8526,2021-10-31,우수
7378,윤나윤,ngnng282@gmail.com,010-6273-5848,전주,35.8219,127.148,2021-02-13,일반
7379,신지아,sjng528@gmail.com,010-4083-1937,세종,36.48,127.289,2022-04-17,우수
7380,황시아,hsng103@gmail.com,010-9207-5569,전주,35.8219,127.148,2022-08-08,일반
7381,신수빈,ssb529@gmail.com,010-7098-2934,세종,36.48,127.289,2021-01-20,일반
7382,박나윤,bnng140@naver.com,010-3670-6218,전주,35.8219,127.148,2021-12-26,일반
7383,황가은,hgng507@naver.com,010-1551-3334,부산,35.1796,129.0756,2021-02-28,MVP
7384,안민준,ngmj454@nate.com,010-1381-1392,창원,35.2271,128.6811,2022-12-21,우수
7385,이나윤,ngnng362@daum.net,010-7262-4903,대전,36.3504,127.3845,2021-03-17,우수
7386,이도현,ngdh483@nate.com,010-3535-4070,인천,37.4563,126.7052,2022-05-24,일반
7387,김하준,ghj216@nate.com,010-4475-1358,광주,35.1595,126.8526,2022-07-08,일반
7388,오지후,ngjh570@gmail.com,010-7429-1473,부산,35.1796,129.0756,2021-08-21,MVP
7389,권하준,ghj104@naver.com,010-4166-3306,인천,37.4563,126.7052,2021-10-13,일반
7390,윤서현,ngsh576@nate.com,010-5439-7158,광주,35.1595,126.8526,2022-03-07,일반
7391,신지현,sjh658@daum.net,010-5809-9279,대구,35.8714,128.6014,2021-07-10,우수
7392,임주원,ngjng528@gmail.com,010-5682-8163,세종,36.48,127.289,2022-03-28,일반
7393,한하늘,hhn446@nate.com,010-5903-7007,수원,37.2636,127.0286,2022-01-16,VIP
7394,박나윤,bnng812@naver.com,010-4966-5347,대전,36.3504,127.3845,2021-05-21,우수
7395,신지아,sjng797@naver.com,010-6950-2494,청주,36.6424,127.489,2022-09-24,일반
7396,신지원,sjng247@naver.com,010-4404-6345,청주,36.6424,127.489,2022-06-18,일반
7397,최예준,chngj663@nate.com,010-5253-2113,세종,36.48,127.289,2022-06-28,일반
7398,장우진,jngj673@nate.com,010-8289-7677,청주,36.6424,127.489,2022-05-12,VIP
7399,조시아,jsng556@gmail.com,,서울,37.5665,126.978,2021-07-17,우수
7400,송수빈,ssb973@naver.com,010-7851-1897,세종,36.48,127.289,2022-05-14,일반
7401,서예린,sngr652@nate.com,010-5632-3862,세종,36.48,127.289,2022-11-15,일반
7402,김유진,gngj802@gmail.com,010-5850-7609,청주,36.6424,127.489,2021-11-29,우수
7403,강주원,gjng942@gmail.com,010-7667-6414,울산,35.5398,129.3114,2021-08-03,우수
7404,박지아,bjng838@nate.com,010-2407-3173,광주,35.1595,126.8526,2021-04-27,일반
7405,박우진,bngj173@naver.com,,전주,35.8219,127.148,2022-06-18,일반
7406,안서현,ngsh961@nate.com,010-8047-9339,창원,35.2271,128.6811,2021-02-18,일반
7407,서유진,sngj906@gmail.com,010-7715-1869,청주,36.6424,127.489,2021-09-17,우수
7408,최민서,chms114@daum.net,010-8587-1606,창원,35.2271,128.6811,2021-08-31,MVP
7409,최태현,chth934@daum.net,010-4014-7351,광주,35.1595,126.8526,2022-12-10,일반
7410,임예준,ngngj855@naver.com,010-7128-6486,대전,36.3504,127.3845,2022-01-31,우수
7411,정가은,jgng773@daum.net,010-4205-6196,전주,35.8219,127.148,2022-05-13,일반
7412,최지민,chjm656@naver.com,010-3947-3606,인천,37.4563,126.7052,2021-01-06,일반
7413,권가은,ggng227@gmail.com,,대구,35.8714,128.6014,2022-10-31,일반
7414,이서준,ngsj246@gmail.com,010-1843-1522,전주,35.8219,127.148,2021-10-12,VIP
7415,송지훈,sjh553@daum.net,010-8960-5040,광주,35.1595,126.8526,2022-01-04,일반
7416,임예린,ngngr760@naver.com,,인천,37.4563,126.7052,2022-07-28,우수
7417,박지후,bjh230@gmail.com,010-7393-5303,수원,37.2636,127.0286,2022-10-12,일반
7418,안현우,nghng466@gmail.com,010-9453-9146,수원,37.2636,127.0286,2021-10-06,일반
7419,조주원,jjng691@nate.com,010-6487-7995,광주,35.1595,126.8526,2022-06-07,일반
7420,정민서,jms209@naver.com,010-5250-5896,세종,36.48,127.289,2021-02-24,우수
7421,신지현,sjh724@daum.net,010-1476-2004,광주,35.1595,126.8526,2022-08-01,일반
7422,신지민,sjm932@gmail.com,010-4251-1895,창원,35.2271,128.6811,2021-11-01,우수
7423,서주원,sjng964@nate.com,010-6432-9225,대전,36.3504,127.3845,2022-02-20,일반
7424,송도현,sdh679@nate.com,010-5923-7370,인천,37.4563,126.7052,2021-10-02,일반
7425,윤예준,ngngj245@daum.net,010-3830-8512,인천,37.4563,126.7052,2022-12-05,일반
7426,임시아,ngsng351@gmail.com,,창원,35.2271,128.6811,2022-06-13,일반
7427,박주원,bjng241@gmail.com,010-2578-3268,인천,37.4563,126.7052,2021-03-17,일반
7428,안지원,ngjng180@naver.com,010-6319-5762,울산,35.5398,129.3114,2022-06-06,일반
7429,최가은,chgng497@daum.net,010-1020-9805,인천,37.4563,126.7052,2021-08-24,우수
7430,권민서,gms587@daum.net,,부산,35.1796,129.0756,2022-09-22,우수
7431,이지후,ngjh280@naver.com,,전주,35.8219,127.148,2022-03-18,일반
7432,윤우진,ngngj878@nate.com,010-7982-8662,수원,37.2636,127.0286,2021-10-21,일반
7433,장태현,jth644@daum.net,010-4591-2271,울산,35.5398,129.3114,2021-10-06,일반
7434,이영민,ngngm924@naver.com,010-9925-6799,인천,37.4563,126.7052,2021-08-12,일반
7435,장현우,jhng557@nate.com,,세종,36.48,127.289,2021-08-30,일반
7436,한지아,hjng451@naver.com,010-5548-6591,부산,35.1796,129.0756,2022-09-28,VIP
7437,서지아,sjng252@naver.com,,대전,36.3504,127.3845,2021-07-30,일반
7438,정예린,jngr781@gmail.com,010-6991-9215,인천,37.4563,126.7052,2021-12-31,일반
7439,안하린,nghr632@naver.com,,전주,35.8219,127.148,2022-09-24,일반
7440,조민준,jmj588@gmail.com,,대전,36.3504,127.3845,2021-04-24,일반
7441,오수빈,ngsb121@nate.com,010-4054-5917,세종,36.48,127.289,2021-03-01,우수
7442,장태현,jth829@daum.net,010-8177-2137,대전,36.3504,127.3845,2022-04-26,일반
7443,최현우,chhng959@gmail.com,010-9624-8970,광주,35.1595,126.8526,2022-12-12,일반
7444,조도윤,jdng789@gmail.com,,인천,37.4563,126.7052,2021-11-02,우수
7445,임유진,ngngj715@nate.com,010-8002-9656,대구,35.8714,128.6014,2022-08-09,일반
7446,임지원,ngjng625@naver.com,010-1238-4151,전주,35.8219,127.148,2021-04-12,우수
7447,한지아,hjng795@daum.net,010-7193-4119,수원,37.2636,127.0286,2022-12-31,우수
7448,강가은,ggng922@nate.com,010-9042-2162,광주,35.1595,126.8526,2021-02-05,일반
7449,정지민,jjm413@naver.com,,부산,35.1796,129.0756,2021-01-07,우수
7450,송나윤,snng549@naver.com,,수원,37.2636,127.0286,2022-07-15,일반
7451,윤서연,ngsng524@daum.net,,창원,35.2271,128.6811,2022-05-21,우수
7452,오시아,ngsng827@gmail.com,010-7630-5376,전주,35.8219,127.148,2022-12-01,일반
7453,윤채원,ngchng777@naver.com,,광주,35.1595,126.8526,2022-02-28,일반
7454,전유진,jngj907@gmail.com,010-2978-9335,인천,37.4563,126.7052,2021-03-16,우수
7455,황민준,hmj802@gmail.com,010-3293-3929,서울,37.5665,126.978,2021-02-11,VIP
7456,정서준,jsj467@naver.com,,인천,37.4563,126.7052,2021-06-20,MVP
7457,전현우,jhng689@daum.net,010-9656-1496,울산,35.5398,129.3114,2021-02-20,우수
7458,임서연,ngsng492@gmail.com,010-1254-2509,세종,36.48,127.289,2021-04-30,일반
7459,임민서,ngms984@naver.com,010-2632-2995,대전,36.3504,127.3845,2022-04-22,일반
7460,황지후,hjh681@gmail.com,010-7600-9436,울산,35.5398,129.3114,2022-03-05,일반
7461,안서현,ngsh845@daum.net,010-3995-8616,세종,36.48,127.289,2022-03-16,일반
7462,조도윤,jdng534@gmail.com,,대구,35.8714,128.6014,2021-12-23,일반
7463,임태현,ngth991@daum.net,010-4264-3074,서울,37.5665,126.978,2022-02-08,VIP
7464,권현정,ghj955@gmail.com,010-3531-5511,전주,35.8219,127.148,2022-12-13,일반
7465,박예린,bngr537@daum.net,010-5911-7251,청주,36.6424,127.489,2021-11-18,일반
7466,송서연,ssng487@nate.com,010-5167-7745,울산,35.5398,129.3114,2022-10-13,일반
7467,최지훈,chjh269@daum.net,,서울,37.5665,126.978,2021-01-18,VIP
7468,김영민,gngm814@gmail.com,010-8329-9365,대구,35.8714,128.6014,2022-03-31,우수
7469,장민서,jms849@gmail.com,010-3921-4120,서울,37.5665,126.978,2022-05-02,우수
7470,강주원,gjng432@naver.com,010-3694-3314,대구,35.8714,128.6014,2022-05-08,일반
7471,조채원,jchng340@daum.net,,광주,35.1595,126.8526,2021-02-15,VIP
7472,장도윤,jdng582@nate.com,010-7906-8161,울산,35.5398,129.3114,2022-01-13,일반
7473,박서준,bsj815@gmail.com,010-2413-3008,서울,37.5665,126.978,2021-01-20,VIP
7474,안태현,ngth490@naver.com,010-4911-4526,청주,36.6424,127.489,2021-10-02,우수
7475,조우진,jngj620@gmail.com,,대전,36.3504,127.3845,2021-02-27,일반
7476,전서현,jsh791@nate.com,010-6695-6750,대구,35.8714,128.6014,2021-03-30,일반
7477,안서준,ngsj764@gmail.com,010-6545-8551,수원,37.2636,127.0286,2022-05-08,우수
7478,오도윤,ngdng806@naver.com,010-4659-3225,부산,35.1796,129.0756,2022-06-06,일반
7479,조민서,jms155@daum.net,010-6237-1270,대전,36.3504,127.3845,2021-09-20,VIP
7480,최예린,chngr302@gmail.com,010-5887-2788,대구,35.8714,128.6014,2022-06-03,일반
7481,송우진,sngj281@naver.com,010-6294-8431,인천,37.4563,126.7052,2022-02-17,일반
7482,이예준,ngngj581@nate.com,010-8981-1622,대구,35.8714,128.6014,2021-08-23,일반
7483,박서준,bsj532@daum.net,,대구,35.8714,128.6014,2022-02-16,일반
7484,임현정,nghj841@nate.com,010-4816-2294,부산,35.1796,129.0756,2021-07-08,일반
7485,이지아,ngjng259@nate.com,010-8665-6137,인천,37.4563,126.7052,2022-10-25,일반
7486,서지현,sjh893@gmail.com,,울산,35.5398,129.3114,2022-12-13,우수
7487,최하늘,chhn544@nate.com,010-7295-7601,서울,37.5665,126.978,2022-09-18,일반
7488,최예준,chngj939@naver.com,,수원,37.2636,127.0286,2022-08-15,MVP
7489,박가은,bgng117@nate.com,010-4594-6915,광주,35.1595,126.8526,2022-05-30,우수
7490,송현정,shj343@gmail.com,010-4247-7183,창원,35.2271,128.6811,2022-05-20,VIP
7491,조도윤,jdng368@naver.com,010-2547-9454,수원,37.2636,127.0286,2022-10-07,일반
7492,신도윤,sdng775@nate.com,010-8077-4570,광주,35.1595,126.8526,2022-10-25,일반
7493,장태현,jth424@daum.net,010-3778-3826,창원,35.2271,128.6811,2022-01-27,일반
7494,김서연,gsng928@naver.com,010-4942-1892,광주,35.1595,126.8526,2021-12-18,우수
7495,김지후,gjh918@daum.net,010-8536-7033,수원,37.2636,127.0286,2021-03-02,VIP
7496,신서현,ssh351@daum.net,010-1642-9305,전주,35.8219,127.148,2021-10-24,일반
7497,안지원,ngjng963@naver.com,010-4932-2399,대전,36.3504,127.3845,2022-07-25,일반
7498,강수빈,gsb842@naver.com,010-4435-5727,세종,36.48,127.289,2022-03-30,VIP
7499,이민서,ngms696@naver.com,,인천,37.4563,126.7052,2022-05-29,일반
7500,송예준,sngj495@nate.com,010-2536-2953,부산,35.1796,129.0756,2022-05-18,우수
7501,김현우,ghng391@gmail.com,010-9051-4584,인천,37.4563,126.7052,2021-02-24,우수
7502,서예준,sngj610@daum.net,010-5287-2728,광주,35.1595,126.8526,2022-04-11,VIP
7503,황서현,hsh728@gmail.com,010-1094-1294,수원,37.2636,127.0286,2021-10-06,일반
7504,이민준,ngmj869@gmail.com,010-3760-2924,부산,35.1796,129.0756,2021-08-22,일반
7505,장영민,jngm660@gmail.com,,대전,36.3504,127.3845,2021-01-09,우수
7506,윤영민,ngngm906@naver.com,010-2278-3457,부산,35.1796,129.0756,2021-12-30,VIP
7507,권나윤,gnng603@naver.com,010-8344-7889,대전,36.3504,127.3845,2021-10-23,일반
7508,임유진,ngngj486@gmail.com,010-2616-7116,수원,37.2636,127.0286,2021-11-14,일반
7509,송채원,schng948@naver.com,010-8260-6071,대구,35.8714,128.6014,2022-02-11,우수
7510,황태현,hth145@gmail.com,010-2944-4033,대전,36.3504,127.3845,2022-06-12,VIP
7511,김지현,gjh623@naver.com,010-7158-6694,대구,35.8714,128.6014,2022-06-19,VIP
7512,서도윤,sdng680@nate.com,010-7202-9903,수원,37.2636,127.0286,2022-10-13,MVP
7513,박주원,bjng486@nate.com,010-2936-7308,울산,35.5398,129.3114,2022-12-01,일반
7514,전지현,jjh680@naver.com,010-1439-9230,전주,35.8219,127.148,2022-04-14,일반
7515,서가은,sgng903@nate.com,010-5856-9831,광주,35.1595,126.8526,2022-04-12,우수
7516,서지원,sjng960@nate.com,010-8601-9035,세종,36.48,127.289,2022-11-11,VIP
7517,서민서,sms319@gmail.com,010-7741-9593,서울,37.5665,126.978,2022-04-19,일반
7518,정지후,jjh771@naver.com,010-4669-4912,세종,36.48,127.289,2021-08-29,일반
7519,장수빈,jsb890@daum.net,010-3878-8110,전주,35.8219,127.148,2021-04-06,우수
7520,황지아,hjng612@nate.com,,광주,35.1595,126.8526,2022-04-05,일반
7521,윤서현,ngsh938@daum.net,,대전,36.3504,127.3845,2022-02-17,일반
7522,한주원,hjng183@nate.com,,대구,35.8714,128.6014,2021-05-19,우수
7523,조민준,jmj753@daum.net,010-3743-9321,수원,37.2636,127.0286,2022-03-26,우수
7524,안태현,ngth115@naver.com,010-6677-6466,전주,35.8219,127.148,2022-11-24,우수
7525,황지민,hjm733@naver.com,010-4527-9161,서울,37.5665,126.978,2022-06-09,일반
7526,이수빈,ngsb712@gmail.com,010-1166-7839,전주,35.8219,127.148,2022-11-20,우수
7527,정지후,jjh801@gmail.com,010-6022-5810,광주,35.1595,126.8526,2021-10-16,우수
7528,박시아,bsng946@nate.com,,대전,36.3504,127.3845,2022-04-11,우수
7529,송태현,sth392@nate.com,,세종,36.48,127.289,2021-05-08,우수
7530,권나윤,gnng889@naver.com,010-6180-7178,대전,36.3504,127.3845,2022-09-17,일반
7531,윤지훈,ngjh306@nate.com,010-5106-2709,광주,35.1595,126.8526,2021-02-18,일반
7532,서도현,sdh244@nate.com,010-9281-7216,세종,36.48,127.289,2021-07-02,일반
7533,강지아,gjng780@nate.com,010-5040-3337,서울,37.5665,126.978,2021-03-27,일반
7534,최지원,chjng995@nate.com,,울산,35.5398,129.3114,2022-04-05,우수
7535,박하늘,bhn576@gmail.com,,세종,36.48,127.289,2021-04-24,VIP
7536,오가은,nggng724@naver.com,010-2286-9449,전주,35.8219,127.148,2021-02-16,우수
7537,송도현,sdh784@gmail.com,,인천,37.4563,126.7052,2021-06-26,우수
7538,최지아,chjng696@nate.com,,서울,37.5665,126.978,2021-11-17,일반
7539,임지민,ngjm211@gmail.com,010-8904-5206,세종,36.48,127.289,2021-09-01,일반
7540,박지훈,bjh517@daum.net,010-4003-5052,광주,35.1595,126.8526,2021-11-04,일반
7541,조도현,jdh448@daum.net,010-5942-2427,창원,35.2271,128.6811,2021-03-18,일반
7542,한서현,hsh520@nate.com,010-7256-4273,대구,35.8714,128.6014,2021-01-25,일반
7543,윤하늘,nghn521@daum.net,010-1893-8314,수원,37.2636,127.0286,2022-02-14,우수
7544,임지훈,ngjh313@daum.net,010-1023-2053,인천,37.4563,126.7052,2021-11-21,MVP
7545,전예준,jngj523@daum.net,010-1322-7436,대구,35.8714,128.6014,2022-02-12,일반
7546,서하린,shr537@nate.com,010-4407-5337,세종,36.48,127.289,2022-06-04,일반
7547,박우진,bngj915@daum.net,010-5513-9971,인천,37.4563,126.7052,2021-10-08,우수
7548,서지훈,sjh889@gmail.com,010-1401-1283,청주,36.6424,127.489,2021-11-20,일반
7549,장지후,jjh459@gmail.com,,수원,37.2636,127.0286,2021-10-11,VIP
7550,신지후,sjh712@naver.com,010-7619-6963,창원,35.2271,128.6811,2022-12-30,우수
7551,최나윤,chnng309@naver.com,,세종,36.48,127.289,2021-03-29,VIP
7552,임하린,nghr771@gmail.com,010-5591-4858,인천,37.4563,126.7052,2022-03-16,일반
7553,안지훈,ngjh874@nate.com,010-2605-3592,전주,35.8219,127.148,2021-01-27,우수
7554,김지원,gjng149@gmail.com,010-3480-4995,울산,35.5398,129.3114,2021-08-05,일반
7555,신주원,sjng425@naver.com,010-9021-2961,인천,37.4563,126.7052,2022-07-20,우수
7556,최가은,chgng983@naver.com,010-2771-3293,전주,35.8219,127.148,2021-10-28,일반
7557,안나윤,ngnng861@naver.com,010-4915-9716,서울,37.5665,126.978,2021-01-28,일반
7558,최하늘,chhn316@naver.com,,대전,36.3504,127.3845,2022-01-08,우수
7559,황시아,hsng191@nate.com,,세종,36.48,127.289,2022-02-14,우수
7560,전서연,jsng108@nate.com,,창원,35.2271,128.6811,2021-03-29,VIP
7561,정하린,jhr987@naver.com,010-6345-3013,대구,35.8714,128.6014,2021-08-22,우수
7562,윤채원,ngchng314@daum.net,010-5050-6770,대구,35.8714,128.6014,2021-03-26,우수
7563,서하준,shj828@nate.com,010-6800-1360,전주,35.8219,127.148,2021-05-21,일반
7564,장가은,jgng808@gmail.com,,창원,35.2271,128.6811,2021-09-17,우수
7565,권예린,gngr608@gmail.com,,울산,35.5398,129.3114,2022-07-18,우수
7566,송하준,shj179@naver.com,010-3638-2585,대전,36.3504,127.3845,2021-10-20,VIP
7567,신지후,sjh484@naver.com,,창원,35.2271,128.6811,2022-05-15,VIP
7568,안서연,ngsng973@daum.net,010-8195-4779,청주,36.6424,127.489,2022-12-15,일반
7569,정가은,jgng266@naver.com,010-8090-4276,인천,37.4563,126.7052,2021-05-22,VIP
7570,권지현,gjh669@naver.com,010-3597-6577,울산,35.5398,129.3114,2022-06-09,일반
7571,장도윤,jdng400@daum.net,010-9871-5589,인천,37.4563,126.7052,2022-06-18,일반
7572,황지원,hjng725@gmail.com,010-2479-8254,대전,36.3504,127.3845,2021-09-22,우수
7573,서우진,sngj319@daum.net,,대전,36.3504,127.3845,2021-03-21,일반
7574,권시아,gsng406@gmail.com,010-6731-4554,울산,35.5398,129.3114,2022-12-09,우수
7575,강시아,gsng352@naver.com,010-9808-4800,대전,36.3504,127.3845,2021-11-03,일반
7576,장채원,jchng483@gmail.com,010-1084-8365,창원,35.2271,128.6811,2022-08-25,일반
7577,황유진,hngj928@daum.net,010-2980-6279,세종,36.48,127.289,2021-05-20,우수
7578,권민준,gmj538@nate.com,010-1008-2696,인천,37.4563,126.7052,2021-12-21,우수
7579,서하준,shj291@gmail.com,010-8349-8267,대전,36.3504,127.3845,2021-07-19,VIP
7580,최지훈,chjh727@daum.net,,수원,37.2636,127.0286,2022-05-03,우수
7581,안지훈,ngjh698@naver.com,010-9500-4894,울산,35.5398,129.3114,2021-04-30,우수
7582,김유진,gngj869@nate.com,010-1771-9334,수원,37.2636,127.0286,2021-05-17,일반
7583,강민준,gmj841@nate.com,010-9217-9428,청주,36.6424,127.489,2022-05-30,일반
7584,강하준,ghj136@naver.com,010-1064-5485,광주,35.1595,126.8526,2021-07-01,일반
7585,정지후,jjh750@daum.net,010-2343-4466,청주,36.6424,127.489,2021-09-23,우수
7586,이채원,ngchng260@nate.com,010-1184-3744,창원,35.2271,128.6811,2021-05-14,우수
7587,오예준,ngngj123@gmail.com,,청주,36.6424,127.489,2021-06-21,일반
7588,송도현,sdh917@naver.com,010-9396-9608,광주,35.1595,126.8526,2022-04-20,우수
7589,윤유진,ngngj907@daum.net,010-1556-4801,대구,35.8714,128.6014,2021-06-22,우수
7590,강영민,gngm274@daum.net,,서울,37.5665,126.978,2022-07-19,일반
7591,권민서,gms757@gmail.com,010-9751-2705,서울,37.5665,126.978,2021-08-27,일반
7592,황도윤,hdng905@daum.net,010-3431-5811,서울,37.5665,126.978,2022-01-24,VIP
7593,신민준,smj618@daum.net,010-1818-9869,창원,35.2271,128.6811,2021-06-15,우수
7594,오도윤,ngdng466@gmail.com,010-9359-7826,인천,37.4563,126.7052,2021-05-24,VIP
7595,신서준,ssj122@nate.com,010-2795-2684,전주,35.8219,127.148,2021-10-24,일반
7596,권도윤,gdng482@gmail.com,010-9205-9001,대구,35.8714,128.6014,2022-02-20,MVP
7597,윤민서,ngms228@daum.net,010-1350-2731,창원,35.2271,128.6811,2022-11-21,일반
7598,정유진,jngj716@nate.com,010-4338-5408,수원,37.2636,127.0286,2021-10-13,일반
7599,윤가은,nggng238@nate.com,010-9032-2219,수원,37.2636,127.0286,2022-11-08,MVP
7600,오우진,ngngj772@naver.com,010-6566-6308,전주,35.8219,127.148,2022-08-04,일반
7601,황예준,hngj906@daum.net,010-9137-1845,세종,36.48,127.289,2022-11-19,우수
7602,이수빈,ngsb190@gmail.com,010-1771-4804,전주,35.8219,127.148,2022-10-22,일반
7603,한지후,hjh324@nate.com,010-2874-8703,대구,35.8714,128.6014,2021-12-24,우수
7604,강지후,gjh372@gmail.com,,광주,35.1595,126.8526,2022-10-09,VIP
7605,오지아,ngjng838@nate.com,010-2805-5457,울산,35.5398,129.3114,2021-09-11,일반
7606,윤지아,ngjng577@gmail.com,,울산,35.5398,129.3114,2021-04-23,우수
7607,임주원,ngjng978@gmail.com,010-9195-6537,부산,35.1796,129.0756,2022-12-15,일반
7608,장하린,jhr826@gmail.com,010-7330-6328,창원,35.2271,128.6811,2021-06-01,우수
7609,전유진,jngj220@nate.com,010-7389-7931,대구,35.8714,128.6014,2021-08-27,일반
7610,임지아,ngjng222@daum.net,010-8381-5323,대구,35.8714,128.6014,2021-04-01,일반
7611,김나윤,gnng862@gmail.com,010-1951-2918,전주,35.8219,127.148,2021-04-06,일반
7612,최민준,chmj519@naver.com,,수원,37.2636,127.0286,2021-06-18,일반
7613,장현우,jhng262@nate.com,010-6148-2315,광주,35.1595,126.8526,2021-09-29,VIP
7614,안하린,nghr740@gmail.com,010-6412-6336,청주,36.6424,127.489,2022-08-17,일반
7615,박수빈,bsb712@gmail.com,010-7565-1668,광주,35.1595,126.8526,2021-10-19,일반
7616,조지훈,jjh475@daum.net,010-5646-5469,수원,37.2636,127.0286,2022-09-01,일반
7617,이하늘,nghn147@gmail.com,010-6339-7565,서울,37.5665,126.978,2021-01-06,일반
7618,송예준,sngj717@naver.com,,대구,35.8714,128.6014,2021-07-15,우수
7619,황시아,hsng876@naver.com,010-4893-1789,울산,35.5398,129.3114,2022-01-30,MVP
7620,권지원,gjng102@daum.net,010-8055-5556,창원,35.2271,128.6811,2022-08-12,일반
7621,김하늘,ghn218@gmail.com,,울산,35.5398,129.3114,2022-04-04,VIP
7622,전도윤,jdng552@nate.com,,광주,35.1595,126.8526,2021-04-11,우수
7623,오하린,nghr266@gmail.com,010-9172-5739,수원,37.2636,127.0286,2022-01-27,일반
7624,전지훈,jjh462@daum.net,,전주,35.8219,127.148,2022-06-30,우수
7625,조예준,jngj637@daum.net,010-6443-5195,전주,35.8219,127.148,2022-03-22,우수
7626,전현우,jhng361@nate.com,010-7722-9473,수원,37.2636,127.0286,2021-04-19,우수
7627,송하늘,shn849@gmail.com,010-7158-4904,서울,37.5665,126.978,2022-04-26,VIP
7628,강서준,gsj182@nate.com,010-1374-9036,서울,37.5665,126.978,2022-10-06,일반
7629,안도윤,ngdng575@nate.com,010-3831-6358,인천,37.4563,126.7052,2021-09-13,VIP
7630,오도현,ngdh643@gmail.com,010-2905-3710,부산,35.1796,129.0756,2022-10-25,우수
7631,권수빈,gsb528@gmail.com,010-8370-9238,광주,35.1595,126.8526,2021-04-08,일반
7632,장우진,jngj229@daum.net,010-1318-2001,울산,35.5398,129.3114,2022-04-25,우수
7633,장지현,jjh774@naver.com,010-7738-6170,광주,35.1595,126.8526,2022-09-15,일반
7634,황예준,hngj288@daum.net,010-9930-5936,대전,36.3504,127.3845,2021-11-02,MVP
7635,권시아,gsng780@daum.net,010-5165-1292,부산,35.1796,129.0756,2022-09-02,우수
7636,박영민,bngm775@daum.net,010-1351-6484,서울,37.5665,126.978,2022-12-11,일반
7637,임도현,ngdh760@daum.net,010-7129-3370,대전,36.3504,127.3845,2022-08-09,일반
7638,최서연,chsng457@naver.com,010-4556-1788,수원,37.2636,127.0286,2022-09-22,우수
7639,권태현,gth513@nate.com,010-3486-5206,전주,35.8219,127.148,2022-02-16,일반
7640,임하준,nghj114@naver.com,010-9090-1148,부산,35.1796,129.0756,2021-11-25,일반
7641,신도현,sdh455@gmail.com,010-1956-8746,부산,35.1796,129.0756,2021-05-15,일반
7642,권지아,gjng339@nate.com,,대구,35.8714,128.6014,2021-12-02,일반
7643,서채원,schng623@gmail.com,,부산,35.1796,129.0756,2022-08-06,일반
7644,정수빈,jsb222@nate.com,010-4750-6867,울산,35.5398,129.3114,2021-06-25,일반
7645,강태현,gth529@gmail.com,010-8330-3840,부산,35.1796,129.0756,2022-04-18,일반
7646,서유진,sngj443@gmail.com,010-8120-2615,대구,35.8714,128.6014,2021-05-11,우수
7647,조유진,jngj771@daum.net,010-1089-2347,인천,37.4563,126.7052,2022-04-09,우수
7648,송주원,sjng318@naver.com,010-1941-1844,청주,36.6424,127.489,2021-05-16,일반
7649,강유진,gngj982@naver.com,010-7538-8717,서울,37.5665,126.978,2021-10-10,일반
7650,임민준,ngmj899@nate.com,010-7098-4605,부산,35.1796,129.0756,2022-07-12,우수
7651,윤도윤,ngdng878@gmail.com,010-9308-4603,광주,35.1595,126.8526,2022-02-18,일반
7652,오지현,ngjh524@naver.com,010-6562-4167,전주,35.8219,127.148,2022-07-23,일반
7653,최나윤,chnng621@daum.net,010-5713-3468,수원,37.2636,127.0286,2021-08-31,일반
7654,최지원,chjng253@nate.com,010-8648-2034,대전,36.3504,127.3845,2022-01-08,VIP
7655,신지민,sjm298@naver.com,010-3172-3637,전주,35.8219,127.148,2021-02-18,우수
7656,최서연,chsng876@gmail.com,,세종,36.48,127.289,2021-01-04,우수
7657,정지현,jjh185@daum.net,010-2435-3192,광주,35.1595,126.8526,2022-05-17,우수
7658,한도윤,hdng282@gmail.com,,수원,37.2636,127.0286,2022-07-14,우수
7659,조우진,jngj115@gmail.com,010-5982-5360,세종,36.48,127.289,2022-08-12,일반
7660,오서현,ngsh474@nate.com,010-7173-3466,울산,35.5398,129.3114,2022-02-02,우수
7661,한지후,hjh520@nate.com,010-3233-1707,부산,35.1796,129.0756,2021-04-15,일반
7662,윤우진,ngngj475@nate.com,,전주,35.8219,127.148,2021-10-02,우수
7663,권유진,gngj489@daum.net,010-1095-1775,창원,35.2271,128.6811,2021-06-26,우수
7664,정하준,jhj399@naver.com,010-8374-2500,인천,37.4563,126.7052,2021-08-25,우수
7665,신지민,sjm418@naver.com,010-6826-2384,대구,35.8714,128.6014,2022-11-09,일반
7666,권서현,gsh861@naver.com,,부산,35.1796,129.0756,2021-03-09,일반
7667,정하린,jhr265@nate.com,010-4478-1910,서울,37.5665,126.978,2022-09-23,우수
7668,서현정,shj582@nate.com,,청주,36.6424,127.489,2021-09-20,우수
7669,최채원,chchng891@gmail.com,010-5023-2231,세종,36.48,127.289,2022-12-12,VIP
7670,이예준,ngngj141@gmail.com,010-7428-1587,서울,37.5665,126.978,2022-11-29,일반
7671,이영민,ngngm439@naver.com,010-6577-7341,청주,36.6424,127.489,2021-02-17,우수
7672,서지아,sjng930@nate.com,,전주,35.8219,127.148,2021-12-21,우수
7673,조지아,jjng962@daum.net,010-3975-3219,대구,35.8714,128.6014,2022-04-29,VIP
7674,권나윤,gnng822@naver.com,010-1133-3728,창원,35.2271,128.6811,2021-07-07,우수
7675,오현정,nghj319@naver.com,010-9919-1364,대전,36.3504,127.3845,2021-10-02,우수
7676,황나윤,hnng519@nate.com,010-7535-6152,광주,35.1595,126.8526,2022-04-19,우수
7677,임지후,ngjh685@daum.net,010-2638-5199,창원,35.2271,128.6811,2021-06-18,우수
7678,서현우,shng880@gmail.com,010-6611-4874,인천,37.4563,126.7052,2022-11-03,MVP
7679,장수빈,jsb367@gmail.com,,부산,35.1796,129.0756,2022-02-20,일반
7680,안지훈,ngjh795@nate.com,010-3590-3375,수원,37.2636,127.0286,2022-11-29,일반
7681,강지후,gjh758@daum.net,010-5744-5561,청주,36.6424,127.489,2021-10-05,VIP
7682,권현정,ghj923@daum.net,010-7472-6085,수원,37.2636,127.0286,2021-11-08,우수
7683,임유진,ngngj182@daum.net,010-8593-3301,인천,37.4563,126.7052,2021-05-01,우수
7684,전예준,jngj362@naver.com,010-4594-4325,울산,35.5398,129.3114,2021-02-26,일반
7685,전예준,jngj376@naver.com,010-5614-7497,수원,37.2636,127.0286,2021-05-13,일반
7686,최나윤,chnng235@naver.com,010-5324-7011,전주,35.8219,127.148,2022-09-08,우수
7687,정태현,jth443@gmail.com,,대구,35.8714,128.6014,2022-03-29,우수
7688,김영민,gngm523@nate.com,010-4567-1987,세종,36.48,127.289,2022-10-16,일반
7689,권지아,gjng127@naver.com,010-5183-7559,창원,35.2271,128.6811,2022-09-19,일반
7690,송지민,sjm264@gmail.com,010-4475-2896,전주,35.8219,127.148,2022-05-06,VIP
7691,박나윤,bnng775@naver.com,010-2373-9357,수원,37.2636,127.0286,2021-06-11,일반
7692,조태현,jth840@daum.net,010-9197-5970,서울,37.5665,126.978,2022-03-30,VIP
7693,송서현,ssh429@daum.net,,서울,37.5665,126.978,2022-01-07,일반
7694,안도윤,ngdng454@gmail.com,010-3180-8546,청주,36.6424,127.489,2021-03-30,우수
7695,안유진,ngngj504@nate.com,010-7433-3655,인천,37.4563,126.7052,2021-03-15,VIP
7696,권태현,gth832@naver.com,010-3017-5997,대전,36.3504,127.3845,2021-08-24,우수
7697,장지현,jjh471@nate.com,010-5399-8411,광주,35.1595,126.8526,2021-03-27,일반
7698,오지후,ngjh765@gmail.com,010-4480-4999,부산,35.1796,129.0756,2021-10-31,우수
7699,송지훈,sjh429@daum.net,010-2462-3049,대전,36.3504,127.3845,2021-12-08,일반
7700,정주원,jjng175@daum.net,010-3099-1879,수원,37.2636,127.0286,2021-04-13,일반
7701,한태현,hth721@naver.com,010-4837-1389,서울,37.5665,126.978,2022-07-21,MVP
7702,전가은,jgng255@naver.com,,인천,37.4563,126.7052,2022-12-31,우수
7703,임태현,ngth170@nate.com,010-8187-1747,울산,35.5398,129.3114,2022-02-22,우수
7704,신지현,sjh643@naver.com,,전주,35.8219,127.148,2022-07-15,일반
7705,강지민,gjm824@nate.com,,세종,36.48,127.289,2021-10-24,일반
7706,김예린,gngr107@nate.com,010-5810-7709,세종,36.48,127.289,2021-08-15,일반
7707,강지원,gjng781@daum.net,010-3312-2486,창원,35.2271,128.6811,2021-01-19,우수
7708,조지원,jjng440@naver.com,,서울,37.5665,126.978,2021-05-02,우수
7709,윤지훈,ngjh801@naver.com,010-4647-8618,울산,35.5398,129.3114,2021-09-22,우수
7710,이서연,ngsng586@daum.net,010-4449-2414,울산,35.5398,129.3114,2021-11-02,VIP
7711,장하늘,jhn279@naver.com,010-5265-6414,부산,35.1796,129.0756,2021-03-17,일반
7712,황하준,hhj119@daum.net,010-3666-2651,광주,35.1595,126.8526,2021-11-24,일반
7713,신현정,shj853@daum.net,,광주,35.1595,126.8526,2021-11-21,일반
7714,신영민,sngm710@daum.net,010-9566-4416,광주,35.1595,126.8526,2021-01-15,일반
7715,신서준,ssj573@naver.com,010-4265-3454,인천,37.4563,126.7052,2022-07-28,일반
7716,송서현,ssh672@nate.com,010-1238-2604,울산,35.5398,129.3114,2022-06-02,MVP
7717,김지민,gjm747@daum.net,010-5671-6105,전주,35.8219,127.148,2021-07-04,일반
7718,조서준,jsj421@naver.com,010-7967-2691,청주,36.6424,127.489,2021-08-05,VIP
7719,장지현,jjh883@gmail.com,010-1292-8544,울산,35.5398,129.3114,2021-08-28,일반
7720,강민서,gms366@naver.com,010-6726-1867,서울,37.5665,126.978,2021-02-16,MVP
7721,강서현,gsh735@daum.net,010-4715-8255,서울,37.5665,126.978,2022-03-30,우수
7722,황채원,hchng674@gmail.com,010-2643-6702,서울,37.5665,126.978,2021-09-26,VIP
7723,김채원,gchng467@daum.net,010-8325-9564,인천,37.4563,126.7052,2021-10-31,일반
7724,임서현,ngsh145@daum.net,010-2711-5264,부산,35.1796,129.0756,2021-11-11,우수
7725,김예린,gngr624@nate.com,010-2270-6296,세종,36.48,127.289,2022-08-14,VIP
7726,신하린,shr702@naver.com,,인천,37.4563,126.7052,2022-08-29,일반
7727,조수빈,jsb747@gmail.com,010-9577-5619,청주,36.6424,127.489,2021-03-06,일반
7728,김우진,gngj815@nate.com,010-1187-6076,울산,35.5398,129.3114,2022-12-08,일반
7729,황나윤,hnng756@gmail.com,010-4046-9213,대전,36.3504,127.3845,2021-04-15,VIP
7730,임주원,ngjng578@nate.com,010-8101-6507,세종,36.48,127.289,2022-04-13,우수
7731,윤나윤,ngnng555@daum.net,010-8221-6628,울산,35.5398,129.3114,2022-01-20,우수
7732,서지후,sjh800@nate.com,010-7505-2115,부산,35.1796,129.0756,2022-01-22,일반
7733,최도윤,chdng514@daum.net,010-3265-6090,창원,35.2271,128.6811,2022-01-16,일반
7734,박태현,bth606@gmail.com,010-9039-9972,울산,35.5398,129.3114,2022-06-19,VIP
7735,강유진,gngj516@naver.com,,대전,36.3504,127.3845,2021-07-28,일반
7736,박민준,bmj225@gmail.com,010-9575-4327,서울,37.5665,126.978,2021-06-19,우수
7737,최현정,chhj374@gmail.com,,대전,36.3504,127.3845,2021-03-20,VIP
7738,박채원,bchng232@gmail.com,010-6005-8658,부산,35.1796,129.0756,2022-10-25,일반
7739,장가은,jgng673@gmail.com,010-8146-2580,광주,35.1595,126.8526,2022-12-05,우수
7740,전지현,jjh930@daum.net,010-1925-4049,인천,37.4563,126.7052,2021-07-13,일반
7741,박하준,bhj363@daum.net,,전주,35.8219,127.148,2022-07-06,우수
7742,황채원,hchng108@gmail.com,,전주,35.8219,127.148,2022-05-26,일반
7743,강수빈,gsb629@daum.net,010-7712-5720,세종,36.48,127.289,2021-10-03,우수
7744,강유진,gngj381@naver.com,010-1995-3821,청주,36.6424,127.489,2021-11-14,일반
7745,신하린,shr999@gmail.com,010-5787-7528,청주,36.6424,127.489,2021-11-23,일반
7746,신서연,ssng721@naver.com,010-3855-8522,서울,37.5665,126.978,2022-05-11,우수
7747,정주원,jjng902@naver.com,010-9572-8170,전주,35.8219,127.148,2021-04-29,일반
7748,김하늘,ghn520@naver.com,010-5532-6741,대구,35.8714,128.6014,2021-11-06,우수
7749,윤시아,ngsng550@daum.net,,서울,37.5665,126.978,2022-07-17,일반
7750,김가은,ggng305@daum.net,010-9218-1752,울산,35.5398,129.3114,2022-12-19,우수
7751,정지아,jjng410@daum.net,010-4279-7879,서울,37.5665,126.978,2021-06-07,일반
7752,정예린,jngr487@daum.net,,창원,35.2271,128.6811,2021-10-31,우수
7753,임현정,nghj568@gmail.com,010-2342-6672,대전,36.3504,127.3845,2021-10-21,일반
7754,윤태현,ngth602@naver.com,,울산,35.5398,129.3114,2022-10-16,일반
7755,서민준,smj652@naver.com,010-1186-1266,대구,35.8714,128.6014,2022-12-01,일반
7756,김예린,gngr751@naver.com,010-7901-8892,창원,35.2271,128.6811,2022-04-29,우수
7757,송주원,sjng740@daum.net,010-4318-1078,울산,35.5398,129.3114,2021-11-18,일반
7758,정주원,jjng285@naver.com,010-2695-7532,부산,35.1796,129.0756,2021-05-11,VIP
7759,김지후,gjh913@daum.net,010-3859-3449,수원,37.2636,127.0286,2021-08-11,VIP
7760,윤하준,nghj606@naver.com,010-5389-2169,대구,35.8714,128.6014,2021-11-09,일반
7761,신지현,sjh159@naver.com,010-2334-5166,수원,37.2636,127.0286,2022-06-22,우수
7762,송시아,ssng763@daum.net,,수원,37.2636,127.0286,2022-11-17,일반
7763,강지후,gjh802@naver.com,010-5933-7962,인천,37.4563,126.7052,2021-06-30,일반
7764,신도윤,sdng716@nate.com,010-2536-9339,부산,35.1796,129.0756,2021-02-16,우수
7765,신지후,sjh250@gmail.com,010-6210-3925,대구,35.8714,128.6014,2022-10-21,우수
7766,박나윤,bnng366@daum.net,010-5216-8317,청주,36.6424,127.489,2022-01-01,우수
7767,정주원,jjng589@gmail.com,010-9452-9067,전주,35.8219,127.148,2021-02-22,일반
7768,장나윤,jnng360@naver.com,010-8412-4287,인천,37.4563,126.7052,2022-11-05,일반
7769,이지후,ngjh603@daum.net,010-9596-4473,수원,37.2636,127.0286,2022-01-09,일반
7770,권영민,gngm375@naver.com,010-1855-7556,인천,37.4563,126.7052,2021-02-21,우수
7771,김영민,gngm763@naver.com,010-8987-4984,서울,37.5665,126.978,2022-10-17,우수
7772,서채원,schng780@nate.com,010-6828-9500,세종,36.48,127.289,2022-01-08,우수
7773,권태현,gth598@gmail.com,010-4839-4707,전주,35.8219,127.148,2021-11-21,일반
7774,윤유진,ngngj327@naver.com,010-4020-5041,세종,36.48,127.289,2022-08-27,일반
7775,송채원,schng866@daum.net,010-5742-8512,청주,36.6424,127.489,2021-02-27,일반
7776,신나윤,snng207@naver.com,,세종,36.48,127.289,2022-06-22,일반
7777,이수빈,ngsb720@nate.com,010-6786-3593,인천,37.4563,126.7052,2021-10-14,일반
7778,강지훈,gjh772@naver.com,010-8370-5021,세종,36.48,127.289,2021-12-02,VIP
7779,권주원,gjng155@gmail.com,010-1372-2042,세종,36.48,127.289,2022-12-11,VIP
7780,최수빈,chsb428@daum.net,010-8530-5821,광주,35.1595,126.8526,2022-12-12,우수
7781,황현우,hhng477@gmail.com,010-5975-5867,서울,37.5665,126.978,2022-03-05,일반
7782,장가은,jgng719@gmail.com,010-7530-8998,전주,35.8219,127.148,2022-05-18,일반
7783,황하늘,hhn963@gmail.com,010-5691-3220,대구,35.8714,128.6014,2021-01-19,VIP
7784,윤예린,ngngr792@gmail.com,010-5958-2976,서울,37.5665,126.978,2022-07-28,일반
7785,송민서,sms924@gmail.com,010-1299-4210,광주,35.1595,126.8526,2022-12-25,VIP
7786,조서준,jsj895@naver.com,,수원,37.2636,127.0286,2021-01-11,일반
7787,한지훈,hjh310@gmail.com,010-2791-3474,대구,35.8714,128.6014,2022-03-28,일반
7788,전지원,jjng915@gmail.com,010-9936-2774,대전,36.3504,127.3845,2022-07-19,VIP
7789,송민서,sms818@daum.net,010-3263-3906,창원,35.2271,128.6811,2022-08-03,일반
7790,전주원,jjng995@nate.com,010-3347-9551,수원,37.2636,127.0286,2021-02-09,우수
7791,윤태현,ngth920@nate.com,,대구,35.8714,128.6014,2022-08-15,우수
7792,이서연,ngsng282@gmail.com,010-7795-4219,대전,36.3504,127.3845,2022-03-16,일반
7793,이나윤,ngnng327@gmail.com,,울산,35.5398,129.3114,2022-08-16,일반
7794,전나윤,jnng363@nate.com,010-7223-9811,세종,36.48,127.289,2021-02-10,우수
7795,서지현,sjh994@daum.net,010-2966-9940,대전,36.3504,127.3845,2021-10-08,우수
7796,한예준,hngj143@gmail.com,010-8214-3871,광주,35.1595,126.8526,2021-09-27,일반
7797,오유진,ngngj570@naver.com,010-1761-9608,서울,37.5665,126.978,2021-04-15,VIP
7798,황주원,hjng445@daum.net,,인천,37.4563,126.7052,2021-08-18,일반
7799,강서현,gsh849@nate.com,010-7100-3592,인천,37.4563,126.7052,2022-05-12,일반
7800,최예린,chngr452@naver.com,,세종,36.48,127.289,2022-11-14,일반
7801,박지현,bjh223@daum.net,,대구,35.8714,128.6014,2021-10-22,일반
7802,신지민,sjm984@naver.com,010-8194-6986,수원,37.2636,127.0286,2021-06-12,일반
7803,전수빈,jsb235@nate.com,,세종,36.48,127.289,2022-04-23,MVP
7804,전하늘,jhn817@daum.net,010-5934-7456,울산,35.5398,129.3114,2021-01-28,일반
7805,오서현,ngsh550@daum.net,010-9818-4805,서울,37.5665,126.978,2022-09-21,일반
7806,장가은,jgng762@nate.com,010-2537-7997,청주,36.6424,127.489,2022-09-02,일반
7807,임나윤,ngnng510@naver.com,010-9151-8869,창원,35.2271,128.6811,2021-05-09,우수
7808,조지민,jjm886@gmail.com,010-1033-9908,광주,35.1595,126.8526,2021-09-05,VIP
7809,박예준,bngj900@gmail.com,010-8715-9854,서울,37.5665,126.978,2021-02-02,일반
7810,윤태현,ngth219@naver.com,010-5098-2158,전주,35.8219,127.148,2022-02-23,일반
7811,전지아,jjng596@gmail.com,,대구,35.8714,128.6014,2021-07-07,일반
7812,이채원,ngchng627@gmail.com,010-3459-3636,창원,35.2271,128.6811,2021-07-23,일반
7813,황지현,hjh364@daum.net,010-6734-5646,광주,35.1595,126.8526,2021-09-29,일반
7814,임도현,ngdh593@naver.com,010-3862-5754,세종,36.48,127.289,2022-06-16,일반
7815,임현정,nghj548@nate.com,010-7685-7421,부산,35.1796,129.0756,2022-04-12,일반
7816,송지민,sjm560@daum.net,010-7159-2976,인천,37.4563,126.7052,2021-01-06,우수
7817,조민서,jms539@naver.com,010-3144-6196,대구,35.8714,128.6014,2022-04-09,일반
7818,조도현,jdh130@nate.com,010-2146-3896,수원,37.2636,127.0286,2022-05-21,VIP
7819,안예준,ngngj280@gmail.com,010-2829-6985,인천,37.4563,126.7052,2022-02-20,VIP
7820,서민서,sms176@gmail.com,,인천,37.4563,126.7052,2022-02-03,우수
7821,오나윤,ngnng957@gmail.com,,창원,35.2271,128.6811,2021-07-24,일반
7822,서주원,sjng916@daum.net,010-4002-9865,대전,36.3504,127.3845,2021-08-24,일반
7823,강태현,gth612@daum.net,010-6813-3173,서울,37.5665,126.978,2021-04-12,일반
7824,이서준,ngsj371@naver.com,010-2139-9861,인천,37.4563,126.7052,2021-02-17,우수
7825,강하늘,ghn880@gmail.com,010-7509-7863,인천,37.4563,126.7052,2021-10-26,일반
7826,서도현,sdh917@nate.com,,수원,37.2636,127.0286,2021-07-31,VIP
7827,최민서,chms273@daum.net,010-8791-6739,서울,37.5665,126.978,2022-09-22,VIP
7828,박지후,bjh598@nate.com,010-5224-9690,청주,36.6424,127.489,2022-07-02,일반
7829,최우진,chngj854@gmail.com,010-9104-2632,전주,35.8219,127.148,2022-09-02,우수
7830,송우진,sngj932@daum.net,,부산,35.1796,129.0756,2022-10-01,일반
7831,안채원,ngchng378@nate.com,010-6504-2493,광주,35.1595,126.8526,2021-09-13,일반
7832,전지훈,jjh140@daum.net,010-6685-4507,울산,35.5398,129.3114,2022-07-07,일반
7833,장서준,jsj201@gmail.com,010-9991-8418,세종,36.48,127.289,2022-01-08,일반
7834,황하준,hhj242@daum.net,010-1775-3109,세종,36.48,127.289,2022-11-06,VIP
7835,강유진,gngj731@naver.com,010-4025-8780,전주,35.8219,127.148,2021-05-01,일반
7836,강지원,gjng375@daum.net,010-6158-1194,청주,36.6424,127.489,2022-08-07,일반
7837,윤예린,ngngr113@nate.com,010-6411-5118,창원,35.2271,128.6811,2021-11-21,우수
7838,서민서,sms550@naver.com,010-8945-9522,대구,35.8714,128.6014,2022-09-26,우수
7839,조시아,jsng111@nate.com,010-9904-1073,광주,35.1595,126.8526,2021-03-24,일반
7840,신서연,ssng285@nate.com,010-1213-1630,세종,36.48,127.289,2022-09-29,VIP
7841,권지후,gjh577@naver.com,010-2824-9184,인천,37.4563,126.7052,2022-09-25,우수
7842,신지훈,sjh645@gmail.com,,대구,35.8714,128.6014,2022-02-14,일반
7843,한우진,hngj356@gmail.com,010-6932-7264,청주,36.6424,127.489,2021-07-06,일반
7844,오민준,ngmj781@daum.net,010-5927-2162,전주,35.8219,127.148,2022-06-20,일반
7845,장시아,jsng283@naver.com,010-7578-1556,수원,37.2636,127.0286,2021-08-18,VIP
7846,정주원,jjng957@naver.com,,광주,35.1595,126.8526,2021-03-07,우수
7847,황나윤,hnng407@nate.com,010-9852-1756,대구,35.8714,128.6014,2022-03-02,VIP
7848,한지아,hjng359@nate.com,,서울,37.5665,126.978,2022-05-01,일반
7849,장현우,jhng445@gmail.com,010-2317-8168,세종,36.48,127.289,2022-01-19,일반
7850,강서연,gsng990@gmail.com,010-5305-6351,서울,37.5665,126.978,2022-07-09,일반
7851,신지후,sjh760@gmail.com,010-7505-2703,대전,36.3504,127.3845,2022-04-03,일반
7852,강서연,gsng443@gmail.com,010-8968-6900,수원,37.2636,127.0286,2022-07-03,우수
7853,오하늘,nghn933@daum.net,010-8813-9828,대구,35.8714,128.6014,2022-04-30,우수
7854,안영민,ngngm183@nate.com,010-1706-7629,전주,35.8219,127.148,2022-03-06,일반
7855,오예준,ngngj207@nate.com,010-8778-4180,대전,36.3504,127.3845,2022-10-22,일반
7856,강예준,gngj586@nate.com,010-8559-5672,수원,37.2636,127.0286,2021-11-27,일반
7857,황도현,hdh798@nate.com,,서울,37.5665,126.978,2022-02-11,일반
7858,오채원,ngchng447@naver.com,010-7786-5646,대전,36.3504,127.3845,2022-07-08,일반
7859,윤도현,ngdh270@nate.com,010-2162-6271,전주,35.8219,127.148,2022-01-09,일반
7860,서지원,sjng253@nate.com,010-6640-7272,세종,36.48,127.289,2021-02-22,일반
7861,강지민,gjm510@gmail.com,010-3060-8382,수원,37.2636,127.0286,2021-02-28,일반
7862,전주원,jjng127@gmail.com,010-4902-2670,수원,37.2636,127.0286,2021-11-30,일반
7863,서채원,schng879@daum.net,,전주,35.8219,127.148,2022-02-23,일반
7864,신서현,ssh416@naver.com,010-6389-9826,인천,37.4563,126.7052,2021-09-02,우수
7865,조하늘,jhn633@naver.com,010-2456-5315,전주,35.8219,127.148,2021-08-19,일반
7866,전현우,jhng766@naver.com,010-3696-9219,광주,35.1595,126.8526,2021-10-20,MVP
7867,강채원,gchng108@nate.com,010-5238-9191,울산,35.5398,129.3114,2022-03-22,일반
7868,권도현,gdh814@gmail.com,,서울,37.5665,126.978,2022-08-05,일반
7869,정지현,jjh649@gmail.com,,서울,37.5665,126.978,2021-02-10,일반
7870,강채원,gchng528@nate.com,010-1214-9325,울산,35.5398,129.3114,2021-04-03,일반
7871,안영민,ngngm515@daum.net,010-2138-7414,대전,36.3504,127.3845,2022-12-12,VIP
7872,정민서,jms811@nate.com,,울산,35.5398,129.3114,2021-12-20,일반
7873,임도현,ngdh882@naver.com,010-3525-3180,광주,35.1595,126.8526,2021-03-05,VIP
7874,전도윤,jdng470@naver.com,010-3560-8883,광주,35.1595,126.8526,2021-07-27,VIP
7875,박시아,bsng575@nate.com,010-7159-3739,전주,35.8219,127.148,2022-02-08,우수
7876,임주원,ngjng720@naver.com,,대구,35.8714,128.6014,2022-06-28,우수
7877,이나윤,ngnng869@nate.com,,청주,36.6424,127.489,2021-02-15,우수
7878,권나윤,gnng400@daum.net,010-5849-7148,울산,35.5398,129.3114,2021-01-21,일반
7879,장시아,jsng219@nate.com,,전주,35.8219,127.148,2021-11-28,우수
7880,송나윤,snng976@naver.com,010-4647-2888,부산,35.1796,129.0756,2021-05-16,일반
7881,오지현,ngjh798@naver.com,010-3835-2688,대전,36.3504,127.3845,2022-09-05,일반
7882,황우진,hngj173@gmail.com,010-2713-5885,청주,36.6424,127.489,2021-08-15,일반
7883,최지민,chjm386@nate.com,010-4063-4106,전주,35.8219,127.148,2022-01-29,우수
7884,권예린,gngr993@naver.com,010-7440-1526,청주,36.6424,127.489,2021-05-14,VIP
7885,강현정,ghj638@daum.net,010-7768-4529,전주,35.8219,127.148,2022-10-02,일반
7886,한지원,hjng464@gmail.com,,부산,35.1796,129.0756,2021-05-25,VIP
7887,전현정,jhj182@daum.net,010-6701-3116,청주,36.6424,127.489,2022-08-30,일반
7888,오지후,ngjh444@daum.net,,대구,35.8714,128.6014,2021-01-08,일반
7889,전지민,jjm473@daum.net,,창원,35.2271,128.6811,2022-05-15,일반
7890,임지훈,ngjh469@gmail.com,,대전,36.3504,127.3845,2021-11-17,일반
7891,박민준,bmj240@gmail.com,010-8804-1026,청주,36.6424,127.489,2021-07-29,일반
7892,권예준,gngj352@nate.com,010-2092-3313,서울,37.5665,126.978,2021-10-22,우수
7893,최현정,chhj999@gmail.com,010-8948-8725,서울,37.5665,126.978,2021-10-21,VIP
7894,한주원,hjng182@gmail.com,010-8071-6139,서울,37.5665,126.978,2022-06-23,일반
7895,임하준,nghj455@daum.net,010-9474-7287,전주,35.8219,127.148,2022-03-20,일반
7896,정하준,jhj269@gmail.com,010-5362-5640,전주,35.8219,127.148,2022-10-21,VIP
7897,최수빈,chsb190@gmail.com,010-3352-4547,광주,35.1595,126.8526,2022-01-27,우수
7898,서나윤,snng687@gmail.com,010-5115-9459,세종,36.48,127.289,2021-01-10,일반
7899,황주원,hjng832@naver.com,010-4078-6468,광주,35.1595,126.8526,2022-06-22,일반
7900,박수빈,bsb997@daum.net,,청주,36.6424,127.489,2021-05-23,VIP
7901,권민서,gms123@gmail.com,,대전,36.3504,127.3845,2022-06-18,우수
7902,김예린,gngr557@nate.com,010-3786-6930,인천,37.4563,126.7052,2022-04-19,일반
7903,오지후,ngjh659@naver.com,010-4837-3555,세종,36.48,127.289,2021-11-11,일반
7904,신나윤,snng916@naver.com,,인천,37.4563,126.7052,2021-12-12,VIP
7905,조우진,jngj642@naver.com,010-3243-4799,세종,36.48,127.289,2021-08-30,일반
7906,김예준,gngj366@nate.com,010-1489-5079,대전,36.3504,127.3845,2022-03-11,MVP
7907,안서준,ngsj913@daum.net,010-2394-9870,전주,35.8219,127.148,2021-10-30,일반
7908,오가은,nggng269@gmail.com,010-1714-2981,대구,35.8714,128.6014,2022-08-22,우수
7909,김지훈,gjh873@daum.net,,대구,35.8714,128.6014,2021-08-12,일반
7910,이시아,ngsng652@gmail.com,010-4955-5164,창원,35.2271,128.6811,2022-08-25,일반
7911,이예린,ngngr693@nate.com,,전주,35.8219,127.148,2021-01-21,VIP
7912,안도현,ngdh592@nate.com,010-7427-7120,수원,37.2636,127.0286,2021-10-26,일반
7913,오하늘,nghn786@daum.net,010-8608-8206,인천,37.4563,126.7052,2021-06-16,우수
7914,신하늘,shn460@nate.com,010-5804-6107,광주,35.1595,126.8526,2022-01-11,일반
7915,정시아,jsng279@nate.com,,세종,36.48,127.289,2021-12-16,일반
7916,조주원,jjng923@daum.net,010-8229-6114,인천,37.4563,126.7052,2022-12-26,일반
7917,장주원,jjng978@naver.com,010-1950-6821,인천,37.4563,126.7052,2021-04-03,우수
7918,강지후,gjh621@gmail.com,010-2240-5714,대전,36.3504,127.3845,2022-09-16,일반
7919,강채원,gchng122@naver.com,010-9171-8363,청주,36.6424,127.489,2021-11-22,일반
7920,윤도윤,ngdng281@daum.net,010-9476-7279,서울,37.5665,126.978,2021-10-24,일반
7921,조지민,jjm250@naver.com,010-6754-4343,부산,35.1796,129.0756,2022-05-18,우수
7922,조채원,jchng578@naver.com,010-8666-8073,청주,36.6424,127.489,2021-11-01,우수
7923,조서준,jsj994@nate.com,010-3340-8438,광주,35.1595,126.8526,2022-07-04,일반
7924,서지원,sjng407@nate.com,010-6657-9017,창원,35.2271,128.6811,2022-08-24,일반
7925,윤서현,ngsh129@naver.com,010-6254-9642,전주,35.8219,127.148,2022-05-19,VIP
7926,최도현,chdh374@daum.net,010-9585-4267,청주,36.6424,127.489,2021-05-10,일반
7927,서지아,sjng578@nate.com,,부산,35.1796,129.0756,2022-10-02,VIP
7928,오민준,ngmj424@nate.com,010-6687-6784,부산,35.1796,129.0756,2021-04-12,VIP
7929,한현정,hhj199@gmail.com,010-9929-3009,세종,36.48,127.289,2021-11-03,우수
7930,송하늘,shn511@nate.com,010-9646-1450,부산,35.1796,129.0756,2021-03-30,일반
7931,박민서,bms173@nate.com,010-1128-2297,인천,37.4563,126.7052,2022-08-30,VIP
7932,강태현,gth524@naver.com,010-7651-3763,청주,36.6424,127.489,2021-04-30,우수
7933,장하준,jhj161@nate.com,010-2133-2581,서울,37.5665,126.978,2022-01-19,우수
7934,신하린,shr886@nate.com,,울산,35.5398,129.3114,2022-09-17,일반
7935,장현우,jhng441@naver.com,010-2100-5872,울산,35.5398,129.3114,2022-07-19,일반
7936,권예준,gngj695@gmail.com,010-3836-9136,전주,35.8219,127.148,2021-05-15,일반
7937,최서준,chsj935@nate.com,010-8400-6987,대구,35.8714,128.6014,2021-05-10,우수
7938,정도윤,jdng285@naver.com,010-9334-2006,서울,37.5665,126.978,2021-07-27,우수
7939,오서연,ngsng829@daum.net,010-2288-1940,대구,35.8714,128.6014,2021-03-25,일반
7940,장영민,jngm504@naver.com,010-7328-8452,부산,35.1796,129.0756,2021-03-14,일반
7941,김서현,gsh168@nate.com,010-6234-5930,수원,37.2636,127.0286,2021-08-03,일반
7942,임지원,ngjng734@naver.com,,부산,35.1796,129.0756,2022-07-15,우수
7943,최주원,chjng467@daum.net,010-9185-4163,세종,36.48,127.289,2021-01-04,VIP
7944,장영민,jngm205@naver.com,010-1350-6603,광주,35.1595,126.8526,2022-10-29,일반
7945,장가은,jgng106@nate.com,010-8910-2795,울산,35.5398,129.3114,2021-09-18,일반
7946,송영민,sngm798@nate.com,010-5423-4143,전주,35.8219,127.148,2021-05-14,일반
7947,서지아,sjng806@gmail.com,010-6456-4832,대구,35.8714,128.6014,2021-04-01,우수
7948,임지아,ngjng765@gmail.com,010-8219-9715,세종,36.48,127.289,2021-05-17,우수
7949,장채원,jchng455@daum.net,010-3896-3165,광주,35.1595,126.8526,2022-07-03,VIP
7950,강수빈,gsb837@nate.com,,울산,35.5398,129.3114,2022-12-04,일반
7951,최지아,chjng155@nate.com,,울산,35.5398,129.3114,2022-05-12,MVP
7952,강수빈,gsb704@naver.com,010-5440-6748,전주,35.8219,127.148,2021-10-18,일반
7953,최가은,chgng923@gmail.com,010-3355-2070,울산,35.5398,129.3114,2022-03-27,우수
7954,김지현,gjh876@naver.com,010-5533-5837,서울,37.5665,126.978,2022-03-02,일반
7955,조영민,jngm843@nate.com,010-9500-5197,부산,35.1796,129.0756,2021-01-20,VIP
7956,강유진,gngj555@daum.net,010-8539-4904,대전,36.3504,127.3845,2021-07-09,우수
7957,오지후,ngjh804@daum.net,,창원,35.2271,128.6811,2022-04-13,우수
7958,임하늘,nghn529@naver.com,010-4623-6515,인천,37.4563,126.7052,2021-06-15,VIP
7959,김하준,ghj286@nate.com,010-1120-4153,세종,36.48,127.289,2021-09-25,일반
7960,윤하늘,nghn360@nate.com,010-1155-6562,부산,35.1796,129.0756,2021-08-13,일반
7961,안태현,ngth605@nate.com,,전주,35.8219,127.148,2021-12-10,VIP
7962,강현정,ghj184@naver.com,,전주,35.8219,127.148,2021-02-16,일반
7963,임민준,ngmj749@naver.com,010-3176-1773,대구,35.8714,128.6014,2022-11-09,일반
7964,조현우,jhng794@nate.com,010-7110-4443,청주,36.6424,127.489,2021-08-04,일반
7965,한영민,hngm133@gmail.com,010-7739-4930,인천,37.4563,126.7052,2021-04-10,우수
7966,송지후,sjh512@nate.com,010-4092-7669,울산,35.5398,129.3114,2022-08-03,일반
7967,오하늘,nghn484@daum.net,010-8858-9880,창원,35.2271,128.6811,2021-03-14,일반
7968,오지현,ngjh810@gmail.com,010-6072-5812,대구,35.8714,128.6014,2022-12-28,일반
7969,오채원,ngchng428@naver.com,010-9159-9148,전주,35.8219,127.148,2021-06-15,일반
7970,조민서,jms973@daum.net,010-3558-9873,창원,35.2271,128.6811,2021-11-16,VIP
7971,조예준,jngj615@nate.com,010-7554-4761,부산,35.1796,129.0756,2022-02-12,MVP
7972,윤영민,ngngm406@naver.com,010-2595-6556,수원,37.2636,127.0286,2021-02-05,우수
7973,장채원,jchng215@nate.com,010-8608-8476,수원,37.2636,127.0286,2021-06-26,일반
7974,김나윤,gnng464@daum.net,,청주,36.6424,127.489,2022-08-11,VIP
7975,장태현,jth132@nate.com,010-9094-7500,광주,35.1595,126.8526,2022-10-21,우수
7976,한도윤,hdng285@nate.com,010-5481-1287,세종,36.48,127.289,2022-12-02,일반
7977,권지원,gjng922@naver.com,010-5067-5271,광주,35.1595,126.8526,2021-04-14,VIP
7978,한서연,hsng268@naver.com,010-6328-7913,대구,35.8714,128.6014,2021-11-06,우수
7979,오도윤,ngdng442@naver.com,010-4500-1863,인천,37.4563,126.7052,2022-12-23,우수
7980,임민서,ngms510@gmail.com,010-7689-6964,광주,35.1595,126.8526,2022-08-05,우수
7981,서예준,sngj271@daum.net,010-4770-5891,창원,35.2271,128.6811,2022-07-16,일반
7982,장도윤,jdng419@nate.com,010-4353-9343,세종,36.48,127.289,2022-08-17,일반
7983,전주원,jjng480@naver.com,010-4665-8756,창원,35.2271,128.6811,2021-04-14,우수
7984,조나윤,jnng446@naver.com,010-4681-2376,창원,35.2271,128.6811,2021-02-18,일반
7985,박가은,bgng500@nate.com,010-5318-8340,세종,36.48,127.289,2022-12-08,일반
7986,안서연,ngsng953@nate.com,,대구,35.8714,128.6014,2021-05-15,우수
7987,박지아,bjng188@gmail.com,010-2878-9987,울산,35.5398,129.3114,2022-09-24,우수
7988,정지민,jjm870@nate.com,010-8650-1931,청주,36.6424,127.489,2021-03-26,일반
7989,최유진,chngj333@nate.com,010-5454-2265,대전,36.3504,127.3845,2021-01-22,우수
7990,전예준,jngj696@daum.net,010-6216-2988,전주,35.8219,127.148,2022-12-17,VIP
7991,최도현,chdh592@daum.net,,인천,37.4563,126.7052,2022-02-04,우수
7992,정주원,jjng554@daum.net,010-3749-3726,서울,37.5665,126.978,2021-10-31,일반
7993,안예린,ngngr436@naver.com,,청주,36.6424,127.489,2022-04-17,일반
7994,최서준,chsj861@naver.com,010-4666-2430,광주,35.1595,126.8526,2022-04-09,일반
7995,송시아,ssng219@gmail.com,010-3939-5181,서울,37.5665,126.978,2021-11-15,일반
7996,신서준,ssj954@gmail.com,010-5252-8496,인천,37.4563,126.7052,2022-07-10,일반
7997,강지민,gjm893@naver.com,010-9388-2168,부산,35.1796,129.0756,2022-10-30,일반
7998,김지아,gjng545@nate.com,010-3118-6882,세종,36.48,127.289,2021-02-24,일반
7999,권하린,ghr118@naver.com,010-7346-5437,광주,35.1595,126.8526,2021-10-13,VIP
8000,정채원,jchng768@naver.com,010-9205-5585,대구,35.8714,128.6014,2022-01-04,일반
8001,송하늘,shn596@nate.com,,창원,35.2271,128.6811,2022-11-10,우수
8002,서우진,sngj883@daum.net,,부산,35.1796,129.0756,2021-06-29,우수
8003,윤우진,ngngj683@nate.com,010-4346-9187,서울,37.5665,126.978,2021-12-25,일반
8004,이가은,nggng501@naver.com,010-3281-7411,세종,36.48,127.289,2021-05-27,VIP
8005,장가은,jgng909@naver.com,,울산,35.5398,129.3114,2021-04-02,우수
8006,안현정,nghj646@nate.com,010-2681-8085,서울,37.5665,126.978,2022-12-26,일반
8007,강영민,gngm735@daum.net,010-9253-9075,세종,36.48,127.289,2022-01-18,우수
8008,이채원,ngchng920@gmail.com,010-2931-5373,창원,35.2271,128.6811,2022-03-17,일반
8009,신시아,ssng724@daum.net,010-9397-6774,수원,37.2636,127.0286,2021-09-08,우수
8010,신채원,schng145@gmail.com,010-7777-8446,울산,35.5398,129.3114,2022-03-09,일반
8011,권하늘,ghn717@daum.net,010-8381-6506,대구,35.8714,128.6014,2021-05-21,VIP
8012,조하린,jhr314@gmail.com,010-2242-4416,대구,35.8714,128.6014,2022-10-19,일반
8013,정지민,jjm849@gmail.com,010-7505-2829,대구,35.8714,128.6014,2022-07-09,우수
8014,한채원,hchng548@daum.net,010-9766-4271,인천,37.4563,126.7052,2021-07-13,일반
8015,권채원,gchng637@gmail.com,010-8656-2192,청주,36.6424,127.489,2021-08-12,우수
8016,송서연,ssng429@gmail.com,010-2904-3401,세종,36.48,127.289,2021-10-19,우수
8017,이지훈,ngjh956@nate.com,010-6202-8112,광주,35.1595,126.8526,2021-11-06,일반
8018,신현우,shng806@nate.com,010-2857-4421,전주,35.8219,127.148,2021-08-03,우수
8019,정현정,jhj775@naver.com,010-5655-3999,인천,37.4563,126.7052,2021-08-04,일반
8020,최서준,chsj336@nate.com,010-4047-1502,창원,35.2271,128.6811,2022-08-08,VIP
8021,임서현,ngsh650@nate.com,010-1752-2515,창원,35.2271,128.6811,2021-08-09,일반
8022,강현우,ghng305@daum.net,010-4567-9098,세종,36.48,127.289,2022-12-20,VIP
8023,황가은,hgng854@daum.net,,창원,35.2271,128.6811,2021-01-08,VIP
8024,정시아,jsng952@naver.com,010-2112-4839,창원,35.2271,128.6811,2021-06-08,일반
8025,조수빈,jsb114@daum.net,010-1115-6273,광주,35.1595,126.8526,2022-05-01,일반
8026,이도현,ngdh841@nate.com,010-2282-2324,전주,35.8219,127.148,2021-10-31,일반
8027,윤하린,nghr259@naver.com,010-6114-4924,대구,35.8714,128.6014,2022-02-26,VIP
8028,송영민,sngm251@nate.com,,수원,37.2636,127.0286,2021-08-18,일반
8029,송민준,smj804@gmail.com,010-5091-4239,전주,35.8219,127.148,2022-12-03,우수
8030,윤도현,ngdh544@nate.com,010-7628-2149,전주,35.8219,127.148,2021-07-23,VIP
8031,임채원,ngchng163@daum.net,010-5727-6976,세종,36.48,127.289,2022-11-21,일반
8032,서예준,sngj785@daum.net,010-2224-1191,수원,37.2636,127.0286,2021-04-21,우수
8033,신가은,sgng724@daum.net,010-4021-3689,청주,36.6424,127.489,2021-06-04,일반
8034,윤예준,ngngj860@nate.com,010-6618-9562,전주,35.8219,127.148,2022-06-01,일반
8035,전지후,jjh759@naver.com,010-1635-9484,서울,37.5665,126.978,2021-03-07,우수
8036,박도현,bdh107@nate.com,,인천,37.4563,126.7052,2021-08-24,일반
8037,정서현,jsh969@nate.com,010-1567-2485,대전,36.3504,127.3845,2022-03-27,일반
8038,임지훈,ngjh226@gmail.com,010-5414-5102,수원,37.2636,127.0286,2022-07-03,VIP
8039,정유진,jngj354@nate.com,010-5916-2509,대전,36.3504,127.3845,2021-05-22,일반
8040,황하늘,hhn439@daum.net,,세종,36.48,127.289,2022-05-27,MVP
8041,조시아,jsng233@naver.com,010-7130-8195,부산,35.1796,129.0756,2021-02-26,MVP
8042,박하린,bhr986@gmail.com,010-8284-3866,서울,37.5665,126.978,2021-10-27,일반
8043,윤우진,ngngj192@gmail.com,010-5928-3364,청주,36.6424,127.489,2021-06-06,일반
8044,한서준,hsj429@nate.com,,대구,35.8714,128.6014,2021-04-19,우수
8045,신나윤,snng261@nate.com,010-2085-9981,수원,37.2636,127.0286,2021-10-28,일반
8046,권현정,ghj902@nate.com,010-7799-2432,울산,35.5398,129.3114,2022-11-21,일반
8047,황도현,hdh537@nate.com,010-7832-3053,전주,35.8219,127.148,2021-07-11,우수
8048,김우진,gngj274@nate.com,010-2443-1951,광주,35.1595,126.8526,2022-12-28,일반
8049,박가은,bgng416@gmail.com,010-3458-6637,서울,37.5665,126.978,2021-01-30,VIP
8050,전서현,jsh283@naver.com,010-2897-8843,서울,37.5665,126.978,2022-02-01,일반
8051,서지아,sjng264@daum.net,010-9274-9418,부산,35.1796,129.0756,2021-11-24,일반
8052,김서준,gsj417@nate.com,010-1394-7117,서울,37.5665,126.978,2022-01-09,일반
8053,이하늘,nghn407@daum.net,010-1235-5247,청주,36.6424,127.489,2021-03-31,MVP
8054,정현정,jhj150@daum.net,010-9580-8209,세종,36.48,127.289,2021-08-04,우수
8055,송지아,sjng941@nate.com,010-3638-3709,광주,35.1595,126.8526,2021-05-10,VIP
8056,안지현,ngjh360@daum.net,010-4146-6269,부산,35.1796,129.0756,2021-08-27,일반
8057,송서현,ssh155@naver.com,,청주,36.6424,127.489,2021-03-17,일반
8058,황채원,hchng588@gmail.com,010-4514-6204,서울,37.5665,126.978,2021-05-26,일반
8059,송주원,sjng303@daum.net,,서울,37.5665,126.978,2022-03-24,일반
8060,임예린,ngngr184@daum.net,010-9696-4304,세종,36.48,127.289,2021-02-24,우수
8061,강하늘,ghn502@gmail.com,010-6105-4682,대전,36.3504,127.3845,2021-04-09,우수
8062,오영민,ngngm386@naver.com,010-2839-9241,전주,35.8219,127.148,2021-11-08,일반
8063,전주원,jjng960@daum.net,010-5691-7893,광주,35.1595,126.8526,2022-11-12,VIP
8064,임채원,ngchng338@naver.com,010-1263-4555,대구,35.8714,128.6014,2021-02-27,일반
8065,이예린,ngngr781@daum.net,010-6903-9413,수원,37.2636,127.0286,2021-03-25,MVP
8066,한현우,hhng451@gmail.com,010-6909-9771,울산,35.5398,129.3114,2021-05-09,일반
8067,이채원,ngchng867@daum.net,010-5120-4935,창원,35.2271,128.6811,2021-03-06,일반
8068,권도현,gdh300@naver.com,,대구,35.8714,128.6014,2021-03-10,일반
8069,조가은,jgng643@nate.com,010-6587-1971,전주,35.8219,127.148,2021-12-28,일반
8070,강태현,gth240@gmail.com,,청주,36.6424,127.489,2022-06-29,우수
8071,조지아,jjng823@daum.net,010-3506-8371,세종,36.48,127.289,2022-11-22,일반
8072,한예준,hngj317@naver.com,010-2245-9948,전주,35.8219,127.148,2021-10-14,일반
8073,조예린,jngr478@gmail.com,,대전,36.3504,127.3845,2022-03-22,우수
8074,강서준,gsj217@daum.net,010-9297-4699,서울,37.5665,126.978,2022-04-10,우수
8075,장민준,jmj105@nate.com,010-7900-1981,세종,36.48,127.289,2021-03-19,VIP
8076,최채원,chchng131@naver.com,010-6062-8051,부산,35.1796,129.0756,2022-03-28,일반
8077,조하준,jhj197@daum.net,010-4949-8605,광주,35.1595,126.8526,2021-08-15,우수
8078,오지후,ngjh204@nate.com,010-9950-7154,광주,35.1595,126.8526,2021-05-15,우수
8079,최현정,chhj289@naver.com,010-1770-1539,대전,36.3504,127.3845,2021-01-24,일반
8080,정유진,jngj687@naver.com,010-9842-2370,세종,36.48,127.289,2022-12-27,일반
8081,송현우,shng451@gmail.com,,청주,36.6424,127.489,2021-02-16,일반
8082,송민서,sms864@daum.net,010-9044-7094,서울,37.5665,126.978,2022-11-19,일반
8083,황가은,hgng629@daum.net,010-1623-3622,인천,37.4563,126.7052,2021-08-23,일반
8084,서우진,sngj285@gmail.com,010-9724-9364,청주,36.6424,127.489,2021-11-05,일반
8085,임예준,ngngj496@naver.com,010-9047-8673,전주,35.8219,127.148,2021-10-13,우수
8086,전도현,jdh291@nate.com,010-4256-3469,청주,36.6424,127.489,2022-09-29,우수
8087,김지원,gjng477@gmail.com,010-5112-6816,광주,35.1595,126.8526,2022-10-28,MVP
8088,조채원,jchng857@naver.com,010-5463-2828,서울,37.5665,126.978,2021-10-24,우수
8089,한태현,hth680@naver.com,010-5795-5769,전주,35.8219,127.148,2022-02-03,일반
8090,윤현우,nghng789@nate.com,010-1185-3339,대구,35.8714,128.6014,2021-04-25,VIP
8091,김현우,ghng120@gmail.com,010-1121-4638,수원,37.2636,127.0286,2021-04-19,VIP
8092,박예준,bngj218@daum.net,010-8670-9807,서울,37.5665,126.978,2022-05-19,일반
8093,서하준,shj173@nate.com,010-5717-4838,대구,35.8714,128.6014,2021-09-16,우수
8094,이유진,ngngj318@daum.net,010-6515-6808,대전,36.3504,127.3845,2022-10-12,MVP
8095,김현정,ghj627@naver.com,,대구,35.8714,128.6014,2022-07-22,우수
8096,송지아,sjng199@nate.com,010-2396-6359,부산,35.1796,129.0756,2021-08-27,VIP
8097,안지아,ngjng977@gmail.com,010-3351-8938,세종,36.48,127.289,2021-08-20,일반
8098,최우진,chngj489@naver.com,010-9749-6004,광주,35.1595,126.8526,2021-12-18,일반
8099,서영민,sngm632@nate.com,010-9896-8272,대구,35.8714,128.6014,2022-10-09,일반
8100,강서준,gsj314@naver.com,010-3538-3077,대구,35.8714,128.6014,2022-06-22,우수
8101,황서준,hsj419@daum.net,010-5792-1465,대구,35.8714,128.6014,2021-05-24,VIP
8102,강지민,gjm461@daum.net,010-5297-7008,수원,37.2636,127.0286,2021-11-28,MVP
8103,송도현,sdh151@naver.com,,대구,35.8714,128.6014,2021-09-11,일반
8104,안도윤,ngdng616@daum.net,010-1391-6337,청주,36.6424,127.489,2021-10-14,일반
8105,박지훈,bjh341@naver.com,010-5367-1755,세종,36.48,127.289,2021-08-19,VIP
8106,전시아,jsng365@daum.net,010-2081-4307,세종,36.48,127.289,2021-04-04,우수
8107,정우진,jngj877@gmail.com,010-5669-7702,울산,35.5398,129.3114,2021-06-03,일반
8108,최현우,chhng321@daum.net,,대전,36.3504,127.3845,2022-03-25,일반
8109,윤민서,ngms160@naver.com,010-7401-4129,광주,35.1595,126.8526,2021-11-26,우수
8110,임서현,ngsh662@gmail.com,010-6791-8591,대전,36.3504,127.3845,2021-04-28,우수
8111,권예린,gngr213@gmail.com,010-3212-3359,전주,35.8219,127.148,2022-04-06,일반
8112,조하린,jhr961@nate.com,,울산,35.5398,129.3114,2022-01-05,일반
8113,한가은,hgng207@daum.net,,부산,35.1796,129.0756,2022-08-31,MVP
8114,강나윤,gnng558@daum.net,010-7113-7741,광주,35.1595,126.8526,2022-11-05,우수
8115,한지현,hjh695@naver.com,010-4118-4717,광주,35.1595,126.8526,2021-01-19,일반
8116,황영민,hngm806@naver.com,010-4296-7123,울산,35.5398,129.3114,2021-10-23,일반
8117,윤민서,ngms214@naver.com,010-1868-9176,부산,35.1796,129.0756,2021-10-27,우수
8118,이서현,ngsh984@gmail.com,010-1339-5215,창원,35.2271,128.6811,2021-12-03,일반
8119,강나윤,gnng869@nate.com,010-1814-3901,대구,35.8714,128.6014,2021-06-02,일반
8120,신지원,sjng804@daum.net,010-5771-4278,세종,36.48,127.289,2021-10-16,우수
8121,신지민,sjm602@naver.com,,광주,35.1595,126.8526,2021-05-28,일반
8122,김하늘,ghn353@daum.net,010-9316-8472,서울,37.5665,126.978,2021-06-20,우수
8123,장나윤,jnng103@naver.com,010-7408-5581,청주,36.6424,127.489,2022-08-23,일반
8124,황현정,hhj908@naver.com,010-6504-7382,광주,35.1595,126.8526,2021-08-13,우수
8125,강현정,ghj207@daum.net,010-7828-3187,대전,36.3504,127.3845,2021-06-03,일반
8126,서수빈,ssb965@gmail.com,010-3588-7709,수원,37.2636,127.0286,2022-07-06,일반
8127,황서준,hsj191@naver.com,010-7756-7347,울산,35.5398,129.3114,2021-03-08,일반
8128,권현우,ghng290@naver.com,010-8497-8337,부산,35.1796,129.0756,2022-12-20,VIP
8129,한시아,hsng383@gmail.com,010-3921-1395,대전,36.3504,127.3845,2021-09-29,VIP
8130,장유진,jngj330@naver.com,010-8477-2658,세종,36.48,127.289,2022-02-01,일반
8131,서주원,sjng571@nate.com,010-7707-1819,인천,37.4563,126.7052,2021-10-07,우수
8132,신현우,shng139@gmail.com,010-3832-4404,세종,36.48,127.289,2022-08-27,우수
8133,조서현,jsh889@gmail.com,010-4351-6979,세종,36.48,127.289,2022-05-28,MVP
8134,서현우,shng737@naver.com,010-8435-2695,부산,35.1796,129.0756,2021-04-22,일반
8135,신주원,sjng492@nate.com,010-2919-1784,세종,36.48,127.289,2021-08-14,우수
8136,한지현,hjh802@nate.com,010-7748-9574,대구,35.8714,128.6014,2021-11-03,일반
8137,오현정,nghj102@gmail.com,010-5276-8481,창원,35.2271,128.6811,2021-10-29,일반
8138,전하준,jhj699@naver.com,010-2624-7356,청주,36.6424,127.489,2022-02-13,MVP
8139,서지현,sjh257@gmail.com,010-3174-7450,수원,37.2636,127.0286,2022-04-01,우수
8140,송태현,sth492@naver.com,010-9026-8420,청주,36.6424,127.489,2022-03-14,일반
8141,서현우,shng738@nate.com,010-3098-8784,울산,35.5398,129.3114,2021-08-24,일반
8142,윤지민,ngjm111@gmail.com,010-5207-1148,세종,36.48,127.289,2022-01-05,우수
8143,송지훈,sjh216@naver.com,010-1833-2601,수원,37.2636,127.0286,2021-08-25,우수
8144,박수빈,bsb424@naver.com,,수원,37.2636,127.0286,2022-10-24,일반
8145,황하린,hhr112@nate.com,010-9233-9798,세종,36.48,127.289,2022-10-19,MVP
8146,신도윤,sdng628@naver.com,010-7786-7986,광주,35.1595,126.8526,2022-03-01,일반
8147,장서준,jsj275@gmail.com,,인천,37.4563,126.7052,2022-07-29,일반
8148,강태현,gth283@daum.net,010-7770-6337,대전,36.3504,127.3845,2022-02-02,VIP
8149,박민서,bms815@daum.net,010-4001-7609,수원,37.2636,127.0286,2022-03-20,일반
8150,한민서,hms933@gmail.com,010-9682-4294,대전,36.3504,127.3845,2021-08-12,일반
8151,조나윤,jnng684@naver.com,010-5342-1414,대구,35.8714,128.6014,2022-11-21,우수
8152,전가은,jgng221@naver.com,,울산,35.5398,129.3114,2022-09-06,VIP
8153,신나윤,snng360@daum.net,010-5857-3744,세종,36.48,127.289,2022-04-01,일반
8154,권지후,gjh958@daum.net,010-1905-8487,창원,35.2271,128.6811,2022-07-21,VIP
8155,김채원,gchng932@daum.net,,대전,36.3504,127.3845,2022-04-25,우수
8156,정서연,jsng374@nate.com,010-7764-8525,전주,35.8219,127.148,2021-12-02,일반
8157,장태현,jth582@gmail.com,010-2273-8035,수원,37.2636,127.0286,2022-09-11,우수
8158,서지아,sjng144@nate.com,010-1753-1470,대구,35.8714,128.6014,2021-04-28,일반
8159,박도현,bdh558@nate.com,010-1761-1858,세종,36.48,127.289,2022-02-16,일반
8160,강하준,ghj114@gmail.com,010-8046-6045,청주,36.6424,127.489,2021-09-13,우수
8161,정지후,jjh623@naver.com,010-3960-3310,인천,37.4563,126.7052,2021-09-12,MVP
8162,김하린,ghr418@gmail.com,010-7576-4046,인천,37.4563,126.7052,2021-09-24,일반
8163,최주원,chjng858@gmail.com,010-1431-5138,인천,37.4563,126.7052,2022-01-05,일반
8164,최예준,chngj293@nate.com,010-6395-6130,광주,35.1595,126.8526,2021-09-25,일반
8165,최수빈,chsb895@nate.com,010-4609-7911,광주,35.1595,126.8526,2022-03-02,일반
8166,임지현,ngjh716@daum.net,010-3895-7678,서울,37.5665,126.978,2022-09-06,일반
8167,정하늘,jhn730@nate.com,010-3500-1972,광주,35.1595,126.8526,2022-11-24,일반
8168,조가은,jgng201@daum.net,010-7641-2657,전주,35.8219,127.148,2021-07-21,우수
8169,임현우,nghng931@naver.com,010-9659-5751,수원,37.2636,127.0286,2022-05-28,일반
8170,권서준,gsj714@gmail.com,010-9964-2862,울산,35.5398,129.3114,2022-09-05,일반
8171,송시아,ssng231@naver.com,,세종,36.48,127.289,2021-03-15,VIP
8172,임시아,ngsng160@nate.com,,부산,35.1796,129.0756,2022-11-04,VIP
8173,서지훈,sjh534@gmail.com,010-9647-8651,울산,35.5398,129.3114,2022-12-29,일반
8174,안유진,ngngj651@gmail.com,,대구,35.8714,128.6014,2022-09-06,일반
8175,권현정,ghj967@nate.com,010-9869-9184,창원,35.2271,128.6811,2021-02-08,우수
8176,오예준,ngngj836@daum.net,010-8397-1881,대구,35.8714,128.6014,2021-09-15,일반
8177,윤시아,ngsng861@nate.com,010-9418-1052,전주,35.8219,127.148,2022-05-21,일반
8178,김지훈,gjh192@daum.net,,청주,36.6424,127.489,2021-07-18,우수
8179,서채원,schng802@daum.net,,청주,36.6424,127.489,2021-11-05,일반
8180,김영민,gngm370@naver.com,010-1549-7336,대구,35.8714,128.6014,2021-05-25,일반
8181,한지아,hjng484@naver.com,,전주,35.8219,127.148,2022-12-12,일반
8182,윤지훈,ngjh675@nate.com,010-5888-3739,수원,37.2636,127.0286,2021-03-10,일반
8183,박예준,bngj391@nate.com,010-6158-8968,청주,36.6424,127.489,2021-10-17,일반
8184,윤하준,nghj818@daum.net,010-2785-6461,부산,35.1796,129.0756,2022-12-27,MVP
8185,서예준,sngj567@naver.com,010-3451-2897,부산,35.1796,129.0756,2021-07-01,일반
8186,전수빈,jsb686@naver.com,010-7529-2870,대전,36.3504,127.3845,2022-05-01,일반
8187,권지훈,gjh149@naver.com,010-1613-1640,광주,35.1595,126.8526,2022-10-14,일반
8188,오도현,ngdh492@daum.net,,부산,35.1796,129.0756,2022-04-05,VIP
8189,조지훈,jjh157@nate.com,010-5304-2915,창원,35.2271,128.6811,2022-05-18,우수
8190,윤나윤,ngnng286@nate.com,,대구,35.8714,128.6014,2022-12-28,일반
8191,최현정,chhj908@daum.net,010-3159-3154,서울,37.5665,126.978,2022-07-19,VIP
8192,안지후,ngjh145@naver.com,010-4389-8612,인천,37.4563,126.7052,2021-03-19,일반
8193,김지훈,gjh783@daum.net,010-9425-7711,전주,35.8219,127.148,2021-02-12,일반
8194,김민서,gms268@daum.net,010-9255-8495,대구,35.8714,128.6014,2021-02-05,일반
8195,조나윤,jnng380@daum.net,010-2914-8235,부산,35.1796,129.0756,2021-05-22,일반
8196,정지아,jjng849@daum.net,010-4965-2957,광주,35.1595,126.8526,2022-07-10,일반
8197,신태현,sth995@gmail.com,010-7965-4214,청주,36.6424,127.489,2021-06-08,우수
8198,임지아,ngjng551@nate.com,010-2566-3183,광주,35.1595,126.8526,2022-02-06,일반
8199,안영민,ngngm156@nate.com,010-3587-3047,창원,35.2271,128.6811,2021-12-23,우수
8200,최서준,chsj813@daum.net,010-2800-6475,대구,35.8714,128.6014,2021-03-22,일반
8201,신현정,shj500@nate.com,010-8268-2713,전주,35.8219,127.148,2022-07-21,일반
8202,조지훈,jjh174@gmail.com,,인천,37.4563,126.7052,2022-09-15,일반
8203,송예린,sngr962@gmail.com,,서울,37.5665,126.978,2021-10-04,VIP
8204,조지아,jjng744@daum.net,010-7559-6235,청주,36.6424,127.489,2021-07-05,일반
8205,한우진,hngj463@gmail.com,010-9859-9481,수원,37.2636,127.0286,2021-11-28,우수
8206,오하린,nghr626@gmail.com,,울산,35.5398,129.3114,2022-08-11,일반
8207,윤시아,ngsng903@nate.com,010-5728-9924,수원,37.2636,127.0286,2022-06-25,일반
8208,임나윤,ngnng386@gmail.com,,울산,35.5398,129.3114,2021-02-09,일반
8209,신시아,ssng874@gmail.com,010-6037-1794,창원,35.2271,128.6811,2022-10-13,일반
8210,한예린,hngr759@naver.com,010-1302-4069,부산,35.1796,129.0756,2022-08-03,일반
8211,김현정,ghj889@nate.com,,세종,36.48,127.289,2022-05-26,일반
8212,송태현,sth615@gmail.com,,광주,35.1595,126.8526,2021-08-24,우수
8213,전현우,jhng311@naver.com,010-6663-3311,울산,35.5398,129.3114,2022-04-22,일반
8214,전민서,jms692@naver.com,010-2656-3362,광주,35.1595,126.8526,2021-08-28,우수
8215,권시아,gsng747@gmail.com,010-5072-3292,대구,35.8714,128.6014,2021-05-27,일반
8216,한하늘,hhn875@daum.net,,청주,36.6424,127.489,2022-12-08,우수
8217,박서연,bsng276@nate.com,,대전,36.3504,127.3845,2021-07-01,우수
8218,정예린,jngr946@gmail.com,010-5449-6079,부산,35.1796,129.0756,2021-11-30,일반
8219,안나윤,ngnng458@gmail.com,010-7678-2199,인천,37.4563,126.7052,2022-11-25,일반
8220,김예린,gngr807@gmail.com,,울산,35.5398,129.3114,2022-07-01,우수
8221,김민서,gms204@naver.com,010-9023-4792,세종,36.48,127.289,2022-05-12,VIP
8222,김하린,ghr749@daum.net,010-7451-1170,부산,35.1796,129.0756,2022-12-24,일반
8223,권지후,gjh986@nate.com,010-4986-3916,인천,37.4563,126.7052,2021-02-28,일반
8224,임민준,ngmj390@daum.net,,서울,37.5665,126.978,2021-04-16,VIP
8225,권지아,gjng450@nate.com,010-4362-6085,전주,35.8219,127.148,2022-10-18,일반
8226,조지민,jjm171@daum.net,010-2389-3562,광주,35.1595,126.8526,2022-01-09,우수
8227,김지훈,gjh344@gmail.com,010-9784-7960,인천,37.4563,126.7052,2022-06-26,일반
8228,서수빈,ssb549@daum.net,010-9218-4297,울산,35.5398,129.3114,2021-10-28,일반
8229,신현우,shng311@naver.com,010-2550-7659,서울,37.5665,126.978,2022-08-06,우수
8230,안영민,ngngm463@naver.com,010-1027-9603,부산,35.1796,129.0756,2022-08-20,우수
8231,황영민,hngm134@gmail.com,,대전,36.3504,127.3845,2022-01-25,일반
8232,안민서,ngms158@naver.com,010-3120-5366,세종,36.48,127.289,2022-12-16,일반
8233,신수빈,ssb651@naver.com,010-7358-5590,부산,35.1796,129.0756,2021-11-09,우수
8234,강유진,gngj890@gmail.com,010-4895-3316,수원,37.2636,127.0286,2022-06-14,우수
8235,장서현,jsh303@nate.com,010-5999-8336,창원,35.2271,128.6811,2022-03-19,일반
8236,황지후,hjh252@naver.com,010-3698-3714,세종,36.48,127.289,2021-06-10,우수
8237,박현우,bhng336@naver.com,010-2178-9470,대전,36.3504,127.3845,2021-01-06,우수
8238,신예린,sngr729@daum.net,010-3449-8336,울산,35.5398,129.3114,2021-01-21,우수
8239,장도현,jdh479@gmail.com,010-6874-9582,광주,35.1595,126.8526,2022-12-21,우수
8240,강지민,gjm185@nate.com,,전주,35.8219,127.148,2022-08-20,일반
8241,장현우,jhng743@gmail.com,010-1770-4037,인천,37.4563,126.7052,2021-12-14,우수
8242,오지현,ngjh501@naver.com,010-8787-8140,부산,35.1796,129.0756,2022-09-06,우수
8243,이우진,ngngj850@daum.net,,서울,37.5665,126.978,2021-11-01,일반
8244,최우진,chngj249@nate.com,,광주,35.1595,126.8526,2022-01-20,일반
8245,박지현,bjh504@gmail.com,010-1436-1443,대전,36.3504,127.3845,2022-02-18,일반
8246,권하준,ghj412@nate.com,010-1167-6848,울산,35.5398,129.3114,2022-02-01,우수
8247,조예준,jngj960@naver.com,010-9665-4436,창원,35.2271,128.6811,2022-12-22,일반
8248,권우진,gngj589@nate.com,010-9076-8739,울산,35.5398,129.3114,2022-09-10,우수
8249,황도현,hdh907@naver.com,010-3766-8908,대전,36.3504,127.3845,2021-06-30,VIP
8250,안우진,ngngj901@gmail.com,010-7753-2736,인천,37.4563,126.7052,2022-07-06,우수
8251,정나윤,jnng853@naver.com,,울산,35.5398,129.3114,2021-04-19,VIP
8252,전하린,jhr987@nate.com,010-5695-9274,세종,36.48,127.289,2022-09-16,MVP
8253,박시아,bsng419@gmail.com,010-3908-8505,울산,35.5398,129.3114,2022-12-25,일반
8254,한지민,hjm192@gmail.com,010-8736-4074,대전,36.3504,127.3845,2021-02-07,우수
8255,정유진,jngj910@nate.com,010-1494-7200,수원,37.2636,127.0286,2021-09-30,일반
8256,강지훈,gjh571@gmail.com,010-4182-9773,울산,35.5398,129.3114,2021-12-22,VIP
8257,서태현,sth424@gmail.com,010-2816-6813,인천,37.4563,126.7052,2021-01-27,일반
8258,정하늘,jhn126@nate.com,010-5905-8611,수원,37.2636,127.0286,2022-03-08,MVP
8259,황민준,hmj216@nate.com,010-1270-3473,창원,35.2271,128.6811,2022-01-20,우수
8260,윤지후,ngjh489@naver.com,010-4999-2182,세종,36.48,127.289,2021-02-01,우수
8261,조현정,jhj583@daum.net,,울산,35.5398,129.3114,2022-12-08,일반
8262,조유진,jngj401@naver.com,010-3665-1313,광주,35.1595,126.8526,2022-10-28,일반
8263,임지원,ngjng658@nate.com,010-6961-3260,대구,35.8714,128.6014,2022-12-26,우수
8264,임영민,ngngm979@gmail.com,,광주,35.1595,126.8526,2021-02-10,일반
8265,오현정,nghj189@gmail.com,010-7675-1207,전주,35.8219,127.148,2022-02-13,VIP
8266,한지아,hjng625@gmail.com,010-5276-4459,창원,35.2271,128.6811,2021-11-20,일반
8267,전서현,jsh768@gmail.com,010-5033-3671,광주,35.1595,126.8526,2022-06-24,우수
8268,정지원,jjng946@nate.com,,서울,37.5665,126.978,2021-06-22,일반
8269,서지아,sjng866@nate.com,010-3633-9830,울산,35.5398,129.3114,2022-11-12,우수
8270,강하늘,ghn999@gmail.com,010-7452-6732,대전,36.3504,127.3845,2022-09-22,우수
8271,서지현,sjh772@gmail.com,010-6993-5229,전주,35.8219,127.148,2022-05-09,일반
8272,송가은,sgng292@nate.com,010-4611-4646,부산,35.1796,129.0756,2021-03-12,일반
8273,신지민,sjm880@daum.net,,대전,36.3504,127.3845,2022-08-28,일반
8274,권가은,ggng388@naver.com,010-3321-8048,서울,37.5665,126.978,2021-08-27,우수
8275,권지아,gjng865@daum.net,010-2057-2784,광주,35.1595,126.8526,2022-02-10,우수
8276,오도현,ngdh458@nate.com,,수원,37.2636,127.0286,2022-10-23,우수
8277,서도현,sdh103@nate.com,,대전,36.3504,127.3845,2022-11-19,우수
8278,권하늘,ghn605@nate.com,010-2247-8716,울산,35.5398,129.3114,2021-01-29,일반
8279,송하준,shj792@nate.com,010-8718-4727,부산,35.1796,129.0756,2021-10-19,일반
8280,김수빈,gsb399@gmail.com,010-3192-9130,인천,37.4563,126.7052,2022-04-13,일반
8281,조민준,jmj214@nate.com,010-7110-3498,창원,35.2271,128.6811,2022-08-22,일반
8282,최민서,chms399@daum.net,010-9947-9775,청주,36.6424,127.489,2022-02-05,MVP
8283,장지후,jjh922@nate.com,010-4708-1369,수원,37.2636,127.0286,2021-10-30,VIP
8284,신태현,sth635@daum.net,010-6794-6689,부산,35.1796,129.0756,2021-11-07,일반
8285,권지후,gjh666@gmail.com,010-8405-8681,광주,35.1595,126.8526,2022-10-11,우수
8286,정하늘,jhn182@daum.net,,울산,35.5398,129.3114,2021-03-27,VIP
8287,김주원,gjng908@naver.com,010-7597-4532,인천,37.4563,126.7052,2022-05-08,일반
8288,박지민,bjm828@daum.net,010-8386-7443,창원,35.2271,128.6811,2022-05-27,일반
8289,안수빈,ngsb796@nate.com,010-5841-9184,광주,35.1595,126.8526,2022-08-21,일반
8290,최지아,chjng909@gmail.com,010-4718-5361,청주,36.6424,127.489,2022-05-09,우수
8291,이시아,ngsng542@gmail.com,010-8228-6639,청주,36.6424,127.489,2022-08-12,MVP
8292,최예준,chngj922@nate.com,010-5639-5576,광주,35.1595,126.8526,2022-03-06,우수
8293,이서연,ngsng151@naver.com,010-7272-3991,부산,35.1796,129.0756,2021-02-05,일반
8294,서하린,shr525@nate.com,010-8453-9262,세종,36.48,127.289,2021-06-16,일반
8295,윤지후,ngjh279@naver.com,010-4267-2067,울산,35.5398,129.3114,2021-08-01,우수
8296,전서연,jsng915@naver.com,010-9194-2168,대전,36.3504,127.3845,2021-07-18,VIP
8297,정태현,jth147@gmail.com,010-8352-3587,울산,35.5398,129.3114,2022-04-30,우수
8298,서수빈,ssb223@daum.net,,울산,35.5398,129.3114,2022-08-22,우수
8299,임채원,ngchng830@nate.com,,서울,37.5665,126.978,2021-03-16,일반
8300,송지후,sjh791@daum.net,010-7256-5516,청주,36.6424,127.489,2022-01-01,VIP
8301,신민준,smj599@gmail.com,,광주,35.1595,126.8526,2021-02-13,우수
8302,신지원,sjng269@daum.net,,대구,35.8714,128.6014,2021-02-21,일반
8303,오지원,ngjng580@nate.com,010-3458-3482,수원,37.2636,127.0286,2021-12-10,우수
8304,정지현,jjh856@gmail.com,010-6676-8836,서울,37.5665,126.978,2022-01-30,일반
8305,권우진,gngj757@gmail.com,,대전,36.3504,127.3845,2021-10-06,일반
8306,이예준,ngngj619@gmail.com,010-1020-7202,대구,35.8714,128.6014,2021-10-20,일반
8307,송수빈,ssb968@naver.com,,부산,35.1796,129.0756,2022-05-27,일반
8308,서서연,ssng637@nate.com,010-2980-9010,청주,36.6424,127.489,2021-01-29,일반
8309,신주원,sjng227@gmail.com,,울산,35.5398,129.3114,2022-05-11,일반
8310,윤서준,ngsj371@nate.com,010-7508-6976,전주,35.8219,127.148,2021-12-18,우수
8311,송민준,smj865@gmail.com,010-9942-2667,울산,35.5398,129.3114,2022-11-18,일반
8312,윤서연,ngsng917@nate.com,,전주,35.8219,127.148,2021-06-17,일반
8313,정지현,jjh956@gmail.com,010-1451-3283,수원,37.2636,127.0286,2022-01-21,일반
8314,최현우,chhng978@gmail.com,010-7241-4870,전주,35.8219,127.148,2022-12-16,우수
8315,전지훈,jjh596@naver.com,010-5359-7496,대전,36.3504,127.3845,2022-06-27,일반
8316,김나윤,gnng788@naver.com,010-1253-8674,대전,36.3504,127.3845,2022-12-14,일반
8317,전가은,jgng977@daum.net,010-2849-8652,대구,35.8714,128.6014,2021-11-15,VIP
8318,한지민,hjm539@nate.com,010-2434-4645,부산,35.1796,129.0756,2022-09-07,우수
8319,강현우,ghng697@naver.com,,창원,35.2271,128.6811,2022-01-18,VIP
8320,전민서,jms929@nate.com,010-3205-2676,부산,35.1796,129.0756,2021-02-10,일반
8321,신유진,sngj971@gmail.com,,수원,37.2636,127.0286,2022-04-16,일반
8322,황예린,hngr134@daum.net,010-4676-9587,청주,36.6424,127.489,2021-03-19,우수
8323,송지후,sjh795@gmail.com,010-9365-2433,창원,35.2271,128.6811,2021-01-19,일반
8324,신예린,sngr581@naver.com,010-4982-1160,창원,35.2271,128.6811,2021-03-26,일반
8325,장주원,jjng898@gmail.com,010-2006-6731,부산,35.1796,129.0756,2022-07-29,일반
8326,강민서,gms332@gmail.com,010-7448-6752,부산,35.1796,129.0756,2022-07-18,VIP
8327,서민서,sms290@naver.com,,대전,36.3504,127.3845,2021-04-21,일반
8328,신도현,sdh443@gmail.com,010-9459-6115,전주,35.8219,127.148,2021-09-12,VIP
8329,최서준,chsj198@daum.net,010-4059-3615,창원,35.2271,128.6811,2022-09-11,VIP
8330,강지훈,gjh699@naver.com,010-5319-1448,전주,35.8219,127.148,2021-10-05,일반
8331,신서연,ssng187@daum.net,,창원,35.2271,128.6811,2022-10-07,우수
8332,정주원,jjng153@nate.com,010-9853-7334,울산,35.5398,129.3114,2022-12-19,우수
8333,박지아,bjng292@naver.com,010-2946-5827,광주,35.1595,126.8526,2021-12-12,VIP
8334,윤하준,nghj924@gmail.com,010-5576-6735,부산,35.1796,129.0756,2022-12-27,일반
8335,신채원,schng162@daum.net,,부산,35.1796,129.0756,2022-06-09,우수
8336,안서현,ngsh139@nate.com,010-1034-9622,부산,35.1796,129.0756,2022-04-08,일반
8337,황도현,hdh213@naver.com,010-6028-8247,광주,35.1595,126.8526,2021-08-18,VIP
8338,조주원,jjng371@naver.com,010-8606-1969,서울,37.5665,126.978,2022-12-09,일반
8339,윤서연,ngsng472@daum.net,010-1421-9069,창원,35.2271,128.6811,2021-07-11,일반
8340,강현정,ghj590@naver.com,010-8052-9815,창원,35.2271,128.6811,2021-01-02,우수
8341,박태현,bth951@gmail.com,,전주,35.8219,127.148,2022-03-25,VIP
8342,박서현,bsh333@nate.com,010-2168-7273,서울,37.5665,126.978,2021-07-05,우수
8343,황예준,hngj495@nate.com,,인천,37.4563,126.7052,2022-05-25,일반
8344,정채원,jchng399@gmail.com,010-2597-1271,서울,37.5665,126.978,2021-06-19,일반
8345,송지후,sjh113@naver.com,010-2419-5978,인천,37.4563,126.7052,2021-01-20,MVP
8346,윤서현,ngsh225@naver.com,010-6398-5061,수원,37.2636,127.0286,2021-09-19,우수
8347,박예린,bngr170@naver.com,010-4788-2305,대구,35.8714,128.6014,2021-02-24,VIP
8348,윤시아,ngsng573@naver.com,010-3942-9669,창원,35.2271,128.6811,2022-07-08,일반
8349,권도현,gdh572@gmail.com,010-4807-9314,대구,35.8714,128.6014,2021-02-11,일반
8350,황예린,hngr508@gmail.com,,전주,35.8219,127.148,2022-08-25,우수
8351,황영민,hngm790@nate.com,010-8546-8483,창원,35.2271,128.6811,2022-03-14,VIP
8352,이하린,nghr573@daum.net,010-2075-4083,인천,37.4563,126.7052,2022-01-18,일반
8353,안유진,ngngj972@daum.net,,부산,35.1796,129.0756,2021-08-20,VIP
8354,권서현,gsh764@daum.net,010-6490-2989,대전,36.3504,127.3845,2022-07-05,우수
8355,전지원,jjng358@daum.net,010-5263-5186,인천,37.4563,126.7052,2022-11-19,일반
8356,이하준,nghj481@daum.net,,광주,35.1595,126.8526,2021-03-07,일반
8357,안하린,nghr255@gmail.com,010-9573-8423,세종,36.48,127.289,2021-04-09,일반
8358,장지아,jjng432@naver.com,010-8100-5709,부산,35.1796,129.0756,2021-12-14,우수
8359,신가은,sgng111@nate.com,010-6549-5110,청주,36.6424,127.489,2021-05-18,일반
8360,황지현,hjh607@nate.com,010-9962-2938,광주,35.1595,126.8526,2021-08-30,일반
8361,권현정,ghj545@naver.com,,광주,35.1595,126.8526,2021-07-14,VIP
8362,황하늘,hhn181@gmail.com,010-7997-3476,서울,37.5665,126.978,2022-11-11,일반
8363,최하린,chhr632@nate.com,010-4301-2474,대전,36.3504,127.3845,2021-10-19,일반
8364,서지아,sjng809@gmail.com,010-2200-7362,전주,35.8219,127.148,2021-12-20,일반
8365,임하린,nghr217@gmail.com,010-5557-6590,세종,36.48,127.289,2021-02-18,우수
8366,최하린,chhr807@nate.com,010-4911-1409,대전,36.3504,127.3845,2022-08-13,우수
8367,신가은,sgng535@gmail.com,,창원,35.2271,128.6811,2021-01-15,일반
8368,장현정,jhj630@daum.net,,인천,37.4563,126.7052,2021-11-24,우수
8369,서영민,sngm575@gmail.com,,창원,35.2271,128.6811,2021-08-12,우수
8370,임영민,ngngm599@naver.com,,전주,35.8219,127.148,2022-08-17,일반
8371,안민서,ngms461@naver.com,010-4338-3652,광주,35.1595,126.8526,2022-07-01,일반
8372,장지후,jjh437@daum.net,,부산,35.1796,129.0756,2021-08-30,일반
8373,박태현,bth832@nate.com,010-5397-4217,전주,35.8219,127.148,2022-09-04,일반
8374,정현우,jhng287@daum.net,010-6832-3020,울산,35.5398,129.3114,2022-08-04,우수
8375,서하린,shr608@naver.com,010-8758-8895,청주,36.6424,127.489,2022-05-24,우수
8376,강나윤,gnng154@daum.net,010-2978-9225,대구,35.8714,128.6014,2022-07-31,일반
8377,안지아,ngjng795@daum.net,010-7159-7970,인천,37.4563,126.7052,2022-04-22,일반
8378,오서연,ngsng388@daum.net,010-3659-9535,광주,35.1595,126.8526,2021-08-12,일반
8379,장민준,jmj994@naver.com,010-7577-5911,대전,36.3504,127.3845,2022-05-14,우수
8380,한가은,hgng372@daum.net,010-5912-3449,서울,37.5665,126.978,2022-03-04,일반
8381,오지후,ngjh265@naver.com,010-1493-2203,울산,35.5398,129.3114,2022-08-19,우수
8382,최서현,chsh784@nate.com,010-9905-4098,인천,37.4563,126.7052,2021-04-27,일반
8383,김도현,gdh268@gmail.com,010-8013-6594,전주,35.8219,127.148,2021-01-30,우수
8384,권태현,gth945@naver.com,010-3016-7684,청주,36.6424,127.489,2021-07-27,VIP
8385,이예준,ngngj658@nate.com,,부산,35.1796,129.0756,2022-08-19,일반
8386,윤영민,ngngm886@nate.com,010-7768-6449,청주,36.6424,127.489,2021-10-05,일반
8387,송서준,ssj900@daum.net,010-6085-1760,전주,35.8219,127.148,2021-03-19,MVP
8388,임서현,ngsh605@nate.com,,대구,35.8714,128.6014,2021-12-29,일반
8389,최하늘,chhn903@daum.net,010-2047-7354,창원,35.2271,128.6811,2022-04-17,우수
8390,윤하준,nghj268@daum.net,010-4662-4770,광주,35.1595,126.8526,2022-02-21,일반
8391,서서연,ssng945@gmail.com,010-2519-9156,인천,37.4563,126.7052,2021-08-17,우수
8392,전예린,jngr237@gmail.com,,부산,35.1796,129.0756,2022-07-26,일반
8393,송시아,ssng171@naver.com,010-1332-3540,서울,37.5665,126.978,2022-12-19,MVP
8394,권예준,gngj725@gmail.com,010-5345-8532,광주,35.1595,126.8526,2022-10-19,우수
8395,전서연,jsng783@gmail.com,010-4984-4554,전주,35.8219,127.148,2021-12-07,우수
8396,이시아,ngsng361@nate.com,010-7618-9441,창원,35.2271,128.6811,2022-12-26,우수
8397,안유진,ngngj843@daum.net,010-7315-5486,대구,35.8714,128.6014,2021-09-25,우수
8398,오하늘,nghn259@daum.net,010-8812-4403,대전,36.3504,127.3845,2022-02-17,일반
8399,윤현우,nghng110@gmail.com,010-2623-7244,대구,35.8714,128.6014,2021-01-08,VIP
8400,신현정,shj255@naver.com,,대전,36.3504,127.3845,2022-10-30,MVP
8401,윤채원,ngchng760@gmail.com,010-2460-5720,부산,35.1796,129.0756,2021-05-09,일반
8402,김나윤,gnng103@gmail.com,010-3198-1844,부산,35.1796,129.0756,2021-05-20,VIP
8403,황예린,hngr839@gmail.com,010-5784-2601,수원,37.2636,127.0286,2022-05-22,우수
8404,임지민,ngjm456@nate.com,010-1727-9087,울산,35.5398,129.3114,2022-10-29,우수
8405,이서현,ngsh366@naver.com,010-8470-7019,청주,36.6424,127.489,2022-11-07,일반
8406,박지훈,bjh341@daum.net,010-5304-8012,대구,35.8714,128.6014,2021-11-25,일반
8407,강주원,gjng256@daum.net,010-1923-8978,세종,36.48,127.289,2022-02-19,일반
8408,임현정,nghj894@gmail.com,010-7235-2767,창원,35.2271,128.6811,2021-04-04,일반
8409,윤지원,ngjng668@gmail.com,010-9914-7075,광주,35.1595,126.8526,2021-04-14,우수
8410,임서준,ngsj159@daum.net,010-6491-8122,수원,37.2636,127.0286,2022-09-12,일반
8411,김지아,gjng356@nate.com,010-5458-6142,창원,35.2271,128.6811,2022-01-13,일반
8412,신채원,schng817@nate.com,010-2089-3628,세종,36.48,127.289,2022-01-05,MVP
8413,윤우진,ngngj117@gmail.com,010-3928-1430,부산,35.1796,129.0756,2022-12-16,일반
8414,임민준,ngmj744@gmail.com,010-3703-5428,광주,35.1595,126.8526,2021-01-27,일반
8415,강민준,gmj200@naver.com,010-4038-1690,전주,35.8219,127.148,2021-04-22,일반
8416,전우진,jngj327@daum.net,,인천,37.4563,126.7052,2021-07-11,일반
8417,정우진,jngj985@gmail.com,010-6889-8589,청주,36.6424,127.489,2022-09-06,우수
8418,권채원,gchng624@nate.com,,대구,35.8714,128.6014,2021-10-23,우수
8419,윤수빈,ngsb252@naver.com,010-6167-9077,서울,37.5665,126.978,2022-12-21,우수
8420,최서현,chsh317@nate.com,010-8640-5162,전주,35.8219,127.148,2021-03-12,일반
8421,전민서,jms626@daum.net,010-3671-6258,대구,35.8714,128.6014,2022-12-01,우수
8422,송유진,sngj989@naver.com,010-6579-2964,광주,35.1595,126.8526,2021-11-28,일반
8423,오지훈,ngjh207@daum.net,010-5733-4930,대구,35.8714,128.6014,2022-03-08,일반
8424,송민서,sms230@daum.net,010-9399-5819,대구,35.8714,128.6014,2021-01-03,일반
8425,송나윤,snng514@gmail.com,010-5889-5919,울산,35.5398,129.3114,2021-09-27,일반
8426,정지원,jjng864@gmail.com,010-4147-5066,창원,35.2271,128.6811,2022-11-25,일반
8427,황유진,hngj816@nate.com,,창원,35.2271,128.6811,2022-12-01,일반
8428,오지원,ngjng117@gmail.com,010-9529-5723,울산,35.5398,129.3114,2021-07-26,MVP
8429,오지훈,ngjh455@gmail.com,010-3963-7372,청주,36.6424,127.489,2021-11-25,일반
8430,한현우,hhng594@gmail.com,010-9230-2008,대전,36.3504,127.3845,2022-05-01,일반
8431,송지원,sjng980@nate.com,010-1888-6823,수원,37.2636,127.0286,2021-08-30,일반
8432,최영민,chngm638@naver.com,010-3986-8500,대전,36.3504,127.3845,2021-11-12,우수
8433,한지원,hjng368@nate.com,,청주,36.6424,127.489,2021-02-24,일반
8434,장하준,jhj703@daum.net,010-8009-5008,서울,37.5665,126.978,2021-09-04,VIP
8435,신지아,sjng330@daum.net,010-3018-1472,서울,37.5665,126.978,2021-06-08,MVP
8436,장지원,jjng405@gmail.com,010-5713-7372,청주,36.6424,127.489,2022-10-04,일반
8437,김지민,gjm468@naver.com,010-1337-7930,대전,36.3504,127.3845,2022-10-12,일반
8438,서지현,sjh547@naver.com,,대전,36.3504,127.3845,2022-09-10,일반
8439,신지현,sjh155@daum.net,010-4115-1654,전주,35.8219,127.148,2021-11-27,우수
8440,장지원,jjng444@daum.net,010-4637-4161,대구,35.8714,128.6014,2022-03-03,일반
8441,박하린,bhr741@naver.com,,부산,35.1796,129.0756,2022-12-16,일반
8442,박가은,bgng147@gmail.com,010-1666-4553,부산,35.1796,129.0756,2022-11-30,일반
8443,송민서,sms582@naver.com,,전주,35.8219,127.148,2022-07-16,우수
8444,이수빈,ngsb858@nate.com,010-9462-2541,수원,37.2636,127.0286,2022-09-08,일반
8445,전가은,jgng512@nate.com,010-7317-8042,서울,37.5665,126.978,2022-12-12,일반
8446,안예린,ngngr619@daum.net,010-8103-6250,대구,35.8714,128.6014,2021-07-20,우수
8447,이하린,nghr655@naver.com,,대구,35.8714,128.6014,2022-06-30,우수
8448,강민서,gms243@daum.net,,창원,35.2271,128.6811,2021-02-15,VIP
8449,장서준,jsj468@daum.net,010-7170-9465,대구,35.8714,128.6014,2022-09-03,일반
8450,안지훈,ngjh589@naver.com,010-6186-4517,수원,37.2636,127.0286,2021-10-16,우수
8451,황하준,hhj476@gmail.com,010-7041-9539,부산,35.1796,129.0756,2021-12-11,우수
8452,임시아,ngsng523@naver.com,010-4680-1578,서울,37.5665,126.978,2021-02-06,일반
8453,강민준,gmj214@naver.com,010-7531-1991,울산,35.5398,129.3114,2022-11-04,우수
8454,최민서,chms334@daum.net,010-6798-1808,광주,35.1595,126.8526,2022-12-08,일반
8455,한도윤,hdng740@gmail.com,010-7175-2502,전주,35.8219,127.148,2022-04-23,VIP
8456,임하준,nghj495@nate.com,010-7748-9101,인천,37.4563,126.7052,2021-10-30,일반
8457,황나윤,hnng823@gmail.com,010-2471-2422,대전,36.3504,127.3845,2022-10-07,우수
8458,김하늘,ghn141@gmail.com,010-7439-5514,청주,36.6424,127.489,2021-07-02,일반
8459,최지후,chjh429@nate.com,010-7628-5356,대전,36.3504,127.3845,2022-06-23,MVP
8460,정지원,jjng253@nate.com,,광주,35.1595,126.8526,2021-08-08,일반
8461,황나윤,hnng698@gmail.com,010-8238-3865,서울,37.5665,126.978,2022-01-07,MVP
8462,한서연,hsng452@nate.com,010-5216-4137,대구,35.8714,128.6014,2021-08-02,VIP
8463,임지아,ngjng666@gmail.com,,창원,35.2271,128.6811,2021-03-03,일반
8464,김도현,gdh125@naver.com,,대전,36.3504,127.3845,2021-07-01,VIP
8465,박현정,bhj235@nate.com,010-7375-7518,세종,36.48,127.289,2022-01-20,MVP
8466,정지원,jjng785@daum.net,010-5887-2821,세종,36.48,127.289,2022-07-12,일반
8467,최주원,chjng849@daum.net,,수원,37.2636,127.0286,2021-10-21,일반
8468,황채원,hchng279@nate.com,,대전,36.3504,127.3845,2022-10-09,우수
8469,장서준,jsj775@daum.net,010-2413-4319,세종,36.48,127.289,2022-07-25,일반
8470,서민서,sms213@nate.com,010-5826-9252,부산,35.1796,129.0756,2022-10-08,일반
8471,전하린,jhr758@gmail.com,010-4858-9701,청주,36.6424,127.489,2021-06-06,일반
8472,정수빈,jsb708@daum.net,010-6638-1052,부산,35.1796,129.0756,2021-11-10,일반
8473,전수빈,jsb344@naver.com,010-9542-8808,대구,35.8714,128.6014,2021-02-17,일반
8474,이현우,nghng975@naver.com,010-9956-6902,전주,35.8219,127.148,2021-10-08,일반
8475,정민서,jms160@daum.net,010-4790-5549,창원,35.2271,128.6811,2022-04-02,VIP
8476,임도현,ngdh413@nate.com,010-5274-8879,대구,35.8714,128.6014,2022-11-06,우수
8477,장시아,jsng543@daum.net,010-2361-1236,창원,35.2271,128.6811,2021-05-05,일반
8478,박나윤,bnng481@naver.com,010-9702-2528,인천,37.4563,126.7052,2021-03-17,우수
8479,한태현,hth873@daum.net,,수원,37.2636,127.0286,2022-06-30,우수
8480,조서연,jsng916@nate.com,010-3835-4804,울산,35.5398,129.3114,2021-02-03,MVP
8481,정현우,jhng480@gmail.com,010-6385-3704,부산,35.1796,129.0756,2021-09-10,일반
8482,강유진,gngj837@daum.net,010-6924-8366,창원,35.2271,128.6811,2022-11-30,일반
8483,김지후,gjh181@nate.com,010-1916-2419,울산,35.5398,129.3114,2022-07-13,VIP
8484,조영민,jngm262@daum.net,010-4080-1928,세종,36.48,127.289,2021-02-25,VIP
8485,안도윤,ngdng399@gmail.com,010-8191-6867,대전,36.3504,127.3845,2021-07-04,우수
8486,권지훈,gjh825@daum.net,010-7129-3006,청주,36.6424,127.489,2021-10-08,우수
8487,권나윤,gnng337@naver.com,010-5296-9319,서울,37.5665,126.978,2021-03-10,일반
8488,권지민,gjm477@nate.com,010-7087-2205,수원,37.2636,127.0286,2021-04-03,우수
8489,서지민,sjm900@daum.net,010-2523-8185,광주,35.1595,126.8526,2022-10-14,일반
8490,정현정,jhj671@nate.com,,대전,36.3504,127.3845,2021-06-07,일반
8491,조서연,jsng154@gmail.com,010-8925-3623,세종,36.48,127.289,2021-04-06,VIP
8492,강영민,gngm791@naver.com,010-6417-4283,창원,35.2271,128.6811,2022-12-09,일반
8493,최시아,chsng515@daum.net,010-5761-2613,부산,35.1796,129.0756,2022-01-29,일반
8494,송예린,sngr115@daum.net,,대전,36.3504,127.3845,2021-01-11,VIP
8495,오채원,ngchng330@gmail.com,010-3613-1311,청주,36.6424,127.489,2022-11-11,일반
8496,권나윤,gnng730@nate.com,010-1611-8586,전주,35.8219,127.148,2021-04-20,MVP
8497,전지아,jjng912@nate.com,010-4705-2649,광주,35.1595,126.8526,2022-08-13,MVP
8498,최지아,chjng611@gmail.com,010-2253-6463,청주,36.6424,127.489,2022-06-20,우수
8499,권도현,gdh367@gmail.com,,울산,35.5398,129.3114,2022-05-13,일반
8500,오서연,ngsng583@gmail.com,010-8047-8051,청주,36.6424,127.489,2022-08-13,일반
8501,황현정,hhj950@daum.net,010-1378-4298,부산,35.1796,129.0756,2022-03-12,일반
8502,송도현,sdh949@daum.net,010-8669-5897,인천,37.4563,126.7052,2022-11-02,일반
8503,이예준,ngngj990@daum.net,,대전,36.3504,127.3845,2022-12-18,일반
8504,한민준,hmj508@daum.net,010-2493-2318,부산,35.1796,129.0756,2021-04-19,MVP
8505,신예린,sngr902@nate.com,,수원,37.2636,127.0286,2022-05-17,일반
8506,안서준,ngsj672@daum.net,010-7615-7739,부산,35.1796,129.0756,2022-12-16,우수
8507,권지원,gjng569@gmail.com,010-5758-1397,전주,35.8219,127.148,2022-01-25,일반
8508,정지후,jjh196@naver.com,010-7307-4217,전주,35.8219,127.148,2021-10-22,우수
8509,신시아,ssng733@daum.net,010-6786-8601,세종,36.48,127.289,2021-04-08,VIP
8510,김서준,gsj208@nate.com,010-3389-3758,수원,37.2636,127.0286,2021-10-27,일반
8511,장태현,jth745@gmail.com,010-8292-9782,인천,37.4563,126.7052,2021-08-15,일반
8512,조서준,jsj307@gmail.com,010-1841-5504,대전,36.3504,127.3845,2022-04-22,우수
8513,김시아,gsng505@naver.com,,전주,35.8219,127.148,2022-03-09,우수
8514,전하준,jhj254@daum.net,010-8244-7976,창원,35.2271,128.6811,2022-12-30,우수
8515,강도윤,gdng977@gmail.com,010-6892-4265,전주,35.8219,127.148,2022-08-02,일반
8516,강가은,ggng555@naver.com,010-1658-8085,세종,36.48,127.289,2021-05-20,일반
8517,신수빈,ssb477@daum.net,,창원,35.2271,128.6811,2022-10-26,MVP
8518,전민서,jms319@gmail.com,010-4960-8743,대구,35.8714,128.6014,2022-04-13,VIP
8519,장지원,jjng907@gmail.com,010-1065-7564,수원,37.2636,127.0286,2022-12-22,일반
8520,송영민,sngm242@daum.net,010-1845-5559,수원,37.2636,127.0286,2021-05-06,VIP
8521,전가은,jgng529@nate.com,010-8306-2381,인천,37.4563,126.7052,2022-08-21,일반
8522,전도현,jdh171@nate.com,010-9569-1479,대구,35.8714,128.6014,2022-04-08,일반
8523,이지훈,ngjh873@nate.com,,인천,37.4563,126.7052,2021-01-02,일반
8524,안도현,ngdh650@naver.com,010-8998-1044,대구,35.8714,128.6014,2022-08-16,일반
8525,송태현,sth550@nate.com,010-3755-5917,서울,37.5665,126.978,2021-03-12,우수
8526,강지훈,gjh390@naver.com,010-3069-4557,부산,35.1796,129.0756,2021-02-15,일반
8527,정도윤,jdng122@naver.com,010-5325-1577,울산,35.5398,129.3114,2022-04-29,일반
8528,이시아,ngsng288@daum.net,,청주,36.6424,127.489,2021-09-27,우수
8529,김현정,ghj703@naver.com,010-2998-9931,부산,35.1796,129.0756,2022-12-10,우수
8530,이현우,nghng895@daum.net,010-2714-5944,대구,35.8714,128.6014,2021-01-31,우수
8531,송현정,shj663@naver.com,010-6032-6656,서울,37.5665,126.978,2021-12-05,VIP
8532,김현정,ghj984@naver.com,010-9922-7497,세종,36.48,127.289,2022-10-15,일반
8533,안지원,ngjng667@gmail.com,010-5896-7820,창원,35.2271,128.6811,2022-05-21,우수
8534,권지훈,gjh659@naver.com,,인천,37.4563,126.7052,2021-07-14,우수
8535,송지민,sjm360@naver.com,010-5565-8565,광주,35.1595,126.8526,2021-01-09,우수
8536,박도현,bdh813@nate.com,010-9916-9926,대전,36.3504,127.3845,2021-05-23,일반
8537,임도현,ngdh154@nate.com,010-5421-6651,울산,35.5398,129.3114,2021-03-28,일반
8538,김예준,gngj171@nate.com,010-3571-5431,청주,36.6424,127.489,2021-02-08,VIP
8539,최영민,chngm667@gmail.com,010-8476-7508,부산,35.1796,129.0756,2022-12-09,일반
8540,강채원,gchng203@gmail.com,010-3670-7696,창원,35.2271,128.6811,2022-02-14,VIP
8541,강예준,gngj485@daum.net,010-3563-1772,세종,36.48,127.289,2021-07-04,우수
8542,신지후,sjh171@daum.net,010-3142-5607,부산,35.1796,129.0756,2021-02-05,우수
8543,장지후,jjh286@daum.net,,전주,35.8219,127.148,2021-11-01,VIP
8544,한현정,hhj546@nate.com,010-7452-3021,대전,36.3504,127.3845,2021-06-01,우수
8545,황하준,hhj885@daum.net,010-4418-2118,세종,36.48,127.289,2021-05-21,일반
8546,안지현,ngjh668@nate.com,010-6057-5378,서울,37.5665,126.978,2022-03-21,우수
8547,신주원,sjng117@naver.com,010-6797-8791,세종,36.48,127.289,2021-10-16,VIP
8548,박시아,bsng739@gmail.com,010-4276-5613,청주,36.6424,127.489,2022-03-23,일반
8549,정지현,jjh741@gmail.com,010-2626-5561,대전,36.3504,127.3845,2021-05-29,일반
8550,김수빈,gsb771@gmail.com,010-6118-3160,대구,35.8714,128.6014,2022-03-24,일반
8551,전민준,jmj606@gmail.com,010-5783-3833,대구,35.8714,128.6014,2022-06-15,VIP
8552,권도윤,gdng970@naver.com,,전주,35.8219,127.148,2021-09-29,일반
8553,황서준,hsj526@daum.net,010-3100-3094,청주,36.6424,127.489,2022-11-16,우수
8554,오가은,nggng555@gmail.com,,울산,35.5398,129.3114,2021-10-25,일반
8555,김지훈,gjh970@daum.net,,인천,37.4563,126.7052,2021-09-27,일반
8556,윤서현,ngsh387@daum.net,010-7464-4575,울산,35.5398,129.3114,2021-11-12,우수
8557,황예준,hngj933@gmail.com,010-1731-7318,부산,35.1796,129.0756,2021-05-23,일반
8558,조현우,jhng462@nate.com,010-8819-5475,광주,35.1595,126.8526,2022-10-14,우수
8559,권유진,gngj514@nate.com,010-7915-9127,광주,35.1595,126.8526,2022-03-05,우수
8560,신지민,sjm551@daum.net,010-9362-2690,창원,35.2271,128.6811,2021-04-06,VIP
8561,신도현,sdh698@daum.net,,서울,37.5665,126.978,2021-08-06,일반
8562,정하준,jhj213@nate.com,010-4270-3224,전주,35.8219,127.148,2021-09-19,VIP
8563,임채원,ngchng393@naver.com,010-1216-1267,부산,35.1796,129.0756,2021-11-10,우수
8564,임시아,ngsng626@naver.com,,광주,35.1595,126.8526,2022-09-28,VIP
8565,이유진,ngngj963@gmail.com,,창원,35.2271,128.6811,2022-07-29,일반
8566,한예준,hngj881@daum.net,,울산,35.5398,129.3114,2022-08-19,우수
8567,박지아,bjng332@nate.com,010-8492-1543,울산,35.5398,129.3114,2021-12-28,VIP
8568,이유진,ngngj569@naver.com,,대전,36.3504,127.3845,2021-04-04,VIP
8569,이민서,ngms466@gmail.com,,창원,35.2271,128.6811,2021-12-06,일반
8570,조유진,jngj378@daum.net,010-5509-1612,부산,35.1796,129.0756,2021-08-03,일반
8571,정채원,jchng815@daum.net,010-1714-6449,인천,37.4563,126.7052,2021-06-02,일반
8572,전유진,jngj102@naver.com,010-2585-6896,부산,35.1796,129.0756,2021-05-29,일반
8573,오도현,ngdh687@daum.net,010-7035-3832,창원,35.2271,128.6811,2022-09-21,일반
8574,장예준,jngj722@nate.com,010-6286-4550,부산,35.1796,129.0756,2022-03-20,일반
8575,신현정,shj147@gmail.com,,수원,37.2636,127.0286,2021-03-30,VIP
8576,황나윤,hnng100@naver.com,,인천,37.4563,126.7052,2022-07-16,일반
8577,윤주원,ngjng810@daum.net,,대구,35.8714,128.6014,2022-07-05,우수
8578,박태현,bth393@daum.net,010-8696-3556,전주,35.8219,127.148,2022-12-27,일반
8579,박서현,bsh528@daum.net,010-9936-2976,부산,35.1796,129.0756,2021-11-16,일반
8580,박도윤,bdng985@daum.net,010-3912-7215,울산,35.5398,129.3114,2022-07-21,일반
8581,최도윤,chdng605@naver.com,,세종,36.48,127.289,2021-01-15,일반
8582,한지후,hjh658@daum.net,010-6939-6337,광주,35.1595,126.8526,2021-02-12,우수
8583,전하린,jhr506@nate.com,,대구,35.8714,128.6014,2021-04-01,VIP
8584,최주원,chjng220@naver.com,010-5180-7245,부산,35.1796,129.0756,2021-07-09,일반
8585,신가은,sgng497@naver.com,010-7179-3921,창원,35.2271,128.6811,2021-04-24,일반
8586,박유진,bngj332@daum.net,010-1036-2259,대전,36.3504,127.3845,2021-01-15,일반
8587,임서연,ngsng845@gmail.com,,전주,35.8219,127.148,2021-05-15,VIP
8588,송지훈,sjh710@daum.net,010-4278-7974,대전,36.3504,127.3845,2022-04-08,우수
8589,이민준,ngmj591@daum.net,010-4094-7053,수원,37.2636,127.0286,2021-04-22,우수
8590,윤지후,ngjh810@naver.com,010-8259-6736,울산,35.5398,129.3114,2022-09-29,우수
8591,최하늘,chhn130@gmail.com,010-7021-9770,세종,36.48,127.289,2022-11-11,VIP
8592,정유진,jngj435@daum.net,010-7155-2445,수원,37.2636,127.0286,2021-09-02,일반
8593,정지후,jjh796@daum.net,010-6538-1074,수원,37.2636,127.0286,2022-05-14,일반
8594,황현정,hhj310@gmail.com,,전주,35.8219,127.148,2022-09-03,VIP
8595,정시아,jsng356@daum.net,010-7616-8241,울산,35.5398,129.3114,2021-09-12,우수
8596,조도윤,jdng318@nate.com,010-7496-5047,전주,35.8219,127.148,2021-07-02,우수
8597,조지아,jjng691@nate.com,010-2932-2301,광주,35.1595,126.8526,2021-11-12,우수
8598,강예준,gngj394@naver.com,010-4126-4724,전주,35.8219,127.148,2022-01-03,일반
8599,전지훈,jjh265@nate.com,010-3442-9726,인천,37.4563,126.7052,2022-06-09,우수
8600,안도윤,ngdng886@daum.net,010-7257-1225,울산,35.5398,129.3114,2022-01-12,우수
8601,임서준,ngsj279@nate.com,010-1305-7301,대전,36.3504,127.3845,2021-11-09,일반
8602,장지아,jjng180@naver.com,010-3596-3543,대구,35.8714,128.6014,2021-12-12,우수
8603,장지현,jjh863@daum.net,010-1727-7650,인천,37.4563,126.7052,2021-08-26,VIP
8604,송하늘,shn419@naver.com,010-4652-7379,창원,35.2271,128.6811,2021-09-11,일반
8605,김지민,gjm816@naver.com,010-3418-4770,울산,35.5398,129.3114,2021-07-21,일반
8606,최하린,chhr240@daum.net,010-8712-5564,세종,36.48,127.289,2022-12-17,일반
8607,한현정,hhj362@daum.net,010-1243-4147,울산,35.5398,129.3114,2022-11-28,우수
8608,최서현,chsh750@nate.com,010-3997-8779,수원,37.2636,127.0286,2022-01-30,일반
8609,임도현,ngdh628@gmail.com,010-7754-5830,청주,36.6424,127.489,2021-06-30,우수
8610,오도현,ngdh391@naver.com,,세종,36.48,127.289,2022-05-23,VIP
8611,한하린,hhr182@gmail.com,010-4724-7541,창원,35.2271,128.6811,2022-08-25,일반
8612,임우진,ngngj795@nate.com,010-2955-9886,세종,36.48,127.289,2021-06-14,VIP
8613,안우진,ngngj983@daum.net,010-8326-1031,서울,37.5665,126.978,2021-04-30,MVP
8614,송하준,shj303@gmail.com,010-2806-8729,청주,36.6424,127.489,2022-08-29,일반
8615,정지원,jjng624@naver.com,010-5298-3795,청주,36.6424,127.489,2022-11-10,일반
8616,권도윤,gdng754@gmail.com,010-2499-3879,대전,36.3504,127.3845,2022-01-05,MVP
8617,송지현,sjh722@daum.net,,부산,35.1796,129.0756,2021-06-15,MVP
8618,황태현,hth413@daum.net,010-4754-7414,세종,36.48,127.289,2022-01-19,일반
8619,오도윤,ngdng972@naver.com,010-1691-3687,세종,36.48,127.289,2021-01-25,일반
8620,조지현,jjh564@gmail.com,,청주,36.6424,127.489,2022-12-06,일반
8621,김지민,gjm904@naver.com,,부산,35.1796,129.0756,2021-05-21,MVP
8622,윤지현,ngjh476@gmail.com,010-8283-6423,대구,35.8714,128.6014,2022-09-24,일반
8623,박하린,bhr912@nate.com,010-7132-3454,청주,36.6424,127.489,2021-07-06,우수
8624,장서준,jsj474@daum.net,010-4816-6951,수원,37.2636,127.0286,2022-08-03,VIP
8625,박현정,bhj681@daum.net,010-3553-8190,광주,35.1595,126.8526,2021-06-10,일반
8626,황현정,hhj134@naver.com,010-5644-6818,광주,35.1595,126.8526,2022-10-08,우수
8627,송현정,shj427@daum.net,,대전,36.3504,127.3845,2021-05-20,일반
8628,이유진,ngngj401@nate.com,,인천,37.4563,126.7052,2022-08-15,VIP
8629,안예린,ngngr805@nate.com,010-6997-4861,세종,36.48,127.289,2021-09-02,일반
8630,권민준,gmj964@nate.com,,전주,35.8219,127.148,2021-08-09,우수
8631,이민준,ngmj741@gmail.com,010-6797-6833,세종,36.48,127.289,2021-03-29,우수
8632,황현정,hhj540@naver.com,010-2956-7438,인천,37.4563,126.7052,2022-09-02,일반
8633,서주원,sjng172@daum.net,010-8745-5422,전주,35.8219,127.148,2022-03-10,일반
8634,송채원,schng485@naver.com,010-1834-4879,세종,36.48,127.289,2021-10-17,일반
8635,김지후,gjh523@nate.com,010-1883-3088,대구,35.8714,128.6014,2022-06-13,일반
8636,신서현,ssh623@nate.com,010-9235-5224,부산,35.1796,129.0756,2022-11-29,VIP
8637,김유진,gngj331@gmail.com,010-6439-9948,수원,37.2636,127.0286,2022-10-04,VIP
8638,오하준,nghj290@nate.com,010-8571-5467,울산,35.5398,129.3114,2021-05-07,일반
8639,서서준,ssj110@naver.com,,대전,36.3504,127.3845,2021-04-03,우수
8640,한지현,hjh674@naver.com,,수원,37.2636,127.0286,2022-04-07,우수
8641,윤지원,ngjng190@nate.com,010-8289-5227,부산,35.1796,129.0756,2022-08-27,VIP
8642,오민준,ngmj965@gmail.com,,창원,35.2271,128.6811,2022-05-04,일반
8643,장예린,jngr364@gmail.com,010-2176-3844,전주,35.8219,127.148,2022-04-30,일반
8644,오현우,nghng919@daum.net,,울산,35.5398,129.3114,2021-04-19,일반
8645,오서현,ngsh442@naver.com,,대전,36.3504,127.3845,2022-10-07,우수
8646,정수빈,jsb673@naver.com,010-2045-2876,서울,37.5665,126.978,2021-04-27,일반
8647,윤도현,ngdh130@naver.com,,창원,35.2271,128.6811,2021-12-26,일반
8648,박나윤,bnng544@daum.net,010-3021-6773,청주,36.6424,127.489,2022-12-05,일반
8649,정주원,jjng873@naver.com,010-1897-7924,대전,36.3504,127.3845,2021-12-02,우수
8650,김예린,gngr916@nate.com,010-7281-7277,부산,35.1796,129.0756,2021-08-11,일반
8651,권민준,gmj773@gmail.com,010-6627-1981,울산,35.5398,129.3114,2021-01-11,일반
8652,서우진,sngj128@daum.net,010-3916-5513,부산,35.1796,129.0756,2021-04-01,일반
8653,김영민,gngm814@gmail.com,010-1666-8443,청주,36.6424,127.489,2021-10-28,일반
8654,김지훈,gjh306@naver.com,,광주,35.1595,126.8526,2021-08-19,우수
8655,조채원,jchng249@daum.net,010-6870-3560,울산,35.5398,129.3114,2021-04-22,일반
8656,정우진,jngj766@gmail.com,010-2293-5809,부산,35.1796,129.0756,2021-09-12,일반
8657,송영민,sngm206@naver.com,010-7302-7060,울산,35.5398,129.3114,2022-07-17,우수
8658,송가은,sgng324@daum.net,010-9794-4353,청주,36.6424,127.489,2021-06-28,일반
8659,서현정,shj612@daum.net,010-7705-5397,울산,35.5398,129.3114,2021-01-28,일반
8660,오나윤,ngnng515@daum.net,010-4526-2320,세종,36.48,127.289,2021-02-22,VIP
8661,한민서,hms681@nate.com,,광주,35.1595,126.8526,2022-08-02,일반
8662,윤하린,nghr865@daum.net,010-5177-4566,대전,36.3504,127.3845,2022-10-26,일반
8663,김수빈,gsb767@daum.net,010-9228-5296,광주,35.1595,126.8526,2022-04-11,일반
8664,장하린,jhr766@gmail.com,010-4831-1956,전주,35.8219,127.148,2021-06-22,일반
8665,황영민,hngm996@nate.com,010-6404-1518,부산,35.1796,129.0756,2021-11-14,우수
8666,정지아,jjng532@gmail.com,010-8283-7694,부산,35.1796,129.0756,2021-03-20,우수
8667,박서준,bsj622@gmail.com,010-2594-4588,수원,37.2636,127.0286,2022-12-30,우수
8668,황하늘,hhn156@gmail.com,010-1053-9333,부산,35.1796,129.0756,2021-02-15,일반
8669,장지훈,jjh814@daum.net,010-4773-3197,대전,36.3504,127.3845,2021-11-20,일반
8670,한지민,hjm581@naver.com,,부산,35.1796,129.0756,2022-12-13,VIP
8671,오예준,ngngj188@gmail.com,010-3160-7586,창원,35.2271,128.6811,2021-10-07,VIP
8672,한태현,hth874@naver.com,010-2450-5915,부산,35.1796,129.0756,2022-02-21,일반
8673,서하준,shj796@gmail.com,010-9394-9882,서울,37.5665,126.978,2021-01-08,일반
8674,안서현,ngsh582@nate.com,010-8501-8295,대전,36.3504,127.3845,2021-04-20,일반
8675,강하준,ghj283@daum.net,010-4111-2280,광주,35.1595,126.8526,2022-03-16,일반
8676,장시아,jsng337@daum.net,010-1735-9065,대전,36.3504,127.3845,2022-07-04,일반
8677,조주원,jjng574@nate.com,010-1668-4880,전주,35.8219,127.148,2021-03-15,일반
8678,권민서,gms562@naver.com,,부산,35.1796,129.0756,2021-04-10,우수
8679,강영민,gngm953@daum.net,010-6216-4592,전주,35.8219,127.148,2021-07-17,우수
8680,조유진,jngj656@daum.net,010-2114-5843,부산,35.1796,129.0756,2022-12-13,일반
8681,전지훈,jjh140@gmail.com,010-8071-8749,세종,36.48,127.289,2021-09-29,일반
8682,정현우,jhng701@nate.com,010-2334-2705,창원,35.2271,128.6811,2022-06-19,VIP
8683,안하늘,nghn247@gmail.com,010-1526-6311,전주,35.8219,127.148,2021-02-18,일반
8684,전도현,jdh472@daum.net,010-8588-1738,수원,37.2636,127.0286,2022-11-06,우수
8685,장주원,jjng477@naver.com,010-7656-7659,전주,35.8219,127.148,2022-03-25,일반
8686,황가은,hgng355@naver.com,010-7260-1493,광주,35.1595,126.8526,2021-10-05,우수
8687,황현정,hhj107@naver.com,010-9117-3081,수원,37.2636,127.0286,2022-10-12,일반
8688,조지아,jjng129@daum.net,010-2898-7603,세종,36.48,127.289,2021-04-30,일반
8689,서하준,shj717@nate.com,010-3970-8824,청주,36.6424,127.489,2022-01-31,일반
8690,윤지훈,ngjh273@gmail.com,,청주,36.6424,127.489,2021-09-29,일반
8691,송유진,sngj856@daum.net,010-7606-9293,대전,36.3504,127.3845,2022-02-08,일반
8692,안시아,ngsng439@naver.com,010-4759-4090,인천,37.4563,126.7052,2021-03-14,우수
8693,이도현,ngdh384@daum.net,010-6330-4444,인천,37.4563,126.7052,2021-04-08,일반
8694,임가은,nggng644@daum.net,010-1231-5640,울산,35.5398,129.3114,2021-09-15,일반
8695,임서연,ngsng272@daum.net,010-5770-2581,서울,37.5665,126.978,2021-11-13,우수
8696,신도현,sdh320@gmail.com,010-7333-5715,울산,35.5398,129.3114,2022-11-07,우수
8697,최민서,chms156@gmail.com,010-1260-5214,서울,37.5665,126.978,2021-08-15,MVP
8698,권지훈,gjh916@naver.com,010-1640-7974,부산,35.1796,129.0756,2021-05-16,우수
8699,신민준,smj483@gmail.com,010-7861-1105,전주,35.8219,127.148,2022-07-03,일반
8700,정채원,jchng672@gmail.com,,청주,36.6424,127.489,2022-05-25,우수
8701,안하늘,nghn111@nate.com,,인천,37.4563,126.7052,2021-10-10,VIP
8702,이민서,ngms437@naver.com,010-8285-8568,서울,37.5665,126.978,2022-07-29,VIP
8703,정주원,jjng488@nate.com,010-6162-9553,울산,35.5398,129.3114,2022-04-01,일반
8704,서서준,ssj191@daum.net,,전주,35.8219,127.148,2021-02-06,일반
8705,한현정,hhj668@daum.net,,대전,36.3504,127.3845,2022-08-13,일반
8706,임가은,nggng498@daum.net,010-3761-2810,부산,35.1796,129.0756,2022-03-24,우수
8707,정수빈,jsb166@daum.net,,인천,37.4563,126.7052,2022-02-20,우수
8708,최하늘,chhn529@nate.com,010-9276-4937,서울,37.5665,126.978,2022-11-13,우수
8709,황주원,hjng127@gmail.com,010-6160-5253,울산,35.5398,129.3114,2021-09-19,일반
8710,권예준,gngj352@naver.com,010-2500-7685,인천,37.4563,126.7052,2022-11-13,우수
8711,조지훈,jjh667@gmail.com,010-5975-4961,대구,35.8714,128.6014,2021-01-19,VIP
8712,신태현,sth247@daum.net,010-6457-5026,청주,36.6424,127.489,2022-02-05,일반
8713,윤민준,ngmj451@gmail.com,010-3708-5622,수원,37.2636,127.0286,2022-05-27,우수
8714,김지훈,gjh538@nate.com,010-1572-8123,부산,35.1796,129.0756,2021-01-29,일반
8715,박시아,bsng455@gmail.com,010-4321-3433,울산,35.5398,129.3114,2021-04-04,VIP
8716,전가은,jgng654@nate.com,010-7306-2848,광주,35.1595,126.8526,2021-07-17,VIP
8717,임지원,ngjng117@gmail.com,010-6948-1932,수원,37.2636,127.0286,2021-03-15,우수
8718,윤영민,ngngm575@daum.net,010-2225-3896,전주,35.8219,127.148,2021-07-27,우수
8719,오예준,ngngj391@naver.com,010-7343-2597,청주,36.6424,127.489,2022-11-07,VIP
8720,안하린,nghr792@gmail.com,,인천,37.4563,126.7052,2021-11-16,일반
8721,강예준,gngj259@gmail.com,010-4478-9950,청주,36.6424,127.489,2022-10-03,일반
8722,권지후,gjh117@gmail.com,,청주,36.6424,127.489,2022-01-31,우수
8723,윤서현,ngsh263@nate.com,010-8554-4722,창원,35.2271,128.6811,2022-12-12,일반
8724,권채원,gchng572@daum.net,010-5862-2685,울산,35.5398,129.3114,2022-12-08,일반
8725,김지아,gjng704@daum.net,,광주,35.1595,126.8526,2021-05-22,VIP
8726,정나윤,jnng445@daum.net,,전주,35.8219,127.148,2021-01-07,우수
8727,신지훈,sjh698@daum.net,,전주,35.8219,127.148,2021-03-23,일반
8728,윤민준,ngmj707@daum.net,010-3214-7135,전주,35.8219,127.148,2021-11-24,일반
8729,오우진,ngngj986@daum.net,010-2164-5247,인천,37.4563,126.7052,2021-06-23,일반
8730,박태현,bth340@nate.com,,전주,35.8219,127.148,2021-07-27,일반
8731,오하늘,nghn892@nate.com,010-4109-4498,부산,35.1796,129.0756,2021-08-29,일반
8732,김지원,gjng537@gmail.com,,청주,36.6424,127.489,2021-08-21,우수
8733,최예린,chngr771@naver.com,010-7888-8690,세종,36.48,127.289,2021-05-24,일반
8734,이하늘,nghn284@gmail.com,010-3882-3487,대구,35.8714,128.6014,2022-01-15,일반
8735,박영민,bngm220@gmail.com,010-9999-4539,부산,35.1796,129.0756,2022-06-13,일반
8736,이하늘,nghn593@naver.com,,대구,35.8714,128.6014,2021-07-31,MVP
8737,박지후,bjh628@gmail.com,010-7926-1344,청주,36.6424,127.489,2022-10-23,일반
8738,강민준,gmj979@naver.com,010-9297-2937,수원,37.2636,127.0286,2022-08-01,일반
8739,송도윤,sdng372@naver.com,010-9508-7908,대구,35.8714,128.6014,2021-11-22,일반
8740,강지아,gjng354@daum.net,,수원,37.2636,127.0286,2022-07-29,우수
8741,송하늘,shn892@nate.com,010-8137-9196,세종,36.48,127.289,2022-11-06,우수
8742,이수빈,ngsb517@nate.com,,창원,35.2271,128.6811,2021-02-22,일반
8743,임서연,ngsng367@daum.net,010-9677-7251,인천,37.4563,126.7052,2021-07-24,일반
8744,장하늘,jhn379@gmail.com,,전주,35.8219,127.148,2022-08-21,일반
8745,황민준,hmj248@gmail.com,010-3374-3505,세종,36.48,127.289,2022-01-17,우수
8746,장지아,jjng696@gmail.com,010-9861-4393,부산,35.1796,129.0756,2021-11-05,우수
8747,신지후,sjh762@gmail.com,010-9347-7147,광주,35.1595,126.8526,2022-09-30,일반
8748,서예린,sngr637@gmail.com,010-5442-9827,대전,36.3504,127.3845,2021-02-25,일반
8749,장태현,jth448@daum.net,010-4084-3823,광주,35.1595,126.8526,2021-09-05,일반
8750,서지후,sjh323@daum.net,010-9303-2152,광주,35.1595,126.8526,2022-11-30,일반
8751,박도현,bdh585@daum.net,010-2423-5773,창원,35.2271,128.6811,2022-01-22,우수
8752,임예린,ngngr534@nate.com,010-1960-9595,광주,35.1595,126.8526,2022-06-16,일반
8753,한민서,hms225@gmail.com,010-2571-5207,세종,36.48,127.289,2021-02-14,일반
8754,김하준,ghj270@naver.com,010-7845-1188,청주,36.6424,127.489,2021-12-14,일반
8755,신도현,sdh459@daum.net,,광주,35.1595,126.8526,2021-06-27,MVP
8756,전현정,jhj921@daum.net,010-5730-4513,서울,37.5665,126.978,2022-09-02,VIP
8757,서민준,smj921@daum.net,010-5714-9746,수원,37.2636,127.0286,2022-06-11,일반
8758,신채원,schng880@gmail.com,010-6294-8202,수원,37.2636,127.0286,2021-04-22,일반
8759,오수빈,ngsb512@naver.com,010-8104-1194,울산,35.5398,129.3114,2022-10-30,일반
8760,이도현,ngdh619@nate.com,010-4616-7946,대구,35.8714,128.6014,2022-10-26,일반
8761,한하린,hhr816@gmail.com,010-8169-5108,세종,36.48,127.289,2022-04-25,일반
8762,조지후,jjh404@gmail.com,010-1879-6250,창원,35.2271,128.6811,2022-12-25,우수
8763,오유진,ngngj908@gmail.com,010-4268-4384,부산,35.1796,129.0756,2022-12-13,우수
8764,조영민,jngm893@daum.net,010-8699-3196,대구,35.8714,128.6014,2021-04-02,VIP
8765,황가은,hgng395@nate.com,,전주,35.8219,127.148,2021-08-18,일반
8766,안지원,ngjng340@daum.net,010-3035-1796,서울,37.5665,126.978,2021-05-29,VIP
8767,최유진,chngj863@daum.net,010-3772-4408,인천,37.4563,126.7052,2022-01-26,우수
8768,박서준,bsj555@daum.net,010-9978-5609,세종,36.48,127.289,2022-05-01,일반
8769,서주원,sjng132@daum.net,,대전,36.3504,127.3845,2021-05-18,일반
8770,박예준,bngj630@nate.com,,울산,35.5398,129.3114,2022-06-07,일반
8771,강지민,gjm332@daum.net,010-9941-2505,서울,37.5665,126.978,2021-03-23,일반
8772,임시아,ngsng548@nate.com,,전주,35.8219,127.148,2021-09-20,일반
8773,박영민,bngm615@naver.com,010-2691-4171,세종,36.48,127.289,2021-03-23,우수
8774,최시아,chsng377@naver.com,010-3297-8649,전주,35.8219,127.148,2022-07-06,일반
8775,서가은,sgng324@daum.net,010-4817-7080,대구,35.8714,128.6014,2022-09-03,VIP
8776,권채원,gchng206@nate.com,010-6199-5588,청주,36.6424,127.489,2022-07-05,일반
8777,황현우,hhng957@nate.com,010-6099-8326,대전,36.3504,127.3845,2021-12-07,MVP
8778,강수빈,gsb370@nate.com,,창원,35.2271,128.6811,2021-07-26,일반
8779,송민준,smj552@gmail.com,,인천,37.4563,126.7052,2021-09-11,우수
8780,권하늘,ghn205@naver.com,010-5429-3616,전주,35.8219,127.148,2021-04-21,일반
8781,윤수빈,ngsb351@nate.com,010-1331-5441,세종,36.48,127.289,2022-11-11,일반
8782,최지훈,chjh952@daum.net,010-2372-4548,수원,37.2636,127.0286,2022-07-01,VIP
8783,신지훈,sjh299@naver.com,010-1535-7528,대구,35.8714,128.6014,2022-01-12,일반
8784,윤주원,ngjng617@nate.com,010-5260-9208,세종,36.48,127.289,2021-11-25,우수
8785,임서준,ngsj963@gmail.com,,대전,36.3504,127.3845,2021-06-03,우수
8786,김현정,ghj801@nate.com,010-6468-8522,창원,35.2271,128.6811,2022-12-14,일반
8787,서가은,sgng104@gmail.com,010-7844-7396,청주,36.6424,127.489,2022-08-09,일반
8788,권시아,gsng309@naver.com,010-4189-7367,세종,36.48,127.289,2022-07-05,우수
8789,이지현,ngjh896@nate.com,010-8977-9741,창원,35.2271,128.6811,2022-06-16,일반
8790,강영민,gngm116@nate.com,010-4842-4986,청주,36.6424,127.489,2022-08-14,우수
8791,안예준,ngngj113@gmail.com,010-5595-1089,대구,35.8714,128.6014,2022-02-18,VIP
8792,안채원,ngchng295@gmail.com,010-3455-7201,창원,35.2271,128.6811,2021-12-09,일반
8793,장나윤,jnng504@nate.com,010-7736-4166,대전,36.3504,127.3845,2021-09-16,일반
8794,강주원,gjng759@daum.net,010-7257-8635,서울,37.5665,126.978,2022-01-10,우수
8795,안지현,ngjh633@daum.net,010-1188-7133,수원,37.2636,127.0286,2022-07-24,일반
8796,전유진,jngj368@nate.com,,대전,36.3504,127.3845,2021-07-05,일반
8797,정지아,jjng683@naver.com,010-4618-8418,대구,35.8714,128.6014,2021-11-08,일반
8798,최우진,chngj985@naver.com,,전주,35.8219,127.148,2021-10-19,우수
8799,안예린,ngngr626@gmail.com,010-8557-3918,부산,35.1796,129.0756,2021-09-09,일반
8800,장하린,jhr260@daum.net,010-7869-6185,서울,37.5665,126.978,2022-08-09,일반
8801,황현우,hhng641@daum.net,010-2787-3880,대구,35.8714,128.6014,2022-10-05,우수
8802,정민준,jmj596@naver.com,010-9904-1781,부산,35.1796,129.0756,2021-11-22,일반
8803,오지민,ngjm105@naver.com,010-1581-4783,인천,37.4563,126.7052,2021-06-03,일반
8804,강서현,gsh806@gmail.com,010-1276-1975,대구,35.8714,128.6014,2021-07-15,MVP
8805,신지아,sjng416@gmail.com,010-3431-4781,창원,35.2271,128.6811,2022-12-05,우수
8806,송지현,sjh470@daum.net,010-4094-3871,광주,35.1595,126.8526,2021-02-10,VIP
8807,김서준,gsj805@naver.com,010-5911-5380,청주,36.6424,127.489,2021-05-12,일반
8808,전도윤,jdng325@gmail.com,010-1002-9384,청주,36.6424,127.489,2022-01-28,우수
8809,한유진,hngj772@nate.com,,서울,37.5665,126.978,2021-10-14,일반
8810,조서연,jsng360@gmail.com,010-7137-2787,울산,35.5398,129.3114,2021-10-08,일반
8811,최하늘,chhn239@naver.com,,인천,37.4563,126.7052,2021-10-22,일반
8812,강채원,gchng850@daum.net,,서울,37.5665,126.978,2021-03-21,일반
8813,윤하준,nghj299@naver.com,010-3224-9851,전주,35.8219,127.148,2021-05-04,VIP
8814,오도현,ngdh957@gmail.com,010-6192-1593,대전,36.3504,127.3845,2021-07-11,일반
8815,강주원,gjng202@daum.net,010-2525-1858,창원,35.2271,128.6811,2021-03-28,우수
8816,박하린,bhr942@daum.net,,대구,35.8714,128.6014,2022-11-30,우수
8817,박민준,bmj436@nate.com,010-3934-9850,수원,37.2636,127.0286,2022-10-19,우수
8818,박현정,bhj400@naver.com,010-5991-3001,청주,36.6424,127.489,2021-11-28,일반
8819,전수빈,jsb720@gmail.com,010-2738-2680,세종,36.48,127.289,2022-02-21,우수
8820,최지원,chjng382@naver.com,010-8305-1849,전주,35.8219,127.148,2021-04-27,일반
8821,박예린,bngr399@gmail.com,010-9549-3247,서울,37.5665,126.978,2021-11-05,일반
8822,김서연,gsng368@daum.net,010-1486-1419,울산,35.5398,129.3114,2021-05-30,MVP
8823,송지후,sjh747@naver.com,,전주,35.8219,127.148,2022-05-22,일반
8824,한주원,hjng763@naver.com,,창원,35.2271,128.6811,2022-04-12,일반
8825,정서준,jsj861@daum.net,010-8607-2549,울산,35.5398,129.3114,2021-12-26,VIP
8826,서수빈,ssb960@gmail.com,010-6090-5440,인천,37.4563,126.7052,2022-04-21,일반
8827,김도윤,gdng333@gmail.com,010-6262-4311,광주,35.1595,126.8526,2022-08-14,우수
8828,윤서현,ngsh865@naver.com,010-1712-8506,대전,36.3504,127.3845,2022-10-08,일반
8829,조민준,jmj505@nate.com,010-8158-2897,수원,37.2636,127.0286,2022-06-06,일반
8830,전하준,jhj945@gmail.com,010-3235-3309,전주,35.8219,127.148,2022-11-20,일반
8831,송가은,sgng452@daum.net,,서울,37.5665,126.978,2021-10-02,일반
8832,신나윤,snng194@nate.com,010-6237-1995,울산,35.5398,129.3114,2022-06-17,일반
8833,최유진,chngj915@nate.com,,전주,35.8219,127.148,2022-10-31,우수
8834,오현정,nghj653@daum.net,010-1292-7676,수원,37.2636,127.0286,2021-04-28,우수
8835,김우진,gngj440@naver.com,010-5639-8762,전주,35.8219,127.148,2022-03-26,VIP
8836,이유진,ngngj779@nate.com,010-2574-8925,대전,36.3504,127.3845,2022-09-20,일반
8837,정시아,jsng226@naver.com,010-6138-4994,울산,35.5398,129.3114,2022-07-31,우수
8838,윤지훈,ngjh467@naver.com,010-4414-1342,대구,35.8714,128.6014,2022-07-12,우수
8839,정서연,jsng715@nate.com,010-4430-2931,수원,37.2636,127.0286,2022-06-07,VIP
8840,이가은,nggng280@gmail.com,010-1709-6951,수원,37.2636,127.0286,2021-12-16,일반
8841,신지훈,sjh446@gmail.com,010-6581-9800,대구,35.8714,128.6014,2021-09-22,우수
8842,한서연,hsng465@daum.net,010-5211-4992,부산,35.1796,129.0756,2022-08-21,VIP
8843,한서준,hsj357@daum.net,010-5928-3295,전주,35.8219,127.148,2022-11-16,일반
8844,김시아,gsng480@daum.net,010-2423-3991,광주,35.1595,126.8526,2022-01-10,VIP
8845,안지후,ngjh174@gmail.com,010-5667-5815,세종,36.48,127.289,2022-12-15,일반
8846,장도현,jdh234@naver.com,,수원,37.2636,127.0286,2021-08-31,우수
8847,전유진,jngj783@nate.com,010-7722-4597,대전,36.3504,127.3845,2021-06-09,VIP
8848,김지현,gjh384@daum.net,,청주,36.6424,127.489,2021-12-16,우수
8849,임수빈,ngsb644@nate.com,,전주,35.8219,127.148,2021-10-19,일반
8850,서지후,sjh659@naver.com,010-1219-6511,수원,37.2636,127.0286,2022-11-18,일반
8851,전나윤,jnng264@daum.net,,부산,35.1796,129.0756,2021-06-18,VIP
8852,안시아,ngsng845@daum.net,010-2725-2368,울산,35.5398,129.3114,2021-06-13,일반
8853,서태현,sth485@daum.net,010-7979-4646,광주,35.1595,126.8526,2022-02-04,일반
8854,김서준,gsj796@daum.net,010-1664-2291,청주,36.6424,127.489,2021-07-17,우수
8855,한지민,hjm941@daum.net,010-6982-6398,서울,37.5665,126.978,2022-04-15,일반
8856,신시아,ssng392@gmail.com,010-8258-4451,대전,36.3504,127.3845,2022-02-04,일반
8857,오하린,nghr249@naver.com,010-7276-3435,전주,35.8219,127.148,2022-11-27,일반
8858,한나윤,hnng585@nate.com,,대전,36.3504,127.3845,2022-12-18,일반
8859,신도윤,sdng926@nate.com,010-6168-8586,광주,35.1595,126.8526,2022-03-03,우수
8860,신우진,sngj113@nate.com,010-6575-9335,대구,35.8714,128.6014,2021-09-07,우수
8861,신도윤,sdng558@gmail.com,010-7697-8529,부산,35.1796,129.0756,2021-02-27,우수
8862,전지민,jjm713@naver.com,010-7662-3528,창원,35.2271,128.6811,2021-07-08,VIP
8863,윤우진,ngngj390@naver.com,010-9245-6170,울산,35.5398,129.3114,2022-09-08,VIP
8864,박지원,bjng525@naver.com,010-9136-5660,전주,35.8219,127.148,2022-06-24,우수
8865,권수빈,gsb745@daum.net,010-4659-5051,부산,35.1796,129.0756,2022-05-27,일반
8866,서채원,schng157@gmail.com,010-7963-8829,서울,37.5665,126.978,2022-04-27,우수
8867,신나윤,snng799@gmail.com,010-6485-1598,광주,35.1595,126.8526,2021-08-08,일반
8868,조유진,jngj660@gmail.com,010-6939-6068,울산,35.5398,129.3114,2022-11-20,우수
8869,송서현,ssh752@gmail.com,010-9376-6107,청주,36.6424,127.489,2022-11-26,우수
8870,신우진,sngj667@nate.com,010-7077-8402,울산,35.5398,129.3114,2021-01-07,일반
8871,신우진,sngj539@gmail.com,010-4321-3768,대구,35.8714,128.6014,2022-01-20,VIP
8872,임주원,ngjng650@nate.com,,울산,35.5398,129.3114,2021-07-02,일반
8873,최도현,chdh736@naver.com,010-7345-6515,부산,35.1796,129.0756,2022-04-13,우수
8874,서서연,ssng568@naver.com,010-1725-9004,창원,35.2271,128.6811,2021-02-27,일반
8875,강민서,gms796@nate.com,,인천,37.4563,126.7052,2022-11-14,VIP
8876,한가은,hgng556@nate.com,010-8085-7737,부산,35.1796,129.0756,2021-09-23,일반
8877,한가은,hgng920@nate.com,010-1459-3562,청주,36.6424,127.489,2021-05-02,일반
8878,강지민,gjm212@naver.com,010-5180-6559,대구,35.8714,128.6014,2021-09-19,일반
8879,권하준,ghj373@daum.net,010-5438-9814,창원,35.2271,128.6811,2021-03-31,일반
8880,강서연,gsng198@daum.net,,수원,37.2636,127.0286,2022-10-14,일반
8881,전하린,jhr448@nate.com,010-5001-4336,수원,37.2636,127.0286,2021-03-14,우수
8882,안서현,ngsh879@gmail.com,010-4915-2898,세종,36.48,127.289,2021-01-13,일반
8883,한지민,hjm882@nate.com,010-5070-1659,세종,36.48,127.289,2021-01-10,일반
8884,송나윤,snng436@gmail.com,,창원,35.2271,128.6811,2022-07-03,일반
8885,신서준,ssj506@nate.com,010-9970-6964,전주,35.8219,127.148,2021-07-07,VIP
8886,서채원,schng685@gmail.com,010-1220-9888,부산,35.1796,129.0756,2021-02-13,우수
8887,전수빈,jsb995@daum.net,010-1463-5236,수원,37.2636,127.0286,2022-01-30,우수
8888,이현정,nghj403@daum.net,,부산,35.1796,129.0756,2022-02-03,우수
8889,신서현,ssh757@gmail.com,010-6371-5654,대구,35.8714,128.6014,2021-01-04,일반
8890,안지원,ngjng298@nate.com,010-1210-5763,부산,35.1796,129.0756,2022-10-07,일반
8891,안현정,nghj120@gmail.com,010-5293-9565,광주,35.1595,126.8526,2022-10-31,일반
8892,황지원,hjng642@daum.net,,전주,35.8219,127.148,2021-02-24,VIP
8893,전현우,jhng613@nate.com,010-3331-8511,부산,35.1796,129.0756,2021-08-09,MVP
8894,전가은,jgng335@daum.net,010-5311-5402,청주,36.6424,127.489,2021-10-16,일반
8895,오현정,nghj654@gmail.com,010-4313-2018,광주,35.1595,126.8526,2022-03-25,일반
8896,최시아,chsng864@daum.net,,인천,37.4563,126.7052,2022-02-10,일반
8897,장가은,jgng461@nate.com,,청주,36.6424,127.489,2022-06-15,일반
8898,임지원,ngjng850@nate.com,010-1770-6877,울산,35.5398,129.3114,2021-08-22,우수
8899,최주원,chjng629@gmail.com,010-8134-4745,울산,35.5398,129.3114,2021-07-20,일반
8900,박수빈,bsb348@naver.com,010-7487-5094,대구,35.8714,128.6014,2022-07-28,VIP
8901,신시아,ssng882@daum.net,010-1982-2875,세종,36.48,127.289,2021-02-10,일반
8902,오예린,ngngr134@naver.com,,대전,36.3504,127.3845,2021-07-29,VIP
8903,서주원,sjng724@naver.com,010-3027-4909,대구,35.8714,128.6014,2021-11-26,우수
8904,장영민,jngm299@naver.com,,광주,35.1595,126.8526,2022-04-03,우수
8905,강민준,gmj430@nate.com,,대전,36.3504,127.3845,2022-09-24,우수
8906,박현우,bhng755@nate.com,010-9695-8386,서울,37.5665,126.978,2022-01-25,우수
8907,정현정,jhj782@nate.com,010-7062-7576,서울,37.5665,126.978,2021-05-26,우수
8908,임현정,nghj804@daum.net,010-1820-8707,대구,35.8714,128.6014,2021-05-03,우수
8909,신서현,ssh698@gmail.com,,세종,36.48,127.289,2021-01-31,우수
8910,전지민,jjm141@nate.com,010-6290-4700,세종,36.48,127.289,2021-11-10,MVP
8911,장지원,jjng770@nate.com,010-2851-6942,부산,35.1796,129.0756,2022-02-21,우수
8912,서지후,sjh351@nate.com,010-2328-1283,서울,37.5665,126.978,2022-02-22,우수
8913,박지현,bjh348@naver.com,,대구,35.8714,128.6014,2021-03-13,VIP
8914,김현우,ghng508@nate.com,010-8228-4748,인천,37.4563,126.7052,2022-03-14,일반
8915,이지아,ngjng188@nate.com,,창원,35.2271,128.6811,2021-02-13,일반
8916,김지후,gjh841@daum.net,010-9316-6626,인천,37.4563,126.7052,2021-02-14,일반
8917,안채원,ngchng109@daum.net,010-6408-2633,인천,37.4563,126.7052,2021-10-26,우수
8918,박예린,bngr541@naver.com,,창원,35.2271,128.6811,2021-06-13,VIP
8919,박태현,bth419@naver.com,010-6671-9652,청주,36.6424,127.489,2022-01-22,일반
8920,권현우,ghng298@daum.net,010-8904-8020,울산,35.5398,129.3114,2022-01-23,우수
8921,신하늘,shn231@naver.com,010-4420-8730,서울,37.5665,126.978,2021-01-27,우수
8922,김현우,ghng617@nate.com,010-5403-4804,세종,36.48,127.289,2021-10-25,일반
8923,안예린,ngngr449@gmail.com,010-7095-8388,수원,37.2636,127.0286,2022-06-15,우수
8924,김우진,gngj372@daum.net,,광주,35.1595,126.8526,2021-09-17,VIP
8925,윤지원,ngjng748@nate.com,,청주,36.6424,127.489,2021-09-18,일반
8926,이시아,ngsng372@naver.com,010-5612-8458,수원,37.2636,127.0286,2021-02-15,우수
8927,전서현,jsh845@daum.net,010-4807-1108,전주,35.8219,127.148,2022-06-08,우수
8928,최하늘,chhn878@nate.com,,서울,37.5665,126.978,2022-07-03,일반
8929,권지원,gjng909@naver.com,010-6909-7157,창원,35.2271,128.6811,2021-08-23,일반
8930,권나윤,gnng880@nate.com,010-5130-3971,서울,37.5665,126.978,2021-01-30,MVP
8931,황서준,hsj704@naver.com,010-6497-5778,창원,35.2271,128.6811,2022-02-26,일반
8932,안태현,ngth743@daum.net,010-4542-9419,청주,36.6424,127.489,2021-07-21,일반
8933,김도현,gdh848@daum.net,010-8269-2303,대구,35.8714,128.6014,2022-02-25,일반
8934,신민서,sms614@gmail.com,010-2012-6647,대전,36.3504,127.3845,2022-03-31,우수
8935,임지훈,ngjh456@naver.com,010-4053-5293,창원,35.2271,128.6811,2021-06-25,우수
8936,전도윤,jdng393@gmail.com,010-3832-2584,수원,37.2636,127.0286,2022-04-04,우수
8937,안시아,ngsng307@gmail.com,010-8872-7370,전주,35.8219,127.148,2021-02-10,일반
8938,안지민,ngjm926@daum.net,010-5580-2356,울산,35.5398,129.3114,2021-03-09,VIP
8939,신유진,sngj850@nate.com,,부산,35.1796,129.0756,2021-09-24,일반
8940,황태현,hth664@nate.com,010-1490-6355,대전,36.3504,127.3845,2022-11-18,일반
8941,신서연,ssng298@naver.com,010-7928-4573,울산,35.5398,129.3114,2021-07-02,일반
8942,이하준,nghj886@daum.net,010-9075-9893,전주,35.8219,127.148,2022-12-01,일반
8943,서유진,sngj967@naver.com,010-7866-7407,광주,35.1595,126.8526,2022-05-08,VIP
8944,권태현,gth318@nate.com,010-2580-2822,서울,37.5665,126.978,2021-08-13,VIP
8945,강지훈,gjh429@nate.com,010-8905-9309,부산,35.1796,129.0756,2022-01-02,일반
8946,임태현,ngth371@gmail.com,010-7735-9400,수원,37.2636,127.0286,2022-11-26,VIP
8947,조가은,jgng262@nate.com,010-9735-1954,전주,35.8219,127.148,2022-03-06,우수
8948,안주원,ngjng324@nate.com,010-7861-1184,부산,35.1796,129.0756,2021-01-29,VIP
8949,강지후,gjh331@gmail.com,010-5022-3495,대전,36.3504,127.3845,2022-04-02,일반
8950,황현정,hhj287@naver.com,010-9018-6171,대전,36.3504,127.3845,2021-07-14,우수
8951,송채원,schng830@gmail.com,,부산,35.1796,129.0756,2022-03-13,일반
8952,전지민,jjm862@nate.com,010-2949-5397,부산,35.1796,129.0756,2022-05-31,VIP
8953,권수빈,gsb576@gmail.com,,울산,35.5398,129.3114,2021-07-27,일반
8954,오하린,nghr303@gmail.com,,창원,35.2271,128.6811,2022-02-16,우수
8955,권하늘,ghn869@nate.com,010-2073-3699,부산,35.1796,129.0756,2021-04-06,일반
8956,송현우,shng802@daum.net,010-3139-8105,전주,35.8219,127.148,2022-12-02,일반
8957,이예린,ngngr625@naver.com,010-9883-8611,광주,35.1595,126.8526,2022-11-09,우수
8958,임서현,ngsh755@naver.com,010-9340-6161,광주,35.1595,126.8526,2022-10-24,VIP
8959,송우진,sngj262@gmail.com,010-5113-3935,대전,36.3504,127.3845,2022-09-18,우수
8960,안민서,ngms497@nate.com,010-6174-4727,청주,36.6424,127.489,2021-12-14,VIP
8961,안서연,ngsng518@gmail.com,010-4482-3131,대전,36.3504,127.3845,2021-12-17,일반
8962,임영민,ngngm189@naver.com,010-4081-3837,전주,35.8219,127.148,2021-07-27,우수
8963,신예린,sngr410@gmail.com,010-5902-6081,수원,37.2636,127.0286,2021-04-09,일반
8964,임지아,ngjng684@gmail.com,010-3301-8660,인천,37.4563,126.7052,2021-01-25,일반
8965,윤지원,ngjng724@gmail.com,,창원,35.2271,128.6811,2021-05-11,우수
8966,황예린,hngr619@nate.com,010-9696-3673,대전,36.3504,127.3845,2022-12-23,우수
8967,전서연,jsng181@naver.com,,서울,37.5665,126.978,2021-11-17,우수
8968,안수빈,ngsb128@gmail.com,,부산,35.1796,129.0756,2022-08-12,우수
8969,강우진,gngj536@daum.net,010-3065-3480,인천,37.4563,126.7052,2021-03-09,우수
8970,한지민,hjm257@daum.net,010-3511-3559,대전,36.3504,127.3845,2021-08-13,일반
8971,이서연,ngsng528@daum.net,010-7890-9116,대전,36.3504,127.3845,2022-01-11,일반
8972,이도현,ngdh294@nate.com,,서울,37.5665,126.978,2022-03-27,우수
8973,이시아,ngsng483@daum.net,010-9317-9658,세종,36.48,127.289,2021-12-28,일반
8974,정유진,jngj893@nate.com,010-8519-2523,수원,37.2636,127.0286,2021-09-19,일반
8975,최민서,chms762@gmail.com,010-6741-7610,청주,36.6424,127.489,2022-12-07,일반
8976,최가은,chgng164@nate.com,010-8990-6390,수원,37.2636,127.0286,2021-03-24,우수
8977,안나윤,ngnng190@daum.net,010-9658-8034,수원,37.2636,127.0286,2022-08-27,일반
8978,정현우,jhng716@naver.com,010-9248-8584,세종,36.48,127.289,2022-06-15,우수
8979,박시아,bsng472@nate.com,010-3897-2739,부산,35.1796,129.0756,2021-12-19,우수
8980,김서준,gsj948@gmail.com,010-2146-5774,대전,36.3504,127.3845,2022-05-14,일반
8981,이서연,ngsng771@daum.net,010-1629-1902,울산,35.5398,129.3114,2022-06-13,우수
8982,조태현,jth554@gmail.com,010-2036-5957,수원,37.2636,127.0286,2022-03-03,우수
8983,서지현,sjh310@gmail.com,010-8534-5807,서울,37.5665,126.978,2021-05-26,우수
8984,강지후,gjh582@naver.com,010-4883-2813,세종,36.48,127.289,2022-10-27,우수
8985,장민서,jms104@gmail.com,010-7065-7666,인천,37.4563,126.7052,2022-02-08,일반
8986,강하린,ghr231@nate.com,,울산,35.5398,129.3114,2022-08-26,우수
8987,윤지민,ngjm237@gmail.com,010-2666-5120,부산,35.1796,129.0756,2021-08-26,일반
8988,안영민,ngngm611@nate.com,,대구,35.8714,128.6014,2021-02-01,VIP
8989,전하늘,jhn503@naver.com,,수원,37.2636,127.0286,2021-04-23,VIP
8990,김지후,gjh222@nate.com,010-4147-6975,전주,35.8219,127.148,2022-06-18,우수
8991,전예준,jngj296@daum.net,010-5089-9157,수원,37.2636,127.0286,2021-07-11,일반
8992,임수빈,ngsb637@naver.com,010-3040-9531,대전,36.3504,127.3845,2021-12-06,일반
8993,황지아,hjng215@naver.com,,대구,35.8714,128.6014,2022-08-05,일반
8994,황주원,hjng302@naver.com,,수원,37.2636,127.0286,2022-06-16,일반
8995,윤하린,nghr287@nate.com,,광주,35.1595,126.8526,2021-11-10,일반
8996,조태현,jth642@nate.com,010-5679-5611,서울,37.5665,126.978,2022-01-17,우수
8997,김현정,ghj443@daum.net,010-3996-5832,세종,36.48,127.289,2021-11-27,일반
8998,최도현,chdh306@nate.com,010-1560-3591,창원,35.2271,128.6811,2021-02-11,MVP
8999,임시아,ngsng728@gmail.com,,대전,36.3504,127.3845,2022-11-22,일반
9000,황지현,hjh200@nate.com,010-7892-9122,수원,37.2636,127.0286,2022-04-16,VIP
9001,한채원,hchng308@nate.com,010-6134-5977,서울,37.5665,126.978,2021-01-01,VIP
9002,오민서,ngms721@daum.net,010-4772-8635,인천,37.4563,126.7052,2022-05-24,우수
9003,조수빈,jsb312@naver.com,010-6657-4295,울산,35.5398,129.3114,2022-12-06,우수
9004,권주원,gjng361@daum.net,010-2972-3677,대전,36.3504,127.3845,2022-08-07,일반
9005,강지민,gjm705@daum.net,010-4967-7821,부산,35.1796,129.0756,2021-10-25,우수
9006,강도현,gdh996@gmail.com,,서울,37.5665,126.978,2022-08-17,일반
9007,정지원,jjng835@daum.net,010-1837-3202,대구,35.8714,128.6014,2021-11-16,일반
9008,황도현,hdh117@daum.net,010-8735-1361,대구,35.8714,128.6014,2022-06-04,우수
9009,서예린,sngr366@gmail.com,010-9094-5415,부산,35.1796,129.0756,2021-07-30,일반
9010,송시아,ssng501@nate.com,010-4647-9032,수원,37.2636,127.0286,2021-05-14,우수
9011,신하린,shr229@daum.net,,울산,35.5398,129.3114,2021-03-12,일반
9012,전서현,jsh714@naver.com,010-5825-5917,부산,35.1796,129.0756,2022-07-13,일반
9013,황하린,hhr391@gmail.com,010-6375-2694,광주,35.1595,126.8526,2021-02-08,일반
9014,오시아,ngsng379@gmail.com,010-6408-7878,울산,35.5398,129.3114,2021-03-04,일반
9015,강수빈,gsb110@nate.com,010-1648-1953,부산,35.1796,129.0756,2021-01-19,일반
9016,최민서,chms925@gmail.com,010-8222-3445,창원,35.2271,128.6811,2022-10-06,일반
9017,송태현,sth198@nate.com,,세종,36.48,127.289,2021-09-26,일반
9018,송하늘,shn418@nate.com,010-4476-2227,창원,35.2271,128.6811,2022-03-29,VIP
9019,최지원,chjng855@daum.net,010-4515-4997,광주,35.1595,126.8526,2021-03-07,일반
9020,전하늘,jhn233@naver.com,010-1664-8456,울산,35.5398,129.3114,2022-04-18,우수
9021,장지현,jjh207@nate.com,010-9047-6776,수원,37.2636,127.0286,2021-05-21,일반
9022,황도현,hdh198@nate.com,010-4168-1851,인천,37.4563,126.7052,2022-10-12,VIP
9023,권유진,gngj810@daum.net,010-2542-7218,세종,36.48,127.289,2022-07-17,일반
9024,오지현,ngjh667@daum.net,010-1606-4347,부산,35.1796,129.0756,2021-07-21,일반
9025,강하준,ghj122@nate.com,,대전,36.3504,127.3845,2022-02-16,우수
9026,서서현,ssh538@nate.com,010-4938-7827,인천,37.4563,126.7052,2022-09-23,일반
9027,박시아,bsng742@daum.net,010-1474-3974,전주,35.8219,127.148,2021-03-26,우수
9028,안가은,nggng783@naver.com,010-9371-1074,창원,35.2271,128.6811,2022-02-17,일반
9029,강서연,gsng419@naver.com,010-6676-2758,수원,37.2636,127.0286,2021-02-25,MVP
9030,강하준,ghj861@nate.com,010-2394-8236,광주,35.1595,126.8526,2022-10-20,일반
9031,권하준,ghj695@naver.com,010-7950-4835,광주,35.1595,126.8526,2022-04-25,일반
9032,서하늘,shn209@naver.com,010-4607-3433,대구,35.8714,128.6014,2021-01-18,우수
9033,오주원,ngjng535@gmail.com,010-9838-2752,서울,37.5665,126.978,2021-03-12,일반
9034,강도현,gdh350@gmail.com,010-2002-2252,세종,36.48,127.289,2021-08-06,VIP
9035,정하준,jhj189@naver.com,,대전,36.3504,127.3845,2022-10-03,일반
9036,서지원,sjng230@gmail.com,,서울,37.5665,126.978,2021-03-21,우수
9037,장유진,jngj282@gmail.com,010-1564-2310,전주,35.8219,127.148,2021-12-23,일반
9038,박하린,bhr743@nate.com,010-9366-7086,부산,35.1796,129.0756,2021-11-26,VIP
9039,최예준,chngj810@gmail.com,010-5960-2757,광주,35.1595,126.8526,2021-01-24,우수
9040,강영민,gngm265@daum.net,,서울,37.5665,126.978,2021-03-19,일반
9041,강태현,gth615@nate.com,010-3977-7476,광주,35.1595,126.8526,2021-03-03,일반
9042,권현정,ghj142@naver.com,010-5035-1135,창원,35.2271,128.6811,2021-02-26,일반
9043,권하린,ghr703@gmail.com,010-9074-2760,대전,36.3504,127.3845,2022-09-12,MVP
9044,박서준,bsj382@daum.net,,부산,35.1796,129.0756,2021-11-07,일반
9045,신가은,sgng650@gmail.com,010-2052-1690,세종,36.48,127.289,2021-11-22,일반
9046,전지원,jjng668@naver.com,010-6559-2071,대전,36.3504,127.3845,2022-07-07,일반
9047,강수빈,gsb443@naver.com,010-8749-1916,울산,35.5398,129.3114,2021-07-09,일반
9048,한하준,hhj883@naver.com,010-6044-8806,청주,36.6424,127.489,2021-07-17,우수
9049,오민준,ngmj924@gmail.com,,세종,36.48,127.289,2022-07-18,MVP
9050,서지후,sjh762@nate.com,010-7047-9641,대전,36.3504,127.3845,2021-02-05,우수
9051,오하늘,nghn665@gmail.com,010-8376-8784,부산,35.1796,129.0756,2022-07-13,VIP
9052,박민서,bms123@nate.com,010-8100-3159,세종,36.48,127.289,2022-01-05,우수
9053,권예준,gngj159@nate.com,010-1540-5094,부산,35.1796,129.0756,2021-02-04,일반
9054,김민서,gms311@daum.net,010-3358-9201,대구,35.8714,128.6014,2022-07-30,일반
9055,박유진,bngj737@nate.com,,수원,37.2636,127.0286,2021-01-22,우수
9056,권도현,gdh983@nate.com,010-2017-9531,부산,35.1796,129.0756,2022-03-16,MVP
9057,오현우,nghng366@nate.com,,광주,35.1595,126.8526,2021-11-19,VIP
9058,권우진,gngj637@gmail.com,010-4882-5295,대전,36.3504,127.3845,2021-11-03,일반
9059,장서연,jsng863@naver.com,,울산,35.5398,129.3114,2022-02-13,일반
9060,조하린,jhr452@gmail.com,010-4739-9753,창원,35.2271,128.6811,2022-12-15,일반
9061,윤지후,ngjh386@daum.net,010-3953-3608,부산,35.1796,129.0756,2021-11-23,VIP
9062,권수빈,gsb582@nate.com,010-7743-2923,부산,35.1796,129.0756,2021-07-14,VIP
9063,신민준,smj159@gmail.com,,대구,35.8714,128.6014,2021-04-17,우수
9064,황하늘,hhn555@gmail.com,010-8556-9593,수원,37.2636,127.0286,2022-04-28,일반
9065,전하준,jhj685@naver.com,,서울,37.5665,126.978,2022-08-12,우수
9066,권민서,gms244@daum.net,,수원,37.2636,127.0286,2021-11-02,일반
9067,이하린,nghr756@gmail.com,010-1425-5454,울산,35.5398,129.3114,2021-07-11,일반
9068,서가은,sgng493@nate.com,010-1030-7820,서울,37.5665,126.978,2021-12-09,우수
9069,안시아,ngsng126@naver.com,010-9282-9534,광주,35.1595,126.8526,2022-01-14,일반
9070,권지후,gjh571@daum.net,010-5310-2884,서울,37.5665,126.978,2022-03-29,일반
9071,전민준,jmj277@daum.net,010-2706-9123,부산,35.1796,129.0756,2022-02-25,VIP
9072,권주원,gjng295@nate.com,010-4753-1527,창원,35.2271,128.6811,2022-10-11,우수
9073,전지현,jjh115@daum.net,010-2898-3624,대구,35.8714,128.6014,2021-07-19,일반
9074,오도윤,ngdng968@nate.com,,대전,36.3504,127.3845,2022-04-04,우수
9075,안지원,ngjng858@daum.net,010-5070-8369,서울,37.5665,126.978,2021-06-24,일반
9076,임가은,nggng377@nate.com,010-6868-1848,부산,35.1796,129.0756,2021-12-19,우수
9077,조영민,jngm584@gmail.com,010-1174-8933,광주,35.1595,126.8526,2022-12-26,우수
9078,장지아,jjng627@naver.com,010-3371-1904,수원,37.2636,127.0286,2021-06-02,우수
9079,박주원,bjng135@naver.com,010-3347-7627,전주,35.8219,127.148,2021-04-21,우수
9080,강서준,gsj595@nate.com,010-9067-6128,청주,36.6424,127.489,2022-04-29,일반
9081,권도윤,gdng847@nate.com,,창원,35.2271,128.6811,2022-04-05,일반
9082,김현정,ghj127@nate.com,010-6615-9432,창원,35.2271,128.6811,2022-04-23,일반
9083,권현정,ghj834@daum.net,,창원,35.2271,128.6811,2022-12-15,일반
9084,조도윤,jdng747@daum.net,,부산,35.1796,129.0756,2021-04-23,우수
9085,송예준,sngj925@nate.com,,수원,37.2636,127.0286,2021-07-22,일반
9086,윤유진,ngngj966@nate.com,,부산,35.1796,129.0756,2022-09-26,일반
9087,조가은,jgng889@nate.com,010-7709-6906,울산,35.5398,129.3114,2021-04-24,일반
9088,안하늘,nghn187@naver.com,010-7896-2109,세종,36.48,127.289,2022-01-22,MVP
9089,권예준,gngj235@daum.net,,광주,35.1595,126.8526,2022-12-07,일반
9090,권지원,gjng653@daum.net,010-8842-9775,창원,35.2271,128.6811,2021-07-20,우수
9091,강영민,gngm956@nate.com,010-4231-5419,대전,36.3504,127.3845,2021-03-01,일반
9092,장우진,jngj312@daum.net,010-9551-6486,서울,37.5665,126.978,2021-07-07,일반
9093,오시아,ngsng708@gmail.com,010-2773-9003,서울,37.5665,126.978,2022-06-08,일반
9094,오영민,ngngm547@nate.com,010-9025-1016,전주,35.8219,127.148,2022-11-30,우수
9095,조영민,jngm858@gmail.com,010-4307-3646,수원,37.2636,127.0286,2022-03-11,우수
9096,이민준,ngmj578@naver.com,010-5749-4822,수원,37.2636,127.0286,2022-12-03,VIP
9097,권민준,gmj208@gmail.com,010-3928-9602,인천,37.4563,126.7052,2022-02-08,일반
9098,권서현,gsh239@naver.com,010-7676-2476,대전,36.3504,127.3845,2022-08-09,일반
9099,윤우진,ngngj935@nate.com,010-1714-2583,세종,36.48,127.289,2022-10-22,VIP
9100,윤도윤,ngdng122@nate.com,010-2299-3020,인천,37.4563,126.7052,2021-09-25,일반
9101,오나윤,ngnng604@gmail.com,010-6498-3202,수원,37.2636,127.0286,2021-05-23,우수
9102,강지현,gjh566@gmail.com,010-5258-7704,전주,35.8219,127.148,2021-01-10,우수
9103,서영민,sngm986@nate.com,010-5099-1532,광주,35.1595,126.8526,2022-03-04,일반
9104,임하준,nghj751@gmail.com,010-8250-5374,청주,36.6424,127.489,2021-03-05,우수
9105,전수빈,jsb298@nate.com,010-2207-3614,대전,36.3504,127.3845,2022-01-07,일반
9106,박가은,bgng265@daum.net,010-8303-8087,창원,35.2271,128.6811,2022-07-20,일반
9107,임예준,ngngj429@daum.net,,세종,36.48,127.289,2022-11-17,일반
9108,윤도현,ngdh166@gmail.com,010-9609-4960,대구,35.8714,128.6014,2022-08-20,VIP
9109,전지현,jjh818@gmail.com,,인천,37.4563,126.7052,2022-05-29,일반
9110,권서연,gsng597@naver.com,010-2380-2257,인천,37.4563,126.7052,2021-01-17,우수
9111,조지원,jjng128@naver.com,010-5708-5718,대구,35.8714,128.6014,2022-02-21,VIP
9112,정민서,jms673@naver.com,010-5855-9033,울산,35.5398,129.3114,2022-05-03,우수
9113,조하준,jhj396@daum.net,010-6410-6989,세종,36.48,127.289,2021-04-28,우수
9114,장시아,jsng878@nate.com,010-8481-7584,수원,37.2636,127.0286,2021-09-17,일반
9115,이지훈,ngjh170@naver.com,010-2808-8963,수원,37.2636,127.0286,2021-04-05,일반
9116,박지민,bjm699@daum.net,,대전,36.3504,127.3845,2021-11-14,일반
9117,송지후,sjh696@nate.com,010-1657-1181,대구,35.8714,128.6014,2021-06-27,우수
9118,임하준,nghj698@daum.net,010-8690-2890,광주,35.1595,126.8526,2022-12-29,MVP
9119,강서준,gsj137@nate.com,010-1698-9794,대구,35.8714,128.6014,2021-04-01,VIP
9120,이지민,ngjm910@naver.com,010-8765-8173,대전,36.3504,127.3845,2021-05-25,VIP
9121,신가은,sgng593@daum.net,010-9788-4637,대구,35.8714,128.6014,2021-05-11,VIP
9122,전도윤,jdng664@nate.com,010-1839-6940,전주,35.8219,127.148,2021-12-15,일반
9123,안하늘,nghn407@gmail.com,010-6076-9400,창원,35.2271,128.6811,2022-10-26,우수
9124,강지훈,gjh527@daum.net,,청주,36.6424,127.489,2021-04-29,VIP
9125,안하늘,nghn104@naver.com,010-1748-1294,전주,35.8219,127.148,2021-10-04,일반
9126,서도윤,sdng869@nate.com,010-5346-9034,창원,35.2271,128.6811,2021-08-08,MVP
9127,윤하늘,nghn174@gmail.com,010-1073-8196,전주,35.8219,127.148,2022-02-10,일반
9128,강예준,gngj675@daum.net,,서울,37.5665,126.978,2022-07-29,우수
9129,신예준,sngj509@naver.com,010-7385-5680,대전,36.3504,127.3845,2021-02-17,우수
9130,안유진,ngngj729@gmail.com,010-3793-6068,부산,35.1796,129.0756,2022-05-03,MVP
9131,이가은,nggng108@gmail.com,010-5798-4901,세종,36.48,127.289,2022-01-10,일반
9132,오수빈,ngsb661@gmail.com,,대전,36.3504,127.3845,2021-04-06,우수
9133,황민서,hms124@gmail.com,010-9533-9108,전주,35.8219,127.148,2022-01-05,우수
9134,정예린,jngr651@naver.com,010-3524-4945,창원,35.2271,128.6811,2021-06-22,일반
9135,안예린,ngngr226@gmail.com,010-5554-1741,청주,36.6424,127.489,2022-07-21,우수
9136,이현정,nghj607@daum.net,010-9791-5136,대구,35.8714,128.6014,2021-05-27,우수
9137,조하준,jhj329@nate.com,010-4489-6234,울산,35.5398,129.3114,2021-02-12,우수
9138,신민서,sms241@daum.net,010-8884-3821,대전,36.3504,127.3845,2021-05-30,일반
9139,정하준,jhj533@daum.net,010-5053-5013,세종,36.48,127.289,2021-06-02,일반
9140,윤우진,ngngj864@naver.com,010-4552-3952,인천,37.4563,126.7052,2022-10-10,우수
9141,정주원,jjng774@nate.com,,광주,35.1595,126.8526,2022-01-20,일반
9142,한하늘,hhn319@daum.net,010-2173-8477,청주,36.6424,127.489,2021-10-06,일반
9143,윤민준,ngmj738@gmail.com,010-3348-5734,전주,35.8219,127.148,2022-06-12,MVP
9144,정지훈,jjh212@naver.com,010-6836-9065,창원,35.2271,128.6811,2022-03-24,우수
9145,한하준,hhj240@naver.com,010-4610-9029,인천,37.4563,126.7052,2021-02-01,우수
9146,장하린,jhr660@gmail.com,,서울,37.5665,126.978,2022-09-13,일반
9147,윤서연,ngsng553@nate.com,010-5515-6726,수원,37.2636,127.0286,2022-01-12,일반
9148,오지훈,ngjh888@daum.net,010-3308-8590,대전,36.3504,127.3845,2021-10-07,일반
9149,윤민서,ngms250@nate.com,,수원,37.2636,127.0286,2021-07-12,일반
9150,윤지후,ngjh920@daum.net,010-6783-7093,수원,37.2636,127.0286,2021-08-07,우수
9151,권서현,gsh747@naver.com,010-4798-4209,세종,36.48,127.289,2022-07-09,우수
9152,박도윤,bdng985@nate.com,,광주,35.1595,126.8526,2021-08-09,일반
9153,서지훈,sjh454@nate.com,010-6767-8261,전주,35.8219,127.148,2022-09-23,일반
9154,이지원,ngjng589@gmail.com,010-2422-9845,세종,36.48,127.289,2021-04-06,일반
9155,윤도현,ngdh335@naver.com,010-7093-6517,대구,35.8714,128.6014,2022-01-10,일반
9156,김도윤,gdng310@daum.net,,수원,37.2636,127.0286,2021-11-09,일반
9157,이가은,nggng847@naver.com,,전주,35.8219,127.148,2021-09-24,VIP
9158,윤수빈,ngsb297@naver.com,010-3098-3167,서울,37.5665,126.978,2022-11-09,우수
9159,이예준,ngngj566@naver.com,010-8046-1644,수원,37.2636,127.0286,2021-06-29,우수
9160,신지아,sjng503@nate.com,,울산,35.5398,129.3114,2021-08-24,일반
9161,황민준,hmj739@nate.com,010-7677-4741,대전,36.3504,127.3845,2022-07-11,VIP
9162,안지현,ngjh563@daum.net,010-3769-6439,울산,35.5398,129.3114,2022-07-29,우수
9163,전현정,jhj182@gmail.com,010-9609-6000,서울,37.5665,126.978,2021-05-12,우수
9164,전서현,jsh312@naver.com,010-5011-3398,광주,35.1595,126.8526,2021-01-15,일반
9165,권지원,gjng294@naver.com,010-9202-7493,창원,35.2271,128.6811,2022-02-02,MVP
9166,조지현,jjh803@naver.com,010-4973-1214,서울,37.5665,126.978,2022-12-15,VIP
9167,신영민,sngm430@naver.com,010-7422-2159,대구,35.8714,128.6014,2021-06-25,VIP
9168,최예린,chngr671@nate.com,010-2816-2210,울산,35.5398,129.3114,2021-11-13,일반
9169,오예준,ngngj866@nate.com,010-5130-7764,대전,36.3504,127.3845,2022-12-20,일반
9170,오하린,nghr995@naver.com,010-7141-8739,대구,35.8714,128.6014,2022-09-29,일반
9171,송주원,sjng542@gmail.com,,서울,37.5665,126.978,2022-06-24,일반
9172,임수빈,ngsb103@naver.com,010-1210-9654,인천,37.4563,126.7052,2021-06-14,VIP
9173,안나윤,ngnng981@daum.net,010-2324-4296,청주,36.6424,127.489,2021-07-14,일반
9174,장하린,jhr570@naver.com,010-4484-9482,부산,35.1796,129.0756,2021-01-22,일반
9175,안서현,ngsh775@naver.com,010-1133-6095,부산,35.1796,129.0756,2021-06-14,일반
9176,장하준,jhj614@naver.com,,대구,35.8714,128.6014,2022-03-08,일반
9177,이나윤,ngnng187@gmail.com,010-3429-4388,청주,36.6424,127.489,2022-09-29,일반
9178,송하준,shj170@naver.com,,전주,35.8219,127.148,2022-10-18,우수
9179,최지원,chjng875@gmail.com,010-9030-9433,서울,37.5665,126.978,2022-03-01,우수
9180,임시아,ngsng593@gmail.com,010-1550-8169,대전,36.3504,127.3845,2022-11-22,일반
9181,권영민,gngm789@nate.com,010-2680-1543,울산,35.5398,129.3114,2022-11-18,일반
9182,이하린,nghr417@daum.net,010-5562-3287,대구,35.8714,128.6014,2021-03-20,일반
9183,정도현,jdh319@nate.com,,광주,35.1595,126.8526,2021-09-02,일반
9184,박지훈,bjh983@nate.com,010-6670-1212,전주,35.8219,127.148,2021-07-02,우수
9185,황지민,hjm930@naver.com,010-8509-7102,대구,35.8714,128.6014,2021-08-22,우수
9186,이시아,ngsng778@daum.net,010-2362-9119,대전,36.3504,127.3845,2021-09-23,우수
9187,임채원,ngchng695@naver.com,010-2204-7524,울산,35.5398,129.3114,2021-01-10,우수
9188,박서연,bsng831@nate.com,010-1507-8944,전주,35.8219,127.148,2022-12-30,일반
9189,조수빈,jsb266@naver.com,010-9933-5281,청주,36.6424,127.489,2021-11-20,MVP
9190,안현우,nghng512@naver.com,010-1534-2675,창원,35.2271,128.6811,2021-05-02,VIP
9191,조현정,jhj625@gmail.com,010-8236-9513,서울,37.5665,126.978,2021-05-28,VIP
9192,정하준,jhj788@naver.com,010-6516-9679,대구,35.8714,128.6014,2022-11-25,일반
9193,서주원,sjng319@daum.net,,인천,37.4563,126.7052,2022-11-04,VIP
9194,임도현,ngdh879@naver.com,010-1272-2992,인천,37.4563,126.7052,2022-03-04,VIP
9195,장서현,jsh381@naver.com,010-7397-6529,대구,35.8714,128.6014,2021-01-06,VIP
9196,권수빈,gsb531@gmail.com,,전주,35.8219,127.148,2022-02-18,일반
9197,정지원,jjng227@nate.com,010-3043-1459,대전,36.3504,127.3845,2021-09-01,우수
9198,송우진,sngj340@naver.com,,전주,35.8219,127.148,2022-08-04,MVP
9199,최서연,chsng719@nate.com,010-9471-1170,대전,36.3504,127.3845,2022-02-04,우수
9200,정영민,jngm950@nate.com,010-6661-2817,청주,36.6424,127.489,2022-07-23,우수
9201,최수빈,chsb946@nate.com,010-2876-3414,청주,36.6424,127.489,2023-01-01,VIP
9202,장민서,jms920@nate.com,010-8473-7193,청주,36.6424,127.489,2022-07-19,일반
9203,서우진,sngj903@nate.com,010-7022-1657,창원,35.2271,128.6811,2021-06-11,우수
9204,강지아,gjng263@nate.com,010-5550-9925,세종,36.48,127.289,2022-12-17,일반
9205,강유진,gngj831@daum.net,010-5824-5831,광주,35.1595,126.8526,2022-04-25,VIP
9206,권예린,gngr671@naver.com,,서울,37.5665,126.978,2021-02-18,일반
9207,황예린,hngr495@naver.com,010-9556-2267,광주,35.1595,126.8526,2021-06-13,우수
9208,윤민서,ngms232@daum.net,010-7873-7007,인천,37.4563,126.7052,2021-02-17,우수
9209,윤태현,ngth420@naver.com,010-2012-6528,부산,35.1796,129.0756,2022-11-03,우수
9210,황주원,hjng487@nate.com,010-1715-1777,세종,36.48,127.289,2022-08-10,우수
9211,정채원,jchng864@gmail.com,010-4289-1798,대구,35.8714,128.6014,2021-02-09,VIP
9212,황수빈,hsb678@gmail.com,010-3132-2457,전주,35.8219,127.148,2021-01-29,VIP
9213,한태현,hth299@naver.com,010-2021-6551,대구,35.8714,128.6014,2022-05-30,일반
9214,한유진,hngj110@nate.com,,인천,37.4563,126.7052,2022-05-13,일반
9215,최서준,chsj493@naver.com,010-5667-5517,부산,35.1796,129.0756,2022-09-03,일반
9216,송서준,ssj542@nate.com,010-8092-3296,세종,36.48,127.289,2022-01-26,일반
9217,이예린,ngngr990@nate.com,010-2398-3168,광주,35.1595,126.8526,2021-03-06,우수
9218,신유진,sngj990@daum.net,010-5465-3691,세종,36.48,127.289,2021-07-21,VIP
9219,박현정,bhj410@gmail.com,010-8370-8184,광주,35.1595,126.8526,2021-05-28,VIP
9220,안민서,ngms916@gmail.com,010-6588-5441,서울,37.5665,126.978,2021-01-07,일반
9221,한서준,hsj516@naver.com,010-4935-4390,광주,35.1595,126.8526,2022-10-03,일반
9222,안지현,ngjh770@gmail.com,010-5867-4171,인천,37.4563,126.7052,2021-07-18,우수
9223,조서연,jsng147@nate.com,010-7764-1919,인천,37.4563,126.7052,2021-01-06,우수
9224,정서현,jsh922@gmail.com,,청주,36.6424,127.489,2022-05-26,일반
9225,윤민서,ngms343@nate.com,,울산,35.5398,129.3114,2022-07-04,VIP
9226,박서연,bsng954@nate.com,010-1231-5400,울산,35.5398,129.3114,2021-01-17,VIP
9227,신서현,ssh541@gmail.com,010-4874-2061,서울,37.5665,126.978,2021-12-11,일반
9228,전시아,jsng385@naver.com,010-2106-7369,대전,36.3504,127.3845,2021-10-02,VIP
9229,박지원,bjng732@gmail.com,010-3492-7824,인천,37.4563,126.7052,2022-07-27,일반
9230,강주원,gjng432@daum.net,010-2758-5274,광주,35.1595,126.8526,2022-04-02,우수
9231,한서현,hsh968@gmail.com,010-1625-8108,수원,37.2636,127.0286,2022-10-11,일반
9232,신민준,smj337@nate.com,,대구,35.8714,128.6014,2021-09-30,일반
9233,박가은,bgng874@nate.com,010-3020-5020,부산,35.1796,129.0756,2022-03-03,VIP
9234,조현우,jhng486@naver.com,010-3827-9750,대전,36.3504,127.3845,2021-11-27,일반
9235,김지훈,gjh781@naver.com,010-7328-5223,대구,35.8714,128.6014,2021-07-02,우수
9236,장지훈,jjh934@daum.net,010-5478-7812,수원,37.2636,127.0286,2021-04-08,일반
9237,최현정,chhj436@naver.com,010-2857-6371,청주,36.6424,127.489,2022-06-01,일반
9238,최지원,chjng522@nate.com,010-8974-5133,대전,36.3504,127.3845,2022-10-30,일반
9239,전도윤,jdng549@gmail.com,010-9891-2624,울산,35.5398,129.3114,2021-01-17,일반
9240,정지원,jjng550@gmail.com,,울산,35.5398,129.3114,2021-02-01,우수
9241,안채원,ngchng269@naver.com,010-8174-2096,대전,36.3504,127.3845,2022-07-18,일반
9242,임민서,ngms152@nate.com,010-6395-1539,세종,36.48,127.289,2021-12-24,우수
9243,김나윤,gnng790@gmail.com,010-8386-8303,인천,37.4563,126.7052,2021-04-26,우수
9244,서우진,sngj915@nate.com,010-7711-1470,서울,37.5665,126.978,2022-10-30,우수
9245,박지민,bjm449@nate.com,010-7745-3203,부산,35.1796,129.0756,2021-05-26,일반
9246,오서연,ngsng695@daum.net,010-2088-7913,부산,35.1796,129.0756,2021-05-25,VIP
9247,정하늘,jhn842@gmail.com,010-5502-3933,인천,37.4563,126.7052,2022-01-27,일반
9248,정영민,jngm638@daum.net,010-8973-9543,세종,36.48,127.289,2021-10-21,일반
9249,한태현,hth225@naver.com,,울산,35.5398,129.3114,2022-06-25,일반
9250,장태현,jth894@gmail.com,010-7163-4800,청주,36.6424,127.489,2021-10-09,일반
9251,오예린,ngngr663@gmail.com,010-8375-3245,서울,37.5665,126.978,2022-10-16,일반
9252,박수빈,bsb204@daum.net,,부산,35.1796,129.0756,2021-04-19,우수
9253,강하린,ghr141@daum.net,010-9246-5773,수원,37.2636,127.0286,2022-05-30,일반
9254,박시아,bsng300@nate.com,010-3759-7145,청주,36.6424,127.489,2022-10-10,일반
9255,조예준,jngj892@naver.com,010-7947-1450,전주,35.8219,127.148,2021-11-05,우수
9256,권하늘,ghn170@naver.com,010-3097-2777,창원,35.2271,128.6811,2021-12-12,일반
9257,전예린,jngr341@daum.net,,인천,37.4563,126.7052,2021-05-18,일반
9258,조도윤,jdng167@daum.net,,인천,37.4563,126.7052,2021-08-19,일반
9259,한지현,hjh418@nate.com,010-1139-5220,창원,35.2271,128.6811,2022-12-10,우수
9260,전나윤,jnng646@naver.com,010-1283-7205,부산,35.1796,129.0756,2022-12-29,일반
9261,이유진,ngngj945@naver.com,010-6078-5005,창원,35.2271,128.6811,2021-12-17,일반
9262,강태현,gth626@daum.net,,광주,35.1595,126.8526,2022-10-22,우수
9263,정영민,jngm711@naver.com,010-9362-5429,수원,37.2636,127.0286,2022-04-15,우수
9264,조예준,jngj103@nate.com,010-5305-9642,대전,36.3504,127.3845,2022-08-09,우수
9265,권서연,gsng953@daum.net,010-1100-3733,인천,37.4563,126.7052,2022-03-29,VIP
9266,이영민,ngngm871@gmail.com,010-1996-7852,수원,37.2636,127.0286,2022-07-29,일반
9267,송지후,sjh251@naver.com,,대전,36.3504,127.3845,2021-02-27,일반
9268,신하준,shj962@gmail.com,010-1564-8607,부산,35.1796,129.0756,2022-03-02,일반
9269,윤하준,nghj631@gmail.com,010-1524-8448,창원,35.2271,128.6811,2022-04-20,일반
9270,황주원,hjng175@gmail.com,010-6737-1915,울산,35.5398,129.3114,2022-03-06,일반
9271,오서연,ngsng470@daum.net,010-1376-1822,대구,35.8714,128.6014,2021-10-14,일반
9272,정서연,jsng799@nate.com,,부산,35.1796,129.0756,2022-02-26,우수
9273,정현정,jhj568@nate.com,010-6423-5244,광주,35.1595,126.8526,2021-08-28,우수
9274,조예린,jngr195@nate.com,010-9473-2817,부산,35.1796,129.0756,2021-03-17,일반
9275,장나윤,jnng831@naver.com,010-3953-4956,청주,36.6424,127.489,2021-04-29,우수
9276,이도현,ngdh125@daum.net,010-3568-5366,청주,36.6424,127.489,2021-10-09,일반
9277,서현정,shj989@nate.com,,울산,35.5398,129.3114,2022-10-07,일반
9278,서나윤,snng227@gmail.com,010-1810-2532,수원,37.2636,127.0286,2022-01-17,우수
9279,김지현,gjh687@naver.com,010-8154-7580,서울,37.5665,126.978,2022-05-02,일반
9280,오지원,ngjng784@nate.com,010-6428-8905,부산,35.1796,129.0756,2022-09-16,일반
9281,강시아,gsng143@naver.com,010-9952-7852,대전,36.3504,127.3845,2021-03-12,일반
9282,오예준,ngngj575@nate.com,010-4769-8822,세종,36.48,127.289,2022-11-26,VIP
9283,정현정,jhj596@naver.com,010-1465-7525,광주,35.1595,126.8526,2022-08-27,우수
9284,조지원,jjng727@naver.com,010-6895-2217,부산,35.1796,129.0756,2021-06-10,일반
9285,이민준,ngmj720@gmail.com,010-9635-3977,인천,37.4563,126.7052,2022-10-02,VIP
9286,장하늘,jhn542@gmail.com,,대구,35.8714,128.6014,2022-12-02,우수
9287,김지후,gjh434@gmail.com,010-2401-1928,세종,36.48,127.289,2022-04-22,우수
9288,전예준,jngj270@gmail.com,010-4761-9378,청주,36.6424,127.489,2021-09-17,VIP
9289,황하린,hhr468@nate.com,010-6279-5093,대구,35.8714,128.6014,2022-06-19,일반
9290,오채원,ngchng382@nate.com,010-7295-3834,수원,37.2636,127.0286,2021-04-27,일반
9291,조태현,jth935@gmail.com,010-4818-7405,서울,37.5665,126.978,2021-07-15,우수
9292,조수빈,jsb898@daum.net,010-6426-2044,세종,36.48,127.289,2021-02-06,우수
9293,송영민,sngm826@gmail.com,010-9861-4708,전주,35.8219,127.148,2022-04-12,우수
9294,조나윤,jnng537@naver.com,010-5961-7496,울산,35.5398,129.3114,2021-03-07,우수
9295,장태현,jth893@daum.net,010-4639-2090,광주,35.1595,126.8526,2022-04-04,VIP
9296,이태현,ngth144@naver.com,010-8265-6076,울산,35.5398,129.3114,2022-03-15,VIP
9297,강민서,gms426@nate.com,010-2028-3882,부산,35.1796,129.0756,2021-10-07,VIP
9298,한지원,hjng234@gmail.com,010-9119-5098,청주,36.6424,127.489,2022-02-20,VIP
9299,장수빈,jsb357@gmail.com,010-6468-7764,부산,35.1796,129.0756,2022-11-14,VIP
9300,서하늘,shn982@daum.net,010-3616-6909,창원,35.2271,128.6811,2021-06-25,일반
9301,장유진,jngj968@naver.com,010-3441-5495,수원,37.2636,127.0286,2021-07-13,일반
9302,김영민,gngm974@naver.com,010-2196-3234,대구,35.8714,128.6014,2021-02-03,일반
9303,강태현,gth863@daum.net,010-6127-1593,대구,35.8714,128.6014,2022-09-23,VIP
9304,최서준,chsj252@naver.com,,창원,35.2271,128.6811,2021-11-02,우수
9305,정예린,jngr806@gmail.com,010-2991-8239,서울,37.5665,126.978,2022-08-06,우수
9306,황영민,hngm844@daum.net,010-3866-9346,창원,35.2271,128.6811,2022-10-12,일반
9307,조주원,jjng402@daum.net,,부산,35.1796,129.0756,2021-04-25,일반
9308,서태현,sth816@nate.com,010-5851-2047,서울,37.5665,126.978,2022-12-01,우수
9309,박나윤,bnng524@naver.com,010-8421-8590,대전,36.3504,127.3845,2022-04-14,일반
9310,서주원,sjng722@nate.com,010-4423-1032,대전,36.3504,127.3845,2022-02-03,일반
9311,권주원,gjng220@nate.com,,수원,37.2636,127.0286,2021-06-29,일반
9312,전가은,jgng795@naver.com,010-1910-7625,세종,36.48,127.289,2022-09-11,일반
9313,안서현,ngsh359@nate.com,010-5063-5932,대전,36.3504,127.3845,2021-07-01,우수
9314,한예린,hngr552@nate.com,010-9403-8520,대구,35.8714,128.6014,2022-11-24,일반
9315,조도윤,jdng189@gmail.com,010-3954-6136,대구,35.8714,128.6014,2022-01-10,우수
9316,송지민,sjm581@daum.net,010-5764-6116,광주,35.1595,126.8526,2022-02-22,일반
9317,윤도윤,ngdng310@naver.com,010-7120-7327,수원,37.2636,127.0286,2021-04-24,VIP
9318,박지후,bjh530@naver.com,010-3380-1561,대구,35.8714,128.6014,2021-08-30,일반
9319,임서연,ngsng103@daum.net,010-8242-5872,울산,35.5398,129.3114,2022-12-01,우수
9320,이민서,ngms236@daum.net,010-2781-9417,수원,37.2636,127.0286,2021-02-16,우수
9321,황하린,hhr736@nate.com,010-1363-9859,부산,35.1796,129.0756,2022-05-15,일반
9322,장지아,jjng183@daum.net,010-2736-2185,전주,35.8219,127.148,2021-06-13,VIP
9323,한채원,hchng266@nate.com,,광주,35.1595,126.8526,2022-12-21,우수
9324,조나윤,jnng535@gmail.com,,대구,35.8714,128.6014,2021-07-11,일반
9325,이현정,nghj991@nate.com,010-4177-7345,대구,35.8714,128.6014,2021-06-16,일반
9326,강서현,gsh618@gmail.com,010-8477-2303,청주,36.6424,127.489,2022-12-30,VIP
9327,최현정,chhj184@naver.com,010-7889-7349,서울,37.5665,126.978,2022-05-02,우수
9328,박현정,bhj871@nate.com,010-8071-8181,세종,36.48,127.289,2021-04-23,일반
9329,안예준,ngngj489@naver.com,010-5437-2050,울산,35.5398,129.3114,2022-01-24,일반
9330,서현정,shj658@naver.com,010-9077-1672,울산,35.5398,129.3114,2022-11-11,VIP
9331,이수빈,ngsb320@naver.com,010-3303-2395,부산,35.1796,129.0756,2021-05-22,우수
9332,한도윤,hdng891@nate.com,010-7604-3518,청주,36.6424,127.489,2021-01-20,우수
9333,권현우,ghng211@nate.com,010-3453-5241,세종,36.48,127.289,2021-07-28,일반
9334,정서연,jsng599@nate.com,010-9195-5583,전주,35.8219,127.148,2021-04-05,우수
9335,김유진,gngj407@daum.net,,청주,36.6424,127.489,2021-04-26,일반
9336,서도윤,sdng229@nate.com,010-8698-1206,수원,37.2636,127.0286,2022-05-03,일반
9337,최지훈,chjh372@nate.com,010-7013-9623,세종,36.48,127.289,2021-04-14,우수
9338,정나윤,jnng604@gmail.com,010-9290-4828,전주,35.8219,127.148,2021-05-29,MVP
9339,조가은,jgng676@gmail.com,010-4504-7877,창원,35.2271,128.6811,2022-05-19,일반
9340,안서연,ngsng938@daum.net,010-2321-3189,인천,37.4563,126.7052,2021-05-01,일반
9341,신예준,sngj107@gmail.com,010-3472-8851,전주,35.8219,127.148,2021-05-19,우수
9342,황유진,hngj486@daum.net,010-4487-9042,대구,35.8714,128.6014,2022-09-14,우수
9343,서가은,sgng741@nate.com,010-6031-3653,대구,35.8714,128.6014,2021-06-10,VIP
9344,서예린,sngr525@nate.com,,세종,36.48,127.289,2021-08-05,우수
9345,장도현,jdh236@naver.com,,광주,35.1595,126.8526,2022-11-06,일반
9346,장현우,jhng389@gmail.com,010-7653-3323,세종,36.48,127.289,2021-03-16,MVP
9347,황지민,hjm546@daum.net,010-6039-9548,세종,36.48,127.289,2022-06-26,우수
9348,서민준,smj756@daum.net,010-2928-4759,울산,35.5398,129.3114,2021-09-14,VIP
9349,박가은,bgng123@nate.com,010-1726-3514,울산,35.5398,129.3114,2022-02-07,우수
9350,황주원,hjng730@daum.net,010-6811-7728,광주,35.1595,126.8526,2021-05-01,VIP
9351,김하린,ghr706@gmail.com,010-9525-1232,부산,35.1796,129.0756,2022-11-04,일반
9352,신지아,sjng173@gmail.com,010-6971-1020,울산,35.5398,129.3114,2022-10-04,일반
9353,조서현,jsh508@naver.com,010-4715-8779,청주,36.6424,127.489,2021-05-31,VIP
9354,오민준,ngmj443@daum.net,010-7870-1164,대구,35.8714,128.6014,2021-06-07,일반
9355,강민서,gms673@daum.net,010-5640-1911,울산,35.5398,129.3114,2022-12-20,일반
9356,신태현,sth804@naver.com,010-5241-6841,세종,36.48,127.289,2021-12-10,우수
9357,안민서,ngms968@gmail.com,010-8717-2067,인천,37.4563,126.7052,2021-08-07,VIP
9358,이채원,ngchng436@nate.com,010-7760-8375,대전,36.3504,127.3845,2021-02-12,일반
9359,임도윤,ngdng481@nate.com,010-3148-5700,세종,36.48,127.289,2022-09-18,VIP
9360,김서현,gsh649@nate.com,010-6178-7058,전주,35.8219,127.148,2021-10-07,우수
9361,김수빈,gsb439@nate.com,010-7163-5057,울산,35.5398,129.3114,2021-09-22,우수
9362,전하준,jhj198@daum.net,010-6088-3722,수원,37.2636,127.0286,2021-05-03,VIP
9363,장가은,jgng163@daum.net,010-6297-2298,대구,35.8714,128.6014,2022-02-15,일반
9364,전예준,jngj829@nate.com,010-3260-3486,서울,37.5665,126.978,2021-02-21,일반
9365,서예린,sngr438@nate.com,010-7880-7151,세종,36.48,127.289,2022-09-03,일반
9366,정우진,jngj334@daum.net,010-9899-2065,전주,35.8219,127.148,2021-04-10,우수
9367,임하늘,nghn793@gmail.com,010-7377-6907,수원,37.2636,127.0286,2022-09-17,우수
9368,송지민,sjm205@daum.net,,울산,35.5398,129.3114,2022-09-20,VIP
9369,최가은,chgng178@naver.com,010-6937-8846,청주,36.6424,127.489,2022-01-26,우수
9370,장예준,jngj274@naver.com,010-8957-1193,전주,35.8219,127.148,2022-06-05,우수
9371,장지훈,jjh415@nate.com,010-5859-2042,부산,35.1796,129.0756,2022-07-06,우수
9372,윤태현,ngth717@gmail.com,010-9314-7681,대전,36.3504,127.3845,2021-02-07,일반
9373,정가은,jgng849@naver.com,010-8890-2654,광주,35.1595,126.8526,2022-12-19,일반
9374,임하준,nghj578@gmail.com,010-2363-3993,창원,35.2271,128.6811,2021-08-12,VIP
9375,박주원,bjng443@daum.net,010-3207-5721,대구,35.8714,128.6014,2021-12-10,일반
9376,최하준,chhj983@nate.com,010-1742-7975,울산,35.5398,129.3114,2022-02-17,일반
9377,송태현,sth434@nate.com,010-1057-3494,울산,35.5398,129.3114,2021-02-14,우수
9378,안지아,ngjng439@daum.net,010-2949-3156,부산,35.1796,129.0756,2021-03-13,일반
9379,김예준,gngj467@gmail.com,010-6493-7053,인천,37.4563,126.7052,2022-01-20,VIP
9380,장채원,jchng254@nate.com,010-2493-5472,전주,35.8219,127.148,2022-04-02,일반
9381,박태현,bth153@daum.net,010-9783-8728,광주,35.1595,126.8526,2021-05-20,일반
9382,서우진,sngj848@nate.com,,수원,37.2636,127.0286,2022-06-08,일반
9383,김가은,ggng798@daum.net,010-7236-1453,창원,35.2271,128.6811,2022-12-12,우수
9384,오가은,nggng997@gmail.com,010-5804-7299,전주,35.8219,127.148,2022-05-29,일반
9385,장도윤,jdng987@naver.com,010-2758-2728,세종,36.48,127.289,2021-05-29,우수
9386,정하준,jhj313@gmail.com,010-7652-4751,대전,36.3504,127.3845,2021-09-26,VIP
9387,서서연,ssng616@gmail.com,010-5389-9923,인천,37.4563,126.7052,2022-09-15,VIP
9388,오나윤,ngnng677@nate.com,010-6679-9012,광주,35.1595,126.8526,2021-07-08,일반
9389,이영민,ngngm158@daum.net,010-5746-5649,울산,35.5398,129.3114,2021-05-23,일반
9390,조태현,jth900@naver.com,,창원,35.2271,128.6811,2022-10-19,우수
9391,송예준,sngj823@gmail.com,010-7733-3916,울산,35.5398,129.3114,2021-02-14,VIP
9392,윤시아,ngsng841@daum.net,010-4190-7260,전주,35.8219,127.148,2022-10-15,MVP
9393,박유진,bngj911@gmail.com,010-5225-3430,서울,37.5665,126.978,2021-01-08,일반
9394,최현정,chhj253@gmail.com,010-9398-7329,창원,35.2271,128.6811,2022-03-06,우수
9395,이서준,ngsj810@nate.com,010-2527-6928,세종,36.48,127.289,2022-12-02,일반
9396,한현정,hhj438@nate.com,,인천,37.4563,126.7052,2022-12-08,일반
9397,임민서,ngms526@daum.net,010-5620-6524,울산,35.5398,129.3114,2022-12-22,일반
9398,권하늘,ghn914@daum.net,010-1112-6509,창원,35.2271,128.6811,2022-12-17,일반
9399,최하린,chhr843@gmail.com,010-2001-6869,창원,35.2271,128.6811,2021-11-17,일반
9400,신민준,smj973@naver.com,010-7648-3195,인천,37.4563,126.7052,2022-02-04,일반
9401,오채원,ngchng199@gmail.com,010-5064-1412,대구,35.8714,128.6014,2021-04-10,우수
9402,안수빈,ngsb931@gmail.com,,대구,35.8714,128.6014,2021-08-21,일반
9403,강지훈,gjh520@nate.com,010-7880-8303,세종,36.48,127.289,2022-03-05,우수
9404,김서연,gsng400@gmail.com,,서울,37.5665,126.978,2022-06-05,일반
9405,박민준,bmj581@naver.com,010-9117-3803,창원,35.2271,128.6811,2022-09-21,일반
9406,강우진,gngj888@daum.net,010-8340-1588,광주,35.1595,126.8526,2021-04-29,일반
9407,조지훈,jjh307@daum.net,010-2256-1819,창원,35.2271,128.6811,2021-04-05,일반
9408,이현우,nghng768@daum.net,,세종,36.48,127.289,2022-10-03,우수
9409,송현우,shng768@naver.com,010-5601-5002,청주,36.6424,127.489,2021-11-12,일반
9410,황우진,hngj602@daum.net,010-6523-4418,서울,37.5665,126.978,2022-03-16,우수
9411,전하린,jhr980@naver.com,010-7157-4808,수원,37.2636,127.0286,2022-02-13,일반
9412,장예린,jngr181@gmail.com,010-5407-2660,광주,35.1595,126.8526,2021-05-21,우수
9413,신지원,sjng150@nate.com,010-1422-6656,대전,36.3504,127.3845,2021-08-05,우수
9414,임서준,ngsj869@nate.com,010-5520-9376,창원,35.2271,128.6811,2022-03-12,일반
9415,정지민,jjm975@naver.com,010-5038-5058,세종,36.48,127.289,2021-05-25,일반
9416,이서준,ngsj695@naver.com,010-2189-2496,청주,36.6424,127.489,2021-06-08,일반
9417,황민서,hms221@daum.net,,광주,35.1595,126.8526,2022-12-22,우수
9418,황현우,hhng215@nate.com,010-2707-6606,대전,36.3504,127.3845,2021-06-10,일반
9419,정도윤,jdng884@naver.com,010-7878-1117,울산,35.5398,129.3114,2022-09-08,우수
9420,전시아,jsng607@gmail.com,010-7076-6963,세종,36.48,127.289,2021-07-14,우수
9421,최현우,chhng195@gmail.com,010-9823-8018,대구,35.8714,128.6014,2022-10-08,VIP
9422,송하늘,shn888@nate.com,010-2645-3305,대구,35.8714,128.6014,2021-12-07,우수
9423,윤민준,ngmj787@nate.com,010-5943-6123,광주,35.1595,126.8526,2022-01-23,우수
9424,윤수빈,ngsb839@nate.com,010-3549-3239,서울,37.5665,126.978,2022-09-15,일반
9425,한서연,hsng313@daum.net,,부산,35.1796,129.0756,2022-03-22,VIP
9426,조도윤,jdng258@gmail.com,010-3168-4143,창원,35.2271,128.6811,2021-03-25,우수
9427,송도현,sdh180@daum.net,,광주,35.1595,126.8526,2021-10-10,일반
9428,정민서,jms831@daum.net,010-5115-3999,부산,35.1796,129.0756,2021-12-17,VIP
9429,정지원,jjng478@naver.com,,인천,37.4563,126.7052,2022-05-27,일반
9430,강서현,gsh109@nate.com,,대전,36.3504,127.3845,2021-10-09,VIP
9431,최우진,chngj790@nate.com,010-8977-9327,인천,37.4563,126.7052,2022-09-15,VIP
9432,조주원,jjng752@daum.net,010-3711-3044,광주,35.1595,126.8526,2021-07-17,일반
9433,서서연,ssng926@gmail.com,,대전,36.3504,127.3845,2022-12-15,우수
9434,김채원,gchng693@naver.com,010-8357-1686,전주,35.8219,127.148,2022-03-10,일반
9435,박민서,bms248@gmail.com,,광주,35.1595,126.8526,2022-12-12,일반
9436,장서현,jsh914@nate.com,010-2017-1989,대전,36.3504,127.3845,2021-09-23,일반
9437,오지훈,ngjh803@naver.com,010-3650-3081,청주,36.6424,127.489,2021-04-03,우수
9438,강가은,ggng945@nate.com,010-4631-3548,대전,36.3504,127.3845,2022-08-21,일반
9439,권하준,ghj404@daum.net,010-1560-4633,청주,36.6424,127.489,2022-10-11,일반
9440,안시아,ngsng313@daum.net,010-6253-4003,세종,36.48,127.289,2022-03-11,우수
9441,조주원,jjng968@daum.net,010-5849-3959,대구,35.8714,128.6014,2022-04-30,일반
9442,강서현,gsh521@nate.com,010-5186-4953,부산,35.1796,129.0756,2022-01-25,일반
9443,한도윤,hdng393@daum.net,010-7386-1654,대전,36.3504,127.3845,2022-11-21,일반
9444,오유진,ngngj334@daum.net,010-6540-2608,광주,35.1595,126.8526,2021-12-25,일반
9445,안시아,ngsng876@gmail.com,010-5129-5481,대구,35.8714,128.6014,2021-10-02,일반
9446,전지원,jjng904@daum.net,010-2718-3026,대구,35.8714,128.6014,2022-12-23,일반
9447,박현우,bhng997@gmail.com,,수원,37.2636,127.0286,2021-08-01,MVP
9448,박태현,bth290@gmail.com,010-8412-7874,울산,35.5398,129.3114,2021-04-14,우수
9449,정지원,jjng193@nate.com,,대구,35.8714,128.6014,2022-11-27,일반
9450,김주원,gjng912@naver.com,,대구,35.8714,128.6014,2021-04-07,일반
9451,오도현,ngdh926@naver.com,,청주,36.6424,127.489,2022-05-28,일반
9452,이태현,ngth555@daum.net,010-9821-8850,창원,35.2271,128.6811,2022-07-14,우수
9453,박태현,bth109@daum.net,010-5488-5029,대전,36.3504,127.3845,2022-06-20,일반
9454,송태현,sth154@gmail.com,010-6419-9504,수원,37.2636,127.0286,2022-01-25,일반
9455,박유진,bngj968@naver.com,010-7193-3550,창원,35.2271,128.6811,2021-09-12,VIP
9456,정태현,jth996@naver.com,010-7307-5522,대구,35.8714,128.6014,2022-09-22,일반
9457,서시아,ssng457@daum.net,010-6893-3351,창원,35.2271,128.6811,2022-11-28,일반
9458,김지원,gjng407@daum.net,010-3462-7032,서울,37.5665,126.978,2022-04-24,VIP
9459,권하린,ghr189@nate.com,010-1932-8879,인천,37.4563,126.7052,2022-11-09,우수
9460,황하준,hhj525@naver.com,010-3119-1651,광주,35.1595,126.8526,2021-07-10,일반
9461,신서연,ssng249@nate.com,010-8977-1184,인천,37.4563,126.7052,2021-12-15,우수
9462,박주원,bjng891@gmail.com,010-8792-6985,서울,37.5665,126.978,2022-07-18,일반
9463,안하늘,nghn264@naver.com,,인천,37.4563,126.7052,2022-05-06,우수
9464,임하늘,nghn428@naver.com,010-6478-9274,부산,35.1796,129.0756,2022-05-22,일반
9465,황하늘,hhn942@nate.com,,대구,35.8714,128.6014,2021-10-07,VIP
9466,한현우,hhng653@nate.com,010-8464-1199,세종,36.48,127.289,2022-12-12,MVP
9467,조지현,jjh592@naver.com,010-8791-3319,세종,36.48,127.289,2022-08-03,VIP
9468,송영민,sngm140@naver.com,010-5110-7621,울산,35.5398,129.3114,2022-03-30,VIP
9469,한영민,hngm133@gmail.com,010-8915-9622,인천,37.4563,126.7052,2021-07-17,우수
9470,정하준,jhj301@daum.net,010-9882-4607,창원,35.2271,128.6811,2022-04-18,일반
9471,임서준,ngsj545@naver.com,010-4794-7495,울산,35.5398,129.3114,2021-05-25,일반
9472,임우진,ngngj174@daum.net,010-8211-5805,수원,37.2636,127.0286,2022-05-01,우수
9473,오시아,ngsng849@daum.net,010-7210-9444,부산,35.1796,129.0756,2022-05-29,VIP
9474,김지아,gjng694@gmail.com,,창원,35.2271,128.6811,2021-07-17,일반
9475,권하린,ghr499@daum.net,010-2065-8795,대전,36.3504,127.3845,2022-06-24,VIP
9476,한영민,hngm463@naver.com,010-2086-3989,광주,35.1595,126.8526,2022-12-28,VIP
9477,한유진,hngj241@daum.net,010-4153-1832,서울,37.5665,126.978,2021-01-29,MVP
9478,송시아,ssng805@nate.com,010-1830-3858,대구,35.8714,128.6014,2022-05-03,VIP
9479,황하늘,hhn585@gmail.com,,대구,35.8714,128.6014,2021-09-13,일반
9480,최영민,chngm759@daum.net,010-4411-1650,수원,37.2636,127.0286,2021-08-03,일반
9481,조가은,jgng987@naver.com,010-8031-8625,수원,37.2636,127.0286,2021-12-20,일반
9482,장현우,jhng744@nate.com,010-9698-9530,서울,37.5665,126.978,2021-10-26,일반
9483,윤현우,nghng501@naver.com,010-2870-8188,전주,35.8219,127.148,2022-07-16,우수
9484,오민준,ngmj543@gmail.com,010-8614-2066,전주,35.8219,127.148,2022-08-28,VIP
9485,송현정,shj623@gmail.com,010-6658-2179,청주,36.6424,127.489,2022-11-16,VIP
9486,윤예준,ngngj699@gmail.com,010-8340-4284,대전,36.3504,127.3845,2021-06-17,우수
9487,김수빈,gsb358@nate.com,010-9824-7184,수원,37.2636,127.0286,2022-02-03,일반
9488,임지민,ngjm957@gmail.com,010-2620-3814,서울,37.5665,126.978,2022-04-12,일반
9489,권수빈,gsb970@daum.net,010-6331-6241,창원,35.2271,128.6811,2021-05-06,일반
9490,안태현,ngth725@naver.com,,대구,35.8714,128.6014,2022-09-06,일반
9491,정민서,jms135@daum.net,010-2949-9548,창원,35.2271,128.6811,2021-04-14,우수
9492,한서연,hsng967@naver.com,010-9714-4877,대구,35.8714,128.6014,2021-08-31,일반
9493,최지민,chjm610@naver.com,,창원,35.2271,128.6811,2021-02-18,일반
9494,권주원,gjng939@daum.net,010-5164-2951,청주,36.6424,127.489,2022-05-19,일반
9495,한예준,hngj300@gmail.com,010-3410-1566,세종,36.48,127.289,2021-11-01,우수
9496,김지후,gjh459@naver.com,010-8834-1558,청주,36.6424,127.489,2021-01-21,일반
9497,송지후,sjh695@naver.com,010-1035-4371,청주,36.6424,127.489,2021-06-08,일반
9498,이민서,ngms616@naver.com,,청주,36.6424,127.489,2022-05-24,일반
9499,서현정,shj366@naver.com,010-7598-2654,전주,35.8219,127.148,2022-09-14,MVP
9500,정서현,jsh461@nate.com,010-3012-3718,창원,35.2271,128.6811,2022-07-03,일반
9501,조지후,jjh900@gmail.com,010-4263-1843,청주,36.6424,127.489,2022-03-08,우수
9502,송가은,sgng726@naver.com,010-4941-2307,청주,36.6424,127.489,2022-11-22,우수
9503,박우진,bngj122@naver.com,010-1817-9337,전주,35.8219,127.148,2021-04-07,우수
9504,김현정,ghj389@gmail.com,010-2181-8647,인천,37.4563,126.7052,2022-04-16,VIP
9505,황지아,hjng203@naver.com,010-5020-3163,전주,35.8219,127.148,2022-06-10,일반
9506,윤지훈,ngjh482@daum.net,,인천,37.4563,126.7052,2022-11-09,일반
9507,조예린,jngr775@gmail.com,010-9468-2798,전주,35.8219,127.148,2022-05-04,일반
9508,신하준,shj918@gmail.com,010-8784-7801,전주,35.8219,127.148,2021-10-08,우수
9509,한서현,hsh542@daum.net,010-3471-2106,세종,36.48,127.289,2021-01-23,일반
9510,장태현,jth223@nate.com,,대구,35.8714,128.6014,2021-11-17,일반
9511,정예준,jngj390@naver.com,010-2970-2999,부산,35.1796,129.0756,2021-01-24,우수
9512,장태현,jth170@gmail.com,010-6269-6528,전주,35.8219,127.148,2022-02-04,우수
9513,안하준,nghj106@gmail.com,010-2053-3082,청주,36.6424,127.489,2022-08-10,일반
9514,장지훈,jjh467@gmail.com,010-6034-7677,울산,35.5398,129.3114,2021-04-10,우수
9515,오현우,nghng901@nate.com,,서울,37.5665,126.978,2022-10-02,우수
9516,안예린,ngngr582@naver.com,010-4995-7234,인천,37.4563,126.7052,2022-10-03,일반
9517,권수빈,gsb959@gmail.com,010-7072-4337,창원,35.2271,128.6811,2022-07-19,일반
9518,임주원,ngjng462@gmail.com,,세종,36.48,127.289,2021-03-03,우수
9519,오하늘,nghn646@gmail.com,,청주,36.6424,127.489,2021-06-10,우수
9520,한도현,hdh878@daum.net,010-5091-1023,인천,37.4563,126.7052,2021-09-28,일반
9521,안민서,ngms226@naver.com,010-9565-1437,서울,37.5665,126.978,2021-04-15,일반
9522,임나윤,ngnng872@gmail.com,010-2073-3138,부산,35.1796,129.0756,2022-12-21,우수
9523,신도윤,sdng151@gmail.com,,울산,35.5398,129.3114,2022-12-08,VIP
9524,정채원,jchng685@nate.com,010-8694-8191,세종,36.48,127.289,2021-10-01,우수
9525,안민준,ngmj298@daum.net,,창원,35.2271,128.6811,2021-07-19,일반
9526,윤채원,ngchng708@naver.com,010-7003-6951,전주,35.8219,127.148,2021-11-08,일반
9527,권우진,gngj690@gmail.com,010-8988-2366,수원,37.2636,127.0286,2021-12-16,VIP
9528,황수빈,hsb209@daum.net,010-7165-5140,광주,35.1595,126.8526,2022-02-24,일반
9529,윤주원,ngjng254@daum.net,010-2750-9751,울산,35.5398,129.3114,2022-08-25,MVP
9530,최유진,chngj645@nate.com,010-3613-7356,서울,37.5665,126.978,2022-08-24,VIP
9531,조지훈,jjh300@gmail.com,010-1319-5633,창원,35.2271,128.6811,2021-06-03,일반
9532,안주원,ngjng357@gmail.com,,부산,35.1796,129.0756,2021-12-22,VIP
9533,권나윤,gnng312@gmail.com,010-8285-4906,서울,37.5665,126.978,2021-03-11,일반
9534,조가은,jgng740@naver.com,,대전,36.3504,127.3845,2022-05-04,VIP
9535,강유진,gngj670@nate.com,010-4111-2689,세종,36.48,127.289,2021-08-28,일반
9536,신시아,ssng556@naver.com,010-9356-7057,수원,37.2636,127.0286,2021-04-15,일반
9537,송지훈,sjh138@nate.com,010-1334-9994,대구,35.8714,128.6014,2021-10-24,우수
9538,한서현,hsh558@naver.com,010-9448-8132,대전,36.3504,127.3845,2022-02-08,우수
9539,권유진,gngj801@nate.com,010-5699-3488,서울,37.5665,126.978,2021-04-06,일반
9540,정예린,jngr743@nate.com,010-7025-7131,서울,37.5665,126.978,2022-09-28,우수
9541,황수빈,hsb998@naver.com,010-4839-7799,서울,37.5665,126.978,2021-02-18,일반
9542,송현정,shj637@gmail.com,010-4615-6135,수원,37.2636,127.0286,2022-08-14,일반
9543,윤영민,ngngm657@naver.com,010-9012-7767,서울,37.5665,126.978,2021-04-15,일반
9544,권가은,ggng181@naver.com,010-5133-2262,창원,35.2271,128.6811,2021-10-03,일반
9545,박지원,bjng326@gmail.com,,창원,35.2271,128.6811,2021-04-21,일반
9546,황채원,hchng157@nate.com,010-1846-7708,대구,35.8714,128.6014,2022-01-30,일반
9547,정민서,jms228@daum.net,010-8027-8709,대전,36.3504,127.3845,2022-04-11,일반
9548,장지원,jjng113@nate.com,,부산,35.1796,129.0756,2022-03-19,일반
9549,전주원,jjng465@naver.com,010-6972-6448,울산,35.5398,129.3114,2022-11-24,일반
9550,권유진,gngj554@nate.com,,청주,36.6424,127.489,2022-06-11,MVP
9551,강영민,gngm973@gmail.com,010-6253-6186,서울,37.5665,126.978,2022-01-02,일반
9552,한도현,hdh349@gmail.com,010-8899-5557,전주,35.8219,127.148,2022-11-12,VIP
9553,조서현,jsh709@naver.com,,수원,37.2636,127.0286,2022-04-15,우수
9554,권지현,gjh109@nate.com,010-4516-4722,청주,36.6424,127.489,2022-01-06,우수
9555,한하린,hhr769@naver.com,,대전,36.3504,127.3845,2021-06-21,우수
9556,임지훈,ngjh667@naver.com,,대구,35.8714,128.6014,2022-12-06,VIP
9557,전민준,jmj199@nate.com,010-8975-9603,부산,35.1796,129.0756,2021-02-07,일반
9558,박가은,bgng924@gmail.com,010-4977-9905,수원,37.2636,127.0286,2022-03-18,우수
9559,조시아,jsng801@daum.net,010-6459-9178,대전,36.3504,127.3845,2021-07-15,우수
9560,박주원,bjng954@daum.net,010-5306-2017,서울,37.5665,126.978,2021-08-12,우수
9561,한지아,hjng998@nate.com,010-2517-4252,서울,37.5665,126.978,2021-09-15,VIP
9562,최지아,chjng767@nate.com,010-4147-6352,대구,35.8714,128.6014,2021-05-13,일반
9563,최시아,chsng436@gmail.com,010-4096-5037,창원,35.2271,128.6811,2022-03-01,우수
9564,임지훈,ngjh126@daum.net,010-5003-9913,전주,35.8219,127.148,2022-08-04,우수
9565,윤현우,nghng301@naver.com,010-4350-4764,세종,36.48,127.289,2022-11-27,일반
9566,오채원,ngchng636@gmail.com,,광주,35.1595,126.8526,2022-07-17,일반
9567,전도현,jdh643@daum.net,,창원,35.2271,128.6811,2022-05-31,우수
9568,안지아,ngjng112@daum.net,,창원,35.2271,128.6811,2021-12-09,VIP
9569,오서연,ngsng599@daum.net,,울산,35.5398,129.3114,2021-11-05,일반
9570,강수빈,gsb303@gmail.com,010-5801-8589,서울,37.5665,126.978,2022-03-02,VIP
9571,이지훈,ngjh924@nate.com,010-9690-1734,서울,37.5665,126.978,2021-10-28,일반
9572,장도현,jdh784@gmail.com,010-5425-8256,창원,35.2271,128.6811,2021-05-25,일반
9573,서지후,sjh300@nate.com,010-4924-9360,세종,36.48,127.289,2022-09-09,일반
9574,김도현,gdh360@nate.com,010-1144-4263,서울,37.5665,126.978,2021-04-27,일반
9575,권서연,gsng981@gmail.com,,대전,36.3504,127.3845,2022-08-30,일반
9576,최채원,chchng604@nate.com,010-8336-4546,서울,37.5665,126.978,2021-12-06,일반
9577,최민준,chmj616@gmail.com,010-2140-4736,전주,35.8219,127.148,2021-06-27,우수
9578,서하준,shj940@naver.com,010-5625-2177,광주,35.1595,126.8526,2022-01-12,우수
9579,전민준,jmj355@naver.com,,인천,37.4563,126.7052,2021-05-18,일반
9580,윤영민,ngngm814@nate.com,010-2114-7632,창원,35.2271,128.6811,2022-10-19,일반
9581,서지현,sjh130@nate.com,010-2307-6273,서울,37.5665,126.978,2022-09-23,일반
9582,황하준,hhj886@daum.net,010-9316-5192,부산,35.1796,129.0756,2022-02-25,우수
9583,한가은,hgng914@naver.com,010-9332-2212,전주,35.8219,127.148,2022-02-04,일반
9584,이지원,ngjng304@daum.net,010-9141-5684,서울,37.5665,126.978,2022-01-08,일반
9585,전하준,jhj943@naver.com,010-1822-8718,서울,37.5665,126.978,2022-12-05,VIP
9586,전태현,jth908@naver.com,010-2171-4676,대전,36.3504,127.3845,2021-12-29,VIP
9587,전예린,jngr127@nate.com,010-5923-6281,청주,36.6424,127.489,2021-06-22,일반
9588,윤채원,ngchng330@nate.com,010-2281-8220,인천,37.4563,126.7052,2021-11-21,일반
9589,송영민,sngm130@naver.com,010-3278-8414,세종,36.48,127.289,2021-04-11,일반
9590,윤민서,ngms975@naver.com,010-4269-9650,전주,35.8219,127.148,2021-05-23,우수
9591,서도윤,sdng579@gmail.com,,울산,35.5398,129.3114,2022-07-30,우수
9592,송영민,sngm294@daum.net,010-9305-2552,수원,37.2636,127.0286,2021-04-17,일반
9593,김나윤,gnng467@naver.com,010-1203-4079,대전,36.3504,127.3845,2022-10-22,우수
9594,오수빈,ngsb758@naver.com,,광주,35.1595,126.8526,2021-11-15,일반
9595,최도현,chdh821@naver.com,010-7470-2501,청주,36.6424,127.489,2022-10-08,일반
9596,임지훈,ngjh403@gmail.com,010-8989-9988,서울,37.5665,126.978,2021-12-03,일반
9597,임현우,nghng184@daum.net,010-2381-2805,인천,37.4563,126.7052,2021-06-16,일반
9598,김예린,gngr577@daum.net,010-1662-7649,울산,35.5398,129.3114,2021-12-26,일반
9599,한나윤,hnng947@naver.com,010-1110-1417,서울,37.5665,126.978,2021-07-03,일반
9600,서지아,sjng866@nate.com,,광주,35.1595,126.8526,2022-10-30,일반
9601,강서준,gsj410@naver.com,010-3426-5563,서울,37.5665,126.978,2022-10-20,일반
9602,권태현,gth944@gmail.com,010-5851-9209,대전,36.3504,127.3845,2021-06-10,우수
9603,오서준,ngsj177@naver.com,,울산,35.5398,129.3114,2022-05-10,일반
9604,오민준,ngmj674@naver.com,010-9648-6197,인천,37.4563,126.7052,2021-02-24,일반
9605,송예린,sngr943@nate.com,,광주,35.1595,126.8526,2021-05-29,우수
9606,전현우,jhng263@nate.com,010-7144-6020,창원,35.2271,128.6811,2021-11-01,우수
9607,윤도윤,ngdng120@naver.com,010-3206-1441,창원,35.2271,128.6811,2021-04-29,VIP
9608,전민서,jms546@daum.net,010-9076-2868,수원,37.2636,127.0286,2021-08-08,일반
9609,황태현,hth633@nate.com,010-3817-8488,인천,37.4563,126.7052,2021-01-14,일반
9610,전시아,jsng606@naver.com,010-5132-9513,대전,36.3504,127.3845,2022-07-24,우수
9611,김민서,gms371@naver.com,010-2955-8329,울산,35.5398,129.3114,2022-05-30,우수
9612,한서준,hsj197@nate.com,010-6698-1530,세종,36.48,127.289,2021-12-23,일반
9613,윤서현,ngsh177@nate.com,010-9439-3007,청주,36.6424,127.489,2022-12-12,VIP
9614,한수빈,hsb295@nate.com,010-7837-1109,울산,35.5398,129.3114,2021-11-15,일반
9615,최하준,chhj126@gmail.com,,대구,35.8714,128.6014,2022-08-03,MVP
9616,안서현,ngsh224@nate.com,010-8259-7650,전주,35.8219,127.148,2021-02-28,VIP
9617,오하린,nghr440@daum.net,010-9202-6493,대전,36.3504,127.3845,2021-02-08,우수
9618,김지후,gjh921@nate.com,010-4358-1443,인천,37.4563,126.7052,2021-03-11,VIP
9619,임지현,ngjh194@gmail.com,010-3171-7680,수원,37.2636,127.0286,2022-10-31,우수
9620,김가은,ggng828@daum.net,,울산,35.5398,129.3114,2021-06-10,일반
9621,송민서,sms337@daum.net,,대구,35.8714,128.6014,2021-05-23,일반
9622,한나윤,hnng500@naver.com,010-8965-7892,대전,36.3504,127.3845,2021-07-23,일반
9623,안주원,ngjng743@daum.net,010-6618-5614,인천,37.4563,126.7052,2021-09-07,일반
9624,황우진,hngj314@naver.com,010-6331-8335,청주,36.6424,127.489,2022-09-14,우수
9625,한유진,hngj343@naver.com,010-6643-5136,광주,35.1595,126.8526,2021-02-01,일반
9626,박지후,bjh911@gmail.com,010-5117-5069,세종,36.48,127.289,2022-10-18,일반
9627,정시아,jsng596@naver.com,,전주,35.8219,127.148,2021-01-03,우수
9628,정도현,jdh290@gmail.com,010-8419-1135,인천,37.4563,126.7052,2021-08-29,VIP
9629,윤주원,ngjng749@naver.com,010-8764-1969,수원,37.2636,127.0286,2022-05-29,일반
9630,강예린,gngr854@nate.com,010-3276-2001,서울,37.5665,126.978,2021-03-01,일반
9631,서지현,sjh879@gmail.com,010-1396-7321,서울,37.5665,126.978,2022-06-21,일반
9632,전도현,jdh774@nate.com,010-6525-4082,세종,36.48,127.289,2022-12-05,우수
9633,정현우,jhng662@nate.com,010-8709-4367,대구,35.8714,128.6014,2022-11-12,일반
9634,신채원,schng402@naver.com,010-8721-3628,부산,35.1796,129.0756,2022-03-29,우수
9635,강하늘,ghn836@gmail.com,010-4661-7488,전주,35.8219,127.148,2021-10-01,일반
9636,박수빈,bsb859@daum.net,010-1868-9768,인천,37.4563,126.7052,2021-08-06,일반
9637,서하린,shr190@gmail.com,010-9829-2703,수원,37.2636,127.0286,2021-02-24,VIP
9638,황우진,hngj426@daum.net,010-6243-4259,전주,35.8219,127.148,2021-05-15,일반
9639,황지현,hjh109@gmail.com,010-3839-4284,대전,36.3504,127.3845,2021-04-24,일반
9640,윤지현,ngjh495@naver.com,010-2290-2125,수원,37.2636,127.0286,2022-01-23,일반
9641,신태현,sth718@naver.com,010-4997-4815,세종,36.48,127.289,2022-04-28,일반
9642,박예린,bngr329@nate.com,010-4995-8074,청주,36.6424,127.489,2021-09-22,우수
9643,오수빈,ngsb177@nate.com,010-3419-4629,수원,37.2636,127.0286,2022-06-16,일반
9644,박하린,bhr130@gmail.com,010-6776-5449,서울,37.5665,126.978,2021-03-27,일반
9645,김지원,gjng875@nate.com,010-1374-4613,대전,36.3504,127.3845,2021-10-21,일반
9646,송예준,sngj811@nate.com,010-8922-5765,부산,35.1796,129.0756,2022-05-11,우수
9647,김현정,ghj955@nate.com,010-9616-7062,창원,35.2271,128.6811,2021-07-06,우수
9648,조현우,jhng595@naver.com,,울산,35.5398,129.3114,2021-05-30,우수
9649,오나윤,ngnng555@nate.com,,인천,37.4563,126.7052,2022-12-06,우수
9650,권하준,ghj495@nate.com,,창원,35.2271,128.6811,2021-09-06,일반
9651,송가은,sgng474@daum.net,010-9537-8133,인천,37.4563,126.7052,2022-12-22,일반
9652,정지원,jjng327@daum.net,010-9804-9060,울산,35.5398,129.3114,2021-08-07,일반
9653,임하준,nghj236@daum.net,010-4291-5160,대구,35.8714,128.6014,2021-10-27,일반
9654,정지민,jjm873@naver.com,010-6031-5172,울산,35.5398,129.3114,2021-08-15,일반
9655,임지아,ngjng315@gmail.com,010-7071-6050,대전,36.3504,127.3845,2021-04-25,우수
9656,오서현,ngsh986@nate.com,010-8429-9033,서울,37.5665,126.978,2021-03-13,우수
9657,강지아,gjng498@nate.com,010-7621-9803,광주,35.1595,126.8526,2022-10-20,VIP
9658,김현정,ghj603@naver.com,010-8524-3037,대전,36.3504,127.3845,2021-12-13,일반
9659,김수빈,gsb207@nate.com,010-6761-6303,수원,37.2636,127.0286,2021-01-23,우수
9660,이하준,nghj537@daum.net,,세종,36.48,127.289,2021-05-18,VIP
9661,박지훈,bjh522@daum.net,,인천,37.4563,126.7052,2021-02-17,우수
9662,권지민,gjm466@nate.com,010-8457-6718,창원,35.2271,128.6811,2022-03-17,일반
9663,안예준,ngngj807@naver.com,010-5440-8594,대전,36.3504,127.3845,2021-08-22,일반
9664,권영민,gngm858@nate.com,010-7304-7682,전주,35.8219,127.148,2021-06-22,일반
9665,윤수빈,ngsb662@nate.com,010-1085-5275,부산,35.1796,129.0756,2021-07-06,일반
9666,한하린,hhr605@nate.com,010-5138-1934,울산,35.5398,129.3114,2022-05-09,우수
9667,장하린,jhr456@gmail.com,010-6717-2393,울산,35.5398,129.3114,2022-10-21,일반
9668,최예준,chngj455@daum.net,010-3907-3306,울산,35.5398,129.3114,2021-12-18,일반
9669,권예린,gngr668@gmail.com,010-5233-9993,청주,36.6424,127.489,2021-07-14,우수
9670,김나윤,gnng824@daum.net,010-4584-4261,울산,35.5398,129.3114,2022-05-08,우수
9671,송현우,shng697@daum.net,,전주,35.8219,127.148,2021-02-25,일반
9672,권지아,gjng495@naver.com,010-2772-5329,청주,36.6424,127.489,2022-01-30,우수
9673,박현우,bhng424@gmail.com,010-8384-9583,대구,35.8714,128.6014,2022-12-07,일반
9674,오예준,ngngj406@gmail.com,010-2095-2212,인천,37.4563,126.7052,2021-01-17,일반
9675,전민준,jmj494@nate.com,010-9921-6231,세종,36.48,127.289,2021-08-24,일반
9676,강예린,gngr341@nate.com,010-8605-7810,청주,36.6424,127.489,2021-11-14,우수
9677,최도윤,chdng442@daum.net,010-8826-4127,수원,37.2636,127.0286,2021-10-17,VIP
9678,안지현,ngjh410@gmail.com,,서울,37.5665,126.978,2022-06-16,일반
9679,이지원,ngjng968@naver.com,010-8840-7932,부산,35.1796,129.0756,2021-06-21,우수
9680,서민서,sms635@nate.com,010-7371-7247,전주,35.8219,127.148,2021-04-14,일반
9681,임지원,ngjng306@naver.com,010-4343-3012,수원,37.2636,127.0286,2021-07-24,우수
9682,이현정,nghj549@daum.net,,세종,36.48,127.289,2022-02-14,일반
9683,조예준,jngj140@nate.com,,세종,36.48,127.289,2022-04-14,일반
9684,한현우,hhng341@nate.com,010-6059-2482,대전,36.3504,127.3845,2021-03-23,VIP
9685,강민서,gms909@daum.net,010-1226-3873,세종,36.48,127.289,2022-08-06,우수
9686,권나윤,gnng243@gmail.com,010-4231-6424,창원,35.2271,128.6811,2022-09-16,일반
9687,강태현,gth473@gmail.com,010-9691-8434,인천,37.4563,126.7052,2021-01-01,일반
9688,한유진,hngj419@nate.com,,세종,36.48,127.289,2021-02-27,일반
9689,황지원,hjng799@nate.com,010-9500-1316,서울,37.5665,126.978,2021-04-12,일반
9690,송수빈,ssb133@naver.com,010-2972-7420,대전,36.3504,127.3845,2021-04-13,VIP
9691,조지아,jjng528@gmail.com,,서울,37.5665,126.978,2021-04-04,MVP
9692,조서준,jsj205@daum.net,010-3261-8355,대구,35.8714,128.6014,2021-12-18,일반
9693,송민준,smj146@daum.net,010-7682-4157,울산,35.5398,129.3114,2021-02-08,일반
9694,송예린,sngr919@daum.net,010-3298-9920,부산,35.1796,129.0756,2022-09-08,VIP
9695,임현정,nghj208@daum.net,010-1474-6893,대전,36.3504,127.3845,2022-03-26,일반
9696,황시아,hsng270@naver.com,010-9885-4240,인천,37.4563,126.7052,2022-11-10,우수
9697,전유진,jngj592@nate.com,010-6640-4217,전주,35.8219,127.148,2022-07-07,일반
9698,안하린,nghr337@naver.com,,광주,35.1595,126.8526,2022-01-20,우수
9699,장도윤,jdng722@daum.net,010-7581-4846,부산,35.1796,129.0756,2022-04-23,우수
9700,최지아,chjng765@naver.com,010-6995-7756,세종,36.48,127.289,2022-06-15,VIP
9701,안민서,ngms839@nate.com,010-8621-6938,전주,35.8219,127.148,2022-04-11,우수
9702,신지아,sjng633@gmail.com,010-7685-8151,전주,35.8219,127.148,2022-06-15,일반
9703,한주원,hjng221@nate.com,010-5982-9613,대구,35.8714,128.6014,2022-12-06,우수
9704,황지아,hjng937@nate.com,010-9541-1390,전주,35.8219,127.148,2021-10-03,VIP
9705,최서준,chsj437@gmail.com,010-3272-7146,청주,36.6424,127.489,2021-04-06,일반
9706,임도윤,ngdng858@gmail.com,010-1827-6991,인천,37.4563,126.7052,2021-05-30,일반
9707,송현우,shng429@daum.net,010-9572-1351,청주,36.6424,127.489,2022-05-03,일반
9708,송현우,shng454@naver.com,010-8332-5002,울산,35.5398,129.3114,2021-06-27,일반
9709,송하준,shj552@nate.com,010-8469-1590,서울,37.5665,126.978,2022-03-23,일반
9710,신주원,sjng474@gmail.com,010-8723-3748,창원,35.2271,128.6811,2021-03-24,우수
9711,신도윤,sdng196@gmail.com,010-1984-7164,창원,35.2271,128.6811,2021-11-30,일반
9712,전하린,jhr343@naver.com,010-8065-9032,대구,35.8714,128.6014,2021-05-22,VIP
9713,윤지민,ngjm812@daum.net,010-1781-2342,청주,36.6424,127.489,2021-09-19,일반
9714,전채원,jchng588@naver.com,,부산,35.1796,129.0756,2021-03-13,일반
9715,강민준,gmj964@naver.com,,세종,36.48,127.289,2021-06-23,일반
9716,신현우,shng168@nate.com,010-2565-4648,대전,36.3504,127.3845,2022-11-16,일반
9717,송시아,ssng231@nate.com,010-1257-6496,대구,35.8714,128.6014,2021-08-18,일반
9718,송지민,sjm350@daum.net,010-5089-3283,대전,36.3504,127.3845,2022-03-24,일반
9719,신나윤,snng916@nate.com,,인천,37.4563,126.7052,2021-09-21,일반
9720,전지현,jjh860@nate.com,010-8347-5542,울산,35.5398,129.3114,2021-08-17,우수
9721,정예린,jngr494@nate.com,010-2378-3857,대구,35.8714,128.6014,2021-08-04,우수
9722,정하늘,jhn998@gmail.com,010-8740-1903,서울,37.5665,126.978,2021-07-09,일반
9723,서민준,smj739@naver.com,,부산,35.1796,129.0756,2021-10-20,우수
9724,윤가은,nggng984@naver.com,,울산,35.5398,129.3114,2021-04-26,우수
9725,전지후,jjh306@gmail.com,010-5582-8237,수원,37.2636,127.0286,2022-08-29,일반
9726,한영민,hngm183@daum.net,010-6592-8198,인천,37.4563,126.7052,2021-09-04,MVP
9727,정지원,jjng121@nate.com,,세종,36.48,127.289,2022-12-30,VIP
9728,정주원,jjng987@naver.com,010-1263-1264,세종,36.48,127.289,2022-12-22,일반
9729,윤도윤,ngdng345@daum.net,010-4726-1163,울산,35.5398,129.3114,2021-11-16,일반
9730,박유진,bngj792@naver.com,010-4677-4097,대구,35.8714,128.6014,2022-08-15,일반
9731,정영민,jngm780@nate.com,010-1213-2935,광주,35.1595,126.8526,2021-02-10,일반
9732,강하늘,ghn172@daum.net,010-7348-5909,청주,36.6424,127.489,2022-07-01,우수
9733,오하린,nghr989@gmail.com,,대구,35.8714,128.6014,2022-11-23,일반
9734,이지민,ngjm576@gmail.com,010-1646-7253,청주,36.6424,127.489,2021-07-27,우수
9735,김지민,gjm455@nate.com,,부산,35.1796,129.0756,2021-05-29,우수
9736,황영민,hngm418@nate.com,010-4470-5976,인천,37.4563,126.7052,2022-02-27,우수
9737,이서연,ngsng652@nate.com,010-6545-4251,세종,36.48,127.289,2021-06-02,우수
9738,송서연,ssng498@nate.com,010-4410-5907,전주,35.8219,127.148,2021-02-26,일반
9739,정도윤,jdng650@gmail.com,010-4346-2780,전주,35.8219,127.148,2022-06-07,일반
9740,신도현,sdh719@naver.com,010-7090-5004,대구,35.8714,128.6014,2022-05-26,우수
9741,임주원,ngjng796@gmail.com,010-1376-8478,광주,35.1595,126.8526,2022-02-25,일반
9742,윤도현,ngdh467@naver.com,010-7365-6776,울산,35.5398,129.3114,2022-04-07,일반
9743,강하린,ghr969@gmail.com,010-1628-4187,광주,35.1595,126.8526,2021-09-06,VIP
9744,신도윤,sdng109@gmail.com,010-1331-6444,대전,36.3504,127.3845,2022-10-04,우수
9745,최민준,chmj123@gmail.com,010-1761-8689,창원,35.2271,128.6811,2022-09-30,일반
9746,강지민,gjm377@nate.com,,인천,37.4563,126.7052,2022-04-06,우수
9747,권지원,gjng919@naver.com,010-6461-5305,서울,37.5665,126.978,2022-01-05,우수
9748,박지원,bjng962@nate.com,010-9124-5258,전주,35.8219,127.148,2021-06-11,일반
9749,강지훈,gjh914@nate.com,010-9860-2571,대전,36.3504,127.3845,2021-06-02,일반
9750,전가은,jgng423@nate.com,010-2468-9727,대전,36.3504,127.3845,2022-03-15,VIP
9751,임서연,ngsng797@daum.net,010-2804-7486,울산,35.5398,129.3114,2021-08-05,일반
9752,김현정,ghj308@naver.com,010-9379-5228,청주,36.6424,127.489,2022-07-29,일반
9753,송시아,ssng595@daum.net,010-9091-3070,부산,35.1796,129.0756,2022-12-12,일반
9754,서나윤,snng331@daum.net,010-9227-1170,인천,37.4563,126.7052,2022-06-16,우수
9755,안하준,nghj981@naver.com,,부산,35.1796,129.0756,2021-11-16,일반
9756,이예린,ngngr255@daum.net,,인천,37.4563,126.7052,2021-02-10,일반
9757,정나윤,jnng688@gmail.com,010-9967-1743,대전,36.3504,127.3845,2021-06-15,일반
9758,송민서,sms656@naver.com,010-9112-1007,광주,35.1595,126.8526,2021-08-31,MVP
9759,전시아,jsng554@daum.net,010-2158-7277,청주,36.6424,127.489,2021-02-07,일반
9760,박현우,bhng220@naver.com,010-9747-9762,부산,35.1796,129.0756,2022-04-16,우수
9761,안예린,ngngr835@gmail.com,,울산,35.5398,129.3114,2022-10-24,VIP
9762,서도현,sdh512@nate.com,,대전,36.3504,127.3845,2021-05-24,일반
9763,윤태현,ngth976@naver.com,010-6105-7549,수원,37.2636,127.0286,2021-10-22,MVP
9764,박예준,bngj571@daum.net,010-8509-2103,대전,36.3504,127.3845,2022-09-01,VIP
9765,박수빈,bsb898@gmail.com,010-6069-2164,대전,36.3504,127.3845,2022-09-23,VIP
9766,한도현,hdh297@nate.com,010-2178-9875,부산,35.1796,129.0756,2021-09-21,일반
9767,조예준,jngj948@naver.com,010-9628-2798,인천,37.4563,126.7052,2021-04-07,우수
9768,신현정,shj584@gmail.com,,대전,36.3504,127.3845,2022-08-21,우수
9769,한지민,hjm955@gmail.com,010-3095-8075,서울,37.5665,126.978,2021-03-01,MVP
9770,이수빈,ngsb489@daum.net,010-5769-1928,부산,35.1796,129.0756,2022-03-08,일반
9771,서우진,sngj134@gmail.com,010-5716-5822,광주,35.1595,126.8526,2022-07-19,우수
9772,한도윤,hdng840@naver.com,010-3295-5285,수원,37.2636,127.0286,2021-06-25,일반
9773,강태현,gth648@gmail.com,010-8086-5648,부산,35.1796,129.0756,2022-03-09,일반
9774,황하준,hhj786@daum.net,010-6170-6269,수원,37.2636,127.0286,2021-09-10,일반
9775,황우진,hngj815@daum.net,010-4586-4377,창원,35.2271,128.6811,2021-04-22,우수
9776,황지원,hjng694@naver.com,010-4064-4394,대구,35.8714,128.6014,2021-09-19,일반
9777,송지아,sjng190@nate.com,010-7278-8194,부산,35.1796,129.0756,2022-02-11,우수
9778,한서연,hsng675@naver.com,010-6078-8474,창원,35.2271,128.6811,2022-10-06,MVP
9779,서하늘,shn132@nate.com,010-8250-6840,인천,37.4563,126.7052,2021-12-04,일반
9780,박지후,bjh195@daum.net,010-7933-9170,전주,35.8219,127.148,2021-10-13,우수
9781,서주원,sjng206@naver.com,010-8099-3417,청주,36.6424,127.489,2022-03-21,일반
9782,임영민,ngngm824@daum.net,010-4001-9169,대전,36.3504,127.3845,2022-04-22,일반
9783,정우진,jngj463@daum.net,010-9753-9183,청주,36.6424,127.489,2022-05-14,우수
9784,오예준,ngngj207@daum.net,010-4314-4645,수원,37.2636,127.0286,2022-08-30,VIP
9785,신나윤,snng988@naver.com,010-8071-1493,창원,35.2271,128.6811,2022-08-03,우수
9786,박우진,bngj378@nate.com,010-8510-9121,부산,35.1796,129.0756,2022-01-09,우수
9787,박시아,bsng364@daum.net,010-7432-2286,광주,35.1595,126.8526,2022-09-30,일반
9788,장서준,jsj997@nate.com,,세종,36.48,127.289,2021-11-13,일반
9789,안우진,ngngj205@naver.com,010-6334-5046,울산,35.5398,129.3114,2021-09-16,우수
9790,한주원,hjng712@naver.com,010-7646-8957,인천,37.4563,126.7052,2021-05-19,일반
9791,조가은,jgng773@gmail.com,,광주,35.1595,126.8526,2022-04-11,일반
9792,안서연,ngsng385@daum.net,,청주,36.6424,127.489,2021-08-15,우수
9793,서예준,sngj946@nate.com,010-5221-4637,창원,35.2271,128.6811,2021-03-20,일반
9794,장지원,jjng758@naver.com,010-2639-9474,인천,37.4563,126.7052,2022-04-03,일반
9795,김지원,gjng421@daum.net,,세종,36.48,127.289,2021-02-22,우수
9796,서도현,sdh962@nate.com,010-7837-3117,대구,35.8714,128.6014,2021-01-05,우수
9797,김영민,gngm453@nate.com,010-7406-5243,청주,36.6424,127.489,2021-09-10,VIP
9798,이나윤,ngnng692@nate.com,010-3637-8262,울산,35.5398,129.3114,2021-05-31,우수
9799,박도현,bdh776@naver.com,010-7720-5009,전주,35.8219,127.148,2022-07-26,일반
9800,최민준,chmj849@nate.com,010-7125-5911,수원,37.2636,127.0286,2022-04-12,VIP
9801,이수빈,ngsb604@daum.net,010-2202-7806,수원,37.2636,127.0286,2022-06-27,우수
9802,안주원,ngjng110@daum.net,010-2501-3211,대구,35.8714,128.6014,2021-06-17,일반
9803,권민서,gms323@gmail.com,010-3757-8887,세종,36.48,127.289,2022-04-20,일반
9804,송하린,shr756@daum.net,010-8707-3622,대구,35.8714,128.6014,2022-05-05,우수
9805,장주원,jjng572@daum.net,010-7263-6368,수원,37.2636,127.0286,2021-03-24,우수
9806,이채원,ngchng439@gmail.com,010-4512-2761,전주,35.8219,127.148,2022-08-09,우수
9807,서태현,sth404@nate.com,010-5317-8638,서울,37.5665,126.978,2022-01-18,우수
9808,오지후,ngjh818@daum.net,010-4543-3949,서울,37.5665,126.978,2022-05-10,우수
9809,송서현,ssh403@daum.net,010-4853-3352,울산,35.5398,129.3114,2022-07-11,MVP
9810,정영민,jngm637@gmail.com,,청주,36.6424,127.489,2022-05-07,우수
9811,이지아,ngjng291@naver.com,010-1919-4515,수원,37.2636,127.0286,2021-05-03,일반
9812,조지훈,jjh682@nate.com,010-5060-4457,세종,36.48,127.289,2022-01-03,VIP
9813,신수빈,ssb897@naver.com,010-5621-6589,광주,35.1595,126.8526,2022-06-11,일반
9814,장시아,jsng133@nate.com,010-2545-4432,세종,36.48,127.289,2022-10-11,우수
9815,안예린,ngngr921@naver.com,010-2623-7675,대구,35.8714,128.6014,2022-12-08,MVP
9816,황나윤,hnng828@nate.com,010-9536-5085,청주,36.6424,127.489,2021-10-15,우수
9817,윤지원,ngjng486@nate.com,010-3725-9358,대구,35.8714,128.6014,2022-06-15,우수
9818,강하준,ghj557@gmail.com,010-8735-9177,울산,35.5398,129.3114,2022-11-26,일반
9819,권민서,gms341@gmail.com,010-9285-6131,수원,37.2636,127.0286,2021-11-16,일반
9820,이수빈,ngsb950@nate.com,,서울,37.5665,126.978,2022-10-14,일반
9821,서지아,sjng191@gmail.com,010-7926-4791,전주,35.8219,127.148,2022-11-12,우수
9822,신예린,sngr350@naver.com,,전주,35.8219,127.148,2021-01-20,우수
9823,한영민,hngm406@nate.com,,부산,35.1796,129.0756,2021-05-14,우수
9824,전지현,jjh979@gmail.com,010-9791-7794,전주,35.8219,127.148,2021-06-29,일반
9825,권지후,gjh206@daum.net,010-5193-3442,전주,35.8219,127.148,2021-05-04,일반
9826,서도현,sdh848@daum.net,,청주,36.6424,127.489,2021-04-17,우수
9827,오가은,nggng616@gmail.com,,인천,37.4563,126.7052,2021-01-07,일반
9828,조예준,jngj431@naver.com,010-9944-1214,부산,35.1796,129.0756,2022-11-15,우수
9829,전도현,jdh520@gmail.com,010-3528-2011,인천,37.4563,126.7052,2021-11-14,우수
9830,최지아,chjng837@daum.net,010-8775-4679,전주,35.8219,127.148,2021-08-25,우수
9831,김나윤,gnng735@gmail.com,010-8908-4088,울산,35.5398,129.3114,2021-11-24,일반
9832,안서준,ngsj205@nate.com,010-6921-7856,전주,35.8219,127.148,2021-12-13,VIP
9833,조하준,jhj799@daum.net,010-6889-4707,광주,35.1595,126.8526,2021-10-23,일반
9834,서민준,smj509@daum.net,,울산,35.5398,129.3114,2022-06-03,MVP
9835,오지훈,ngjh740@gmail.com,010-6972-3582,창원,35.2271,128.6811,2022-06-18,일반
9836,최수빈,chsb820@nate.com,010-8154-3131,인천,37.4563,126.7052,2022-10-11,일반
9837,정시아,jsng290@naver.com,010-7752-8874,전주,35.8219,127.148,2022-11-25,VIP
9838,최지아,chjng408@daum.net,010-4106-3299,울산,35.5398,129.3114,2021-03-18,일반
9839,권우진,gngj349@gmail.com,010-7291-8309,청주,36.6424,127.489,2022-03-31,우수
9840,장서현,jsh105@gmail.com,010-5913-8605,부산,35.1796,129.0756,2022-10-12,VIP
9841,서도현,sdh494@daum.net,010-1384-8270,대구,35.8714,128.6014,2021-12-19,VIP
9842,박주원,bjng380@gmail.com,010-7268-6876,수원,37.2636,127.0286,2021-09-15,MVP
9843,정태현,jth129@daum.net,,울산,35.5398,129.3114,2021-06-28,일반
9844,임나윤,ngnng564@gmail.com,,수원,37.2636,127.0286,2021-03-02,우수
9845,안하늘,nghn944@gmail.com,010-4920-8475,청주,36.6424,127.489,2021-10-25,일반
9846,최서준,chsj393@daum.net,,청주,36.6424,127.489,2022-06-20,일반
9847,이시아,ngsng511@gmail.com,010-8531-8438,서울,37.5665,126.978,2022-04-11,VIP
9848,오나윤,ngnng990@naver.com,010-1146-7762,인천,37.4563,126.7052,2021-03-17,일반
9849,서민서,sms554@daum.net,010-4277-1185,수원,37.2636,127.0286,2021-03-13,우수
9850,박지민,bjm307@nate.com,,수원,37.2636,127.0286,2021-10-06,우수
9851,서태현,sth347@naver.com,010-2550-4900,울산,35.5398,129.3114,2021-03-25,우수
9852,오유진,ngngj710@nate.com,,광주,35.1595,126.8526,2022-04-14,MVP
9853,정지아,jjng604@gmail.com,010-5188-2874,청주,36.6424,127.489,2022-06-01,일반
9854,임지현,ngjh575@nate.com,010-1603-3585,인천,37.4563,126.7052,2022-11-22,우수
9855,신영민,sngm880@nate.com,010-2141-7976,서울,37.5665,126.978,2022-09-01,VIP
9856,권예린,gngr595@gmail.com,010-5562-2190,전주,35.8219,127.148,2022-02-21,일반
9857,안도윤,ngdng369@nate.com,010-2426-3479,서울,37.5665,126.978,2021-09-19,일반
9858,전예린,jngr327@nate.com,,대구,35.8714,128.6014,2021-05-29,우수
9859,김태현,gth854@naver.com,010-9366-1074,창원,35.2271,128.6811,2022-04-04,일반
9860,박지후,bjh880@daum.net,010-1693-8110,세종,36.48,127.289,2021-06-04,일반
9861,황도현,hdh350@nate.com,010-8063-7133,울산,35.5398,129.3114,2022-05-10,VIP
9862,조수빈,jsb936@nate.com,010-3835-8880,세종,36.48,127.289,2021-01-26,우수
9863,임하린,nghr709@gmail.com,010-4880-8248,대전,36.3504,127.3845,2021-08-26,VIP
9864,오영민,ngngm100@daum.net,010-4145-4483,대구,35.8714,128.6014,2021-01-15,VIP
9865,신나윤,snng994@gmail.com,010-9024-2832,부산,35.1796,129.0756,2021-10-28,우수
9866,한예준,hngj184@naver.com,010-3780-5860,세종,36.48,127.289,2021-02-23,일반
9867,안하린,nghr165@naver.com,010-4199-8358,울산,35.5398,129.3114,2021-02-09,일반
9868,장지원,jjng478@nate.com,010-5051-5969,청주,36.6424,127.489,2022-02-09,일반
9869,김지아,gjng187@naver.com,010-5490-9535,세종,36.48,127.289,2021-12-06,VIP
9870,강민서,gms551@daum.net,010-8401-4047,창원,35.2271,128.6811,2021-11-07,일반
9871,강수빈,gsb786@gmail.com,,부산,35.1796,129.0756,2022-08-29,일반
9872,신수빈,ssb463@daum.net,010-4367-5031,세종,36.48,127.289,2022-09-23,우수
9873,황도윤,hdng805@gmail.com,010-8598-1502,창원,35.2271,128.6811,2021-07-25,일반
9874,송수빈,ssb213@nate.com,010-2799-8663,광주,35.1595,126.8526,2021-02-24,일반
9875,이지후,ngjh921@nate.com,010-3671-5716,울산,35.5398,129.3114,2021-03-11,우수
9876,정지아,jjng205@nate.com,010-9910-5241,창원,35.2271,128.6811,2021-10-09,일반
9877,오유진,ngngj404@naver.com,010-8609-3187,청주,36.6424,127.489,2022-10-11,일반
9878,장지훈,jjh754@nate.com,010-8335-3177,광주,35.1595,126.8526,2021-07-27,일반
9879,이예준,ngngj389@naver.com,,창원,35.2271,128.6811,2021-06-21,우수
9880,황하린,hhr950@naver.com,010-7244-9744,광주,35.1595,126.8526,2022-11-25,우수
9881,서예린,sngr429@gmail.com,,울산,35.5398,129.3114,2022-03-04,일반
9882,박지민,bjm453@daum.net,010-2336-6673,수원,37.2636,127.0286,2022-02-13,우수
9883,김현우,ghng431@daum.net,,광주,35.1595,126.8526,2022-07-20,일반
9884,송예린,sngr157@gmail.com,010-6824-7936,울산,35.5398,129.3114,2022-02-14,VIP
9885,황민서,hms774@naver.com,,청주,36.6424,127.489,2021-04-18,일반
9886,서민준,smj141@daum.net,010-1399-7964,전주,35.8219,127.148,2021-08-07,우수
9887,윤채원,ngchng723@naver.com,,세종,36.48,127.289,2022-06-27,VIP
9888,윤서연,ngsng699@gmail.com,010-9183-9639,서울,37.5665,126.978,2022-09-10,VIP
9889,권하준,ghj948@gmail.com,010-4242-1108,창원,35.2271,128.6811,2021-04-12,일반
9890,최서연,chsng438@gmail.com,,울산,35.5398,129.3114,2022-07-11,일반
9891,장영민,jngm593@naver.com,,부산,35.1796,129.0756,2021-12-01,우수
9892,황태현,hth781@gmail.com,010-9332-8372,서울,37.5665,126.978,2022-09-20,일반
9893,박민서,bms160@naver.com,010-6756-6367,서울,37.5665,126.978,2021-02-23,VIP
9894,한민준,hmj768@gmail.com,010-9667-1193,전주,35.8219,127.148,2022-07-11,우수
9895,이서현,ngsh432@naver.com,010-3367-4684,창원,35.2271,128.6811,2022-09-13,우수
9896,정지원,jjng454@daum.net,,대구,35.8714,128.6014,2022-10-24,일반
9897,강예린,gngr892@naver.com,010-3835-5953,인천,37.4563,126.7052,2022-10-23,우수
9898,조현정,jhj107@naver.com,010-4323-5032,광주,35.1595,126.8526,2022-06-12,우수
9899,김지후,gjh509@gmail.com,,대구,35.8714,128.6014,2021-05-19,VIP
9900,황태현,hth532@gmail.com,010-8922-5319,대전,36.3504,127.3845,2022-10-27,일반
9901,임민서,ngms770@naver.com,010-9413-2669,서울,37.5665,126.978,2022-09-12,일반
9902,최영민,chngm131@nate.com,,청주,36.6424,127.489,2022-07-24,일반
9903,송민서,sms529@nate.com,010-4376-4245,세종,36.48,127.289,2022-06-25,일반
9904,임서현,ngsh766@naver.com,010-8536-9394,전주,35.8219,127.148,2021-09-06,우수
9905,임현우,nghng566@gmail.com,,부산,35.1796,129.0756,2022-11-27,VIP
9906,이지후,ngjh302@nate.com,010-8877-6344,부산,35.1796,129.0756,2021-07-29,일반
9907,김서연,gsng122@daum.net,010-7128-2597,서울,37.5665,126.978,2021-08-14,VIP
9908,최지민,chjm341@nate.com,010-6797-8389,수원,37.2636,127.0286,2021-10-22,일반
9909,윤서연,ngsng931@naver.com,,광주,35.1595,126.8526,2021-09-04,일반
9910,장예린,jngr765@naver.com,,울산,35.5398,129.3114,2021-01-04,일반
9911,윤하준,nghj231@nate.com,,창원,35.2271,128.6811,2022-09-16,일반
9912,권주원,gjng751@nate.com,,서울,37.5665,126.978,2021-05-14,VIP
9913,임채원,ngchng114@gmail.com,010-2142-1060,창원,35.2271,128.6811,2022-05-16,일반
9914,강시아,gsng342@daum.net,010-7764-6766,서울,37.5665,126.978,2022-08-12,우수
9915,서수빈,ssb974@daum.net,010-6815-9584,청주,36.6424,127.489,2022-01-24,일반
9916,박나윤,bnng951@nate.com,010-1617-4640,부산,35.1796,129.0756,2021-08-04,VIP
9917,강태현,gth707@naver.com,010-3730-2758,수원,37.2636,127.0286,2021-10-26,일반
9918,조지아,jjng399@naver.com,,대구,35.8714,128.6014,2021-05-11,일반
9919,윤태현,ngth948@naver.com,010-5740-3713,서울,37.5665,126.978,2021-03-04,일반
9920,오지민,ngjm101@naver.com,010-1028-6540,서울,37.5665,126.978,2021-05-13,일반
9921,안민서,ngms757@naver.com,,서울,37.5665,126.978,2021-06-23,일반
9922,권지원,gjng256@gmail.com,,서울,37.5665,126.978,2022-12-13,VIP
9923,한지민,hjm708@naver.com,010-1115-8129,부산,35.1796,129.0756,2022-06-08,우수
9924,강현우,ghng935@gmail.com,010-5611-5942,대전,36.3504,127.3845,2021-09-05,우수
9925,윤민서,ngms971@naver.com,010-6769-7877,서울,37.5665,126.978,2021-12-25,우수
9926,정민서,jms523@naver.com,010-9030-7257,서울,37.5665,126.978,2021-02-05,일반
9927,윤도현,ngdh891@naver.com,010-5000-8207,광주,35.1595,126.8526,2021-05-21,일반
9928,신민서,sms888@daum.net,,수원,37.2636,127.0286,2022-07-16,MVP
9929,전도윤,jdng380@naver.com,010-6938-7438,서울,37.5665,126.978,2021-08-25,VIP
9930,임예준,ngngj914@daum.net,010-1475-2665,대구,35.8714,128.6014,2021-03-13,VIP
9931,윤시아,ngsng640@nate.com,010-7028-4947,전주,35.8219,127.148,2022-07-29,VIP
9932,조채원,jchng573@gmail.com,010-4070-9776,수원,37.2636,127.0286,2022-08-24,일반
9933,임민준,ngmj911@daum.net,010-1132-3999,울산,35.5398,129.3114,2022-11-21,일반
9934,송나윤,snng443@naver.com,010-1800-5699,부산,35.1796,129.0756,2021-06-05,일반
9935,박지민,bjm373@daum.net,010-7027-6766,전주,35.8219,127.148,2021-04-06,일반
9936,전지현,jjh515@daum.net,010-4085-3218,수원,37.2636,127.0286,2022-05-04,일반
9937,최하늘,chhn574@gmail.com,010-1669-9979,대구,35.8714,128.6014,2022-09-21,일반
9938,송지아,sjng629@daum.net,010-6943-5342,인천,37.4563,126.7052,2021-08-26,우수
9939,김주원,gjng851@gmail.com,010-1740-7972,울산,35.5398,129.3114,2022-08-13,VIP
9940,송예준,sngj332@daum.net,010-7292-3397,청주,36.6424,127.489,2022-02-03,우수
9941,정지훈,jjh801@daum.net,010-6465-6960,울산,35.5398,129.3114,2021-07-08,VIP
9942,서도윤,sdng473@nate.com,,청주,36.6424,127.489,2022-04-07,일반
9943,윤유진,ngngj775@daum.net,,부산,35.1796,129.0756,2022-05-07,일반
9944,장가은,jgng662@daum.net,010-8654-1702,세종,36.48,127.289,2022-09-02,우수
9945,한시아,hsng713@daum.net,,대전,36.3504,127.3845,2022-01-22,일반
9946,윤유진,ngngj331@nate.com,010-5701-5762,서울,37.5665,126.978,2022-03-06,일반
9947,황채원,hchng797@gmail.com,010-1077-2039,울산,35.5398,129.3114,2022-12-14,일반
9948,강지민,gjm130@naver.com,010-1894-1382,청주,36.6424,127.489,2022-06-04,일반
9949,권나윤,gnng166@gmail.com,010-9334-1868,서울,37.5665,126.978,2022-03-16,우수
9950,정나윤,jnng299@naver.com,010-7502-9354,광주,35.1595,126.8526,2022-11-21,일반
9951,김서준,gsj892@gmail.com,010-6092-7347,대전,36.3504,127.3845,2022-06-22,우수
9952,오지훈,ngjh175@gmail.com,010-3859-3366,인천,37.4563,126.7052,2021-10-11,우수
9953,서서준,ssj534@gmail.com,,대구,35.8714,128.6014,2022-07-24,일반
9954,최민서,chms828@naver.com,010-3363-2268,전주,35.8219,127.148,2022-10-02,일반
9955,송서연,ssng540@nate.com,010-7661-8913,수원,37.2636,127.0286,2021-05-27,일반
9956,오서연,ngsng836@nate.com,010-5763-7508,울산,35.5398,129.3114,2022-12-27,일반
9957,윤수빈,ngsb670@nate.com,010-6473-8285,청주,36.6424,127.489,2022-11-08,우수
9958,최태현,chth933@gmail.com,010-3145-5624,수원,37.2636,127.0286,2022-09-28,우수
9959,안태현,ngth216@nate.com,,서울,37.5665,126.978,2022-03-20,우수
9960,황서현,hsh650@nate.com,,대전,36.3504,127.3845,2022-04-01,일반
9961,서나윤,snng893@nate.com,,전주,35.8219,127.148,2021-08-05,우수
9962,신채원,schng631@gmail.com,,대구,35.8714,128.6014,2022-03-03,우수
9963,윤지민,ngjm415@gmail.com,010-1752-3885,세종,36.48,127.289,2022-12-10,일반
9964,송주원,sjng946@gmail.com,010-6274-7695,세종,36.48,127.289,2021-11-11,우수
9965,강채원,gchng964@daum.net,010-3343-5582,부산,35.1796,129.0756,2022-10-19,일반
9966,오하린,nghr850@gmail.com,010-2194-5678,전주,35.8219,127.148,2021-05-13,우수
9967,박지훈,bjh273@gmail.com,,광주,35.1595,126.8526,2022-06-18,우수
9968,장나윤,jnng450@gmail.com,010-9877-3428,대전,36.3504,127.3845,2021-08-13,일반
9969,한서준,hsj157@nate.com,010-3079-1584,청주,36.6424,127.489,2022-09-11,우수
9970,한예준,hngj161@naver.com,010-6895-5970,대전,36.3504,127.3845,2022-12-11,일반
9971,정가은,jgng656@naver.com,010-9473-5045,대전,36.3504,127.3845,2022-08-17,일반
9972,한영민,hngm982@naver.com,010-8308-8903,세종,36.48,127.289,2021-03-04,MVP
9973,박지훈,bjh714@nate.com,,울산,35.5398,129.3114,2021-10-26,MVP
9974,신하린,shr209@nate.com,010-3157-6119,청주,36.6424,127.489,2021-02-17,일반
9975,강하준,ghj332@daum.net,010-8488-3489,부산,35.1796,129.0756,2022-04-16,일반
9976,박예린,bngr207@nate.com,010-5715-6148,서울,37.5665,126.978,2021-02-06,일반
9977,신민준,smj736@gmail.com,010-2980-8887,부산,35.1796,129.0756,2021-06-13,일반
9978,강영민,gngm138@daum.net,010-1566-5441,서울,37.5665,126.978,2021-06-10,VIP
9979,조예준,jngj459@naver.com,010-9025-3010,부산,35.1796,129.0756,2021-04-05,MVP
9980,황하늘,hhn934@nate.com,010-7588-2482,전주,35.8219,127.148,2021-07-07,우수
9981,한서연,hsng346@nate.com,010-5467-7322,수원,37.2636,127.0286,2022-07-10,일반
9982,오서현,ngsh118@daum.net,010-1086-7793,광주,35.1595,126.8526,2022-01-20,우수
9983,강하늘,ghn458@naver.com,010-8992-6069,울산,35.5398,129.3114,2022-10-09,일반
9984,강지아,gjng744@gmail.com,010-2207-4304,수원,37.2636,127.0286,2022-04-27,VIP
9985,서현우,shng459@daum.net,010-2926-2510,대구,35.8714,128.6014,2021-05-01,VIP
9986,정예린,jngr600@gmail.com,010-8866-9659,울산,35.5398,129.3114,2021-10-20,우수
9987,조태현,jth920@gmail.com,010-2465-1296,대전,36.3504,127.3845,2022-08-16,일반
9988,윤서준,ngsj848@naver.com,010-2894-7629,대구,35.8714,128.6014,2022-05-02,일반
9989,박하늘,bhn442@gmail.com,010-8193-1857,인천,37.4563,126.7052,2022-09-23,일반
9990,서지훈,sjh389@gmail.com,010-6247-8883,창원,35.2271,128.6811,2021-08-03,VIP
9991,권서연,gsng963@gmail.com,010-3515-7419,대전,36.3504,127.3845,2021-01-13,일반
9992,김서준,gsj452@daum.net,010-6695-9003,인천,37.4563,126.7052,2022-07-26,일반
9993,장서준,jsj936@daum.net,010-5864-5752,부산,35.1796,129.0756,2022-03-30,일반
9994,박현우,bhng880@naver.com,010-5020-6757,광주,35.1595,126.8526,2022-07-08,VIP
9995,오주원,ngjng501@naver.com,010-1967-7280,세종,36.48,127.289,2021-07-30,일반
9996,최민서,chms590@gmail.com,010-2416-1867,대전,36.3504,127.3845,2021-08-02,VIP
9997,김지민,gjm320@gmail.com,010-6765-1457,서울,37.5665,126.978,2021-11-19,VIP
9998,권현정,ghj512@gmail.com,010-9431-8028,대전,36.3504,127.3845,2021-01-05,VIP
9999,안수빈,ngsb215@nate.com,010-4955-4692,창원,35.2271,128.6811,2021-03-02,일반
10000,송주원,sjng919@gmail.com,,서울,37.5665,126.978,2022-09-07,일반
