review_id,order_id,product_id,rating,review_text,review_date
1,14,190,2,친구한테 선물했는데 좋아합니다.,2023-07-12 19:18:03
2,15,102,3,포장 상태가 아쉬웠습니다.,2023-12-16 09:18:29
3,17,180,3,배송이 너무 늦었어요.,2023-02-07 14:27:04
4,19,73,1,배송이 빨라서 좋았어요.,2023-05-28 14:21:58
5,24,118,3,배송이 너무 늦었어요.,2023-05-16 03:35:46
6,41,45,2,친구한테 선물했는데 좋아합니다.,2023-03-15 09:44:07
7,49,13,1,친구한테 선물했는데 좋아합니다.,2023-07-24 17:45:40
8,50,28,3,친구한테 선물했는데 좋아합니다.,2023-01-06 23:59:55
9,73,157,1,재구매 의사 있습니다!,2023-07-09 08:34:51
10,75,52,1,가성비 괜찮네요.,2022-11-12 07:51:38
11,76,40,3,가성비 괜찮네요.,2023-09-11 16:04:10
12,80,189,5,재구매 의사 있습니다!,2023-08-05 02:13:37
13,91,45,4,품질이 생각보다 별로였어요.,2023-07-12 12:46:44
14,112,9,4,배송이 빨라서 좋았어요.,2023-11-24 11:08:35
15,152,26,2,품질이 생각보다 별로였어요.,2024-01-23 21:59:35
16,157,173,1,배송이 빨라서 좋았어요.,2022-04-14 06:36:12
17,163,96,4,배송이 너무 늦었어요.,2022-11-17 21:36:11
18,183,126,2,품질이 생각보다 별로였어요.,2023-05-20 18:50:39
19,185,158,3,배송이 빨라서 좋았어요.,2023-05-07 16:35:11
20,186,55,2,배송이 너무 늦었어요.,2023-02-23 09:56:51
21,196,67,5,친구한테 선물했는데 좋아합니다.,2023-03-11 16:28:01
22,207,49,3,가격 대비 만족합니다.,2023-02-28 19:24:04
23,215,26,2,가성비 괜찮네요.,2022-10-24 13:10:00
24,226,73,3,배송이 너무 늦었어요.,2022-02-28 01:23:05
25,232,148,4,포장 상태가 아쉬웠습니다.,2022-07-08 19:59:55
26,236,11,5,가성비 괜찮네요.,2022-02-28 14:21:48
27,244,97,4,친구한테 선물했는데 좋아합니다.,2023-05-19 00:48:13
28,250,148,2,포장 상태가 아쉬웠습니다.,2022-11-06 20:46:31
29,268,57,4,친구한테 선물했는데 좋아합니다.,2023-04-13 07:47:08
30,272,58,1,가성비 괜찮네요.,2022-11-13 00:55:35
31,290,25,5,가격 대비 만족합니다.,2023-12-11 05:05:16
32,300,180,1,품질이 생각보다 별로였어요.,2023-07-16 22:14:07
33,304,30,5,포장 상태가 아쉬웠습니다.,2023-06-20 18:10:23
34,312,43,2,배송이 너무 늦었어요.,2023-07-02 08:18:38
35,316,116,1,가성비 괜찮네요.,2022-12-12 01:40:05
36,344,6,1,친구한테 선물했는데 좋아합니다.,2022-12-26 05:50:57
37,354,96,3,포장 상태가 아쉬웠습니다.,2022-03-09 18:00:01
38,355,192,5,가성비 괜찮네요.,2023-06-29 20:00:11
39,360,25,3,친구한테 선물했는데 좋아합니다.,2023-05-27 23:27:09
40,363,155,3,친구한테 선물했는데 좋아합니다.,2023-03-13 06:30:33
41,370,134,5,가격 대비 만족합니다.,2023-09-20 08:18:46
42,395,183,3,배송이 너무 늦었어요.,2022-10-26 19:33:40
43,396,65,3,가격 대비 만족합니다.,2022-08-22 05:20:03
44,398,51,3,품질이 생각보다 별로였어요.,2023-06-06 02:25:21
45,401,86,5,품질이 생각보다 별로였어요.,2023-04-03 01:33:52
46,411,160,4,가성비 괜찮네요.,2023-08-08 20:15:27
47,417,157,1,배송이 빨라서 좋았어요.,2023-10-22 13:40:28
48,420,36,1,가성비 괜찮네요.,2023-02-14 18:21:48
49,422,159,2,가격 대비 만족합니다.,2023-09-02 10:30:01
50,437,192,2,배송이 너무 늦었어요.,2022-02-02 20:02:29
51,440,42,2,품질이 생각보다 별로였어요.,2022-02-06 17:17:13
52,450,120,3,배송이 너무 늦었어요.,2022-11-05 03:34:39
53,457,34,1,품질이 생각보다 별로였어요.,2023-04-11 00:39:34
54,480,58,2,가격 대비 만족합니다.,2022-11-05 03:38:42
55,485,6,4,가격 대비 만족합니다.,2022-06-10 18:48:38
56,489,4,2,품질이 생각보다 별로였어요.,2023-05-28 10:16:48
57,490,107,1,포장 상태가 아쉬웠습니다.,2023-03-15 17:07:39
58,493,92,3,품질이 생각보다 별로였어요.,2023-08-06 02:33:41
59,494,24,5,배송이 빨라서 좋았어요.,2023-12-27 06:41:18
60,507,138,4,재구매 의사 있습니다!,2023-08-30 17:47:55
61,514,188,1,배송이 너무 늦었어요.,2022-07-31 19:38:12
62,517,93,3,배송이 너무 늦었어요.,2023-06-24 05:18:45
63,518,121,4,포장 상태가 아쉬웠습니다.,2023-12-01 10:58:52
64,532,77,5,가성비 괜찮네요.,2022-09-05 19:21:54
65,550,130,2,재구매 의사 있습니다!,2023-10-12 23:28:52
66,584,39,4,친구한테 선물했는데 좋아합니다.,2023-11-10 09:17:43
67,590,163,3,품질이 생각보다 별로였어요.,2023-09-09 20:07:03
68,611,174,3,친구한테 선물했는데 좋아합니다.,2023-07-19 14:57:59
69,613,125,4,재구매 의사 있습니다!,2022-04-30 04:31:55
70,622,93,4,배송이 빨라서 좋았어요.,2022-05-24 06:48:17
71,648,40,3,배송이 빨라서 좋았어요.,2024-01-14 23:22:08
72,651,181,5,품질이 생각보다 별로였어요.,2022-05-03 13:27:50
73,661,130,1,친구한테 선물했는데 좋아합니다.,2024-01-11 23:40:58
74,671,108,2,품질이 생각보다 별로였어요.,2022-06-15 16:39:28
75,675,16,4,가성비 괜찮네요.,2023-07-10 13:49:48
76,677,26,1,배송이 빨라서 좋았어요.,2023-12-18 17:28:19
77,680,28,4,가격 대비 만족합니다.,2022-07-19 19:57:57
78,683,1,4,품질이 생각보다 별로였어요.,2023-12-22 19:24:23
79,684,98,5,배송이 너무 늦었어요.,2022-05-09 18:55:43
80,687,52,1,가성비 괜찮네요.,2023-11-02 08:40:05
81,691,112,4,재구매 의사 있습니다!,2022-03-09 05:55:51
82,713,22,5,포장 상태가 아쉬웠습니다.,2022-09-19 11:03:40
83,717,159,5,배송이 빨라서 좋았어요.,2023-09-09 21:13:13
84,720,28,2,품질이 생각보다 별로였어요.,2023-10-10 20:18:04
85,745,196,4,배송이 너무 늦었어요.,2023-11-09 06:02:59
86,751,102,5,배송이 빨라서 좋았어요.,2022-10-10 15:43:16
87,757,139,1,재구매 의사 있습니다!,2022-09-18 20:33:56
88,759,67,3,배송이 빨라서 좋았어요.,2023-03-27 02:44:33
89,761,152,4,배송이 너무 늦었어요.,2023-11-15 04:37:48
90,763,113,4,재구매 의사 있습니다!,2022-06-01 01:52:21
91,773,94,3,품질이 생각보다 별로였어요.,2023-12-19 02:06:27
92,781,26,3,배송이 빨라서 좋았어요.,2022-05-27 16:01:45
93,792,164,2,가성비 괜찮네요.,2022-03-29 06:43:10
94,805,31,4,가격 대비 만족합니다.,2023-11-02 02:51:45
95,814,35,3,가성비 괜찮네요.,2023-03-07 20:48:51
96,824,46,5,친구한테 선물했는데 좋아합니다.,2023-07-05 05:41:18
97,840,120,1,배송이 빨라서 좋았어요.,2022-07-09 13:41:02
98,863,58,1,배송이 빨라서 좋았어요.,2023-07-09 00:27:07
99,864,76,1,배송이 너무 늦었어요.,2023-05-06 02:36:11
100,865,71,2,품질이 생각보다 별로였어요.,2022-08-28 13:02:06
101,886,154,4,가격 대비 만족합니다.,2022-06-30 02:37:01
102,892,160,1,가성비 괜찮네요.,2022-01-14 08:25:22
103,904,45,3,배송이 빨라서 좋았어요.,2022-06-05 01:41:57
104,905,62,3,가격 대비 만족합니다.,2023-09-22 12:08:10
105,909,33,3,품질이 생각보다 별로였어요.,2023-10-04 17:02:07
106,940,183,5,가격 대비 만족합니다.,2022-06-21 06:37:34
107,947,174,3,친구한테 선물했는데 좋아합니다.,2022-05-14 09:05:24
108,951,193,5,배송이 너무 늦었어요.,2022-02-10 20:46:07
109,958,6,5,배송이 너무 늦었어요.,2023-12-02 06:24:54
110,962,21,3,가격 대비 만족합니다.,2022-03-14 11:31:54
111,964,137,2,배송이 너무 늦었어요.,2023-04-20 11:58:11
112,972,199,4,가성비 괜찮네요.,2023-07-19 02:32:56
113,976,136,4,친구한테 선물했는데 좋아합니다.,2023-01-29 06:35:10
114,978,200,4,품질이 생각보다 별로였어요.,2023-11-14 09:06:38
115,997,113,2,가성비 괜찮네요.,2022-08-22 19:29:55
116,1004,159,1,포장 상태가 아쉬웠습니다.,2023-09-27 15:38:32
117,1010,48,1,품질이 생각보다 별로였어요.,2022-10-24 11:35:45
118,1020,30,3,포장 상태가 아쉬웠습니다.,2023-03-15 12:27:45
119,1041,35,1,배송이 빨라서 좋았어요.,2022-04-23 13:44:16
120,1046,3,3,포장 상태가 아쉬웠습니다.,2022-12-10 01:41:51
121,1063,191,2,가격 대비 만족합니다.,2022-06-26 10:14:02
122,1074,107,4,가성비 괜찮네요.,2023-03-30 13:31:40
123,1088,1,3,재구매 의사 있습니다!,2022-12-16 12:09:47
124,1095,173,5,배송이 너무 늦었어요.,2022-12-18 13:31:12
125,1106,189,4,배송이 너무 늦었어요.,2022-06-12 12:17:00
126,1107,91,1,배송이 빨라서 좋았어요.,2022-10-25 16:13:18
127,1118,3,2,친구한테 선물했는데 좋아합니다.,2022-04-24 12:36:44
128,1126,79,5,가성비 괜찮네요.,2022-06-03 08:23:03
129,1132,152,2,배송이 빨라서 좋았어요.,2023-03-25 10:43:08
130,1133,66,4,친구한테 선물했는데 좋아합니다.,2023-05-17 13:50:48
131,1150,57,1,포장 상태가 아쉬웠습니다.,2023-11-09 01:45:03
132,1153,192,5,품질이 생각보다 별로였어요.,2022-11-04 23:12:59
133,1185,184,3,배송이 빨라서 좋았어요.,2023-12-28 15:02:36
134,1204,10,2,포장 상태가 아쉬웠습니다.,2024-01-16 07:54:12
135,1206,49,4,재구매 의사 있습니다!,2022-05-17 23:36:57
136,1210,188,3,배송이 너무 늦었어요.,2023-07-08 22:17:07
137,1221,120,1,가성비 괜찮네요.,2023-06-10 21:28:01
138,1223,175,5,품질이 생각보다 별로였어요.,2022-02-10 21:54:33
139,1229,96,3,가격 대비 만족합니다.,2022-10-23 12:58:37
140,1242,10,4,배송이 너무 늦었어요.,2022-07-22 14:29:40
141,1248,149,2,가격 대비 만족합니다.,2022-02-10 16:04:31
142,1251,15,5,가성비 괜찮네요.,2023-05-11 01:57:00
143,1261,63,2,배송이 빨라서 좋았어요.,2023-02-16 02:31:52
144,1268,86,3,포장 상태가 아쉬웠습니다.,2023-06-24 23:39:54
145,1276,47,5,친구한테 선물했는데 좋아합니다.,2023-11-06 19:58:59
146,1282,128,1,배송이 너무 늦었어요.,2022-02-25 15:53:41
147,1294,84,4,품질이 생각보다 별로였어요.,2023-11-09 05:36:06
148,1301,154,3,배송이 너무 늦었어요.,2022-08-30 21:51:45
149,1307,135,3,포장 상태가 아쉬웠습니다.,2022-08-13 14:04:08
150,1337,75,3,재구매 의사 있습니다!,2022-07-29 05:36:14
151,1340,11,5,친구한테 선물했는데 좋아합니다.,2022-09-16 05:44:11
152,1341,29,1,배송이 빨라서 좋았어요.,2022-09-16 11:37:38
153,1342,23,3,포장 상태가 아쉬웠습니다.,2023-04-04 02:20:57
154,1343,71,4,가격 대비 만족합니다.,2023-08-09 21:56:32
155,1345,135,1,배송이 빨라서 좋았어요.,2022-11-11 23:54:52
156,1352,56,2,가격 대비 만족합니다.,2022-06-10 00:20:28
157,1353,59,5,친구한테 선물했는데 좋아합니다.,2023-06-10 16:34:12
158,1357,120,1,품질이 생각보다 별로였어요.,2022-01-10 15:09:41
159,1358,34,4,가성비 괜찮네요.,2022-11-04 20:57:35
160,1360,68,3,품질이 생각보다 별로였어요.,2022-08-27 09:03:36
161,1361,74,2,배송이 너무 늦었어요.,2022-04-29 06:36:03
162,1369,89,3,배송이 너무 늦었어요.,2022-02-05 13:58:53
163,1370,159,2,품질이 생각보다 별로였어요.,2023-08-24 18:42:07
164,1380,83,5,친구한테 선물했는데 좋아합니다.,2023-12-17 02:01:21
165,1383,131,1,가격 대비 만족합니다.,2023-04-26 03:42:50
166,1405,94,2,배송이 너무 늦었어요.,2022-03-20 16:22:24
167,1411,29,5,친구한테 선물했는데 좋아합니다.,2023-01-07 03:21:51
168,1415,138,3,포장 상태가 아쉬웠습니다.,2023-05-04 18:08:10
169,1420,76,4,가격 대비 만족합니다.,2023-10-15 03:13:35
170,1436,113,5,배송이 너무 늦었어요.,2023-05-26 01:02:39
171,1443,184,3,재구매 의사 있습니다!,2022-10-10 09:22:38
172,1451,107,1,친구한테 선물했는데 좋아합니다.,2023-09-07 10:24:26
173,1457,30,1,배송이 빨라서 좋았어요.,2024-01-05 05:31:58
174,1474,195,1,포장 상태가 아쉬웠습니다.,2022-07-09 18:39:50
175,1490,21,2,가성비 괜찮네요.,2023-10-11 06:51:08
176,1503,16,4,배송이 너무 늦었어요.,2022-10-28 03:28:56
177,1512,17,5,배송이 빨라서 좋았어요.,2022-12-05 11:49:55
178,1517,31,2,포장 상태가 아쉬웠습니다.,2023-09-27 15:13:57
179,1526,39,2,가격 대비 만족합니다.,2023-09-02 10:26:51
180,1542,83,4,배송이 너무 늦었어요.,2022-05-01 04:35:54
181,1548,11,1,배송이 빨라서 좋았어요.,2022-01-22 23:35:45
182,1551,74,3,포장 상태가 아쉬웠습니다.,2022-04-29 19:18:54
183,1553,119,3,친구한테 선물했는데 좋아합니다.,2023-02-25 08:44:36
184,1563,73,4,가성비 괜찮네요.,2022-12-14 04:57:15
185,1568,45,1,친구한테 선물했는데 좋아합니다.,2023-11-25 04:06:16
186,1571,180,5,배송이 빨라서 좋았어요.,2022-11-18 05:22:59
187,1583,177,4,배송이 빨라서 좋았어요.,2023-05-19 10:49:27
188,1584,61,4,배송이 너무 늦었어요.,2023-05-19 00:08:25
189,1598,10,2,가성비 괜찮네요.,2022-08-20 13:44:04
190,1616,17,2,가성비 괜찮네요.,2023-12-16 09:40:03
191,1625,166,1,친구한테 선물했는데 좋아합니다.,2022-02-04 00:16:14
192,1631,167,1,포장 상태가 아쉬웠습니다.,2023-04-09 02:26:10
193,1633,86,4,포장 상태가 아쉬웠습니다.,2022-05-20 12:49:30
194,1638,147,3,재구매 의사 있습니다!,2023-09-29 14:19:44
195,1649,25,3,가성비 괜찮네요.,2022-12-14 23:30:39
196,1654,13,1,품질이 생각보다 별로였어요.,2024-01-12 00:11:05
197,1664,134,1,재구매 의사 있습니다!,2023-05-18 11:02:56
198,1673,146,5,배송이 빨라서 좋았어요.,2022-05-19 17:04:32
199,1693,193,2,가성비 괜찮네요.,2023-08-30 22:38:25
200,1698,114,2,배송이 너무 늦었어요.,2023-03-04 08:00:38
201,1703,49,4,가격 대비 만족합니다.,2022-05-31 06:31:43
202,1710,165,1,포장 상태가 아쉬웠습니다.,2023-08-01 18:43:12
203,1733,41,5,친구한테 선물했는데 좋아합니다.,2023-11-22 14:58:12
204,1745,148,5,가성비 괜찮네요.,2023-08-09 00:52:41
205,1755,82,4,배송이 너무 늦었어요.,2023-08-12 14:20:45
206,1768,147,1,가격 대비 만족합니다.,2023-08-19 06:03:14
207,1787,173,5,포장 상태가 아쉬웠습니다.,2022-09-30 21:49:13
208,1799,65,5,포장 상태가 아쉬웠습니다.,2023-01-05 08:46:27
209,1802,18,4,배송이 너무 늦었어요.,2022-11-10 00:06:47
210,1807,60,4,재구매 의사 있습니다!,2023-12-24 18:08:54
211,1823,69,3,가격 대비 만족합니다.,2023-02-15 09:18:00
212,1827,128,5,가격 대비 만족합니다.,2022-07-25 07:56:39
213,1830,34,4,가격 대비 만족합니다.,2022-02-14 12:11:40
214,1840,140,5,가격 대비 만족합니다.,2022-05-28 16:12:48
215,1841,142,1,가격 대비 만족합니다.,2022-10-09 01:06:15
216,1843,95,5,재구매 의사 있습니다!,2023-03-29 00:54:09
217,1849,86,1,가격 대비 만족합니다.,2022-05-22 20:03:24
218,1859,74,5,배송이 너무 늦었어요.,2023-05-19 08:22:18
219,1874,146,5,배송이 빨라서 좋았어요.,2022-03-17 12:33:20
220,1875,69,1,재구매 의사 있습니다!,2023-11-16 08:16:56
221,1876,23,4,가격 대비 만족합니다.,2023-02-26 02:56:21
222,1877,44,2,친구한테 선물했는데 좋아합니다.,2023-04-03 15:32:30
223,1884,102,5,배송이 너무 늦었어요.,2023-01-15 15:46:54
224,1888,6,2,가격 대비 만족합니다.,2022-04-05 05:05:19
225,1896,109,2,가격 대비 만족합니다.,2023-09-28 09:39:09
226,1898,91,1,친구한테 선물했는데 좋아합니다.,2022-09-26 21:05:05
227,1902,73,3,가성비 괜찮네요.,2022-12-14 23:32:40
228,1906,104,1,배송이 너무 늦었어요.,2022-10-12 09:26:15
229,1916,35,2,배송이 너무 늦었어요.,2023-05-01 11:52:56
230,1919,127,2,친구한테 선물했는데 좋아합니다.,2023-05-14 13:04:06
231,1924,26,4,배송이 빨라서 좋았어요.,2022-09-04 13:03:41
232,1926,52,2,배송이 빨라서 좋았어요.,2022-08-18 02:04:05
233,1929,145,3,포장 상태가 아쉬웠습니다.,2023-03-14 06:32:51
234,1930,143,1,친구한테 선물했는데 좋아합니다.,2022-10-29 21:23:30
235,1933,118,3,가성비 괜찮네요.,2022-04-12 08:55:15
236,1935,25,4,포장 상태가 아쉬웠습니다.,2022-10-22 14:00:33
237,1945,124,1,가격 대비 만족합니다.,2023-02-26 09:19:45
238,1948,97,5,품질이 생각보다 별로였어요.,2023-02-20 10:13:24
239,1951,61,5,친구한테 선물했는데 좋아합니다.,2022-10-30 14:28:34
240,1952,121,1,가성비 괜찮네요.,2022-08-03 15:42:47
241,1954,108,3,배송이 빨라서 좋았어요.,2023-09-02 02:29:03
242,1964,136,2,배송이 너무 늦었어요.,2023-01-15 02:41:07
243,1965,30,5,포장 상태가 아쉬웠습니다.,2023-02-20 09:12:35
244,1968,25,3,포장 상태가 아쉬웠습니다.,2022-11-01 00:34:55
245,1971,164,3,친구한테 선물했는데 좋아합니다.,2022-06-23 14:54:20
246,2003,78,1,친구한테 선물했는데 좋아합니다.,2023-01-20 10:04:04
247,2015,113,4,가성비 괜찮네요.,2023-10-28 21:24:09
248,2034,20,3,가격 대비 만족합니다.,2022-02-24 06:11:34
249,2037,119,4,품질이 생각보다 별로였어요.,2022-01-04 14:23:49
250,2039,171,3,가성비 괜찮네요.,2022-12-31 21:47:24
251,2067,85,2,배송이 빨라서 좋았어요.,2023-05-21 05:08:51
252,2073,6,3,가격 대비 만족합니다.,2022-09-19 06:19:27
253,2096,98,5,포장 상태가 아쉬웠습니다.,2023-06-13 03:51:43
254,2099,20,3,가성비 괜찮네요.,2023-02-11 14:29:03
255,2117,200,1,배송이 너무 늦었어요.,2022-12-02 21:16:49
256,2127,133,1,포장 상태가 아쉬웠습니다.,2023-02-05 22:26:50
257,2133,181,2,포장 상태가 아쉬웠습니다.,2023-02-16 08:28:31
258,2152,180,1,포장 상태가 아쉬웠습니다.,2022-10-21 11:13:40
259,2156,102,4,품질이 생각보다 별로였어요.,2023-09-18 18:59:31
260,2163,10,3,배송이 너무 늦었어요.,2023-08-18 15:41:38
261,2178,52,2,품질이 생각보다 별로였어요.,2023-02-21 15:13:16
262,2202,157,3,재구매 의사 있습니다!,2023-02-20 03:51:39
263,2220,65,5,품질이 생각보다 별로였어요.,2023-05-19 08:41:54
264,2221,110,1,친구한테 선물했는데 좋아합니다.,2022-11-06 10:40:24
265,2228,186,5,재구매 의사 있습니다!,2023-11-22 14:35:46
266,2240,159,5,품질이 생각보다 별로였어요.,2023-09-17 18:46:41
267,2241,158,2,재구매 의사 있습니다!,2023-03-05 22:44:01
268,2245,190,3,배송이 너무 늦었어요.,2023-07-28 21:55:03
269,2258,106,2,배송이 빨라서 좋았어요.,2023-10-14 08:22:36
270,2275,123,1,배송이 너무 늦었어요.,2023-01-26 07:08:13
271,2278,81,1,가성비 괜찮네요.,2023-07-31 19:26:01
272,2283,147,4,배송이 너무 늦었어요.,2022-11-23 03:59:33
273,2289,2,3,품질이 생각보다 별로였어요.,2022-02-07 17:10:54
274,2307,1,1,재구매 의사 있습니다!,2023-01-07 08:13:52
275,2328,54,4,가격 대비 만족합니다.,2024-01-20 04:58:25
276,2332,162,1,품질이 생각보다 별로였어요.,2022-11-02 06:45:43
277,2334,51,1,포장 상태가 아쉬웠습니다.,2022-07-12 03:46:59
278,2363,187,3,포장 상태가 아쉬웠습니다.,2023-02-22 05:30:29
279,2367,181,4,친구한테 선물했는데 좋아합니다.,2022-06-18 06:23:37
280,2370,74,2,가격 대비 만족합니다.,2022-06-04 20:45:21
281,2372,168,1,품질이 생각보다 별로였어요.,2024-01-22 03:51:48
282,2395,82,3,가성비 괜찮네요.,2022-01-20 23:02:17
283,2402,17,1,배송이 너무 늦었어요.,2022-03-07 10:40:19
284,2403,68,3,재구매 의사 있습니다!,2023-12-06 17:42:58
285,2416,18,2,가격 대비 만족합니다.,2023-02-05 00:06:36
286,2417,101,4,친구한테 선물했는데 좋아합니다.,2022-12-16 17:20:11
287,2423,141,4,친구한테 선물했는데 좋아합니다.,2023-10-31 09:25:34
288,2424,142,4,재구매 의사 있습니다!,2023-10-18 07:07:05
289,2439,141,5,포장 상태가 아쉬웠습니다.,2023-08-05 12:34:42
290,2469,66,5,재구매 의사 있습니다!,2023-08-23 14:15:12
291,2479,151,5,배송이 빨라서 좋았어요.,2022-11-05 03:54:37
292,2480,85,4,배송이 너무 늦었어요.,2023-01-22 22:18:22
293,2504,148,2,친구한테 선물했는데 좋아합니다.,2022-03-26 23:57:09
294,2510,181,3,가격 대비 만족합니다.,2022-09-04 10:12:07
295,2521,41,2,배송이 너무 늦었어요.,2022-04-01 09:10:27
296,2526,198,1,친구한테 선물했는데 좋아합니다.,2023-10-19 14:59:39
297,2535,150,1,배송이 빨라서 좋았어요.,2022-02-22 12:23:04
298,2541,50,2,가성비 괜찮네요.,2023-01-02 18:13:29
299,2548,197,5,가성비 괜찮네요.,2023-01-14 09:45:44
300,2555,120,1,포장 상태가 아쉬웠습니다.,2022-01-31 17:45:37
301,2560,115,5,배송이 너무 늦었어요.,2023-08-31 04:07:04
302,2567,112,2,배송이 너무 늦었어요.,2023-03-02 22:13:27
303,2577,131,2,가성비 괜찮네요.,2022-05-05 00:11:18
304,2590,133,2,품질이 생각보다 별로였어요.,2023-07-29 23:59:37
305,2596,117,2,포장 상태가 아쉬웠습니다.,2023-10-07 17:45:00
306,2602,32,5,품질이 생각보다 별로였어요.,2023-04-08 23:01:03
307,2618,127,1,재구매 의사 있습니다!,2023-12-14 18:24:46
308,2621,46,3,품질이 생각보다 별로였어요.,2023-03-03 01:52:04
309,2623,120,1,배송이 너무 늦었어요.,2023-01-24 22:03:35
310,2642,5,2,배송이 너무 늦었어요.,2022-09-01 11:17:11
311,2652,145,5,가격 대비 만족합니다.,2023-02-18 19:25:55
312,2658,43,4,포장 상태가 아쉬웠습니다.,2023-02-27 05:19:52
313,2660,102,3,가격 대비 만족합니다.,2023-04-28 04:39:15
314,2663,34,1,가성비 괜찮네요.,2023-01-15 11:28:11
315,2670,40,2,가성비 괜찮네요.,2023-06-23 01:21:28
316,2683,12,3,재구매 의사 있습니다!,2023-09-27 08:34:19
317,2706,53,5,배송이 너무 늦었어요.,2023-09-08 14:16:10
318,2710,121,1,품질이 생각보다 별로였어요.,2023-10-20 23:40:23
319,2722,58,3,품질이 생각보다 별로였어요.,2023-12-05 03:29:15
320,2734,41,3,배송이 빨라서 좋았어요.,2022-01-26 02:27:33
321,2742,110,4,재구매 의사 있습니다!,2022-09-16 06:22:40
322,2751,39,4,가성비 괜찮네요.,2022-11-06 06:54:13
323,2752,121,1,배송이 빨라서 좋았어요.,2023-06-15 15:13:45
324,2753,12,3,가성비 괜찮네요.,2023-04-08 15:49:05
325,2758,121,5,가성비 괜찮네요.,2023-08-12 17:04:06
326,2762,83,3,가격 대비 만족합니다.,2022-09-22 16:05:31
327,2765,117,3,배송이 너무 늦었어요.,2022-12-03 18:18:10
328,2768,161,3,친구한테 선물했는데 좋아합니다.,2023-11-20 02:07:15
329,2790,2,3,친구한테 선물했는데 좋아합니다.,2023-11-17 05:46:08
330,2792,134,2,친구한테 선물했는데 좋아합니다.,2023-06-03 03:05:35
331,2793,183,4,가격 대비 만족합니다.,2022-07-30 13:24:31
332,2794,116,1,품질이 생각보다 별로였어요.,2022-10-17 04:56:49
333,2798,144,1,배송이 빨라서 좋았어요.,2022-08-25 04:26:52
334,2813,168,4,포장 상태가 아쉬웠습니다.,2023-07-31 13:55:26
335,2821,72,1,배송이 빨라서 좋았어요.,2022-01-15 00:53:15
336,2828,95,4,배송이 빨라서 좋았어요.,2023-01-24 17:57:04
337,2839,200,3,가격 대비 만족합니다.,2022-05-09 14:42:21
338,2842,41,3,재구매 의사 있습니다!,2023-05-16 16:36:28
339,2843,59,1,친구한테 선물했는데 좋아합니다.,2022-06-07 11:16:46
340,2844,150,3,포장 상태가 아쉬웠습니다.,2022-09-03 21:20:49
341,2852,81,1,재구매 의사 있습니다!,2023-07-06 09:02:11
342,2859,161,2,친구한테 선물했는데 좋아합니다.,2023-03-04 18:43:28
343,2879,62,2,가격 대비 만족합니다.,2022-04-11 13:40:23
344,2899,70,1,품질이 생각보다 별로였어요.,2022-04-16 14:45:41
345,2901,22,5,가성비 괜찮네요.,2023-12-10 01:49:21
346,2902,1,1,가격 대비 만족합니다.,2023-12-09 09:40:58
347,2912,134,2,가격 대비 만족합니다.,2023-08-07 07:36:29
348,2915,148,3,배송이 빨라서 좋았어요.,2023-02-26 09:44:14
349,2917,71,1,가성비 괜찮네요.,2023-02-25 04:16:15
350,2921,146,1,포장 상태가 아쉬웠습니다.,2022-09-01 12:16:19
351,2924,103,3,가격 대비 만족합니다.,2022-09-30 23:46:24
352,2929,177,3,가성비 괜찮네요.,2022-12-31 04:28:23
353,2930,23,4,배송이 너무 늦었어요.,2023-02-19 02:11:53
354,2935,185,5,재구매 의사 있습니다!,2022-10-30 08:26:50
355,2936,77,3,배송이 너무 늦었어요.,2023-07-14 02:37:09
356,2946,134,2,품질이 생각보다 별로였어요.,2023-08-03 10:15:11
357,2954,36,1,배송이 빨라서 좋았어요.,2022-02-23 07:38:28
358,2959,130,1,포장 상태가 아쉬웠습니다.,2023-04-21 05:35:09
359,2978,131,5,가격 대비 만족합니다.,2023-09-27 16:53:24
360,2982,44,5,배송이 빨라서 좋았어요.,2023-05-23 10:08:46
361,2983,170,5,배송이 너무 늦었어요.,2022-09-25 20:10:12
362,2984,47,4,재구매 의사 있습니다!,2022-06-28 07:54:50
363,3003,13,1,배송이 너무 늦었어요.,2022-07-10 07:00:23
364,3010,198,5,친구한테 선물했는데 좋아합니다.,2022-10-08 15:50:32
365,3034,158,5,재구매 의사 있습니다!,2022-07-06 09:12:45
366,3037,31,4,가격 대비 만족합니다.,2022-04-17 21:53:55
367,3038,107,1,친구한테 선물했는데 좋아합니다.,2022-11-19 20:40:35
368,3047,1,2,포장 상태가 아쉬웠습니다.,2022-03-31 11:13:58
369,3049,125,2,배송이 너무 늦었어요.,2022-10-21 22:04:52
370,3052,29,4,배송이 빨라서 좋았어요.,2022-10-06 10:44:32
371,3054,12,4,재구매 의사 있습니다!,2023-06-23 20:42:57
372,3061,13,5,재구매 의사 있습니다!,2023-09-25 19:23:47
373,3062,27,1,가성비 괜찮네요.,2023-08-17 10:20:38
374,3074,139,2,품질이 생각보다 별로였어요.,2023-07-28 16:02:40
375,3086,125,5,친구한테 선물했는데 좋아합니다.,2022-09-27 19:05:15
376,3092,174,1,재구매 의사 있습니다!,2023-10-31 02:53:42
377,3097,86,4,품질이 생각보다 별로였어요.,2023-02-05 13:29:01
378,3098,4,1,가성비 괜찮네요.,2022-07-21 14:42:14
379,3099,91,4,가격 대비 만족합니다.,2023-02-03 22:55:07
380,3126,144,5,친구한테 선물했는데 좋아합니다.,2022-12-30 02:29:05
381,3136,101,2,재구매 의사 있습니다!,2022-12-25 01:32:19
382,3146,80,5,배송이 빨라서 좋았어요.,2023-12-06 21:07:11
383,3149,74,5,가격 대비 만족합니다.,2023-05-22 22:58:50
384,3150,118,2,친구한테 선물했는데 좋아합니다.,2023-02-05 14:29:51
385,3168,144,5,배송이 너무 늦었어요.,2022-09-07 09:02:16
386,3179,88,4,배송이 너무 늦었어요.,2023-11-01 09:53:04
387,3181,177,3,배송이 너무 늦었어요.,2022-05-10 13:50:14
388,3190,189,1,가격 대비 만족합니다.,2022-08-27 11:30:54
389,3196,159,5,포장 상태가 아쉬웠습니다.,2022-04-18 03:46:27
390,3199,179,5,가격 대비 만족합니다.,2022-09-21 03:12:24
391,3207,16,5,품질이 생각보다 별로였어요.,2022-06-09 18:47:36
392,3214,45,5,가격 대비 만족합니다.,2022-03-18 09:13:26
393,3221,135,4,배송이 너무 늦었어요.,2023-02-07 02:54:02
394,3236,20,4,배송이 너무 늦었어요.,2022-11-28 13:55:55
395,3239,163,2,가성비 괜찮네요.,2023-07-25 23:58:42
396,3242,176,3,배송이 빨라서 좋았어요.,2023-10-18 16:08:44
397,3277,10,3,포장 상태가 아쉬웠습니다.,2023-11-03 20:24:11
398,3282,35,3,가격 대비 만족합니다.,2022-04-03 02:45:13
399,3298,185,3,가격 대비 만족합니다.,2022-11-28 06:05:02
400,3301,102,1,재구매 의사 있습니다!,2023-05-07 08:25:02
401,3310,54,2,가격 대비 만족합니다.,2022-06-12 22:04:32
402,3314,50,4,가성비 괜찮네요.,2022-07-15 23:31:31
403,3322,118,1,배송이 너무 늦었어요.,2023-06-30 13:06:56
404,3340,54,5,배송이 너무 늦었어요.,2022-12-05 08:21:28
405,3345,190,1,가격 대비 만족합니다.,2022-07-21 21:21:40
406,3357,180,4,친구한테 선물했는데 좋아합니다.,2023-12-29 20:46:46
407,3376,33,2,가격 대비 만족합니다.,2023-09-09 02:21:51
408,3378,121,1,포장 상태가 아쉬웠습니다.,2022-06-21 01:17:03
409,3387,74,2,포장 상태가 아쉬웠습니다.,2023-03-10 13:05:44
410,3388,189,4,친구한테 선물했는데 좋아합니다.,2022-07-09 23:30:35
411,3398,109,1,친구한테 선물했는데 좋아합니다.,2023-07-14 09:21:36
412,3412,88,4,품질이 생각보다 별로였어요.,2022-11-20 22:30:24
413,3415,32,2,친구한테 선물했는데 좋아합니다.,2023-07-06 14:53:41
414,3420,134,1,재구매 의사 있습니다!,2023-03-08 05:35:09
415,3423,39,2,재구매 의사 있습니다!,2023-04-09 11:59:18
416,3425,39,2,가성비 괜찮네요.,2022-12-02 17:39:51
417,3437,30,5,재구매 의사 있습니다!,2023-05-24 23:34:11
418,3445,47,5,배송이 빨라서 좋았어요.,2022-05-11 23:57:24
419,3450,198,1,품질이 생각보다 별로였어요.,2023-02-21 10:17:13
420,3454,153,2,가성비 괜찮네요.,2023-07-01 18:10:02
421,3472,62,3,포장 상태가 아쉬웠습니다.,2022-11-06 03:17:39
422,3475,198,5,품질이 생각보다 별로였어요.,2023-02-04 03:05:56
423,3486,87,2,가격 대비 만족합니다.,2022-07-17 06:23:19
424,3496,87,5,가격 대비 만족합니다.,2023-10-09 05:48:44
425,3500,129,1,친구한테 선물했는데 좋아합니다.,2023-07-30 11:04:50
426,3506,19,2,가성비 괜찮네요.,2023-08-14 02:57:38
427,3524,42,4,품질이 생각보다 별로였어요.,2023-03-17 19:28:42
428,3525,164,4,재구매 의사 있습니다!,2023-03-05 18:33:24
429,3529,62,3,배송이 너무 늦었어요.,2022-06-21 19:46:38
430,3532,46,3,배송이 너무 늦었어요.,2023-12-31 07:27:57
431,3545,179,2,품질이 생각보다 별로였어요.,2023-08-12 09:35:03
432,3546,189,5,친구한테 선물했는데 좋아합니다.,2023-02-08 05:35:01
433,3566,119,5,가성비 괜찮네요.,2023-02-21 23:48:19
434,3570,111,1,배송이 너무 늦었어요.,2022-08-10 03:42:09
435,3587,154,1,배송이 빨라서 좋았어요.,2022-10-19 16:53:08
436,3589,25,2,가성비 괜찮네요.,2022-03-19 21:42:09
437,3590,55,5,배송이 빨라서 좋았어요.,2022-09-05 20:31:05
438,3595,199,5,포장 상태가 아쉬웠습니다.,2022-10-17 14:31:19
439,3611,88,4,가성비 괜찮네요.,2023-01-02 20:19:27
440,3615,43,2,가성비 괜찮네요.,2022-02-21 09:59:53
441,3629,160,4,재구매 의사 있습니다!,2023-11-11 02:59:42
442,3632,59,4,친구한테 선물했는데 좋아합니다.,2022-10-29 20:56:07
443,3638,145,2,친구한테 선물했는데 좋아합니다.,2023-06-13 19:12:17
444,3645,195,3,친구한테 선물했는데 좋아합니다.,2022-04-08 11:50:48
445,3652,114,5,배송이 빨라서 좋았어요.,2022-05-16 08:28:25
446,3658,190,4,가성비 괜찮네요.,2022-02-13 22:55:01
447,3659,125,1,배송이 너무 늦었어요.,2022-12-13 07:13:17
448,3687,176,1,배송이 너무 늦었어요.,2023-09-27 10:49:38
449,3697,19,1,포장 상태가 아쉬웠습니다.,2022-04-14 11:11:39
450,3698,19,4,품질이 생각보다 별로였어요.,2023-10-20 12:45:05
451,3701,131,3,재구매 의사 있습니다!,2023-07-30 11:39:32
452,3713,106,2,재구매 의사 있습니다!,2023-06-29 00:15:55
453,3715,43,2,배송이 빨라서 좋았어요.,2023-06-10 02:31:14
454,3717,30,4,가성비 괜찮네요.,2023-03-04 14:28:56
455,3727,132,4,배송이 빨라서 좋았어요.,2023-06-23 02:26:09
456,3744,133,2,친구한테 선물했는데 좋아합니다.,2023-04-16 03:57:32
457,3764,120,4,재구매 의사 있습니다!,2023-01-18 14:41:44
458,3771,151,4,친구한테 선물했는데 좋아합니다.,2023-03-21 16:24:05
459,3778,179,2,친구한테 선물했는데 좋아합니다.,2022-11-23 13:27:16
460,3780,17,5,재구매 의사 있습니다!,2022-05-11 10:45:25
461,3790,100,4,가격 대비 만족합니다.,2024-01-01 23:54:18
462,3800,101,1,품질이 생각보다 별로였어요.,2022-11-13 21:43:43
463,3804,76,1,포장 상태가 아쉬웠습니다.,2023-01-08 15:05:43
464,3805,164,1,배송이 너무 늦었어요.,2022-07-07 09:16:55
465,3812,139,1,품질이 생각보다 별로였어요.,2023-05-12 09:39:54
466,3814,170,3,배송이 빨라서 좋았어요.,2023-11-07 16:55:39
467,3818,89,5,품질이 생각보다 별로였어요.,2023-11-02 18:55:26
468,3824,155,4,품질이 생각보다 별로였어요.,2023-09-23 00:28:28
469,3836,51,5,가성비 괜찮네요.,2022-07-07 08:09:07
470,3838,117,4,품질이 생각보다 별로였어요.,2022-07-14 03:28:10
471,3846,168,3,친구한테 선물했는데 좋아합니다.,2023-07-20 11:33:47
472,3855,139,1,품질이 생각보다 별로였어요.,2023-09-24 12:52:13
473,3859,128,5,가격 대비 만족합니다.,2023-09-12 08:42:31
474,3860,155,1,친구한테 선물했는데 좋아합니다.,2023-02-19 13:09:05
475,3864,25,4,품질이 생각보다 별로였어요.,2022-11-07 11:47:29
476,3868,93,1,배송이 너무 늦었어요.,2024-01-06 10:53:04
477,3870,24,4,배송이 너무 늦었어요.,2023-04-18 17:38:34
478,3874,55,4,가격 대비 만족합니다.,2023-03-03 23:32:40
479,3887,192,2,포장 상태가 아쉬웠습니다.,2023-02-26 04:55:10
480,3897,187,3,품질이 생각보다 별로였어요.,2023-11-26 06:14:00
481,3899,78,2,가성비 괜찮네요.,2023-04-04 11:49:32
482,3911,169,1,친구한테 선물했는데 좋아합니다.,2023-06-24 01:55:26
483,3918,35,4,포장 상태가 아쉬웠습니다.,2022-10-11 03:26:19
484,3924,8,1,포장 상태가 아쉬웠습니다.,2023-04-05 00:22:48
485,3927,166,2,재구매 의사 있습니다!,2022-02-28 01:19:44
486,3936,151,4,재구매 의사 있습니다!,2023-02-13 01:29:07
487,3945,88,1,포장 상태가 아쉬웠습니다.,2023-12-15 01:21:43
488,3956,139,3,배송이 너무 늦었어요.,2022-04-11 13:15:29
489,3958,162,2,배송이 너무 늦었어요.,2022-05-26 12:19:57
490,3977,185,1,재구매 의사 있습니다!,2022-10-02 20:08:45
491,3995,32,2,포장 상태가 아쉬웠습니다.,2022-03-28 16:23:27
492,4015,94,2,가성비 괜찮네요.,2022-06-04 22:08:23
493,4020,7,3,재구매 의사 있습니다!,2023-01-27 06:32:31
494,4043,99,2,배송이 빨라서 좋았어요.,2022-03-06 18:09:51
495,4046,148,5,포장 상태가 아쉬웠습니다.,2023-01-13 11:41:35
496,4050,144,2,재구매 의사 있습니다!,2023-01-12 00:16:55
497,4074,36,5,배송이 너무 늦었어요.,2023-04-14 10:13:06
498,4089,87,3,포장 상태가 아쉬웠습니다.,2023-04-28 10:47:35
499,4095,33,1,배송이 너무 늦었어요.,2022-07-10 18:59:42
500,4099,103,5,배송이 너무 늦었어요.,2022-08-07 15:13:18
501,4125,80,2,가성비 괜찮네요.,2022-01-26 19:35:57
502,4135,186,3,포장 상태가 아쉬웠습니다.,2022-01-31 17:59:29
503,4152,140,4,배송이 빨라서 좋았어요.,2023-01-05 17:27:18
504,4159,185,5,배송이 너무 늦었어요.,2023-12-31 18:14:35
505,4160,23,4,가성비 괜찮네요.,2023-06-07 07:09:19
506,4169,84,4,배송이 빨라서 좋았어요.,2023-01-30 03:34:28
507,4185,77,5,배송이 너무 늦었어요.,2023-09-29 06:30:33
508,4191,198,3,가격 대비 만족합니다.,2022-12-20 05:06:38
509,4193,163,4,포장 상태가 아쉬웠습니다.,2023-05-09 01:32:04
510,4197,58,4,포장 상태가 아쉬웠습니다.,2022-08-09 06:43:30
511,4210,38,4,포장 상태가 아쉬웠습니다.,2022-11-26 06:09:51
512,4213,103,2,가성비 괜찮네요.,2022-12-30 21:29:11
513,4214,3,4,가성비 괜찮네요.,2022-11-16 14:00:12
514,4242,191,1,배송이 빨라서 좋았어요.,2022-11-05 20:25:27
515,4249,77,1,재구매 의사 있습니다!,2023-09-18 23:11:23
516,4271,152,4,배송이 빨라서 좋았어요.,2022-09-30 02:49:52
517,4280,52,4,배송이 빨라서 좋았어요.,2022-09-11 16:53:41
518,4287,62,4,재구매 의사 있습니다!,2022-01-14 07:41:00
519,4292,193,2,배송이 너무 늦었어요.,2023-02-12 21:06:51
520,4309,48,4,배송이 빨라서 좋았어요.,2023-07-03 12:42:36
521,4318,195,3,품질이 생각보다 별로였어요.,2023-10-05 11:15:23
522,4335,2,4,배송이 빨라서 좋았어요.,2023-08-21 14:58:05
523,4339,54,4,포장 상태가 아쉬웠습니다.,2023-08-14 06:32:59
524,4344,182,5,친구한테 선물했는데 좋아합니다.,2023-09-12 14:32:51
525,4346,148,3,친구한테 선물했는데 좋아합니다.,2022-04-09 23:02:34
526,4350,8,3,가성비 괜찮네요.,2023-06-20 10:06:40
527,4365,62,2,품질이 생각보다 별로였어요.,2023-03-07 15:46:59
528,4369,6,1,재구매 의사 있습니다!,2022-05-28 08:31:26
529,4370,16,1,포장 상태가 아쉬웠습니다.,2023-09-07 20:20:15
530,4373,76,1,친구한테 선물했는데 좋아합니다.,2024-01-11 23:00:23
531,4375,43,2,포장 상태가 아쉬웠습니다.,2023-10-27 22:50:59
532,4388,138,1,배송이 빨라서 좋았어요.,2022-06-06 18:46:11
533,4419,24,4,품질이 생각보다 별로였어요.,2022-06-03 12:01:39
534,4432,190,5,품질이 생각보다 별로였어요.,2023-12-03 17:57:47
535,4436,13,3,가격 대비 만족합니다.,2022-02-22 15:30:08
536,4457,179,1,포장 상태가 아쉬웠습니다.,2022-04-17 02:42:32
537,4458,85,1,가격 대비 만족합니다.,2023-12-29 11:18:58
538,4459,149,3,배송이 너무 늦었어요.,2022-02-02 21:27:53
539,4462,193,5,포장 상태가 아쉬웠습니다.,2022-02-04 03:25:03
540,4489,112,3,가격 대비 만족합니다.,2022-03-24 08:52:58
541,4495,4,3,재구매 의사 있습니다!,2023-12-17 04:57:27
542,4506,176,4,친구한테 선물했는데 좋아합니다.,2022-04-02 00:26:15
543,4507,103,5,배송이 너무 늦었어요.,2023-12-19 01:12:54
544,4511,66,3,배송이 빨라서 좋았어요.,2022-08-30 01:29:49
545,4518,8,3,가성비 괜찮네요.,2022-09-11 20:55:17
546,4524,68,1,가격 대비 만족합니다.,2022-07-31 07:47:55
547,4528,149,5,배송이 빨라서 좋았어요.,2022-02-14 02:29:03
548,4529,81,3,품질이 생각보다 별로였어요.,2023-12-19 20:18:26
549,4538,142,1,가격 대비 만족합니다.,2022-06-05 08:25:27
550,4544,173,4,품질이 생각보다 별로였어요.,2022-04-03 17:13:33
551,4546,156,1,배송이 너무 늦었어요.,2023-02-23 00:09:50
552,4547,165,3,재구매 의사 있습니다!,2022-10-11 00:39:54
553,4564,159,2,가성비 괜찮네요.,2023-02-13 22:51:36
554,4575,81,5,재구매 의사 있습니다!,2022-04-24 11:12:13
555,4583,150,3,배송이 너무 늦었어요.,2023-09-29 00:28:56
556,4584,19,3,가격 대비 만족합니다.,2023-02-26 04:46:23
557,4591,171,5,배송이 너무 늦었어요.,2024-01-02 18:55:06
558,4592,136,4,배송이 빨라서 좋았어요.,2023-05-17 18:13:25
559,4610,61,5,재구매 의사 있습니다!,2024-01-12 12:48:32
560,4628,156,2,가성비 괜찮네요.,2023-03-13 14:42:26
561,4630,16,1,재구매 의사 있습니다!,2023-05-07 14:28:43
562,4657,95,4,가성비 괜찮네요.,2023-04-23 02:29:27
563,4659,157,2,배송이 너무 늦었어요.,2022-03-11 12:25:30
564,4660,54,3,친구한테 선물했는데 좋아합니다.,2023-10-24 18:58:05
565,4671,131,3,포장 상태가 아쉬웠습니다.,2022-02-19 19:52:32
566,4685,35,2,가성비 괜찮네요.,2023-01-27 19:59:52
567,4697,180,5,재구매 의사 있습니다!,2023-01-09 12:49:11
568,4698,69,5,품질이 생각보다 별로였어요.,2023-08-11 09:44:33
569,4708,148,4,배송이 너무 늦었어요.,2023-11-08 20:42:35
570,4719,35,3,가격 대비 만족합니다.,2022-04-27 23:14:25
571,4720,95,4,가성비 괜찮네요.,2022-10-24 07:32:46
572,4730,48,1,재구매 의사 있습니다!,2022-02-19 05:12:55
573,4731,113,4,가성비 괜찮네요.,2023-01-11 11:22:08
574,4740,76,3,품질이 생각보다 별로였어요.,2023-02-10 04:03:41
575,4749,40,3,포장 상태가 아쉬웠습니다.,2022-11-27 17:41:23
576,4773,179,2,재구매 의사 있습니다!,2022-01-13 19:48:11
577,4779,132,3,품질이 생각보다 별로였어요.,2022-06-02 13:30:31
578,4782,182,1,가성비 괜찮네요.,2022-10-03 08:00:12
579,4788,113,5,가성비 괜찮네요.,2023-10-09 01:31:17
580,4807,129,4,가성비 괜찮네요.,2023-04-24 06:07:41
581,4819,199,4,포장 상태가 아쉬웠습니다.,2022-11-29 00:14:18
582,4831,80,3,배송이 너무 늦었어요.,2023-02-02 18:39:37
583,4856,162,4,포장 상태가 아쉬웠습니다.,2022-04-10 12:16:57
584,4859,82,2,배송이 빨라서 좋았어요.,2022-07-25 16:43:37
585,4867,143,5,품질이 생각보다 별로였어요.,2022-03-03 14:05:15
586,4869,5,1,배송이 너무 늦었어요.,2022-10-05 16:03:04
587,4879,151,1,품질이 생각보다 별로였어요.,2022-07-08 04:32:03
588,4888,140,1,배송이 빨라서 좋았어요.,2023-01-09 06:57:19
589,4903,169,3,가격 대비 만족합니다.,2022-01-29 09:18:16
590,4908,13,5,포장 상태가 아쉬웠습니다.,2023-01-01 22:18:05
591,4913,47,5,가격 대비 만족합니다.,2023-09-23 10:50:22
592,4914,199,3,배송이 너무 늦었어요.,2023-10-12 03:34:01
593,4917,32,5,배송이 빨라서 좋았어요.,2023-06-17 18:10:21
594,4921,35,4,가격 대비 만족합니다.,2023-05-23 19:41:19
595,4922,2,5,재구매 의사 있습니다!,2023-09-20 01:54:44
596,4929,18,4,품질이 생각보다 별로였어요.,2022-04-08 23:08:40
597,4936,36,1,친구한테 선물했는데 좋아합니다.,2023-01-26 01:13:39
598,4950,125,3,친구한테 선물했는데 좋아합니다.,2022-07-13 13:21:42
599,4953,186,1,가격 대비 만족합니다.,2022-10-31 13:14:37
600,4955,169,5,가성비 괜찮네요.,2022-08-13 12:01:27
601,4962,25,5,배송이 빨라서 좋았어요.,2023-12-24 10:18:09
602,4963,194,3,배송이 빨라서 좋았어요.,2023-09-22 03:01:37
603,4966,15,5,가성비 괜찮네요.,2023-12-13 02:00:34
604,4996,59,4,포장 상태가 아쉬웠습니다.,2023-05-02 23:06:23
605,5018,54,1,친구한테 선물했는데 좋아합니다.,2023-04-04 19:43:21
606,5019,184,2,가격 대비 만족합니다.,2024-01-10 02:45:29
607,5027,62,3,재구매 의사 있습니다!,2022-12-25 00:32:17
608,5043,115,2,배송이 빨라서 좋았어요.,2023-07-20 05:50:53
609,5049,106,2,친구한테 선물했는데 좋아합니다.,2023-09-15 06:34:16
610,5058,62,2,포장 상태가 아쉬웠습니다.,2023-06-24 15:24:05
611,5059,63,4,배송이 너무 늦었어요.,2023-02-04 13:27:35
612,5067,9,5,가격 대비 만족합니다.,2023-06-27 16:23:36
613,5068,134,2,가성비 괜찮네요.,2022-09-15 20:24:29
614,5076,153,4,친구한테 선물했는데 좋아합니다.,2023-04-11 04:37:57
615,5077,161,1,가성비 괜찮네요.,2022-05-02 21:52:15
616,5092,112,2,포장 상태가 아쉬웠습니다.,2023-11-10 12:04:05
617,5094,147,2,배송이 빨라서 좋았어요.,2022-02-23 00:05:06
618,5106,184,2,포장 상태가 아쉬웠습니다.,2022-06-01 08:59:33
619,5120,50,4,포장 상태가 아쉬웠습니다.,2023-06-13 05:58:42
620,5128,97,2,품질이 생각보다 별로였어요.,2022-09-10 09:34:36
621,5134,118,4,가성비 괜찮네요.,2022-10-11 05:35:28
622,5135,21,5,포장 상태가 아쉬웠습니다.,2023-06-11 04:02:55
623,5143,115,2,포장 상태가 아쉬웠습니다.,2022-06-21 19:33:09
624,5145,81,1,재구매 의사 있습니다!,2022-07-21 20:26:26
625,5155,165,4,가격 대비 만족합니다.,2022-06-05 17:31:17
626,5156,58,4,가성비 괜찮네요.,2023-11-21 01:06:50
627,5179,10,4,가성비 괜찮네요.,2023-11-12 02:03:18
628,5188,199,1,배송이 빨라서 좋았어요.,2022-07-12 17:13:02
629,5191,120,4,재구매 의사 있습니다!,2023-08-16 05:15:21
630,5193,149,3,가격 대비 만족합니다.,2022-02-06 10:35:35
631,5209,143,5,가격 대비 만족합니다.,2022-03-16 13:07:17
632,5218,16,4,가성비 괜찮네요.,2023-11-03 00:08:50
633,5234,9,5,가격 대비 만족합니다.,2023-12-26 07:10:47
634,5245,154,4,품질이 생각보다 별로였어요.,2023-10-03 03:38:56
635,5246,102,5,재구매 의사 있습니다!,2022-12-16 00:04:04
636,5268,12,1,품질이 생각보다 별로였어요.,2022-10-13 08:39:17
637,5269,171,4,배송이 빨라서 좋았어요.,2022-12-05 19:17:49
638,5287,166,5,배송이 빨라서 좋았어요.,2022-03-10 09:33:10
639,5288,125,4,재구매 의사 있습니다!,2022-08-06 04:35:20
640,5307,54,5,배송이 너무 늦었어요.,2024-01-13 02:39:25
641,5309,8,2,배송이 너무 늦었어요.,2023-12-08 16:06:38
642,5328,135,4,가격 대비 만족합니다.,2022-03-18 19:35:04
643,5335,85,4,포장 상태가 아쉬웠습니다.,2023-07-12 06:26:37
644,5336,66,3,배송이 빨라서 좋았어요.,2023-03-21 10:18:37
645,5343,125,5,가격 대비 만족합니다.,2022-08-24 10:15:42
646,5350,118,5,가격 대비 만족합니다.,2022-08-11 04:47:02
647,5355,120,1,가격 대비 만족합니다.,2022-02-18 11:08:18
648,5364,189,5,배송이 너무 늦었어요.,2023-05-04 01:10:53
649,5371,191,3,친구한테 선물했는데 좋아합니다.,2022-03-17 13:02:22
650,5377,84,1,포장 상태가 아쉬웠습니다.,2022-03-26 04:20:59
651,5411,186,2,배송이 너무 늦었어요.,2022-02-21 10:24:10
652,5428,149,5,가성비 괜찮네요.,2023-11-26 23:44:04
653,5444,186,3,배송이 너무 늦었어요.,2023-09-15 07:53:54
654,5446,88,5,재구매 의사 있습니다!,2022-10-08 04:59:00
655,5451,19,1,배송이 너무 늦었어요.,2023-11-08 11:16:36
656,5454,6,1,배송이 너무 늦었어요.,2023-09-10 13:48:04
657,5480,24,3,포장 상태가 아쉬웠습니다.,2022-06-18 17:08:23
658,5484,166,4,재구매 의사 있습니다!,2023-12-28 18:05:20
659,5506,28,5,친구한테 선물했는데 좋아합니다.,2022-07-18 07:40:10
660,5527,84,2,배송이 너무 늦었어요.,2022-03-12 17:08:15
661,5530,193,4,품질이 생각보다 별로였어요.,2022-07-30 06:50:15
662,5532,24,5,품질이 생각보다 별로였어요.,2023-02-02 22:06:51
663,5540,67,3,배송이 너무 늦었어요.,2022-02-22 16:27:57
664,5561,79,2,가성비 괜찮네요.,2022-10-23 12:52:06
665,5566,112,1,배송이 너무 늦었어요.,2023-11-20 06:23:52
666,5569,97,4,재구매 의사 있습니다!,2022-12-28 04:19:16
667,5573,83,1,포장 상태가 아쉬웠습니다.,2022-04-18 18:42:22
668,5582,48,1,재구매 의사 있습니다!,2022-03-15 11:35:46
669,5583,33,2,친구한테 선물했는데 좋아합니다.,2023-02-07 23:16:22
670,5585,23,4,포장 상태가 아쉬웠습니다.,2023-09-12 07:49:31
671,5594,39,5,재구매 의사 있습니다!,2022-05-31 21:28:11
672,5598,2,2,재구매 의사 있습니다!,2022-05-30 07:30:32
673,5602,176,1,포장 상태가 아쉬웠습니다.,2023-10-04 00:24:15
674,5621,152,2,배송이 너무 늦었어요.,2023-07-15 22:40:17
675,5622,162,5,친구한테 선물했는데 좋아합니다.,2022-12-15 06:10:01
676,5651,28,3,포장 상태가 아쉬웠습니다.,2023-03-08 04:30:32
677,5683,30,4,가격 대비 만족합니다.,2023-09-10 06:43:46
678,5691,84,3,재구매 의사 있습니다!,2023-01-29 05:48:21
679,5701,4,2,배송이 너무 늦었어요.,2023-12-17 18:46:20
680,5713,185,5,친구한테 선물했는데 좋아합니다.,2023-08-21 08:12:59
681,5715,172,5,친구한테 선물했는데 좋아합니다.,2022-11-15 06:09:23
682,5726,3,3,친구한테 선물했는데 좋아합니다.,2023-06-16 11:45:52
683,5729,55,1,배송이 빨라서 좋았어요.,2022-05-31 17:55:44
684,5731,185,5,품질이 생각보다 별로였어요.,2022-12-31 18:11:45
685,5751,4,5,품질이 생각보다 별로였어요.,2022-10-25 03:17:34
686,5766,155,3,가격 대비 만족합니다.,2022-03-03 00:19:08
687,5774,173,1,배송이 빨라서 좋았어요.,2023-06-12 22:41:55
688,5780,27,2,배송이 빨라서 좋았어요.,2024-01-29 21:54:50
689,5788,97,3,품질이 생각보다 별로였어요.,2023-05-15 00:33:30
690,5807,77,1,배송이 너무 늦었어요.,2023-01-10 07:20:39
691,5814,71,1,포장 상태가 아쉬웠습니다.,2023-04-05 22:22:17
692,5817,114,5,가성비 괜찮네요.,2022-08-22 05:53:56
693,5820,55,5,배송이 빨라서 좋았어요.,2022-10-19 14:21:33
694,5829,97,1,가격 대비 만족합니다.,2023-10-29 03:57:22
695,5832,131,5,포장 상태가 아쉬웠습니다.,2022-09-27 07:05:57
696,5839,79,2,친구한테 선물했는데 좋아합니다.,2022-11-11 21:33:02
697,5842,38,3,품질이 생각보다 별로였어요.,2023-11-10 22:24:25
698,5843,108,4,배송이 빨라서 좋았어요.,2022-12-22 07:33:48
699,5850,98,5,가격 대비 만족합니다.,2022-10-19 20:10:20
700,5871,129,5,배송이 빨라서 좋았어요.,2023-01-14 09:35:19
701,5873,79,3,배송이 빨라서 좋았어요.,2024-01-04 02:48:17
702,5876,78,4,가격 대비 만족합니다.,2022-10-20 07:44:27
703,5879,135,2,포장 상태가 아쉬웠습니다.,2022-08-25 03:36:54
704,5881,124,2,배송이 너무 늦었어요.,2022-08-13 06:34:35
705,5894,78,1,가성비 괜찮네요.,2023-06-28 02:31:19
706,5897,153,2,배송이 너무 늦었어요.,2022-04-03 18:42:33
707,5915,140,2,가성비 괜찮네요.,2023-07-02 19:58:13
708,5916,28,3,가성비 괜찮네요.,2023-02-25 14:15:39
709,5928,50,5,가성비 괜찮네요.,2023-11-06 23:56:29
710,5946,118,4,배송이 너무 늦었어요.,2022-10-21 19:55:46
711,5947,10,2,포장 상태가 아쉬웠습니다.,2023-08-27 12:45:25
712,5958,139,4,가성비 괜찮네요.,2023-03-10 13:20:46
713,5969,164,1,배송이 너무 늦었어요.,2022-05-27 04:25:38
714,5979,82,1,가성비 괜찮네요.,2023-10-18 20:45:16
715,5980,157,3,가격 대비 만족합니다.,2022-12-31 05:20:02
716,5993,116,5,품질이 생각보다 별로였어요.,2022-02-28 21:17:18
717,6005,130,4,재구매 의사 있습니다!,2023-12-21 05:11:02
718,6027,110,4,친구한테 선물했는데 좋아합니다.,2022-02-02 14:20:40
719,6030,158,4,품질이 생각보다 별로였어요.,2022-11-27 03:39:31
720,6035,12,4,친구한테 선물했는데 좋아합니다.,2023-07-27 12:46:34
721,6037,181,5,배송이 너무 늦었어요.,2023-11-06 01:29:14
722,6041,1,4,배송이 너무 늦었어요.,2023-07-13 20:05:18
723,6043,89,3,재구매 의사 있습니다!,2022-12-11 21:33:19
724,6045,70,2,배송이 빨라서 좋았어요.,2022-08-14 02:32:19
725,6049,136,2,가성비 괜찮네요.,2022-07-01 00:02:40
726,6055,177,1,재구매 의사 있습니다!,2023-11-04 23:43:42
727,6057,90,5,친구한테 선물했는데 좋아합니다.,2023-10-20 01:55:39
728,6066,157,4,배송이 빨라서 좋았어요.,2023-02-16 05:45:04
729,6072,129,4,포장 상태가 아쉬웠습니다.,2023-04-16 15:19:16
730,6076,105,2,재구매 의사 있습니다!,2022-05-11 10:44:24
731,6080,126,2,포장 상태가 아쉬웠습니다.,2023-04-19 10:22:51
732,6083,150,1,배송이 빨라서 좋았어요.,2022-05-01 04:38:24
733,6102,120,1,포장 상태가 아쉬웠습니다.,2023-01-25 18:15:02
734,6105,177,5,배송이 너무 늦었어요.,2022-08-14 06:05:46
735,6106,11,5,가성비 괜찮네요.,2023-11-29 22:29:36
736,6122,122,4,재구매 의사 있습니다!,2022-05-20 22:33:31
737,6127,153,1,포장 상태가 아쉬웠습니다.,2024-01-22 22:49:45
738,6148,141,1,배송이 빨라서 좋았어요.,2023-05-16 02:08:46
739,6157,80,1,포장 상태가 아쉬웠습니다.,2022-05-14 00:23:51
740,6162,163,5,배송이 빨라서 좋았어요.,2022-05-03 18:01:40
741,6166,67,5,친구한테 선물했는데 좋아합니다.,2023-01-20 08:16:49
742,6177,110,2,품질이 생각보다 별로였어요.,2022-08-30 19:59:27
743,6178,171,5,친구한테 선물했는데 좋아합니다.,2023-04-18 08:03:06
744,6190,105,5,포장 상태가 아쉬웠습니다.,2022-01-24 03:37:53
745,6191,55,3,가격 대비 만족합니다.,2023-06-21 10:49:32
746,6203,12,1,가격 대비 만족합니다.,2023-12-18 16:16:30
747,6206,130,4,배송이 너무 늦었어요.,2022-06-12 13:59:18
748,6214,16,5,품질이 생각보다 별로였어요.,2022-09-28 15:10:30
749,6216,24,2,품질이 생각보다 별로였어요.,2022-01-29 14:34:20
750,6221,36,4,가격 대비 만족합니다.,2022-12-09 21:43:15
751,6224,185,4,포장 상태가 아쉬웠습니다.,2022-12-08 08:30:30
752,6226,81,4,품질이 생각보다 별로였어요.,2023-12-20 20:27:47
753,6229,131,4,배송이 빨라서 좋았어요.,2023-01-15 23:31:24
754,6237,66,4,배송이 너무 늦었어요.,2022-02-04 05:15:29
755,6244,114,1,품질이 생각보다 별로였어요.,2023-09-10 18:48:47
756,6258,97,4,배송이 너무 늦었어요.,2023-06-06 14:09:36
757,6272,61,2,가격 대비 만족합니다.,2022-02-09 03:51:25
758,6278,90,2,품질이 생각보다 별로였어요.,2022-06-06 13:35:13
759,6279,142,1,재구매 의사 있습니다!,2022-03-31 01:56:52
760,6289,126,5,재구매 의사 있습니다!,2022-02-18 15:26:04
761,6292,159,2,가성비 괜찮네요.,2023-11-14 07:08:03
762,6302,196,2,포장 상태가 아쉬웠습니다.,2023-10-12 19:16:07
763,6308,55,5,가격 대비 만족합니다.,2023-08-30 09:23:23
764,6316,77,3,가격 대비 만족합니다.,2022-10-01 06:45:45
765,6321,131,1,포장 상태가 아쉬웠습니다.,2023-09-05 16:44:14
766,6332,38,4,가성비 괜찮네요.,2022-11-13 07:13:06
767,6336,128,4,배송이 빨라서 좋았어요.,2023-06-28 07:54:47
768,6351,138,5,배송이 너무 늦었어요.,2023-06-18 04:31:07
769,6363,97,2,친구한테 선물했는데 좋아합니다.,2022-03-11 01:53:56
770,6370,48,1,가격 대비 만족합니다.,2022-02-03 01:00:25
771,6377,34,3,가격 대비 만족합니다.,2024-01-03 18:12:50
772,6392,16,5,배송이 너무 늦었어요.,2022-10-09 14:00:06
773,6406,49,1,가격 대비 만족합니다.,2022-05-26 09:21:56
774,6415,60,2,친구한테 선물했는데 좋아합니다.,2023-12-08 04:02:55
775,6416,64,4,재구매 의사 있습니다!,2024-01-03 12:24:27
776,6426,67,1,포장 상태가 아쉬웠습니다.,2023-03-26 06:03:10
777,6436,145,2,배송이 빨라서 좋았어요.,2022-10-10 06:49:09
778,6463,11,1,가격 대비 만족합니다.,2022-05-04 10:51:48
779,6469,44,5,배송이 빨라서 좋았어요.,2022-05-22 21:53:14
780,6481,185,5,포장 상태가 아쉬웠습니다.,2023-03-20 23:58:35
781,6483,16,4,품질이 생각보다 별로였어요.,2023-02-09 07:58:50
782,6485,168,1,가성비 괜찮네요.,2022-02-06 22:44:07
783,6487,149,2,친구한테 선물했는데 좋아합니다.,2022-02-07 04:38:41
784,6497,197,1,친구한테 선물했는데 좋아합니다.,2022-11-02 22:59:13
785,6512,175,5,배송이 너무 늦었어요.,2022-08-25 22:13:34
786,6549,168,2,가성비 괜찮네요.,2023-10-29 12:01:15
787,6558,77,2,품질이 생각보다 별로였어요.,2022-06-08 22:35:56
788,6559,17,2,재구매 의사 있습니다!,2022-08-19 02:52:24
789,6564,107,2,배송이 빨라서 좋았어요.,2022-09-15 16:57:45
790,6567,25,1,재구매 의사 있습니다!,2023-06-07 00:20:03
791,6568,135,4,가격 대비 만족합니다.,2022-10-21 21:12:35
792,6573,129,4,배송이 너무 늦었어요.,2023-02-24 02:27:25
793,6586,15,2,재구매 의사 있습니다!,2022-02-20 18:28:09
794,6611,142,1,포장 상태가 아쉬웠습니다.,2023-12-06 19:15:42
795,6628,200,1,가성비 괜찮네요.,2023-06-24 13:49:03
796,6630,13,4,배송이 빨라서 좋았어요.,2022-09-03 15:17:22
797,6633,130,2,재구매 의사 있습니다!,2022-07-05 02:42:57
798,6635,170,3,배송이 너무 늦었어요.,2023-02-10 22:29:24
799,6640,47,2,배송이 빨라서 좋았어요.,2022-10-02 09:21:28
800,6644,29,4,포장 상태가 아쉬웠습니다.,2023-09-23 21:52:54
801,6647,191,4,품질이 생각보다 별로였어요.,2022-06-08 12:08:30
802,6650,169,5,가격 대비 만족합니다.,2023-07-16 15:12:36
803,6660,122,2,배송이 너무 늦었어요.,2023-10-23 03:51:58
804,6663,121,1,포장 상태가 아쉬웠습니다.,2022-09-11 12:37:14
805,6666,103,4,친구한테 선물했는데 좋아합니다.,2022-06-10 14:33:26
806,6683,90,1,재구매 의사 있습니다!,2023-05-17 01:34:16
807,6690,157,1,가격 대비 만족합니다.,2022-04-26 07:33:24
808,6693,72,5,포장 상태가 아쉬웠습니다.,2023-04-15 11:56:41
809,6696,111,1,가성비 괜찮네요.,2022-03-17 14:39:41
810,6704,70,5,친구한테 선물했는데 좋아합니다.,2023-04-14 21:54:36
811,6706,152,1,친구한테 선물했는데 좋아합니다.,2023-01-15 14:49:57
812,6711,129,1,친구한테 선물했는데 좋아합니다.,2022-06-21 02:27:13
813,6722,173,1,품질이 생각보다 별로였어요.,2022-05-05 17:01:53
814,6728,111,2,친구한테 선물했는데 좋아합니다.,2023-03-15 05:11:31
815,6740,35,1,가성비 괜찮네요.,2023-01-16 21:09:37
816,6742,167,3,재구매 의사 있습니다!,2023-02-22 10:38:08
817,6775,115,2,배송이 너무 늦었어요.,2023-09-22 21:03:30
818,6793,66,3,배송이 너무 늦었어요.,2023-04-19 00:44:12
819,6796,120,3,가성비 괜찮네요.,2022-08-03 00:10:19
820,6806,166,5,재구매 의사 있습니다!,2023-10-03 03:01:40
821,6810,88,2,가성비 괜찮네요.,2022-10-03 04:02:39
822,6811,159,4,가성비 괜찮네요.,2023-10-01 08:46:44
823,6815,84,3,포장 상태가 아쉬웠습니다.,2023-04-17 04:07:57
824,6819,131,2,배송이 빨라서 좋았어요.,2022-03-02 03:06:48
825,6820,200,5,가성비 괜찮네요.,2023-11-25 13:14:06
826,6822,128,2,배송이 너무 늦었어요.,2022-04-04 00:06:13
827,6825,171,3,포장 상태가 아쉬웠습니다.,2023-07-08 16:57:43
828,6829,124,3,배송이 빨라서 좋았어요.,2022-08-15 03:21:18
829,6833,160,5,가격 대비 만족합니다.,2023-01-29 03:07:47
830,6836,49,4,배송이 너무 늦었어요.,2022-07-29 08:48:51
831,6839,74,3,재구매 의사 있습니다!,2022-02-24 01:59:01
832,6847,125,5,가성비 괜찮네요.,2022-03-10 20:51:51
833,6849,91,3,재구매 의사 있습니다!,2022-03-08 07:04:14
834,6868,156,4,품질이 생각보다 별로였어요.,2023-04-19 15:11:25
835,6877,136,1,가성비 괜찮네요.,2023-06-02 06:12:07
836,6878,5,4,친구한테 선물했는데 좋아합니다.,2023-06-12 09:11:31
837,6879,181,5,배송이 너무 늦었어요.,2022-02-17 10:44:17
838,6882,124,3,가격 대비 만족합니다.,2024-01-14 15:35:42
839,6884,131,2,가격 대비 만족합니다.,2022-01-30 18:04:49
840,6891,53,1,가격 대비 만족합니다.,2022-06-14 16:29:39
841,6895,171,2,가성비 괜찮네요.,2023-03-23 16:49:12
842,6899,140,5,포장 상태가 아쉬웠습니다.,2023-12-03 09:53:03
843,6945,34,1,품질이 생각보다 별로였어요.,2022-04-03 07:53:31
844,6951,60,5,친구한테 선물했는데 좋아합니다.,2023-10-08 00:25:10
845,6957,33,4,배송이 빨라서 좋았어요.,2022-03-29 22:26:31
846,6966,35,5,품질이 생각보다 별로였어요.,2023-03-07 01:42:22
847,6971,153,4,가성비 괜찮네요.,2023-10-05 20:56:40
848,6977,91,1,가격 대비 만족합니다.,2023-04-02 14:38:35
849,6982,199,4,재구매 의사 있습니다!,2022-11-07 20:57:35
850,6984,18,1,가격 대비 만족합니다.,2023-12-11 17:23:13
851,6988,81,4,품질이 생각보다 별로였어요.,2023-06-16 17:25:08
852,6996,79,1,배송이 빨라서 좋았어요.,2023-06-09 00:07:34
853,7006,97,4,가성비 괜찮네요.,2022-03-02 10:29:43
854,7012,87,3,품질이 생각보다 별로였어요.,2023-12-26 01:24:13
855,7028,118,5,포장 상태가 아쉬웠습니다.,2023-01-04 20:14:03
856,7031,121,3,친구한테 선물했는데 좋아합니다.,2022-05-13 23:38:29
857,7037,129,5,포장 상태가 아쉬웠습니다.,2022-09-03 17:31:08
858,7040,185,2,포장 상태가 아쉬웠습니다.,2023-04-20 10:42:53
859,7045,194,4,배송이 너무 늦었어요.,2022-05-18 14:07:22
860,7046,67,5,재구매 의사 있습니다!,2023-01-24 03:16:28
861,7051,32,3,가격 대비 만족합니다.,2023-09-10 09:00:54
862,7055,186,5,재구매 의사 있습니다!,2023-06-04 05:16:11
863,7061,191,2,품질이 생각보다 별로였어요.,2022-07-15 13:48:27
864,7073,31,5,품질이 생각보다 별로였어요.,2022-02-07 09:33:08
865,7076,126,2,친구한테 선물했는데 좋아합니다.,2022-05-09 12:11:42
866,7099,132,2,친구한테 선물했는데 좋아합니다.,2023-03-11 05:59:02
867,7124,29,4,친구한테 선물했는데 좋아합니다.,2023-12-24 22:05:37
868,7151,126,5,재구매 의사 있습니다!,2023-11-02 17:35:26
869,7153,54,5,친구한테 선물했는데 좋아합니다.,2023-10-02 15:51:41
870,7157,187,3,가격 대비 만족합니다.,2022-07-12 06:34:44
871,7179,126,3,재구매 의사 있습니다!,2023-09-02 00:02:54
872,7185,75,4,품질이 생각보다 별로였어요.,2022-12-23 12:24:52
873,7190,188,5,재구매 의사 있습니다!,2022-05-04 21:32:38
874,7197,3,1,배송이 너무 늦었어요.,2022-01-22 21:32:46
875,7224,17,4,재구매 의사 있습니다!,2023-08-01 09:13:57
876,7243,178,2,재구매 의사 있습니다!,2023-03-09 17:15:54
877,7246,191,2,품질이 생각보다 별로였어요.,2022-11-03 01:47:52
878,7254,169,4,재구매 의사 있습니다!,2022-06-02 05:45:13
879,7263,30,2,품질이 생각보다 별로였어요.,2023-09-09 02:38:38
880,7270,62,2,포장 상태가 아쉬웠습니다.,2023-08-18 00:33:15
881,7274,37,4,친구한테 선물했는데 좋아합니다.,2023-12-07 07:16:21
882,7298,164,3,배송이 너무 늦었어요.,2023-02-23 17:00:04
883,7301,19,5,친구한테 선물했는데 좋아합니다.,2022-03-18 10:09:04
884,7306,187,5,품질이 생각보다 별로였어요.,2022-07-30 13:56:07
885,7312,33,3,품질이 생각보다 별로였어요.,2022-08-14 12:28:29
886,7354,190,3,배송이 너무 늦었어요.,2023-06-07 11:24:01
887,7373,77,3,배송이 빨라서 좋았어요.,2022-04-19 00:17:32
888,7374,160,1,친구한테 선물했는데 좋아합니다.,2022-06-11 15:06:58
889,7378,195,5,배송이 너무 늦었어요.,2023-07-30 01:45:25
890,7383,124,2,품질이 생각보다 별로였어요.,2023-09-10 14:22:00
891,7384,130,2,배송이 빨라서 좋았어요.,2023-03-18 15:10:43
892,7386,193,4,품질이 생각보다 별로였어요.,2023-05-09 09:19:06
893,7412,81,4,재구매 의사 있습니다!,2022-08-31 19:00:34
894,7415,79,1,포장 상태가 아쉬웠습니다.,2024-01-09 10:54:23
895,7433,145,5,배송이 너무 늦었어요.,2022-02-13 10:45:57
896,7461,113,1,가성비 괜찮네요.,2022-03-24 08:07:07
897,7477,55,2,재구매 의사 있습니다!,2022-04-27 13:07:18
898,7491,24,1,가성비 괜찮네요.,2022-04-12 19:39:47
899,7504,63,4,친구한테 선물했는데 좋아합니다.,2022-07-16 21:19:41
900,7528,37,4,배송이 너무 늦었어요.,2023-01-23 06:58:19
901,7533,43,2,가격 대비 만족합니다.,2022-10-10 12:36:05
902,7536,118,4,재구매 의사 있습니다!,2022-02-10 16:48:10
903,7540,60,2,배송이 빨라서 좋았어요.,2023-06-25 19:30:48
904,7541,145,5,배송이 빨라서 좋았어요.,2023-04-24 01:03:22
905,7544,113,2,가성비 괜찮네요.,2023-11-14 00:59:39
906,7546,11,3,재구매 의사 있습니다!,2024-01-03 14:01:36
907,7547,170,2,품질이 생각보다 별로였어요.,2023-09-16 09:06:37
908,7548,90,5,배송이 너무 늦었어요.,2022-10-16 11:58:19
909,7554,100,2,배송이 빨라서 좋았어요.,2023-01-06 16:29:19
910,7557,16,5,포장 상태가 아쉬웠습니다.,2022-07-17 17:52:58
911,7561,49,4,친구한테 선물했는데 좋아합니다.,2022-10-07 03:46:20
912,7582,111,4,친구한테 선물했는데 좋아합니다.,2022-06-09 20:23:01
913,7591,174,4,품질이 생각보다 별로였어요.,2023-03-16 12:26:48
914,7596,167,5,품질이 생각보다 별로였어요.,2022-04-05 06:01:02
915,7603,59,3,배송이 빨라서 좋았어요.,2023-02-14 08:24:28
916,7628,142,1,배송이 너무 늦었어요.,2023-06-09 22:00:05
917,7632,135,2,가격 대비 만족합니다.,2022-05-16 00:58:11
918,7635,55,4,가격 대비 만족합니다.,2023-04-29 23:44:27
919,7645,106,1,가성비 괜찮네요.,2023-08-04 07:10:37
920,7649,183,5,재구매 의사 있습니다!,2023-02-23 00:25:38
921,7657,108,1,재구매 의사 있습니다!,2022-11-18 18:34:25
922,7661,94,3,포장 상태가 아쉬웠습니다.,2023-06-13 11:51:57
923,7671,120,5,가성비 괜찮네요.,2023-10-26 23:08:22
924,7674,7,2,배송이 빨라서 좋았어요.,2023-03-24 01:22:11
925,7682,191,4,포장 상태가 아쉬웠습니다.,2022-04-30 16:44:41
926,7683,12,4,포장 상태가 아쉬웠습니다.,2023-09-19 16:42:51
927,7686,173,5,배송이 빨라서 좋았어요.,2022-09-17 03:56:05
928,7692,27,5,재구매 의사 있습니다!,2023-05-08 21:10:11
929,7693,39,1,포장 상태가 아쉬웠습니다.,2023-05-27 11:59:27
930,7697,117,2,가성비 괜찮네요.,2023-07-06 09:29:31
931,7700,39,2,재구매 의사 있습니다!,2023-03-26 16:06:59
932,7702,107,2,품질이 생각보다 별로였어요.,2023-06-16 10:48:11
933,7703,148,2,재구매 의사 있습니다!,2022-11-27 00:07:07
934,7723,41,1,가격 대비 만족합니다.,2022-12-02 18:41:11
935,7724,168,3,배송이 빨라서 좋았어요.,2023-05-30 22:41:52
936,7725,21,5,배송이 빨라서 좋았어요.,2023-01-05 01:32:33
937,7745,140,5,재구매 의사 있습니다!,2022-10-30 07:23:45
938,7751,124,3,재구매 의사 있습니다!,2022-02-12 18:43:34
939,7765,163,4,배송이 너무 늦었어요.,2023-06-21 09:30:55
940,7778,119,2,가격 대비 만족합니다.,2022-02-07 07:44:25
941,7780,21,1,배송이 너무 늦었어요.,2023-02-09 23:27:42
942,7781,159,4,가성비 괜찮네요.,2022-02-05 03:39:26
943,7798,75,4,가성비 괜찮네요.,2022-07-08 22:46:11
944,7817,113,3,품질이 생각보다 별로였어요.,2023-08-07 13:54:36
945,7820,49,5,가성비 괜찮네요.,2023-09-30 03:51:31
946,7830,183,4,재구매 의사 있습니다!,2022-02-03 00:34:13
947,7840,148,3,재구매 의사 있습니다!,2023-05-06 19:17:33
948,7842,98,4,포장 상태가 아쉬웠습니다.,2023-06-17 22:36:31
949,7848,171,2,친구한테 선물했는데 좋아합니다.,2023-09-20 03:47:07
950,7851,122,2,품질이 생각보다 별로였어요.,2023-10-30 09:14:47
951,7881,149,2,배송이 너무 늦었어요.,2023-05-07 19:45:44
952,7885,1,2,품질이 생각보다 별로였어요.,2023-07-22 23:21:10
953,7894,22,1,가격 대비 만족합니다.,2022-05-08 19:42:45
954,7896,99,2,재구매 의사 있습니다!,2023-08-10 11:46:20
955,7907,81,1,재구매 의사 있습니다!,2022-02-14 07:10:57
956,7918,60,2,품질이 생각보다 별로였어요.,2022-08-24 23:48:41
957,7929,155,3,품질이 생각보다 별로였어요.,2022-10-14 13:23:12
958,7935,20,1,포장 상태가 아쉬웠습니다.,2023-06-15 16:06:20
959,7955,72,4,배송이 너무 늦었어요.,2022-08-10 10:50:52
960,7971,161,4,가성비 괜찮네요.,2022-03-24 11:00:48
961,7972,199,4,재구매 의사 있습니다!,2023-05-30 20:15:09
962,7976,178,4,포장 상태가 아쉬웠습니다.,2024-01-14 13:06:02
963,7979,68,4,포장 상태가 아쉬웠습니다.,2022-04-16 20:54:22
964,7990,88,1,배송이 너무 늦었어요.,2023-09-11 20:47:52
965,8008,24,3,포장 상태가 아쉬웠습니다.,2023-04-23 11:11:08
966,8013,9,2,배송이 빨라서 좋았어요.,2023-01-14 23:58:32
967,8016,156,4,포장 상태가 아쉬웠습니다.,2023-08-08 08:38:21
968,8017,197,2,재구매 의사 있습니다!,2022-08-05 17:16:24
969,8018,104,4,재구매 의사 있습니다!,2022-11-22 19:39:23
970,8035,17,4,품질이 생각보다 별로였어요.,2023-03-14 17:29:22
971,8042,169,4,가격 대비 만족합니다.,2022-10-25 12:00:22
972,8048,94,4,가격 대비 만족합니다.,2023-06-06 01:39:28
973,8060,42,2,친구한테 선물했는데 좋아합니다.,2023-07-28 22:41:06
974,8076,35,2,배송이 빨라서 좋았어요.,2022-11-02 20:40:56
975,8083,3,3,재구매 의사 있습니다!,2022-05-27 11:27:02
976,8110,101,1,배송이 너무 늦었어요.,2023-02-01 20:11:57
977,8126,107,3,배송이 너무 늦었어요.,2023-03-09 18:02:56
978,8129,18,5,친구한테 선물했는데 좋아합니다.,2022-03-17 17:28:19
979,8143,51,3,배송이 너무 늦었어요.,2023-08-10 00:09:24
980,8144,32,2,배송이 빨라서 좋았어요.,2022-11-05 23:16:34
981,8166,40,5,가격 대비 만족합니다.,2022-12-20 00:09:39
982,8187,41,3,가격 대비 만족합니다.,2023-01-14 02:57:43
983,8188,2,4,재구매 의사 있습니다!,2023-11-09 02:39:25
984,8190,166,3,재구매 의사 있습니다!,2023-07-30 23:28:54
985,8197,93,5,배송이 빨라서 좋았어요.,2023-08-17 17:11:28
986,8209,147,2,가격 대비 만족합니다.,2023-05-17 14:25:18
987,8216,176,4,배송이 너무 늦었어요.,2022-05-12 17:20:46
988,8228,104,2,배송이 빨라서 좋았어요.,2023-02-21 03:59:25
989,8244,78,3,배송이 빨라서 좋았어요.,2022-11-17 09:30:47
990,8268,48,1,품질이 생각보다 별로였어요.,2023-04-03 02:58:03
991,8274,37,1,배송이 너무 늦었어요.,2022-04-07 21:16:43
992,8284,9,3,품질이 생각보다 별로였어요.,2022-04-03 22:27:08
993,8290,160,3,포장 상태가 아쉬웠습니다.,2023-06-08 21:05:10
994,8293,126,4,품질이 생각보다 별로였어요.,2023-06-14 08:33:50
995,8301,84,2,재구매 의사 있습니다!,2023-06-05 00:17:25
996,8311,103,3,배송이 너무 늦었어요.,2024-01-07 01:26:06
997,8323,70,2,가격 대비 만족합니다.,2022-04-22 04:53:43
998,8335,73,3,배송이 빨라서 좋았어요.,2023-03-23 20:22:12
999,8339,154,4,친구한테 선물했는데 좋아합니다.,2024-01-10 14:04:49
1000,8343,148,1,가성비 괜찮네요.,2022-01-30 15:30:05
1001,8350,43,2,가성비 괜찮네요.,2022-12-17 12:26:07
1002,8362,5,3,배송이 빨라서 좋았어요.,2023-04-01 18:29:35
1003,8370,110,5,재구매 의사 있습니다!,2022-07-01 18:09:52
1004,8388,62,1,친구한테 선물했는데 좋아합니다.,2022-08-23 01:05:54
1005,8391,176,5,배송이 너무 늦었어요.,2022-05-20 20:17:26
1006,8397,119,5,배송이 너무 늦었어요.,2023-07-07 11:03:29
1007,8403,179,4,가성비 괜찮네요.,2023-07-02 05:03:21
1008,8408,95,5,가격 대비 만족합니다.,2023-01-18 18:20:01
1009,8416,170,3,품질이 생각보다 별로였어요.,2023-10-01 03:13:03
1010,8426,113,5,친구한테 선물했는데 좋아합니다.,2023-05-28 23:03:02
1011,8430,144,2,재구매 의사 있습니다!,2022-04-12 15:37:38
1012,8431,168,2,품질이 생각보다 별로였어요.,2023-03-11 11:44:28
1013,8436,143,1,포장 상태가 아쉬웠습니다.,2024-01-25 03:54:13
1014,8442,150,4,재구매 의사 있습니다!,2022-11-12 10:00:24
1015,8445,73,3,재구매 의사 있습니다!,2023-01-29 22:38:01
1016,8447,193,1,배송이 빨라서 좋았어요.,2023-12-01 18:38:30
1017,8454,27,1,가격 대비 만족합니다.,2023-06-25 09:18:25
1018,8482,61,1,가성비 괜찮네요.,2022-08-07 11:45:08
1019,8491,98,3,가성비 괜찮네요.,2023-07-25 15:09:39
1020,8507,163,5,재구매 의사 있습니다!,2023-09-02 02:05:18
1021,8514,139,2,가성비 괜찮네요.,2023-03-17 01:04:04
1022,8517,113,1,포장 상태가 아쉬웠습니다.,2023-03-14 10:29:33
1023,8520,103,3,친구한테 선물했는데 좋아합니다.,2023-09-21 08:55:59
1024,8522,115,5,품질이 생각보다 별로였어요.,2022-03-05 06:46:23
1025,8524,107,5,친구한테 선물했는데 좋아합니다.,2022-02-15 09:49:52
1026,8541,152,5,친구한테 선물했는데 좋아합니다.,2023-03-15 00:44:09
1027,8543,48,3,포장 상태가 아쉬웠습니다.,2023-10-05 17:21:13
1028,8545,85,4,배송이 너무 늦었어요.,2022-02-17 00:51:40
1029,8557,173,5,배송이 너무 늦었어요.,2023-04-21 11:49:46
1030,8565,19,1,배송이 너무 늦었어요.,2023-02-28 01:23:49
1031,8567,159,4,배송이 너무 늦었어요.,2022-04-23 22:20:23
1032,8572,115,3,배송이 너무 늦었어요.,2022-11-13 07:43:34
1033,8577,105,5,품질이 생각보다 별로였어요.,2022-02-05 17:48:28
1034,8578,40,5,품질이 생각보다 별로였어요.,2023-12-30 21:03:44
1035,8581,4,5,재구매 의사 있습니다!,2023-05-10 04:28:37
1036,8592,154,4,가성비 괜찮네요.,2023-06-18 13:53:31
1037,8595,168,2,재구매 의사 있습니다!,2023-05-03 20:00:17
1038,8605,11,2,배송이 빨라서 좋았어요.,2023-01-12 12:54:25
1039,8619,156,3,배송이 너무 늦었어요.,2023-07-06 07:42:31
1040,8630,176,5,가격 대비 만족합니다.,2023-04-20 03:54:16
1041,8668,185,1,포장 상태가 아쉬웠습니다.,2022-06-09 22:22:33
1042,8676,60,1,포장 상태가 아쉬웠습니다.,2022-11-19 08:00:43
1043,8677,179,5,배송이 빨라서 좋았어요.,2023-02-02 20:04:46
1044,8696,157,2,가격 대비 만족합니다.,2023-07-10 20:12:58
1045,8704,105,2,친구한테 선물했는데 좋아합니다.,2023-01-21 02:30:22
1046,8710,172,4,포장 상태가 아쉬웠습니다.,2023-07-02 08:35:59
1047,8718,85,1,배송이 너무 늦었어요.,2023-11-08 09:13:50
1048,8720,57,5,가성비 괜찮네요.,2023-07-08 13:24:25
1049,8751,139,4,가성비 괜찮네요.,2022-03-10 09:49:22
1050,8754,169,5,품질이 생각보다 별로였어요.,2023-08-26 00:21:04
1051,8756,166,3,포장 상태가 아쉬웠습니다.,2022-01-30 10:57:46
1052,8772,151,5,배송이 너무 늦었어요.,2022-10-04 11:45:31
1053,8773,156,1,배송이 빨라서 좋았어요.,2023-02-01 22:42:00
1054,8782,104,4,친구한테 선물했는데 좋아합니다.,2023-03-28 12:39:05
1055,8783,44,2,포장 상태가 아쉬웠습니다.,2023-11-23 10:40:33
1056,8784,75,1,가성비 괜찮네요.,2022-02-02 08:06:53
1057,8791,145,3,배송이 빨라서 좋았어요.,2023-10-17 07:23:22
1058,8792,86,5,배송이 너무 늦었어요.,2022-03-29 05:58:14
1059,8794,90,4,친구한테 선물했는데 좋아합니다.,2023-03-30 09:32:59
1060,8803,187,5,포장 상태가 아쉬웠습니다.,2024-01-18 15:58:45
1061,8805,34,4,포장 상태가 아쉬웠습니다.,2022-03-12 06:55:37
1062,8809,5,1,친구한테 선물했는데 좋아합니다.,2023-10-29 21:55:32
1063,8814,125,5,포장 상태가 아쉬웠습니다.,2022-10-03 10:28:22
1064,8817,36,2,배송이 빨라서 좋았어요.,2023-07-05 14:20:12
1065,8839,74,2,가성비 괜찮네요.,2023-08-21 03:48:45
1066,8841,142,2,배송이 빨라서 좋았어요.,2023-05-20 20:02:46
1067,8844,45,4,친구한테 선물했는데 좋아합니다.,2023-04-17 14:33:26
1068,8848,190,5,재구매 의사 있습니다!,2022-10-31 16:47:57
1069,8859,193,4,친구한테 선물했는데 좋아합니다.,2023-12-03 19:49:59
1070,8875,79,5,배송이 빨라서 좋았어요.,2023-10-07 11:59:38
1071,8882,13,2,가성비 괜찮네요.,2023-05-16 17:34:02
1072,8883,108,3,배송이 너무 늦었어요.,2022-06-11 19:05:00
1073,8890,86,5,포장 상태가 아쉬웠습니다.,2022-01-31 18:13:07
1074,8898,109,4,가격 대비 만족합니다.,2023-02-09 09:18:37
1075,8902,71,4,재구매 의사 있습니다!,2022-10-08 22:25:27
1076,8950,88,4,재구매 의사 있습니다!,2023-05-19 08:17:26
1077,8954,38,3,배송이 빨라서 좋았어요.,2022-12-20 06:36:15
1078,8963,54,4,가성비 괜찮네요.,2023-02-24 08:51:51
1079,8998,26,4,가격 대비 만족합니다.,2023-02-01 10:36:18
1080,9002,3,1,재구매 의사 있습니다!,2022-04-05 17:24:22
1081,9011,134,3,재구매 의사 있습니다!,2023-02-09 04:29:17
1082,9013,52,3,배송이 너무 늦었어요.,2022-05-26 13:25:05
1083,9016,190,1,가성비 괜찮네요.,2022-08-30 02:42:24
1084,9021,142,3,품질이 생각보다 별로였어요.,2022-12-29 09:20:28
1085,9033,43,1,배송이 빨라서 좋았어요.,2023-11-22 03:43:29
1086,9035,160,3,배송이 빨라서 좋았어요.,2023-11-16 23:26:28
1087,9043,99,2,가성비 괜찮네요.,2023-03-20 10:33:38
1088,9045,30,4,품질이 생각보다 별로였어요.,2022-12-15 09:55:20
1089,9049,110,3,친구한테 선물했는데 좋아합니다.,2022-07-10 06:10:17
1090,9051,52,3,배송이 빨라서 좋았어요.,2022-12-24 20:18:03
1091,9060,10,2,가격 대비 만족합니다.,2023-04-25 07:55:39
1092,9076,188,4,품질이 생각보다 별로였어요.,2022-09-19 02:33:43
1093,9082,147,5,가성비 괜찮네요.,2022-09-23 09:27:56
1094,9090,189,4,재구매 의사 있습니다!,2023-06-21 16:00:04
1095,9091,153,3,배송이 빨라서 좋았어요.,2022-09-27 02:57:36
1096,9103,158,3,포장 상태가 아쉬웠습니다.,2023-11-01 23:07:00
1097,9115,191,5,포장 상태가 아쉬웠습니다.,2022-11-28 08:41:55
1098,9132,94,5,배송이 너무 늦었어요.,2023-05-17 17:21:32
1099,9150,39,3,배송이 너무 늦었어요.,2022-05-19 17:02:59
1100,9162,19,4,배송이 빨라서 좋았어요.,2022-02-17 18:43:08
1101,9170,76,1,가격 대비 만족합니다.,2023-12-13 01:54:43
1102,9175,134,5,포장 상태가 아쉬웠습니다.,2023-10-23 22:31:54
1103,9176,88,3,배송이 빨라서 좋았어요.,2023-05-01 23:57:24
1104,9182,115,3,재구매 의사 있습니다!,2022-04-17 13:54:39
1105,9187,164,1,배송이 너무 늦었어요.,2022-02-01 19:37:23
1106,9190,164,1,친구한테 선물했는데 좋아합니다.,2022-05-28 14:19:28
1107,9199,28,2,배송이 빨라서 좋았어요.,2023-11-23 01:45:50
1108,9215,186,4,품질이 생각보다 별로였어요.,2023-01-13 05:54:55
1109,9225,35,2,품질이 생각보다 별로였어요.,2024-01-15 11:31:54
1110,9226,35,4,재구매 의사 있습니다!,2023-03-30 05:39:47
1111,9227,100,1,친구한테 선물했는데 좋아합니다.,2023-02-06 05:43:05
1112,9232,1,1,배송이 너무 늦었어요.,2022-06-29 13:57:23
1113,9247,96,3,배송이 너무 늦었어요.,2022-06-05 21:49:24
1114,9273,183,4,가성비 괜찮네요.,2023-05-19 04:49:07
1115,9276,190,4,품질이 생각보다 별로였어요.,2022-09-23 14:25:12
1116,9282,143,2,배송이 빨라서 좋았어요.,2023-03-17 12:34:05
1117,9287,103,1,재구매 의사 있습니다!,2023-04-20 00:13:35
1118,9297,35,1,친구한테 선물했는데 좋아합니다.,2023-03-15 16:30:28
1119,9303,133,3,재구매 의사 있습니다!,2023-06-26 04:12:51
1120,9312,70,3,가성비 괜찮네요.,2022-10-30 18:43:38
1121,9321,196,4,친구한테 선물했는데 좋아합니다.,2023-11-30 10:19:42
1122,9331,102,2,배송이 빨라서 좋았어요.,2024-01-04 20:50:31
1123,9342,49,5,가성비 괜찮네요.,2022-02-13 03:01:50
1124,9378,67,3,가격 대비 만족합니다.,2023-09-18 07:29:52
1125,9383,125,3,재구매 의사 있습니다!,2023-08-09 14:12:01
1126,9385,4,5,친구한테 선물했는데 좋아합니다.,2023-02-25 04:18:40
1127,9391,179,2,배송이 빨라서 좋았어요.,2022-01-24 08:51:01
1128,9399,93,1,배송이 너무 늦었어요.,2022-11-01 18:34:29
1129,9400,72,5,배송이 빨라서 좋았어요.,2023-12-29 17:40:43
1130,9416,103,3,재구매 의사 있습니다!,2023-01-23 16:17:12
1131,9437,82,1,배송이 너무 늦었어요.,2022-09-03 15:20:34
1132,9438,60,4,배송이 빨라서 좋았어요.,2022-09-28 02:41:06
1133,9443,61,3,가격 대비 만족합니다.,2023-06-08 17:42:10
1134,9456,122,5,친구한테 선물했는데 좋아합니다.,2022-09-07 14:31:27
1135,9467,190,1,재구매 의사 있습니다!,2022-07-28 09:56:32
1136,9468,81,1,품질이 생각보다 별로였어요.,2023-11-10 08:44:46
1137,9477,148,2,가성비 괜찮네요.,2023-12-02 04:24:12
1138,9481,23,4,품질이 생각보다 별로였어요.,2023-10-02 07:19:17
1139,9485,80,5,가성비 괜찮네요.,2022-04-27 17:41:06
1140,9493,17,3,가성비 괜찮네요.,2023-10-21 15:40:40
1141,9497,196,2,품질이 생각보다 별로였어요.,2023-09-02 22:06:44
1142,9500,64,5,가격 대비 만족합니다.,2023-06-12 23:05:23
1143,9505,133,1,재구매 의사 있습니다!,2023-05-08 21:03:10
1144,9509,173,3,가성비 괜찮네요.,2023-10-04 19:35:55
1145,9519,182,2,배송이 빨라서 좋았어요.,2022-04-02 02:13:45
1146,9520,105,2,재구매 의사 있습니다!,2023-12-24 23:18:48
1147,9541,175,4,가성비 괜찮네요.,2023-10-02 09:34:25
1148,9542,22,1,재구매 의사 있습니다!,2022-05-24 21:56:34
1149,9543,103,2,품질이 생각보다 별로였어요.,2023-07-15 10:02:37
1150,9556,187,4,포장 상태가 아쉬웠습니다.,2022-11-15 15:48:56
1151,9579,126,3,배송이 너무 늦었어요.,2022-08-12 15:07:21
1152,9588,145,4,배송이 빨라서 좋았어요.,2022-02-17 01:05:25
1153,9596,62,3,품질이 생각보다 별로였어요.,2023-05-10 16:00:51
1154,9608,128,1,가격 대비 만족합니다.,2022-12-15 05:33:21
1155,9617,54,1,배송이 빨라서 좋았어요.,2023-08-06 15:49:33
1156,9620,6,5,배송이 너무 늦었어요.,2023-09-28 18:08:08
1157,9631,23,5,품질이 생각보다 별로였어요.,2023-11-18 01:37:27
1158,9634,171,4,친구한테 선물했는데 좋아합니다.,2023-06-13 10:01:14
1159,9636,73,2,품질이 생각보다 별로였어요.,2023-05-30 16:11:06
1160,9648,161,1,가격 대비 만족합니다.,2023-08-28 21:44:59
1161,9655,200,4,배송이 빨라서 좋았어요.,2022-01-18 18:07:07
1162,9657,52,1,배송이 너무 늦었어요.,2022-07-20 01:50:48
1163,9663,15,3,가성비 괜찮네요.,2023-11-03 00:40:26
1164,9694,50,5,배송이 빨라서 좋았어요.,2023-05-22 15:25:00
1165,9701,31,1,재구매 의사 있습니다!,2022-07-19 21:25:16
1166,9707,132,4,배송이 빨라서 좋았어요.,2022-03-10 16:44:45
1167,9709,182,5,포장 상태가 아쉬웠습니다.,2023-05-02 06:31:17
1168,9714,184,4,품질이 생각보다 별로였어요.,2022-12-26 22:04:10
1169,9724,150,3,배송이 빨라서 좋았어요.,2023-12-13 21:55:59
1170,9733,156,4,친구한테 선물했는데 좋아합니다.,2023-11-22 09:37:08
1171,9736,153,2,포장 상태가 아쉬웠습니다.,2022-04-20 06:45:51
1172,9743,31,2,포장 상태가 아쉬웠습니다.,2022-04-27 02:32:06
1173,9747,197,3,배송이 빨라서 좋았어요.,2022-02-28 14:28:50
1174,9748,72,1,재구매 의사 있습니다!,2022-03-11 06:26:13
1175,9782,67,2,배송이 너무 늦었어요.,2022-06-19 03:28:10
1176,9784,24,2,배송이 빨라서 좋았어요.,2023-12-23 16:09:07
1177,9789,52,1,포장 상태가 아쉬웠습니다.,2022-09-12 02:38:51
1178,9790,143,3,배송이 빨라서 좋았어요.,2022-03-01 20:57:25
1179,9797,10,3,친구한테 선물했는데 좋아합니다.,2023-05-25 20:59:21
1180,9798,114,4,친구한테 선물했는데 좋아합니다.,2022-11-09 23:58:44
1181,9801,56,1,친구한테 선물했는데 좋아합니다.,2022-11-02 21:38:07
1182,9816,82,1,배송이 너무 늦었어요.,2022-03-31 22:21:14
1183,9821,2,5,배송이 빨라서 좋았어요.,2023-03-13 08:38:30
1184,9824,47,1,가성비 괜찮네요.,2022-05-15 16:41:30
1185,9829,134,1,친구한테 선물했는데 좋아합니다.,2022-11-28 18:02:28
1186,9833,110,4,친구한테 선물했는데 좋아합니다.,2022-07-19 00:56:02
1187,9853,43,4,재구매 의사 있습니다!,2023-06-04 13:34:44
1188,9863,54,1,배송이 빨라서 좋았어요.,2022-12-17 21:43:42
1189,9864,166,4,가성비 괜찮네요.,2022-07-18 06:06:19
1190,9886,127,1,가격 대비 만족합니다.,2023-03-08 08:12:50
1191,9895,93,4,배송이 빨라서 좋았어요.,2023-11-02 19:47:51
1192,9896,173,3,재구매 의사 있습니다!,2022-08-09 07:43:16
1193,9952,169,2,재구매 의사 있습니다!,2023-07-14 16:48:54
1194,9953,170,3,배송이 빨라서 좋았어요.,2022-12-28 00:04:13
1195,9962,20,5,친구한테 선물했는데 좋아합니다.,2022-02-12 20:53:28
1196,9966,196,2,배송이 빨라서 좋았어요.,2022-06-23 08:04:41
1197,9971,5,3,친구한테 선물했는데 좋아합니다.,2022-12-19 18:26:11
1198,9980,187,3,포장 상태가 아쉬웠습니다.,2022-06-06 05:28:19
1199,9995,126,2,가성비 괜찮네요.,2023-09-28 21:36:16
1200,10007,195,2,포장 상태가 아쉬웠습니다.,2023-01-30 03:44:03
1201,10013,165,2,가격 대비 만족합니다.,2023-06-21 10:41:05
1202,10015,31,5,재구매 의사 있습니다!,2023-11-23 22:51:43
1203,10022,106,1,포장 상태가 아쉬웠습니다.,2022-07-10 00:24:38
1204,10037,82,1,품질이 생각보다 별로였어요.,2024-01-16 03:41:01
1205,10051,175,3,가성비 괜찮네요.,2023-01-15 09:34:28
1206,10052,4,5,포장 상태가 아쉬웠습니다.,2023-12-25 03:58:56
1207,10070,24,3,배송이 빨라서 좋았어요.,2023-06-15 10:36:18
1208,10078,90,4,배송이 너무 늦었어요.,2024-01-02 14:08:44
1209,10081,16,3,품질이 생각보다 별로였어요.,2023-05-21 19:59:02
1210,10087,84,5,가격 대비 만족합니다.,2022-04-06 22:37:24
1211,10090,194,1,가격 대비 만족합니다.,2022-10-23 18:55:17
1212,10097,78,3,가격 대비 만족합니다.,2022-09-22 22:43:26
1213,10101,153,3,배송이 너무 늦었어요.,2022-06-19 18:37:41
1214,10105,189,2,친구한테 선물했는데 좋아합니다.,2022-09-06 21:40:05
1215,10125,191,1,배송이 빨라서 좋았어요.,2022-04-26 21:28:19
1216,10131,200,2,친구한테 선물했는데 좋아합니다.,2023-01-02 11:07:43
1217,10147,82,4,배송이 빨라서 좋았어요.,2022-11-04 02:44:52
1218,10150,101,1,재구매 의사 있습니다!,2023-09-04 12:40:42
1219,10153,83,2,가성비 괜찮네요.,2022-06-25 12:35:57
1220,10156,1,5,친구한테 선물했는데 좋아합니다.,2022-09-25 05:28:29
1221,10170,81,1,친구한테 선물했는데 좋아합니다.,2023-09-29 01:14:50
1222,10173,67,3,품질이 생각보다 별로였어요.,2022-12-28 16:25:18
1223,10176,129,3,포장 상태가 아쉬웠습니다.,2022-04-15 03:36:43
1224,10179,3,2,친구한테 선물했는데 좋아합니다.,2022-04-18 02:31:48
1225,10185,186,2,배송이 너무 늦었어요.,2022-05-14 12:50:24
1226,10199,10,5,가격 대비 만족합니다.,2023-10-21 10:04:23
1227,10208,60,1,가격 대비 만족합니다.,2022-06-03 23:11:44
1228,10209,112,5,친구한테 선물했는데 좋아합니다.,2022-08-14 17:06:37
1229,10216,127,5,재구매 의사 있습니다!,2022-08-18 12:58:46
1230,10218,5,3,포장 상태가 아쉬웠습니다.,2022-04-03 02:16:20
1231,10221,47,5,재구매 의사 있습니다!,2022-11-04 07:22:27
1232,10225,175,5,배송이 빨라서 좋았어요.,2022-08-14 20:59:56
1233,10226,104,1,품질이 생각보다 별로였어요.,2022-06-16 07:15:04
1234,10227,191,1,품질이 생각보다 별로였어요.,2023-08-22 03:23:21
1235,10245,11,1,가성비 괜찮네요.,2023-09-05 18:10:29
1236,10274,175,5,포장 상태가 아쉬웠습니다.,2023-01-23 11:23:02
1237,10287,168,3,가성비 괜찮네요.,2022-07-22 00:29:27
1238,10291,119,4,배송이 빨라서 좋았어요.,2022-06-12 10:55:34
1239,10302,192,5,배송이 빨라서 좋았어요.,2023-09-16 20:09:06
1240,10325,60,2,가격 대비 만족합니다.,2023-06-18 15:51:03
1241,10327,83,2,배송이 빨라서 좋았어요.,2023-08-04 21:43:06
1242,10330,2,4,가성비 괜찮네요.,2022-07-31 13:34:07
1243,10332,45,5,가격 대비 만족합니다.,2022-09-27 22:35:00
1244,10354,178,5,가성비 괜찮네요.,2023-01-01 06:34:12
1245,10363,191,1,가성비 괜찮네요.,2022-05-02 06:26:22
1246,10369,53,2,품질이 생각보다 별로였어요.,2023-01-06 13:07:54
1247,10370,59,4,가격 대비 만족합니다.,2023-09-02 14:39:46
1248,10371,68,1,친구한테 선물했는데 좋아합니다.,2022-09-14 23:06:13
1249,10383,129,4,재구매 의사 있습니다!,2023-01-02 19:33:57
1250,10385,143,4,재구매 의사 있습니다!,2023-10-20 10:45:54
1251,10389,90,4,포장 상태가 아쉬웠습니다.,2023-01-17 20:52:46
1252,10393,24,5,포장 상태가 아쉬웠습니다.,2022-11-12 07:45:14
1253,10417,188,5,친구한테 선물했는데 좋아합니다.,2023-11-18 05:07:12
1254,10419,152,3,재구매 의사 있습니다!,2023-05-11 05:30:16
1255,10425,42,4,친구한테 선물했는데 좋아합니다.,2023-04-06 00:21:52
1256,10434,151,4,가성비 괜찮네요.,2022-09-30 10:15:54
1257,10443,74,2,포장 상태가 아쉬웠습니다.,2022-03-31 13:03:11
1258,10448,89,4,배송이 빨라서 좋았어요.,2022-03-07 22:21:00
1259,10449,81,5,가격 대비 만족합니다.,2022-05-22 00:30:16
1260,10457,176,4,품질이 생각보다 별로였어요.,2022-07-30 14:37:19
1261,10460,109,1,품질이 생각보다 별로였어요.,2023-12-19 13:56:10
1262,10462,57,4,가성비 괜찮네요.,2023-04-17 13:23:57
1263,10488,131,5,배송이 너무 늦었어요.,2022-04-27 16:31:38
1264,10493,11,1,배송이 너무 늦었어요.,2022-07-20 17:13:59
1265,10499,81,3,배송이 빨라서 좋았어요.,2023-05-10 09:43:52
1266,10509,48,3,친구한테 선물했는데 좋아합니다.,2022-03-29 23:33:54
1267,10524,55,3,재구매 의사 있습니다!,2022-11-13 17:12:19
1268,10535,181,3,가격 대비 만족합니다.,2023-06-28 11:46:06
1269,10553,53,3,배송이 빨라서 좋았어요.,2023-01-16 12:56:56
1270,10585,45,5,포장 상태가 아쉬웠습니다.,2022-02-25 20:41:33
1271,10607,96,4,포장 상태가 아쉬웠습니다.,2022-02-07 04:40:27
1272,10622,89,2,재구매 의사 있습니다!,2022-06-09 14:20:18
1273,10630,75,2,가격 대비 만족합니다.,2023-06-06 08:01:36
1274,10643,8,2,가성비 괜찮네요.,2023-03-07 11:58:37
1275,10646,130,5,배송이 너무 늦었어요.,2023-07-04 18:42:15
1276,10652,45,1,친구한테 선물했는데 좋아합니다.,2022-12-10 15:24:54
1277,10659,45,4,배송이 빨라서 좋았어요.,2022-09-07 21:31:58
1278,10664,92,3,배송이 너무 늦었어요.,2023-09-26 05:38:57
1279,10686,77,3,배송이 빨라서 좋았어요.,2023-03-17 14:48:45
1280,10700,110,3,배송이 너무 늦었어요.,2022-12-10 09:31:20
1281,10703,72,1,가성비 괜찮네요.,2022-05-24 00:57:08
1282,10708,160,3,배송이 너무 늦었어요.,2023-04-14 15:36:38
1283,10712,124,4,친구한테 선물했는데 좋아합니다.,2023-05-13 22:27:41
1284,10715,127,1,배송이 빨라서 좋았어요.,2023-08-08 21:20:20
1285,10725,78,4,친구한테 선물했는데 좋아합니다.,2023-04-25 10:24:38
1286,10727,80,4,배송이 빨라서 좋았어요.,2023-04-25 11:00:22
1287,10735,25,5,가성비 괜찮네요.,2023-11-13 07:47:51
1288,10746,86,3,품질이 생각보다 별로였어요.,2023-12-08 10:06:14
1289,10765,197,4,가격 대비 만족합니다.,2022-11-10 10:20:21
1290,10771,17,3,친구한테 선물했는데 좋아합니다.,2023-06-16 11:39:24
1291,10778,143,3,가성비 괜찮네요.,2022-02-11 07:28:28
1292,10797,106,5,재구매 의사 있습니다!,2022-02-07 18:01:29
1293,10798,117,2,친구한테 선물했는데 좋아합니다.,2022-03-17 22:55:22
1294,10801,14,3,품질이 생각보다 별로였어요.,2023-04-08 12:40:00
1295,10805,15,5,배송이 빨라서 좋았어요.,2022-09-28 13:48:50
1296,10817,30,4,가성비 괜찮네요.,2022-05-05 02:29:29
1297,10823,148,2,가성비 괜찮네요.,2023-07-16 04:10:09
1298,10826,27,1,포장 상태가 아쉬웠습니다.,2022-11-11 08:12:17
1299,10835,160,1,가성비 괜찮네요.,2023-04-09 16:45:55
1300,10836,19,4,배송이 빨라서 좋았어요.,2023-06-06 09:01:39
1301,10837,191,2,포장 상태가 아쉬웠습니다.,2022-07-05 06:49:39
1302,10862,120,5,포장 상태가 아쉬웠습니다.,2023-02-21 17:09:09
1303,10873,112,3,가성비 괜찮네요.,2022-11-08 16:58:06
1304,10877,137,2,배송이 빨라서 좋았어요.,2022-11-26 04:10:06
1305,10878,141,3,재구매 의사 있습니다!,2023-07-04 07:08:42
1306,10879,78,5,품질이 생각보다 별로였어요.,2022-03-08 07:11:51
1307,10911,30,5,품질이 생각보다 별로였어요.,2023-05-22 20:28:50
1308,10944,154,2,배송이 너무 늦었어요.,2022-09-07 01:59:49
1309,10948,82,2,가격 대비 만족합니다.,2022-03-16 11:33:35
1310,10956,198,3,가성비 괜찮네요.,2022-07-31 20:44:49
1311,10960,67,3,포장 상태가 아쉬웠습니다.,2022-02-25 10:25:45
1312,10962,141,2,친구한테 선물했는데 좋아합니다.,2022-08-31 16:15:36
1313,10964,80,1,품질이 생각보다 별로였어요.,2022-07-01 19:51:17
1314,10966,161,1,포장 상태가 아쉬웠습니다.,2023-04-07 18:12:15
1315,10968,171,1,품질이 생각보다 별로였어요.,2023-04-24 05:50:19
1316,10974,98,4,가성비 괜찮네요.,2023-07-26 06:52:20
1317,10975,104,3,재구매 의사 있습니다!,2023-05-07 13:01:44
1318,10982,179,5,친구한테 선물했는데 좋아합니다.,2022-02-10 06:46:37
1319,11001,185,2,가격 대비 만족합니다.,2023-12-15 08:30:24
1320,11028,136,2,배송이 너무 늦었어요.,2023-02-11 02:03:56
1321,11037,31,5,가격 대비 만족합니다.,2023-07-12 19:37:22
1322,11039,173,3,배송이 빨라서 좋았어요.,2023-09-21 02:01:17
1323,11061,43,2,친구한테 선물했는데 좋아합니다.,2023-03-06 04:11:13
1324,11063,140,5,품질이 생각보다 별로였어요.,2023-10-21 02:02:39
1325,11074,16,3,재구매 의사 있습니다!,2023-12-15 14:34:15
1326,11087,97,4,품질이 생각보다 별로였어요.,2022-05-31 02:18:26
1327,11135,2,5,가성비 괜찮네요.,2023-08-17 14:39:20
1328,11150,185,1,재구매 의사 있습니다!,2023-03-13 14:38:29
1329,11157,155,3,품질이 생각보다 별로였어요.,2023-01-14 15:25:56
1330,11161,17,1,친구한테 선물했는데 좋아합니다.,2022-08-14 03:50:46
1331,11198,74,1,재구매 의사 있습니다!,2022-12-13 01:01:47
1332,11199,71,4,품질이 생각보다 별로였어요.,2022-09-29 14:14:56
1333,11202,151,2,친구한테 선물했는데 좋아합니다.,2023-07-04 07:24:50
1334,11203,106,3,친구한테 선물했는데 좋아합니다.,2022-06-14 13:33:56
1335,11209,139,3,친구한테 선물했는데 좋아합니다.,2022-01-20 18:29:42
1336,11216,105,3,가격 대비 만족합니다.,2022-04-11 22:03:47
1337,11228,185,5,포장 상태가 아쉬웠습니다.,2022-10-09 05:17:16
1338,11229,169,1,포장 상태가 아쉬웠습니다.,2022-10-06 11:57:05
1339,11233,25,2,가성비 괜찮네요.,2022-10-05 17:20:03
1340,11237,143,1,가격 대비 만족합니다.,2024-01-13 21:12:07
1341,11243,138,2,품질이 생각보다 별로였어요.,2023-08-31 06:59:56
1342,11246,29,3,친구한테 선물했는데 좋아합니다.,2023-12-08 04:20:51
1343,11252,102,1,배송이 너무 늦었어요.,2022-08-13 03:08:16
1344,11266,147,5,포장 상태가 아쉬웠습니다.,2022-10-09 19:29:38
1345,11288,48,4,재구매 의사 있습니다!,2022-08-18 17:46:11
1346,11293,146,5,배송이 너무 늦었어요.,2024-01-07 11:43:52
1347,11297,55,1,포장 상태가 아쉬웠습니다.,2023-05-05 01:45:09
1348,11298,28,4,재구매 의사 있습니다!,2023-11-13 02:29:32
1349,11299,97,3,배송이 빨라서 좋았어요.,2023-04-03 21:18:07
1350,11309,172,5,친구한테 선물했는데 좋아합니다.,2022-02-21 02:34:33
1351,11312,51,4,배송이 빨라서 좋았어요.,2022-03-24 04:55:44
1352,11322,105,2,재구매 의사 있습니다!,2022-08-30 07:52:56
1353,11331,72,2,배송이 빨라서 좋았어요.,2022-10-05 02:14:28
1354,11334,136,3,가성비 괜찮네요.,2022-03-28 21:43:24
1355,11352,18,1,친구한테 선물했는데 좋아합니다.,2022-06-16 08:26:59
1356,11353,178,2,재구매 의사 있습니다!,2023-09-07 16:47:57
1357,11366,106,1,친구한테 선물했는데 좋아합니다.,2023-01-31 04:29:01
1358,11381,200,4,배송이 빨라서 좋았어요.,2023-05-19 12:53:43
1359,11396,79,3,친구한테 선물했는데 좋아합니다.,2022-10-28 20:19:57
1360,11397,5,5,품질이 생각보다 별로였어요.,2023-11-06 12:52:29
1361,11403,86,5,재구매 의사 있습니다!,2022-09-01 04:14:54
1362,11407,14,1,가격 대비 만족합니다.,2023-09-13 21:28:18
1363,11420,133,5,배송이 빨라서 좋았어요.,2023-01-25 08:32:44
1364,11425,140,3,재구매 의사 있습니다!,2023-06-01 06:00:01
1365,11426,186,4,배송이 빨라서 좋았어요.,2022-05-18 12:28:57
1366,11444,148,2,친구한테 선물했는데 좋아합니다.,2022-11-24 05:22:23
1367,11453,88,3,친구한테 선물했는데 좋아합니다.,2024-01-03 06:08:23
1368,11457,135,4,재구매 의사 있습니다!,2023-09-06 00:55:11
1369,11484,51,1,배송이 너무 늦었어요.,2023-07-01 20:40:50
1370,11489,108,3,재구매 의사 있습니다!,2022-10-13 18:49:01
1371,11528,5,2,가격 대비 만족합니다.,2023-08-05 12:30:51
1372,11536,102,2,재구매 의사 있습니다!,2023-09-20 20:37:58
1373,11571,37,5,가격 대비 만족합니다.,2023-08-29 20:27:16
1374,11572,59,1,배송이 너무 늦었어요.,2022-05-12 06:21:45
1375,11577,13,5,가격 대비 만족합니다.,2022-05-27 17:22:28
1376,11585,39,3,가성비 괜찮네요.,2023-03-31 16:00:41
1377,11589,110,3,품질이 생각보다 별로였어요.,2023-05-28 12:10:36
1378,11601,66,4,배송이 너무 늦었어요.,2024-01-04 03:57:39
1379,11610,194,4,재구매 의사 있습니다!,2022-09-18 21:40:09
1380,11614,167,5,배송이 빨라서 좋았어요.,2022-05-16 12:07:51
1381,11615,172,5,가성비 괜찮네요.,2023-01-23 01:51:12
1382,11619,22,1,품질이 생각보다 별로였어요.,2022-08-01 03:21:12
1383,11621,34,2,가성비 괜찮네요.,2023-07-11 21:49:01
1384,11625,62,2,친구한테 선물했는데 좋아합니다.,2023-02-26 03:18:37
1385,11640,131,2,포장 상태가 아쉬웠습니다.,2022-02-11 22:00:07
1386,11644,37,1,가성비 괜찮네요.,2023-11-29 22:11:46
1387,11645,194,5,친구한테 선물했는데 좋아합니다.,2023-06-21 08:58:47
1388,11656,85,5,친구한테 선물했는데 좋아합니다.,2023-11-23 09:21:55
1389,11679,200,3,가격 대비 만족합니다.,2022-04-27 14:17:46
1390,11687,198,5,품질이 생각보다 별로였어요.,2022-07-23 19:23:21
1391,11689,131,1,배송이 빨라서 좋았어요.,2023-06-21 06:22:56
1392,11707,190,2,배송이 너무 늦었어요.,2023-03-01 01:58:05
1393,11711,42,5,배송이 빨라서 좋았어요.,2022-08-20 22:44:57
1394,11715,23,5,배송이 너무 늦었어요.,2022-11-19 06:50:15
1395,11717,158,3,재구매 의사 있습니다!,2022-07-27 23:53:34
1396,11718,177,5,품질이 생각보다 별로였어요.,2022-04-22 06:30:29
1397,11730,123,5,배송이 빨라서 좋았어요.,2023-11-19 06:00:21
1398,11742,187,4,재구매 의사 있습니다!,2022-07-23 23:40:49
1399,11751,139,5,가격 대비 만족합니다.,2022-12-04 08:03:22
1400,11759,98,4,친구한테 선물했는데 좋아합니다.,2023-04-17 08:43:05
1401,11760,23,2,가격 대비 만족합니다.,2023-02-03 19:21:11
1402,11762,186,2,재구매 의사 있습니다!,2023-03-22 20:24:54
1403,11775,139,2,배송이 너무 늦었어요.,2023-09-24 09:00:21
1404,11781,48,1,배송이 너무 늦었어요.,2023-05-02 05:00:41
1405,11798,60,1,배송이 너무 늦었어요.,2022-07-31 10:36:13
1406,11814,123,3,친구한테 선물했는데 좋아합니다.,2022-03-13 05:12:55
1407,11815,143,1,가성비 괜찮네요.,2022-02-03 11:38:31
1408,11828,4,2,가성비 괜찮네요.,2023-11-26 03:37:40
1409,11834,158,4,배송이 너무 늦었어요.,2022-06-04 10:42:53
1410,11839,80,1,포장 상태가 아쉬웠습니다.,2023-07-15 11:17:54
1411,11843,146,4,포장 상태가 아쉬웠습니다.,2022-11-07 17:32:57
1412,11850,114,5,친구한테 선물했는데 좋아합니다.,2022-09-27 15:01:14
1413,11852,188,3,포장 상태가 아쉬웠습니다.,2022-01-09 12:06:53
1414,11853,102,3,품질이 생각보다 별로였어요.,2023-11-01 11:18:15
1415,11857,164,2,품질이 생각보다 별로였어요.,2022-11-16 07:32:39
1416,11879,23,5,배송이 너무 늦었어요.,2023-12-25 12:02:38
1417,11883,22,2,재구매 의사 있습니다!,2022-12-26 16:20:31
1418,11892,87,1,배송이 너무 늦었어요.,2023-08-01 14:51:38
1419,11896,136,3,가성비 괜찮네요.,2023-11-11 23:05:59
1420,11897,60,4,포장 상태가 아쉬웠습니다.,2023-11-21 20:56:01
1421,11906,179,4,친구한테 선물했는데 좋아합니다.,2022-10-13 21:02:59
1422,11910,58,4,가성비 괜찮네요.,2022-09-02 23:21:31
1423,11911,41,4,가격 대비 만족합니다.,2023-05-30 14:45:16
1424,11936,33,3,품질이 생각보다 별로였어요.,2022-07-28 22:37:20
1425,11943,44,5,가성비 괜찮네요.,2023-05-28 14:01:07
1426,11961,197,3,가격 대비 만족합니다.,2022-09-16 08:35:07
1427,11979,45,3,가격 대비 만족합니다.,2022-09-13 16:10:39
1428,11981,104,4,배송이 빨라서 좋았어요.,2023-05-07 07:06:18
1429,11998,107,1,배송이 너무 늦었어요.,2024-01-10 14:41:30
1430,12000,137,5,포장 상태가 아쉬웠습니다.,2022-03-28 06:22:28
1431,12004,14,5,포장 상태가 아쉬웠습니다.,2022-06-23 14:42:47
1432,12023,95,2,가성비 괜찮네요.,2022-02-13 22:38:27
1433,12027,67,4,배송이 너무 늦었어요.,2023-09-16 11:07:02
1434,12056,14,2,재구매 의사 있습니다!,2022-12-02 19:34:41
1435,12059,185,2,재구매 의사 있습니다!,2022-11-03 16:57:42
1436,12064,69,5,친구한테 선물했는데 좋아합니다.,2022-05-12 23:12:58
1437,12068,135,1,가격 대비 만족합니다.,2022-12-05 01:00:31
1438,12075,116,5,재구매 의사 있습니다!,2023-09-21 22:19:24
1439,12081,108,5,재구매 의사 있습니다!,2023-07-09 10:06:21
1440,12082,101,3,친구한테 선물했는데 좋아합니다.,2023-05-31 10:38:51
1441,12090,81,5,배송이 너무 늦었어요.,2023-10-11 00:59:18
1442,12095,140,5,친구한테 선물했는데 좋아합니다.,2023-05-04 21:41:57
1443,12107,79,3,배송이 너무 늦었어요.,2023-06-29 21:04:08
1444,12109,67,4,품질이 생각보다 별로였어요.,2022-08-22 13:04:04
1445,12110,11,2,친구한테 선물했는데 좋아합니다.,2022-07-18 18:17:58
1446,12113,167,1,재구매 의사 있습니다!,2023-04-04 18:08:01
1447,12127,127,1,가격 대비 만족합니다.,2022-05-23 08:39:34
1448,12131,103,4,배송이 빨라서 좋았어요.,2022-10-22 23:33:27
1449,12141,57,4,품질이 생각보다 별로였어요.,2023-07-28 14:54:30
1450,12143,158,3,배송이 빨라서 좋았어요.,2022-02-24 11:13:48
1451,12149,197,2,배송이 너무 늦었어요.,2024-01-04 18:12:03
1452,12150,183,5,배송이 빨라서 좋았어요.,2023-03-16 02:51:10
1453,12167,199,2,포장 상태가 아쉬웠습니다.,2022-06-01 10:27:38
1454,12194,142,3,가성비 괜찮네요.,2022-11-13 05:00:22
1455,12210,40,4,배송이 빨라서 좋았어요.,2022-01-26 02:44:22
1456,12216,122,5,가격 대비 만족합니다.,2023-12-07 20:51:55
1457,12227,77,4,포장 상태가 아쉬웠습니다.,2024-01-09 21:32:38
1458,12242,84,2,재구매 의사 있습니다!,2023-04-12 12:12:27
1459,12253,107,5,가격 대비 만족합니다.,2023-12-25 23:49:20
1460,12276,80,4,가성비 괜찮네요.,2023-05-01 13:04:25
1461,12278,143,1,가성비 괜찮네요.,2023-11-24 04:21:32
1462,12291,138,4,배송이 너무 늦었어요.,2023-01-04 19:47:24
1463,12292,71,1,친구한테 선물했는데 좋아합니다.,2022-04-06 23:35:35
1464,12305,81,1,배송이 너무 늦었어요.,2023-11-02 18:47:32
1465,12318,26,4,포장 상태가 아쉬웠습니다.,2022-12-06 12:11:46
1466,12319,30,3,가성비 괜찮네요.,2024-01-03 05:11:12
1467,12320,144,3,배송이 빨라서 좋았어요.,2023-09-19 07:25:28
1468,12328,39,4,배송이 빨라서 좋았어요.,2023-06-10 20:00:36
1469,12337,66,1,포장 상태가 아쉬웠습니다.,2022-02-25 17:53:02
1470,12345,135,1,가격 대비 만족합니다.,2022-10-23 20:12:56
1471,12349,81,5,재구매 의사 있습니다!,2022-02-25 21:02:23
1472,12358,9,4,가성비 괜찮네요.,2023-12-29 04:13:14
1473,12384,9,1,재구매 의사 있습니다!,2022-05-04 13:25:46
1474,12386,139,4,배송이 너무 늦었어요.,2022-06-22 16:17:26
1475,12390,3,2,배송이 빨라서 좋았어요.,2022-08-11 04:01:40
1476,12400,176,3,포장 상태가 아쉬웠습니다.,2023-11-18 09:53:50
1477,12407,138,1,친구한테 선물했는데 좋아합니다.,2023-04-02 11:02:46
1478,12410,46,3,가격 대비 만족합니다.,2023-02-14 23:01:54
1479,12412,118,3,포장 상태가 아쉬웠습니다.,2023-07-12 02:29:24
1480,12416,37,2,가성비 괜찮네요.,2023-01-14 21:27:50
1481,12424,67,1,가격 대비 만족합니다.,2022-09-02 11:28:11
1482,12455,109,3,가성비 괜찮네요.,2023-05-29 14:19:36
1483,12460,191,5,품질이 생각보다 별로였어요.,2023-11-03 10:43:27
1484,12465,7,3,친구한테 선물했는데 좋아합니다.,2023-12-08 18:48:16
1485,12471,98,5,가격 대비 만족합니다.,2022-09-15 23:06:41
1486,12476,107,1,가성비 괜찮네요.,2023-11-08 10:33:10
1487,12479,77,4,가격 대비 만족합니다.,2023-06-08 11:05:37
1488,12480,104,4,친구한테 선물했는데 좋아합니다.,2023-10-02 10:05:25
1489,12495,118,2,가성비 괜찮네요.,2022-05-24 18:50:27
1490,12500,97,5,재구매 의사 있습니다!,2023-10-05 21:54:19
1491,12511,91,4,가격 대비 만족합니다.,2023-08-13 08:19:05
1492,12533,56,5,친구한테 선물했는데 좋아합니다.,2024-01-11 12:33:19
1493,12547,72,3,가성비 괜찮네요.,2023-03-18 15:05:33
1494,12550,5,1,친구한테 선물했는데 좋아합니다.,2023-10-23 04:10:11
1495,12553,150,4,배송이 빨라서 좋았어요.,2022-10-01 21:32:37
1496,12565,190,5,가격 대비 만족합니다.,2023-09-10 16:32:38
1497,12568,37,5,배송이 너무 늦었어요.,2022-04-02 19:29:57
1498,12575,184,2,품질이 생각보다 별로였어요.,2022-05-06 18:32:01
1499,12619,86,3,배송이 빨라서 좋았어요.,2023-03-01 11:52:21
1500,12630,152,5,품질이 생각보다 별로였어요.,2022-09-23 08:23:41
1501,12665,126,3,친구한테 선물했는데 좋아합니다.,2022-06-25 01:09:23
1502,12690,34,2,친구한테 선물했는데 좋아합니다.,2022-06-15 12:58:19
1503,12696,14,5,배송이 너무 늦었어요.,2023-09-30 20:20:14
1504,12699,159,1,친구한테 선물했는데 좋아합니다.,2023-01-04 07:54:08
1505,12711,74,4,포장 상태가 아쉬웠습니다.,2023-05-08 01:37:24
1506,12716,39,5,배송이 너무 늦었어요.,2023-04-09 16:27:54
1507,12728,176,1,친구한테 선물했는데 좋아합니다.,2023-06-29 09:05:44
1508,12732,33,5,배송이 너무 늦었어요.,2023-04-30 01:58:03
1509,12739,86,5,가격 대비 만족합니다.,2023-11-04 20:26:13
1510,12742,191,1,포장 상태가 아쉬웠습니다.,2023-03-18 03:02:58
1511,12748,103,1,품질이 생각보다 별로였어요.,2022-04-08 04:28:39
1512,12766,88,4,품질이 생각보다 별로였어요.,2023-03-08 03:39:53
1513,12787,29,4,가성비 괜찮네요.,2022-01-23 00:29:12
1514,12790,37,2,품질이 생각보다 별로였어요.,2022-10-15 08:12:05
1515,12798,83,5,포장 상태가 아쉬웠습니다.,2023-06-05 23:28:11
1516,12805,188,2,배송이 너무 늦었어요.,2022-12-13 01:09:07
1517,12806,74,4,포장 상태가 아쉬웠습니다.,2023-07-14 14:59:00
1518,12815,181,5,재구매 의사 있습니다!,2022-09-01 02:45:00
1519,12816,200,5,배송이 너무 늦었어요.,2023-10-21 09:37:39
1520,12822,182,3,친구한테 선물했는데 좋아합니다.,2023-12-05 11:11:51
1521,12850,128,1,배송이 빨라서 좋았어요.,2022-04-02 07:02:16
1522,12860,188,1,품질이 생각보다 별로였어요.,2022-08-14 10:04:35
1523,12869,172,4,품질이 생각보다 별로였어요.,2022-03-01 10:15:41
1524,12876,167,1,재구매 의사 있습니다!,2023-10-10 18:19:52
1525,12883,163,2,가격 대비 만족합니다.,2022-02-02 07:53:41
1526,12884,93,4,배송이 너무 늦었어요.,2022-07-02 02:43:00
1527,12912,30,1,가성비 괜찮네요.,2023-06-25 11:08:44
1528,12925,140,4,가격 대비 만족합니다.,2022-12-16 04:02:18
1529,12944,189,4,품질이 생각보다 별로였어요.,2023-12-16 13:13:07
1530,12950,142,4,포장 상태가 아쉬웠습니다.,2022-12-27 05:55:42
1531,12968,60,5,배송이 빨라서 좋았어요.,2022-05-27 03:48:02
1532,12972,144,4,배송이 빨라서 좋았어요.,2022-10-29 22:20:56
1533,12990,93,1,포장 상태가 아쉬웠습니다.,2022-05-05 22:58:22
1534,13016,143,3,가성비 괜찮네요.,2023-10-08 09:15:26
1535,13021,31,3,배송이 너무 늦었어요.,2023-02-23 13:36:23
1536,13031,3,5,재구매 의사 있습니다!,2023-01-05 08:27:10
1537,13055,62,2,가성비 괜찮네요.,2023-10-22 01:01:48
1538,13062,2,2,배송이 너무 늦었어요.,2022-04-07 09:40:05
1539,13084,75,2,포장 상태가 아쉬웠습니다.,2023-11-29 00:18:05
1540,13086,87,4,배송이 빨라서 좋았어요.,2022-07-13 19:22:00
1541,13097,181,4,포장 상태가 아쉬웠습니다.,2023-05-19 17:30:44
1542,13115,144,3,품질이 생각보다 별로였어요.,2023-04-14 20:41:05
1543,13116,14,1,재구매 의사 있습니다!,2023-04-28 12:09:31
1544,13128,76,4,가격 대비 만족합니다.,2023-11-14 12:50:54
1545,13140,134,5,친구한테 선물했는데 좋아합니다.,2022-03-09 20:09:13
1546,13150,171,2,포장 상태가 아쉬웠습니다.,2022-05-20 14:58:48
1547,13158,73,2,가성비 괜찮네요.,2022-12-16 02:06:14
1548,13191,36,5,배송이 빨라서 좋았어요.,2022-10-06 13:28:27
1549,13192,34,1,배송이 너무 늦었어요.,2023-12-04 21:56:37
1550,13211,131,5,가성비 괜찮네요.,2023-06-20 15:26:29
1551,13214,17,3,배송이 너무 늦었어요.,2022-07-21 08:03:21
1552,13219,47,1,포장 상태가 아쉬웠습니다.,2022-10-03 14:18:35
1553,13233,77,4,배송이 너무 늦었어요.,2023-11-06 21:29:28
1554,13252,62,5,가성비 괜찮네요.,2022-07-19 14:02:09
1555,13260,95,4,가성비 괜찮네요.,2022-05-17 21:52:01
1556,13288,35,1,품질이 생각보다 별로였어요.,2023-04-28 06:54:38
1557,13319,49,3,재구매 의사 있습니다!,2022-01-10 23:29:21
1558,13323,176,3,재구매 의사 있습니다!,2022-12-05 03:40:17
1559,13327,139,4,포장 상태가 아쉬웠습니다.,2022-04-08 21:04:50
1560,13331,108,5,가격 대비 만족합니다.,2023-04-29 13:15:09
1561,13346,110,3,가격 대비 만족합니다.,2022-02-17 05:58:05
1562,13351,115,3,가격 대비 만족합니다.,2022-04-25 03:37:24
1563,13358,86,5,포장 상태가 아쉬웠습니다.,2023-04-19 23:02:06
1564,13364,156,1,가성비 괜찮네요.,2023-06-09 12:42:24
1565,13371,175,5,재구매 의사 있습니다!,2022-09-25 22:37:59
1566,13380,14,4,품질이 생각보다 별로였어요.,2022-03-13 19:10:21
1567,13381,10,2,가성비 괜찮네요.,2023-11-21 23:10:37
1568,13390,49,1,포장 상태가 아쉬웠습니다.,2022-11-13 01:54:35
1569,13394,55,1,재구매 의사 있습니다!,2022-11-14 16:36:59
1570,13397,34,3,배송이 너무 늦었어요.,2023-12-31 16:13:31
1571,13401,93,1,품질이 생각보다 별로였어요.,2022-11-09 20:37:20
1572,13402,65,1,가격 대비 만족합니다.,2022-10-12 19:21:33
1573,13403,107,1,가성비 괜찮네요.,2023-09-30 15:58:36
1574,13411,171,4,포장 상태가 아쉬웠습니다.,2023-04-21 07:01:59
1575,13420,134,2,품질이 생각보다 별로였어요.,2023-02-24 19:47:22
1576,13422,57,5,품질이 생각보다 별로였어요.,2023-11-11 07:46:45
1577,13423,139,2,포장 상태가 아쉬웠습니다.,2023-11-10 00:41:33
1578,13441,180,5,재구매 의사 있습니다!,2023-08-11 13:02:25
1579,13452,149,5,포장 상태가 아쉬웠습니다.,2022-11-12 08:26:14
1580,13470,171,5,재구매 의사 있습니다!,2022-04-14 19:00:40
1581,13475,12,5,품질이 생각보다 별로였어요.,2023-02-20 04:10:57
1582,13478,177,1,품질이 생각보다 별로였어요.,2023-10-11 03:47:34
1583,13484,85,4,재구매 의사 있습니다!,2023-05-14 19:54:25
1584,13487,29,2,가격 대비 만족합니다.,2023-11-07 15:11:53
1585,13489,143,5,품질이 생각보다 별로였어요.,2022-10-22 12:21:27
1586,13500,74,2,가성비 괜찮네요.,2022-07-07 04:56:26
1587,13510,197,1,가성비 괜찮네요.,2022-05-28 08:43:23
1588,13520,57,4,재구매 의사 있습니다!,2023-01-30 01:44:50
1589,13523,132,4,가격 대비 만족합니다.,2022-03-06 17:28:21
1590,13524,89,4,재구매 의사 있습니다!,2024-01-12 05:21:21
1591,13552,101,4,재구매 의사 있습니다!,2023-07-26 16:05:10
1592,13553,8,4,포장 상태가 아쉬웠습니다.,2022-05-18 16:59:55
1593,13560,154,3,가성비 괜찮네요.,2023-03-07 06:02:40
1594,13564,29,5,포장 상태가 아쉬웠습니다.,2022-03-11 03:20:13
1595,13568,70,1,배송이 빨라서 좋았어요.,2023-12-23 16:19:53
1596,13577,37,1,품질이 생각보다 별로였어요.,2022-05-01 17:50:24
1597,13582,38,3,배송이 너무 늦었어요.,2022-12-15 09:55:29
1598,13584,91,4,배송이 너무 늦었어요.,2022-03-09 17:20:42
1599,13586,185,3,재구매 의사 있습니다!,2022-11-10 11:45:59
1600,13595,156,4,가성비 괜찮네요.,2022-11-12 11:46:31
1601,13603,111,4,가성비 괜찮네요.,2023-03-28 23:59:01
1602,13616,154,1,가성비 괜찮네요.,2022-11-07 06:28:06
1603,13638,112,5,가성비 괜찮네요.,2023-05-27 08:34:00
1604,13650,174,3,재구매 의사 있습니다!,2022-12-16 06:05:02
1605,13659,161,2,품질이 생각보다 별로였어요.,2022-08-01 02:07:33
1606,13661,89,2,가성비 괜찮네요.,2022-08-14 10:54:40
1607,13668,178,3,배송이 너무 늦었어요.,2023-07-07 05:13:01
1608,13674,94,4,배송이 너무 늦었어요.,2023-08-18 11:58:36
1609,13682,185,3,품질이 생각보다 별로였어요.,2022-03-29 09:20:08
1610,13696,144,2,품질이 생각보다 별로였어요.,2022-09-15 03:31:02
1611,13699,185,3,재구매 의사 있습니다!,2022-04-02 18:35:57
1612,13708,186,2,배송이 너무 늦었어요.,2023-11-21 14:31:04
1613,13735,196,1,배송이 빨라서 좋았어요.,2023-09-22 19:08:11
1614,13736,132,4,가격 대비 만족합니다.,2023-10-05 15:41:00
1615,13737,95,3,가성비 괜찮네요.,2022-06-03 04:56:34
1616,13739,186,2,가격 대비 만족합니다.,2022-06-03 08:15:11
1617,13743,48,4,재구매 의사 있습니다!,2023-12-13 08:30:48
1618,13749,68,2,포장 상태가 아쉬웠습니다.,2022-07-07 05:58:07
1619,13755,87,4,재구매 의사 있습니다!,2023-08-29 05:14:22
1620,13758,7,5,친구한테 선물했는데 좋아합니다.,2023-10-26 04:02:27
1621,13775,26,3,가격 대비 만족합니다.,2023-05-04 10:12:00
1622,13789,2,4,품질이 생각보다 별로였어요.,2022-04-15 20:59:19
1623,13795,167,2,배송이 너무 늦었어요.,2023-03-10 12:34:20
1624,13797,161,1,친구한테 선물했는데 좋아합니다.,2022-06-22 18:06:38
1625,13814,56,4,배송이 너무 늦었어요.,2022-11-21 01:42:14
1626,13831,92,2,재구매 의사 있습니다!,2022-04-22 22:30:23
1627,13844,98,2,배송이 너무 늦었어요.,2022-07-17 17:27:08
1628,13849,98,4,배송이 너무 늦었어요.,2022-04-10 06:20:18
1629,13850,93,4,배송이 빨라서 좋았어요.,2022-03-15 03:12:59
1630,13852,186,2,재구매 의사 있습니다!,2023-11-20 20:09:17
1631,13856,146,3,친구한테 선물했는데 좋아합니다.,2023-06-30 21:01:22
1632,13862,56,4,품질이 생각보다 별로였어요.,2023-02-03 07:47:31
1633,13866,194,2,재구매 의사 있습니다!,2023-04-26 16:44:51
1634,13886,185,4,품질이 생각보다 별로였어요.,2022-06-24 02:18:05
1635,13888,23,1,가격 대비 만족합니다.,2022-01-24 16:27:57
1636,13889,53,4,품질이 생각보다 별로였어요.,2023-09-21 14:43:40
1637,13896,6,5,품질이 생각보다 별로였어요.,2024-01-07 07:27:34
1638,13897,29,4,배송이 너무 늦었어요.,2022-08-20 00:34:40
1639,13913,66,3,배송이 빨라서 좋았어요.,2022-08-17 12:43:18
1640,13923,103,1,배송이 빨라서 좋았어요.,2023-07-13 21:33:17
1641,13944,87,5,재구매 의사 있습니다!,2023-06-22 13:59:24
1642,13977,65,4,가성비 괜찮네요.,2023-03-30 17:19:57
1643,13983,134,2,가성비 괜찮네요.,2022-12-25 09:21:44
1644,13984,47,5,배송이 빨라서 좋았어요.,2023-05-29 22:19:46
1645,13986,124,2,가격 대비 만족합니다.,2023-01-20 01:58:36
1646,13989,64,4,가성비 괜찮네요.,2023-08-31 12:56:26
1647,13993,21,5,가성비 괜찮네요.,2022-04-17 07:21:40
1648,13999,96,4,가격 대비 만족합니다.,2023-04-16 19:38:46
1649,14018,199,3,포장 상태가 아쉬웠습니다.,2022-07-18 04:04:57
1650,14027,173,3,가성비 괜찮네요.,2022-12-07 00:22:05
1651,14045,87,5,가성비 괜찮네요.,2023-01-28 12:52:22
1652,14055,149,3,배송이 너무 늦었어요.,2023-04-13 02:14:54
1653,14056,166,1,재구매 의사 있습니다!,2022-12-19 01:47:33
1654,14075,53,4,가격 대비 만족합니다.,2022-07-18 19:52:06
1655,14079,123,3,재구매 의사 있습니다!,2022-05-29 03:40:42
1656,14093,44,2,배송이 빨라서 좋았어요.,2023-08-14 07:40:59
1657,14096,93,5,가격 대비 만족합니다.,2022-04-23 04:25:58
1658,14100,18,3,품질이 생각보다 별로였어요.,2022-08-02 10:52:57
1659,14103,144,5,가격 대비 만족합니다.,2022-03-15 04:41:14
1660,14111,123,2,포장 상태가 아쉬웠습니다.,2022-10-30 23:51:21
1661,14115,125,3,배송이 너무 늦었어요.,2022-07-30 20:08:40
1662,14120,52,5,포장 상태가 아쉬웠습니다.,2022-11-07 00:14:32
1663,14125,84,4,배송이 너무 늦었어요.,2023-01-16 08:01:38
1664,14142,117,4,품질이 생각보다 별로였어요.,2022-02-02 10:40:10
1665,14148,53,1,재구매 의사 있습니다!,2023-07-11 04:39:38
1666,14162,27,2,포장 상태가 아쉬웠습니다.,2023-12-15 22:02:01
1667,14163,25,4,재구매 의사 있습니다!,2024-01-08 09:09:52
1668,14171,152,2,배송이 너무 늦었어요.,2023-06-22 22:34:47
1669,14181,2,4,배송이 너무 늦었어요.,2023-01-17 18:33:42
1670,14186,4,1,품질이 생각보다 별로였어요.,2022-12-03 10:12:22
1671,14187,190,3,친구한테 선물했는데 좋아합니다.,2023-04-09 13:51:23
1672,14198,21,3,배송이 빨라서 좋았어요.,2022-04-10 06:06:08
1673,14200,18,5,배송이 빨라서 좋았어요.,2022-04-20 13:14:29
1674,14203,77,5,가성비 괜찮네요.,2023-08-23 22:02:35
1675,14213,97,1,가성비 괜찮네요.,2023-05-10 14:30:23
1676,14218,140,3,배송이 너무 늦었어요.,2022-04-28 08:04:56
1677,14223,59,5,친구한테 선물했는데 좋아합니다.,2023-06-29 03:15:40
1678,14235,35,3,배송이 빨라서 좋았어요.,2022-08-15 06:01:04
1679,14240,32,5,친구한테 선물했는데 좋아합니다.,2023-09-07 23:16:56
1680,14264,165,4,친구한테 선물했는데 좋아합니다.,2023-07-13 04:17:58
1681,14280,7,3,품질이 생각보다 별로였어요.,2022-07-16 15:29:07
1682,14290,3,3,친구한테 선물했는데 좋아합니다.,2023-04-30 18:35:13
1683,14328,162,5,가격 대비 만족합니다.,2022-08-31 05:08:53
1684,14334,164,2,가성비 괜찮네요.,2023-12-17 11:33:54
1685,14341,114,1,친구한테 선물했는데 좋아합니다.,2023-07-16 01:55:34
1686,14354,142,2,재구매 의사 있습니다!,2023-04-04 04:46:41
1687,14360,42,2,배송이 빨라서 좋았어요.,2023-04-07 12:50:45
1688,14361,65,5,포장 상태가 아쉬웠습니다.,2023-07-28 07:44:52
1689,14362,143,1,포장 상태가 아쉬웠습니다.,2022-03-03 12:14:57
1690,14363,132,3,포장 상태가 아쉬웠습니다.,2023-09-03 13:53:45
1691,14364,9,1,포장 상태가 아쉬웠습니다.,2022-07-25 05:37:41
1692,14369,148,2,포장 상태가 아쉬웠습니다.,2023-04-15 20:18:40
1693,14378,126,1,가성비 괜찮네요.,2023-05-23 03:10:23
1694,14393,92,2,가성비 괜찮네요.,2023-11-17 13:35:22
1695,14399,14,2,친구한테 선물했는데 좋아합니다.,2023-11-22 06:42:08
1696,14411,93,2,배송이 너무 늦었어요.,2024-01-03 07:01:01
1697,14413,198,5,배송이 너무 늦었어요.,2022-10-14 16:03:30
1698,14417,58,5,가성비 괜찮네요.,2023-07-24 18:31:00
1699,14425,24,3,재구매 의사 있습니다!,2022-10-01 14:00:23
1700,14433,73,4,품질이 생각보다 별로였어요.,2022-03-11 04:44:44
1701,14441,108,2,배송이 너무 늦었어요.,2022-05-05 17:26:13
1702,14443,33,3,배송이 빨라서 좋았어요.,2022-04-15 03:13:48
1703,14446,160,4,가성비 괜찮네요.,2023-09-24 05:15:42
1704,14449,152,4,포장 상태가 아쉬웠습니다.,2022-04-16 04:33:22
1705,14456,168,2,재구매 의사 있습니다!,2022-09-23 14:31:30
1706,14457,5,1,가격 대비 만족합니다.,2023-03-02 08:10:58
1707,14458,72,2,포장 상태가 아쉬웠습니다.,2023-05-10 04:00:01
1708,14464,66,4,가성비 괜찮네요.,2022-04-22 11:16:24
1709,14484,6,4,재구매 의사 있습니다!,2022-09-10 10:13:26
1710,14488,41,5,배송이 너무 늦었어요.,2023-12-05 11:28:43
1711,14504,197,2,배송이 빨라서 좋았어요.,2023-01-31 18:51:50
1712,14526,37,4,배송이 빨라서 좋았어요.,2023-04-06 22:02:09
1713,14561,171,3,배송이 너무 늦었어요.,2023-01-19 15:44:23
1714,14575,110,4,포장 상태가 아쉬웠습니다.,2022-08-18 14:00:57
1715,14579,169,4,가성비 괜찮네요.,2022-10-09 20:37:38
1716,14587,154,3,포장 상태가 아쉬웠습니다.,2023-08-29 22:25:20
1717,14595,65,1,품질이 생각보다 별로였어요.,2022-08-01 15:00:12
1718,14599,89,1,배송이 빨라서 좋았어요.,2024-01-02 07:07:04
1719,14601,182,1,친구한테 선물했는데 좋아합니다.,2023-07-23 08:21:04
1720,14604,67,3,재구매 의사 있습니다!,2022-06-10 04:09:52
1721,14608,34,2,가성비 괜찮네요.,2022-10-22 02:35:06
1722,14611,147,5,가격 대비 만족합니다.,2022-03-08 09:59:31
1723,14613,142,5,배송이 너무 늦었어요.,2023-12-27 18:42:59
1724,14634,92,4,가성비 괜찮네요.,2023-08-16 03:40:50
1725,14637,188,3,품질이 생각보다 별로였어요.,2023-12-18 14:41:55
1726,14640,14,1,품질이 생각보다 별로였어요.,2023-08-01 07:38:28
1727,14647,87,3,가성비 괜찮네요.,2022-01-31 16:18:45
1728,14648,34,4,가격 대비 만족합니다.,2023-01-08 21:00:55
1729,14649,54,2,친구한테 선물했는데 좋아합니다.,2022-07-03 22:08:02
1730,14653,105,4,배송이 빨라서 좋았어요.,2023-06-08 22:01:58
1731,14667,96,1,포장 상태가 아쉬웠습니다.,2023-01-25 09:17:35
1732,14672,65,2,배송이 너무 늦었어요.,2023-12-03 11:40:55
1733,14676,197,3,포장 상태가 아쉬웠습니다.,2022-07-13 13:59:51
1734,14681,3,2,재구매 의사 있습니다!,2023-03-26 02:41:04
1735,14692,139,3,가격 대비 만족합니다.,2022-07-02 12:08:24
1736,14694,110,2,포장 상태가 아쉬웠습니다.,2022-05-10 16:36:19
1737,14701,95,4,배송이 빨라서 좋았어요.,2023-04-02 01:54:05
1738,14710,59,1,친구한테 선물했는데 좋아합니다.,2023-03-27 03:45:28
1739,14713,92,1,재구매 의사 있습니다!,2022-07-18 00:35:29
1740,14714,2,2,친구한테 선물했는데 좋아합니다.,2022-01-26 21:06:11
1741,14715,104,5,가격 대비 만족합니다.,2022-01-27 06:35:39
1742,14722,8,3,포장 상태가 아쉬웠습니다.,2022-11-17 05:41:20
1743,14725,86,5,포장 상태가 아쉬웠습니다.,2022-10-26 02:15:03
1744,14727,7,4,배송이 빨라서 좋았어요.,2022-07-16 03:27:22
1745,14735,37,5,가성비 괜찮네요.,2022-05-08 02:14:06
1746,14740,119,4,배송이 빨라서 좋았어요.,2022-11-01 23:57:53
1747,14743,48,4,배송이 빨라서 좋았어요.,2022-12-28 12:20:04
1748,14747,54,4,가성비 괜찮네요.,2023-12-25 01:12:10
1749,14753,53,2,포장 상태가 아쉬웠습니다.,2022-10-01 05:41:33
1750,14761,177,3,가격 대비 만족합니다.,2022-11-23 03:46:54
1751,14774,110,2,포장 상태가 아쉬웠습니다.,2023-12-02 15:14:49
1752,14779,3,4,가성비 괜찮네요.,2022-07-16 22:58:37
1753,14785,165,2,품질이 생각보다 별로였어요.,2023-10-22 09:12:09
1754,14793,30,4,품질이 생각보다 별로였어요.,2023-03-28 10:43:34
1755,14803,138,5,가성비 괜찮네요.,2022-11-15 22:55:18
1756,14830,89,4,품질이 생각보다 별로였어요.,2023-12-23 11:55:48
1757,14838,188,4,배송이 빨라서 좋았어요.,2024-01-04 23:29:00
1758,14857,3,4,품질이 생각보다 별로였어요.,2023-06-23 11:24:50
1759,14858,149,5,가성비 괜찮네요.,2023-02-14 06:26:00
1760,14864,69,3,포장 상태가 아쉬웠습니다.,2023-03-30 01:26:16
1761,14870,48,1,재구매 의사 있습니다!,2022-07-29 18:02:27
1762,14879,21,4,가격 대비 만족합니다.,2023-10-28 23:02:28
1763,14883,64,1,가성비 괜찮네요.,2023-08-19 01:42:51
1764,14887,52,3,가격 대비 만족합니다.,2022-04-04 05:35:19
1765,14891,162,2,가격 대비 만족합니다.,2022-06-29 13:28:18
1766,14896,123,1,가성비 괜찮네요.,2022-03-20 01:29:54
1767,14916,80,2,배송이 너무 늦었어요.,2023-06-06 02:41:38
1768,14921,86,5,포장 상태가 아쉬웠습니다.,2022-04-09 07:58:05
1769,14926,79,1,포장 상태가 아쉬웠습니다.,2023-02-17 21:40:50
1770,14927,176,1,재구매 의사 있습니다!,2022-11-16 07:35:41
1771,14931,189,3,배송이 빨라서 좋았어요.,2023-01-20 22:43:26
1772,14940,192,3,가격 대비 만족합니다.,2023-11-04 04:11:29
1773,14943,133,4,배송이 너무 늦었어요.,2023-07-25 03:49:06
1774,14944,1,4,배송이 너무 늦었어요.,2023-01-07 18:18:38
1775,14948,188,1,가성비 괜찮네요.,2022-11-17 07:44:52
1776,14951,141,4,배송이 빨라서 좋았어요.,2022-09-12 16:15:32
1777,14956,157,3,가성비 괜찮네요.,2023-11-28 11:40:27
1778,14966,136,2,가격 대비 만족합니다.,2022-05-02 11:08:40
1779,14968,16,5,가격 대비 만족합니다.,2022-04-19 17:32:19
1780,14973,189,2,가격 대비 만족합니다.,2022-04-01 14:35:36
1781,14976,153,4,배송이 너무 늦었어요.,2022-10-10 20:37:02
1782,14977,151,2,친구한테 선물했는데 좋아합니다.,2022-09-18 10:31:46
1783,14987,74,2,배송이 너무 늦었어요.,2022-06-09 06:27:48
1784,15002,106,2,포장 상태가 아쉬웠습니다.,2023-05-18 02:46:30
1785,15003,169,2,재구매 의사 있습니다!,2022-02-04 07:35:20
1786,15005,173,1,배송이 빨라서 좋았어요.,2023-09-25 16:23:41
1787,15016,70,2,친구한테 선물했는데 좋아합니다.,2022-09-18 04:47:25
1788,15023,90,3,배송이 너무 늦었어요.,2023-06-04 16:38:44
1789,15037,178,1,배송이 너무 늦었어요.,2022-09-12 10:46:28
1790,15040,32,3,가격 대비 만족합니다.,2024-01-25 08:38:21
1791,15045,18,5,포장 상태가 아쉬웠습니다.,2022-12-09 19:28:27
1792,15052,17,3,가격 대비 만족합니다.,2022-07-03 20:43:15
1793,15067,70,3,배송이 빨라서 좋았어요.,2023-01-23 19:42:18
1794,15086,117,5,포장 상태가 아쉬웠습니다.,2023-08-19 20:31:30
1795,15090,77,4,품질이 생각보다 별로였어요.,2022-04-21 01:29:41
1796,15092,29,3,포장 상태가 아쉬웠습니다.,2022-11-29 06:13:37
1797,15097,18,5,배송이 빨라서 좋았어요.,2022-07-04 17:38:54
1798,15100,137,2,포장 상태가 아쉬웠습니다.,2023-05-03 22:20:03
1799,15101,17,5,배송이 빨라서 좋았어요.,2023-06-06 13:53:12
1800,15104,151,3,친구한테 선물했는데 좋아합니다.,2022-12-05 15:08:28
1801,15111,132,1,품질이 생각보다 별로였어요.,2023-12-11 23:58:26
1802,15126,101,2,가성비 괜찮네요.,2023-12-08 08:37:20
1803,15163,126,3,배송이 빨라서 좋았어요.,2023-11-12 10:47:40
1804,15174,24,5,포장 상태가 아쉬웠습니다.,2022-07-27 21:19:54
1805,15182,116,3,품질이 생각보다 별로였어요.,2022-06-15 20:56:58
1806,15189,72,2,품질이 생각보다 별로였어요.,2023-02-21 01:32:20
1807,15190,186,2,품질이 생각보다 별로였어요.,2023-09-11 06:13:41
1808,15197,4,4,배송이 너무 늦었어요.,2022-05-27 06:09:58
1809,15203,26,2,가격 대비 만족합니다.,2022-10-07 13:17:18
1810,15211,136,3,배송이 빨라서 좋았어요.,2023-11-06 02:21:11
1811,15212,129,3,배송이 빨라서 좋았어요.,2022-08-07 18:30:21
1812,15232,28,4,가성비 괜찮네요.,2023-08-29 13:19:08
1813,15238,89,3,배송이 너무 늦었어요.,2022-05-09 01:06:23
1814,15239,10,3,배송이 빨라서 좋았어요.,2023-01-04 11:57:47
1815,15250,12,5,친구한테 선물했는데 좋아합니다.,2023-02-19 12:43:51
1816,15255,189,2,가성비 괜찮네요.,2022-02-23 13:24:00
1817,15266,68,5,배송이 너무 늦었어요.,2023-12-23 22:43:07
1818,15281,150,3,재구매 의사 있습니다!,2023-07-11 14:16:34
1819,15285,8,3,배송이 너무 늦었어요.,2022-09-16 01:10:18
1820,15289,6,1,배송이 너무 늦었어요.,2023-05-11 14:53:22
1821,15292,187,4,포장 상태가 아쉬웠습니다.,2022-03-12 04:35:54
1822,15300,103,2,가성비 괜찮네요.,2023-10-25 18:53:54
1823,15326,33,3,배송이 빨라서 좋았어요.,2023-05-10 13:55:02
1824,15327,163,1,배송이 빨라서 좋았어요.,2023-09-15 07:18:57
1825,15338,198,5,가격 대비 만족합니다.,2023-10-02 18:25:54
1826,15344,150,5,재구매 의사 있습니다!,2023-10-22 02:11:27
1827,15355,51,4,배송이 빨라서 좋았어요.,2023-06-16 12:18:53
1828,15358,154,2,배송이 빨라서 좋았어요.,2022-07-03 18:48:16
1829,15361,141,5,배송이 빨라서 좋았어요.,2023-08-04 17:02:55
1830,15365,169,3,친구한테 선물했는데 좋아합니다.,2022-11-15 10:21:28
1831,15369,148,4,친구한테 선물했는데 좋아합니다.,2023-12-03 18:02:15
1832,15386,27,1,가격 대비 만족합니다.,2023-10-11 17:03:08
1833,15401,102,5,배송이 너무 늦었어요.,2023-08-22 01:54:28
1834,15403,166,3,친구한테 선물했는데 좋아합니다.,2022-04-30 01:10:59
1835,15411,163,5,포장 상태가 아쉬웠습니다.,2023-12-30 14:54:50
1836,15418,162,4,배송이 빨라서 좋았어요.,2023-08-23 01:45:28
1837,15428,50,5,가격 대비 만족합니다.,2023-01-15 22:06:55
1838,15464,35,5,배송이 너무 늦었어요.,2022-01-21 04:51:16
1839,15469,121,4,품질이 생각보다 별로였어요.,2022-12-14 23:53:53
1840,15472,194,4,배송이 빨라서 좋았어요.,2023-03-15 23:08:45
1841,15490,185,1,포장 상태가 아쉬웠습니다.,2023-02-12 15:41:59
1842,15507,111,5,재구매 의사 있습니다!,2023-02-12 09:51:06
1843,15511,20,3,가격 대비 만족합니다.,2023-12-27 12:35:41
1844,15512,119,4,포장 상태가 아쉬웠습니다.,2022-08-14 00:44:20
1845,15522,177,3,배송이 너무 늦었어요.,2022-11-06 13:51:10
1846,15530,191,5,품질이 생각보다 별로였어요.,2023-04-24 03:46:06
1847,15534,150,4,가성비 괜찮네요.,2023-11-16 05:32:42
1848,15536,87,3,재구매 의사 있습니다!,2023-12-04 05:47:46
1849,15559,65,5,품질이 생각보다 별로였어요.,2023-05-27 05:42:50
1850,15570,46,1,친구한테 선물했는데 좋아합니다.,2022-03-09 17:12:02
1851,15571,112,1,친구한테 선물했는데 좋아합니다.,2022-10-30 09:09:49
1852,15579,150,3,가격 대비 만족합니다.,2023-03-25 06:13:08
1853,15586,188,3,배송이 너무 늦었어요.,2022-08-14 20:54:41
1854,15613,4,1,친구한테 선물했는데 좋아합니다.,2023-12-07 02:24:20
1855,15620,32,1,품질이 생각보다 별로였어요.,2022-04-28 05:22:05
1856,15642,5,1,친구한테 선물했는데 좋아합니다.,2024-01-12 10:29:23
1857,15655,46,2,가성비 괜찮네요.,2022-08-03 19:22:45
1858,15659,162,4,품질이 생각보다 별로였어요.,2022-08-28 13:27:13
1859,15677,166,3,품질이 생각보다 별로였어요.,2022-06-12 01:00:26
1860,15678,17,1,가성비 괜찮네요.,2023-03-21 03:58:14
1861,15681,65,2,품질이 생각보다 별로였어요.,2023-09-26 10:22:46
1862,15686,22,5,배송이 빨라서 좋았어요.,2022-11-18 21:53:08
1863,15691,12,2,품질이 생각보다 별로였어요.,2023-12-07 04:30:47
1864,15694,32,2,품질이 생각보다 별로였어요.,2022-11-28 08:59:15
1865,15696,172,1,배송이 빨라서 좋았어요.,2023-08-16 13:32:54
1866,15698,9,4,가성비 괜찮네요.,2022-09-03 08:10:59
1867,15710,75,1,배송이 빨라서 좋았어요.,2022-04-17 06:33:26
1868,15711,49,4,품질이 생각보다 별로였어요.,2022-08-22 19:13:17
1869,15729,138,2,배송이 빨라서 좋았어요.,2023-01-24 09:59:54
1870,15730,41,1,배송이 너무 늦었어요.,2023-07-08 12:21:53
1871,15736,120,1,가성비 괜찮네요.,2022-12-26 21:08:51
1872,15740,102,1,품질이 생각보다 별로였어요.,2022-11-25 20:27:18
1873,15749,53,2,재구매 의사 있습니다!,2023-03-07 22:55:04
1874,15778,136,2,가격 대비 만족합니다.,2023-04-25 09:53:06
1875,15789,200,4,포장 상태가 아쉬웠습니다.,2022-09-30 17:37:10
1876,15797,28,2,배송이 빨라서 좋았어요.,2022-11-11 15:59:31
1877,15800,129,5,배송이 너무 늦었어요.,2023-11-03 01:14:37
1878,15803,130,3,품질이 생각보다 별로였어요.,2023-05-11 02:11:28
1879,15812,104,1,품질이 생각보다 별로였어요.,2023-08-23 01:23:27
1880,15838,133,3,친구한테 선물했는데 좋아합니다.,2022-08-02 11:00:59
1881,15857,168,1,배송이 너무 늦었어요.,2022-08-04 04:29:35
1882,15861,188,1,재구매 의사 있습니다!,2023-10-23 23:54:36
1883,15863,68,4,가성비 괜찮네요.,2023-08-31 10:27:47
1884,15890,11,4,배송이 빨라서 좋았어요.,2023-12-18 00:03:33
1885,15892,148,1,가격 대비 만족합니다.,2024-01-09 23:58:27
1886,15894,180,4,가격 대비 만족합니다.,2023-03-05 20:16:35
1887,15902,61,3,품질이 생각보다 별로였어요.,2023-08-12 22:17:12
1888,15914,2,2,품질이 생각보다 별로였어요.,2023-03-18 12:33:15
1889,15916,192,2,배송이 너무 늦었어요.,2022-09-24 03:10:21
1890,15917,72,1,품질이 생각보다 별로였어요.,2022-02-25 20:45:16
1891,15931,169,2,재구매 의사 있습니다!,2023-03-25 11:29:22
1892,15936,104,5,배송이 빨라서 좋았어요.,2022-06-20 09:12:29
1893,15947,180,1,품질이 생각보다 별로였어요.,2023-07-14 17:04:07
1894,15954,24,2,친구한테 선물했는데 좋아합니다.,2023-05-24 11:53:05
1895,15968,116,1,배송이 빨라서 좋았어요.,2023-03-25 10:46:45
1896,15970,49,3,가성비 괜찮네요.,2023-09-04 19:01:07
1897,15975,184,5,가성비 괜찮네요.,2022-06-07 18:23:41
1898,15976,196,3,배송이 빨라서 좋았어요.,2022-09-01 09:25:16
1899,15984,46,3,재구매 의사 있습니다!,2023-11-04 01:28:16
1900,15999,175,3,가성비 괜찮네요.,2023-05-16 04:34:46
1901,16005,90,2,품질이 생각보다 별로였어요.,2022-04-19 08:40:36
1902,16012,150,5,배송이 너무 늦었어요.,2022-05-08 07:27:53
1903,16016,68,1,품질이 생각보다 별로였어요.,2022-09-09 05:34:30
1904,16017,190,2,포장 상태가 아쉬웠습니다.,2023-04-28 12:04:15
1905,16024,55,1,가성비 괜찮네요.,2023-11-08 21:06:14
1906,16033,164,2,가성비 괜찮네요.,2022-10-02 11:38:28
1907,16034,82,1,배송이 빨라서 좋았어요.,2022-06-19 18:04:29
1908,16060,172,5,배송이 빨라서 좋았어요.,2022-01-07 08:25:18
1909,16061,23,1,포장 상태가 아쉬웠습니다.,2023-01-16 09:35:23
1910,16074,133,2,가격 대비 만족합니다.,2022-11-30 12:00:11
1911,16083,102,3,가격 대비 만족합니다.,2023-05-08 09:04:22
1912,16113,196,1,가격 대비 만족합니다.,2022-07-21 17:02:47
1913,16118,184,5,배송이 너무 늦었어요.,2022-01-13 12:41:25
1914,16121,31,5,포장 상태가 아쉬웠습니다.,2022-09-02 13:09:52
1915,16124,136,1,품질이 생각보다 별로였어요.,2023-11-11 15:55:29
1916,16125,13,3,친구한테 선물했는데 좋아합니다.,2022-03-13 19:00:43
1917,16137,19,4,포장 상태가 아쉬웠습니다.,2022-06-08 00:27:14
1918,16143,118,2,포장 상태가 아쉬웠습니다.,2023-08-04 13:49:01
1919,16151,56,1,포장 상태가 아쉬웠습니다.,2022-02-27 10:23:09
1920,16152,26,3,친구한테 선물했는데 좋아합니다.,2022-08-11 11:54:25
1921,16164,196,1,재구매 의사 있습니다!,2023-04-25 07:06:26
1922,16169,178,3,가성비 괜찮네요.,2023-04-28 22:39:40
1923,16193,11,3,배송이 너무 늦었어요.,2023-12-20 21:40:25
1924,16197,167,3,품질이 생각보다 별로였어요.,2022-09-06 23:06:34
1925,16200,11,3,가격 대비 만족합니다.,2023-09-09 20:56:35
1926,16205,136,4,포장 상태가 아쉬웠습니다.,2023-04-17 09:10:42
1927,16218,62,4,포장 상태가 아쉬웠습니다.,2023-09-27 12:45:57
1928,16245,18,4,친구한테 선물했는데 좋아합니다.,2022-07-07 22:59:12
1929,16247,186,1,재구매 의사 있습니다!,2022-04-12 05:54:18
1930,16254,19,1,친구한테 선물했는데 좋아합니다.,2022-09-21 06:53:23
1931,16266,1,5,배송이 너무 늦었어요.,2022-10-04 00:56:12
1932,16268,3,5,재구매 의사 있습니다!,2022-10-13 09:31:27
1933,16279,141,5,배송이 빨라서 좋았어요.,2022-05-10 02:52:43
1934,16283,3,4,가격 대비 만족합니다.,2023-09-03 02:02:07
1935,16287,24,4,재구매 의사 있습니다!,2023-03-27 06:12:08
1936,16300,187,1,품질이 생각보다 별로였어요.,2023-02-02 05:48:07
1937,16307,180,5,배송이 빨라서 좋았어요.,2023-07-27 02:34:01
1938,16312,54,5,배송이 빨라서 좋았어요.,2023-09-07 14:40:07
1939,16315,41,4,친구한테 선물했는데 좋아합니다.,2022-04-23 00:43:03
1940,16316,59,2,포장 상태가 아쉬웠습니다.,2022-08-01 14:33:08
1941,16320,98,2,가성비 괜찮네요.,2023-06-05 19:37:21
1942,16324,3,5,가성비 괜찮네요.,2022-02-21 00:45:52
1943,16341,194,2,배송이 빨라서 좋았어요.,2022-06-01 00:25:31
1944,16356,117,4,재구매 의사 있습니다!,2024-01-09 10:49:52
1945,16362,55,5,배송이 빨라서 좋았어요.,2022-10-30 18:55:31
1946,16366,112,4,배송이 너무 늦었어요.,2023-03-31 22:37:47
1947,16392,16,5,가성비 괜찮네요.,2023-11-10 10:40:31
1948,16394,76,2,친구한테 선물했는데 좋아합니다.,2023-06-03 17:06:28
1949,16400,120,5,가성비 괜찮네요.,2022-05-28 23:58:05
1950,16407,152,2,재구매 의사 있습니다!,2023-06-20 02:49:12
1951,16418,38,1,가성비 괜찮네요.,2022-05-13 19:47:33
1952,16435,92,2,가성비 괜찮네요.,2023-10-11 16:21:32
1953,16458,71,2,배송이 빨라서 좋았어요.,2023-07-17 04:49:29
1954,16475,70,1,배송이 빨라서 좋았어요.,2023-04-24 16:16:09
1955,16476,95,5,포장 상태가 아쉬웠습니다.,2023-12-17 05:13:25
1956,16477,36,3,배송이 너무 늦었어요.,2022-06-16 08:30:01
1957,16478,160,2,품질이 생각보다 별로였어요.,2022-06-04 06:25:50
1958,16480,71,4,포장 상태가 아쉬웠습니다.,2022-02-11 07:04:01
1959,16482,173,2,포장 상태가 아쉬웠습니다.,2022-06-23 02:23:56
1960,16486,96,2,포장 상태가 아쉬웠습니다.,2022-04-13 04:21:14
1961,16494,145,3,배송이 빨라서 좋았어요.,2023-05-12 17:07:50
1962,16499,108,1,재구매 의사 있습니다!,2022-12-05 04:09:26
1963,16502,97,4,재구매 의사 있습니다!,2022-07-14 14:35:21
1964,16529,144,2,배송이 빨라서 좋았어요.,2022-03-17 17:39:33
1965,16548,51,4,재구매 의사 있습니다!,2022-06-05 11:42:07
1966,16553,193,3,품질이 생각보다 별로였어요.,2023-11-06 20:07:33
1967,16556,191,1,친구한테 선물했는데 좋아합니다.,2022-11-15 02:53:14
1968,16560,181,1,포장 상태가 아쉬웠습니다.,2022-05-20 19:12:34
1969,16562,176,1,포장 상태가 아쉬웠습니다.,2023-02-28 06:53:08
1970,16566,121,4,친구한테 선물했는데 좋아합니다.,2023-03-07 08:42:23
1971,16578,11,3,재구매 의사 있습니다!,2023-03-19 01:36:37
1972,16596,100,5,배송이 빨라서 좋았어요.,2024-01-26 19:29:46
1973,16599,60,1,가격 대비 만족합니다.,2022-03-26 08:25:15
1974,16600,93,1,품질이 생각보다 별로였어요.,2023-02-09 16:54:32
1975,16605,38,5,가성비 괜찮네요.,2022-03-26 01:08:54
1976,16610,2,4,품질이 생각보다 별로였어요.,2022-01-30 10:44:11
1977,16624,165,2,친구한테 선물했는데 좋아합니다.,2023-04-25 01:09:14
1978,16626,69,5,가격 대비 만족합니다.,2022-04-25 05:54:48
1979,16630,113,4,포장 상태가 아쉬웠습니다.,2023-02-17 04:35:02
1980,16632,98,4,재구매 의사 있습니다!,2022-12-05 16:03:13
1981,16634,28,3,가성비 괜찮네요.,2023-05-29 01:46:46
1982,16640,136,5,포장 상태가 아쉬웠습니다.,2022-01-29 21:45:56
1983,16665,60,5,재구매 의사 있습니다!,2023-05-30 09:26:51
1984,16672,1,2,포장 상태가 아쉬웠습니다.,2023-04-23 06:58:26
1985,16675,64,1,친구한테 선물했는데 좋아합니다.,2023-04-03 12:51:47
1986,16687,71,2,배송이 빨라서 좋았어요.,2023-08-15 19:18:07
1987,16692,163,3,품질이 생각보다 별로였어요.,2023-03-02 03:09:46
1988,16700,195,2,품질이 생각보다 별로였어요.,2022-06-24 22:38:51
1989,16703,135,2,가성비 괜찮네요.,2023-01-19 11:19:18
1990,16712,14,3,가성비 괜찮네요.,2022-01-08 00:02:45
1991,16716,61,3,친구한테 선물했는데 좋아합니다.,2023-06-04 21:40:55
1992,16773,109,3,배송이 너무 늦었어요.,2023-01-25 16:13:07
1993,16774,181,5,품질이 생각보다 별로였어요.,2023-02-20 01:53:58
1994,16775,109,1,포장 상태가 아쉬웠습니다.,2023-08-04 03:19:46
1995,16776,51,2,가격 대비 만족합니다.,2022-11-23 03:50:58
1996,16791,93,3,품질이 생각보다 별로였어요.,2022-10-14 17:09:51
1997,16812,1,1,가성비 괜찮네요.,2022-01-11 04:41:55
1998,16815,119,2,가성비 괜찮네요.,2022-12-15 06:29:24
1999,16821,45,3,친구한테 선물했는데 좋아합니다.,2022-02-15 23:27:04
2000,16825,75,3,포장 상태가 아쉬웠습니다.,2023-03-15 04:28:11
2001,16835,61,2,배송이 너무 늦었어요.,2022-01-23 09:21:20
2002,16876,60,3,재구매 의사 있습니다!,2023-10-12 13:10:03
2003,16887,142,1,품질이 생각보다 별로였어요.,2023-04-06 18:13:25
2004,16900,96,4,배송이 빨라서 좋았어요.,2022-03-25 07:55:14
2005,16901,151,2,친구한테 선물했는데 좋아합니다.,2024-01-09 17:29:23
2006,16921,63,5,배송이 빨라서 좋았어요.,2022-10-07 00:55:19
2007,16935,176,3,친구한테 선물했는데 좋아합니다.,2022-02-09 05:48:11
2008,16936,77,2,재구매 의사 있습니다!,2022-03-10 13:10:10
2009,16942,59,4,친구한테 선물했는데 좋아합니다.,2023-03-22 00:25:46
2010,16951,144,1,품질이 생각보다 별로였어요.,2023-08-19 01:29:31
2011,16966,76,2,배송이 너무 늦었어요.,2023-02-01 09:19:19
2012,16976,195,3,가격 대비 만족합니다.,2022-02-27 23:08:00
2013,16982,133,4,품질이 생각보다 별로였어요.,2023-10-04 00:00:39
2014,16984,97,1,친구한테 선물했는데 좋아합니다.,2023-06-14 23:52:48
2015,17005,60,2,포장 상태가 아쉬웠습니다.,2022-02-22 07:18:22
2016,17011,155,1,가격 대비 만족합니다.,2022-05-10 12:55:13
2017,17025,35,4,배송이 빨라서 좋았어요.,2022-04-30 16:59:59
2018,17035,164,4,친구한테 선물했는데 좋아합니다.,2022-03-18 19:39:25
2019,17041,175,3,배송이 빨라서 좋았어요.,2023-10-31 09:31:03
2020,17044,40,1,배송이 빨라서 좋았어요.,2022-11-14 11:11:51
2021,17048,22,4,포장 상태가 아쉬웠습니다.,2023-03-19 19:16:36
2022,17056,107,3,포장 상태가 아쉬웠습니다.,2023-10-08 05:44:21
2023,17066,74,2,배송이 빨라서 좋았어요.,2022-10-03 19:19:25
2024,17080,195,2,재구매 의사 있습니다!,2022-06-14 20:18:06
2025,17083,9,4,가격 대비 만족합니다.,2023-07-20 01:16:06
2026,17101,178,3,가격 대비 만족합니다.,2022-02-06 07:51:35
2027,17106,117,3,배송이 빨라서 좋았어요.,2023-11-29 00:54:42
2028,17112,124,1,재구매 의사 있습니다!,2022-10-09 19:54:42
2029,17117,167,3,가격 대비 만족합니다.,2022-03-20 06:23:28
2030,17125,72,1,배송이 너무 늦었어요.,2022-03-24 14:29:12
2031,17127,87,4,배송이 빨라서 좋았어요.,2023-03-16 03:24:38
2032,17131,193,3,배송이 빨라서 좋았어요.,2024-01-09 00:00:43
2033,17165,158,4,친구한테 선물했는데 좋아합니다.,2022-03-12 12:56:05
2034,17178,143,2,배송이 너무 늦었어요.,2023-03-04 21:35:00
2035,17199,165,4,가성비 괜찮네요.,2022-11-11 08:12:09
2036,17202,129,4,배송이 너무 늦었어요.,2023-11-15 21:38:39
2037,17204,63,4,가성비 괜찮네요.,2023-01-12 11:46:05
2038,17206,166,5,재구매 의사 있습니다!,2023-08-12 23:56:30
2039,17216,178,3,재구매 의사 있습니다!,2023-05-10 13:58:16
2040,17222,126,3,재구매 의사 있습니다!,2023-03-18 13:29:23
2041,17227,169,5,친구한테 선물했는데 좋아합니다.,2023-09-26 13:30:47
2042,17229,7,1,배송이 빨라서 좋았어요.,2023-01-05 02:22:58
2043,17235,145,1,포장 상태가 아쉬웠습니다.,2023-07-18 02:49:47
2044,17240,159,3,재구매 의사 있습니다!,2023-06-23 01:20:16
2045,17241,86,5,재구매 의사 있습니다!,2023-12-14 05:44:42
2046,17253,158,2,가성비 괜찮네요.,2023-06-20 00:29:48
2047,17258,32,1,포장 상태가 아쉬웠습니다.,2022-02-01 13:31:14
2048,17260,16,4,친구한테 선물했는데 좋아합니다.,2023-01-21 03:22:46
2049,17261,36,5,친구한테 선물했는데 좋아합니다.,2023-09-27 17:08:06
2050,17265,177,5,포장 상태가 아쉬웠습니다.,2023-07-24 11:34:56
2051,17285,125,5,가격 대비 만족합니다.,2023-08-30 20:16:22
2052,17291,163,3,가격 대비 만족합니다.,2022-12-04 05:13:17
2053,17295,120,2,배송이 너무 늦었어요.,2023-01-03 11:27:39
2054,17302,173,4,포장 상태가 아쉬웠습니다.,2023-02-22 00:51:27
2055,17326,193,5,배송이 빨라서 좋았어요.,2023-02-21 11:52:33
2056,17327,172,5,포장 상태가 아쉬웠습니다.,2023-05-04 12:35:57
2057,17330,149,1,포장 상태가 아쉬웠습니다.,2022-05-26 22:41:29
2058,17332,143,3,배송이 빨라서 좋았어요.,2023-02-18 16:55:00
2059,17333,13,4,품질이 생각보다 별로였어요.,2022-10-02 21:08:29
2060,17341,55,5,배송이 빨라서 좋았어요.,2022-02-12 21:34:04
2061,17367,5,3,포장 상태가 아쉬웠습니다.,2023-09-01 00:36:31
2062,17398,12,4,친구한테 선물했는데 좋아합니다.,2022-08-14 20:34:46
2063,17418,2,3,가격 대비 만족합니다.,2022-10-09 01:23:09
2064,17421,51,2,포장 상태가 아쉬웠습니다.,2023-06-07 21:59:31
2065,17422,81,2,배송이 빨라서 좋았어요.,2022-05-29 10:07:00
2066,17425,180,2,가격 대비 만족합니다.,2022-02-04 06:19:42
2067,17434,86,3,품질이 생각보다 별로였어요.,2023-08-18 14:50:47
2068,17441,160,5,가격 대비 만족합니다.,2023-06-18 05:16:33
2069,17447,111,2,친구한테 선물했는데 좋아합니다.,2023-01-10 00:18:29
2070,17457,196,5,재구매 의사 있습니다!,2022-10-25 07:30:40
2071,17463,193,2,배송이 너무 늦었어요.,2022-09-11 04:21:57
2072,17465,185,3,포장 상태가 아쉬웠습니다.,2022-04-05 11:06:48
2073,17472,3,3,재구매 의사 있습니다!,2022-03-22 13:24:36
2074,17480,178,2,배송이 빨라서 좋았어요.,2023-04-14 20:33:08
2075,17509,63,1,재구매 의사 있습니다!,2023-10-03 19:36:12
2076,17514,195,2,가격 대비 만족합니다.,2023-09-09 10:40:32
2077,17516,139,5,친구한테 선물했는데 좋아합니다.,2022-07-14 00:48:00
2078,17521,99,4,가격 대비 만족합니다.,2023-08-06 20:53:03
2079,17537,126,3,가성비 괜찮네요.,2023-11-30 02:03:16
2080,17561,89,1,가격 대비 만족합니다.,2022-08-18 21:50:39
2081,17568,45,5,친구한테 선물했는데 좋아합니다.,2022-10-09 22:47:49
2082,17587,61,2,가성비 괜찮네요.,2023-05-27 08:12:48
2083,17596,104,3,재구매 의사 있습니다!,2023-04-02 19:54:02
2084,17614,16,3,품질이 생각보다 별로였어요.,2023-10-28 15:05:39
2085,17629,153,5,가성비 괜찮네요.,2022-03-30 03:19:55
2086,17630,67,1,배송이 빨라서 좋았어요.,2023-08-14 20:05:39
2087,17643,47,1,가성비 괜찮네요.,2022-12-13 07:14:18
2088,17648,105,3,친구한테 선물했는데 좋아합니다.,2023-09-08 02:56:40
2089,17655,2,5,가성비 괜찮네요.,2022-09-08 15:49:04
2090,17664,137,2,품질이 생각보다 별로였어요.,2022-08-18 13:06:34
2091,17670,40,5,친구한테 선물했는데 좋아합니다.,2023-12-04 01:50:10
2092,17698,133,1,재구매 의사 있습니다!,2022-08-06 15:52:06
2093,17704,60,5,배송이 빨라서 좋았어요.,2023-08-13 05:00:43
2094,17707,122,4,재구매 의사 있습니다!,2022-05-01 20:27:09
2095,17711,98,1,가성비 괜찮네요.,2023-03-07 17:31:52
2096,17715,176,2,가성비 괜찮네요.,2022-04-04 02:06:46
2097,17724,144,4,친구한테 선물했는데 좋아합니다.,2022-01-15 19:35:51
2098,17728,38,5,친구한테 선물했는데 좋아합니다.,2022-10-09 07:16:22
2099,17737,68,5,배송이 빨라서 좋았어요.,2022-06-01 01:29:32
2100,17738,45,5,포장 상태가 아쉬웠습니다.,2022-06-22 16:11:51
2101,17739,112,3,가격 대비 만족합니다.,2022-05-21 19:56:16
2102,17743,199,4,배송이 빨라서 좋았어요.,2023-07-20 05:15:20
2103,17758,48,3,품질이 생각보다 별로였어요.,2022-10-09 12:49:14
2104,17765,85,5,배송이 너무 늦었어요.,2023-12-05 20:53:51
2105,17767,78,4,친구한테 선물했는데 좋아합니다.,2023-10-15 14:05:02
2106,17770,30,5,포장 상태가 아쉬웠습니다.,2023-08-21 19:56:24
2107,17771,155,4,친구한테 선물했는데 좋아합니다.,2022-02-19 19:27:59
2108,17773,189,3,배송이 빨라서 좋았어요.,2023-11-03 19:45:10
2109,17776,17,4,친구한테 선물했는데 좋아합니다.,2022-03-24 20:56:52
2110,17783,48,2,배송이 빨라서 좋았어요.,2023-01-01 23:06:01
2111,17786,91,4,가성비 괜찮네요.,2022-12-09 02:56:59
2112,17800,167,5,배송이 빨라서 좋았어요.,2022-12-15 19:34:00
2113,17828,116,1,포장 상태가 아쉬웠습니다.,2023-02-05 22:49:37
2114,17831,167,5,포장 상태가 아쉬웠습니다.,2022-04-19 13:39:10
2115,17836,197,2,재구매 의사 있습니다!,2022-09-10 20:39:14
2116,17849,28,4,가격 대비 만족합니다.,2023-09-17 13:50:07
2117,17850,53,2,배송이 빨라서 좋았어요.,2023-11-02 14:26:49
2118,17855,185,3,품질이 생각보다 별로였어요.,2023-08-23 03:39:03
2119,17870,170,3,품질이 생각보다 별로였어요.,2023-05-01 09:16:21
2120,17888,174,1,친구한테 선물했는데 좋아합니다.,2022-09-05 00:53:56
2121,17901,89,2,배송이 너무 늦었어요.,2023-11-13 18:37:29
2122,17912,100,5,배송이 빨라서 좋았어요.,2022-04-15 03:01:29
2123,17931,9,1,재구매 의사 있습니다!,2022-10-17 12:05:05
2124,17933,29,3,재구매 의사 있습니다!,2022-07-06 02:57:30
2125,17977,175,2,품질이 생각보다 별로였어요.,2022-11-26 08:40:02
2126,17993,47,3,재구매 의사 있습니다!,2022-05-09 00:59:50
2127,17994,25,4,배송이 빨라서 좋았어요.,2023-12-08 17:28:22
2128,17998,140,1,포장 상태가 아쉬웠습니다.,2022-03-29 19:51:56
2129,18008,184,2,친구한테 선물했는데 좋아합니다.,2023-10-19 10:01:04
2130,18009,197,1,재구매 의사 있습니다!,2023-08-02 13:28:55
2131,18015,64,1,재구매 의사 있습니다!,2022-07-05 19:51:13
2132,18018,114,4,가격 대비 만족합니다.,2022-09-05 13:51:59
2133,18046,47,1,친구한테 선물했는데 좋아합니다.,2022-09-16 21:53:19
2134,18053,31,4,배송이 빨라서 좋았어요.,2023-07-27 11:49:40
2135,18058,199,5,포장 상태가 아쉬웠습니다.,2022-08-30 01:15:33
2136,18060,190,2,배송이 빨라서 좋았어요.,2022-05-12 17:21:59
2137,18063,135,1,품질이 생각보다 별로였어요.,2023-09-28 19:24:01
2138,18070,150,5,배송이 빨라서 좋았어요.,2023-01-16 17:54:12
2139,18075,135,5,재구매 의사 있습니다!,2023-08-20 20:48:23
2140,18087,153,3,포장 상태가 아쉬웠습니다.,2022-09-25 13:57:14
2141,18093,149,2,포장 상태가 아쉬웠습니다.,2023-09-19 15:46:09
2142,18114,34,3,친구한테 선물했는데 좋아합니다.,2022-02-05 16:56:45
2143,18120,140,3,품질이 생각보다 별로였어요.,2022-12-23 02:08:10
2144,18127,196,2,친구한테 선물했는데 좋아합니다.,2022-07-07 08:15:45
2145,18147,83,1,재구매 의사 있습니다!,2023-01-18 23:53:12
2146,18153,62,4,가격 대비 만족합니다.,2022-10-25 11:44:55
2147,18156,116,5,배송이 너무 늦었어요.,2022-03-13 03:34:47
2148,18174,46,3,품질이 생각보다 별로였어요.,2022-12-07 09:49:10
2149,18179,164,1,재구매 의사 있습니다!,2024-01-03 13:26:53
2150,18190,151,2,포장 상태가 아쉬웠습니다.,2023-02-22 06:07:41
2151,18197,17,1,가격 대비 만족합니다.,2022-07-30 15:11:19
2152,18209,142,2,배송이 너무 늦었어요.,2022-06-01 16:22:58
2153,18234,56,3,배송이 너무 늦었어요.,2022-12-17 09:26:13
2154,18236,59,2,가성비 괜찮네요.,2022-11-11 22:49:46
2155,18239,172,1,재구매 의사 있습니다!,2022-01-07 05:17:23
2156,18243,75,4,품질이 생각보다 별로였어요.,2022-03-30 05:11:31
2157,18262,9,2,품질이 생각보다 별로였어요.,2022-03-03 11:07:31
2158,18263,104,3,품질이 생각보다 별로였어요.,2023-07-23 10:36:12
2159,18267,75,5,가성비 괜찮네요.,2023-09-02 15:49:39
2160,18276,65,3,재구매 의사 있습니다!,2022-07-28 07:06:01
2161,18277,43,5,친구한테 선물했는데 좋아합니다.,2023-06-29 22:06:01
2162,18278,140,5,가격 대비 만족합니다.,2023-12-11 10:14:02
2163,18284,156,3,포장 상태가 아쉬웠습니다.,2022-04-19 15:51:46
2164,18288,172,5,친구한테 선물했는데 좋아합니다.,2022-01-31 16:44:33
2165,18289,35,1,배송이 빨라서 좋았어요.,2022-04-15 05:44:56
2166,18293,59,4,가성비 괜찮네요.,2023-10-24 22:05:06
2167,18299,104,5,포장 상태가 아쉬웠습니다.,2022-03-25 19:50:44
2168,18303,190,5,가성비 괜찮네요.,2023-12-27 08:37:09
2169,18309,44,2,배송이 빨라서 좋았어요.,2023-08-07 07:13:43
2170,18312,58,5,배송이 빨라서 좋았어요.,2023-12-14 17:26:53
2171,18324,188,1,배송이 빨라서 좋았어요.,2022-08-11 10:05:09
2172,18325,179,2,배송이 너무 늦었어요.,2023-01-21 04:35:55
2173,18330,124,3,재구매 의사 있습니다!,2023-01-25 06:53:35
2174,18339,56,1,가성비 괜찮네요.,2022-05-23 21:21:05
2175,18359,52,5,배송이 너무 늦었어요.,2022-02-04 09:10:26
2176,18363,28,5,친구한테 선물했는데 좋아합니다.,2022-10-17 22:10:20
2177,18377,52,5,포장 상태가 아쉬웠습니다.,2023-03-10 12:29:20
2178,18382,142,2,배송이 빨라서 좋았어요.,2022-12-04 07:08:57
2179,18393,195,5,친구한테 선물했는데 좋아합니다.,2023-01-24 06:30:08
2180,18394,48,2,친구한테 선물했는데 좋아합니다.,2023-04-27 01:08:54
2181,18412,31,4,친구한테 선물했는데 좋아합니다.,2022-08-12 04:56:37
2182,18413,8,5,가격 대비 만족합니다.,2023-07-14 08:41:55
2183,18417,8,5,배송이 빨라서 좋았어요.,2023-07-30 08:00:08
2184,18424,80,2,재구매 의사 있습니다!,2024-01-12 18:01:23
2185,18426,197,3,배송이 너무 늦었어요.,2022-08-15 08:47:26
2186,18430,76,1,품질이 생각보다 별로였어요.,2023-11-16 09:21:51
2187,18441,63,4,가격 대비 만족합니다.,2022-04-21 23:17:15
2188,18450,62,3,가성비 괜찮네요.,2022-03-10 02:46:43
2189,18462,63,2,품질이 생각보다 별로였어요.,2022-07-07 19:55:29
2190,18463,175,1,배송이 너무 늦었어요.,2022-11-12 18:28:38
2191,18468,64,4,품질이 생각보다 별로였어요.,2022-09-21 03:08:10
2192,18480,116,1,배송이 빨라서 좋았어요.,2022-07-21 09:13:42
2193,18481,139,3,가성비 괜찮네요.,2023-07-09 00:01:01
2194,18492,151,3,배송이 빨라서 좋았어요.,2023-02-15 14:54:37
2195,18516,56,5,품질이 생각보다 별로였어요.,2023-04-03 00:50:02
2196,18530,119,4,재구매 의사 있습니다!,2023-07-01 05:46:03
2197,18537,2,5,가격 대비 만족합니다.,2022-12-26 08:24:18
2198,18544,143,4,포장 상태가 아쉬웠습니다.,2023-07-29 09:14:22
2199,18555,23,4,재구매 의사 있습니다!,2022-07-01 13:00:18
2200,18560,163,5,품질이 생각보다 별로였어요.,2023-07-06 05:48:53
2201,18563,67,5,배송이 너무 늦었어요.,2022-07-11 23:40:37
2202,18566,147,1,품질이 생각보다 별로였어요.,2022-07-20 02:37:04
2203,18575,86,2,품질이 생각보다 별로였어요.,2023-05-31 16:16:54
2204,18581,22,2,재구매 의사 있습니다!,2023-08-01 05:34:42
2205,18587,65,1,친구한테 선물했는데 좋아합니다.,2023-01-11 05:11:43
2206,18593,84,3,품질이 생각보다 별로였어요.,2023-09-09 22:24:39
2207,18610,120,1,재구매 의사 있습니다!,2023-07-06 06:07:23
2208,18612,138,1,친구한테 선물했는데 좋아합니다.,2023-12-21 09:31:36
2209,18621,107,1,재구매 의사 있습니다!,2023-04-26 18:35:29
2210,18622,107,4,배송이 빨라서 좋았어요.,2023-11-17 07:15:07
2211,18636,25,1,배송이 빨라서 좋았어요.,2023-07-31 20:54:17
2212,18640,13,5,가격 대비 만족합니다.,2022-05-27 16:04:11
2213,18647,182,3,배송이 빨라서 좋았어요.,2022-10-30 21:26:06
2214,18654,135,3,배송이 빨라서 좋았어요.,2022-10-11 19:54:50
2215,18656,147,3,가성비 괜찮네요.,2023-10-19 13:42:06
2216,18660,30,5,포장 상태가 아쉬웠습니다.,2022-04-22 18:30:05
2217,18674,136,5,포장 상태가 아쉬웠습니다.,2022-11-01 21:27:04
2218,18712,41,3,가격 대비 만족합니다.,2022-03-16 00:59:58
2219,18713,115,3,가격 대비 만족합니다.,2022-04-05 07:13:54
2220,18718,101,4,배송이 너무 늦었어요.,2022-11-11 10:06:37
2221,18728,184,4,가격 대비 만족합니다.,2022-02-02 05:59:45
2222,18746,119,3,배송이 빨라서 좋았어요.,2023-04-22 06:28:29
2223,18755,74,1,가성비 괜찮네요.,2024-01-06 23:44:15
2224,18759,45,4,재구매 의사 있습니다!,2022-04-15 20:06:55
2225,18766,162,3,품질이 생각보다 별로였어요.,2022-09-18 21:39:49
2226,18784,14,1,배송이 너무 늦었어요.,2023-12-20 04:18:18
2227,18786,194,3,친구한테 선물했는데 좋아합니다.,2023-01-22 11:11:35
2228,18794,177,5,가격 대비 만족합니다.,2023-07-30 04:20:05
2229,18795,129,4,가성비 괜찮네요.,2023-03-27 16:25:18
2230,18818,168,1,가격 대비 만족합니다.,2023-01-25 17:13:43
2231,18822,195,1,가성비 괜찮네요.,2022-07-19 21:55:12
2232,18828,180,4,재구매 의사 있습니다!,2023-03-06 21:21:06
2233,18840,24,5,가성비 괜찮네요.,2022-02-04 16:28:39
2234,18841,77,4,품질이 생각보다 별로였어요.,2022-11-23 06:47:20
2235,18850,36,5,친구한테 선물했는데 좋아합니다.,2023-09-19 23:22:56
2236,18858,35,3,배송이 너무 늦었어요.,2023-09-13 22:21:37
2237,18876,115,4,친구한테 선물했는데 좋아합니다.,2022-12-10 19:51:41
2238,18881,19,3,친구한테 선물했는데 좋아합니다.,2022-05-30 06:10:33
2239,18882,128,2,재구매 의사 있습니다!,2023-07-24 21:30:54
2240,18885,68,2,가격 대비 만족합니다.,2023-10-03 03:55:27
2241,18892,148,3,가격 대비 만족합니다.,2022-01-23 12:03:37
2242,18898,170,4,배송이 빨라서 좋았어요.,2023-07-03 08:19:34
2243,18909,49,1,가성비 괜찮네요.,2023-11-05 21:39:38
2244,18918,9,4,포장 상태가 아쉬웠습니다.,2023-09-27 01:33:23
2245,18938,45,5,배송이 빨라서 좋았어요.,2022-06-29 02:45:59
2246,18941,44,2,가격 대비 만족합니다.,2023-10-13 08:54:45
2247,18942,194,2,친구한테 선물했는데 좋아합니다.,2023-09-28 14:19:53
2248,18963,9,3,배송이 빨라서 좋았어요.,2022-09-12 10:40:24
2249,18996,82,5,포장 상태가 아쉬웠습니다.,2023-10-09 20:46:30
2250,18999,18,4,배송이 너무 늦었어요.,2022-10-11 15:58:28
2251,19011,117,1,배송이 너무 늦었어요.,2022-08-29 18:37:16
2252,19020,20,2,가성비 괜찮네요.,2023-11-14 15:12:06
2253,19024,84,1,배송이 빨라서 좋았어요.,2022-09-15 09:09:28
2254,19046,96,1,재구매 의사 있습니다!,2023-08-09 21:13:50
2255,19050,88,5,포장 상태가 아쉬웠습니다.,2022-06-28 22:25:07
2256,19057,42,3,품질이 생각보다 별로였어요.,2023-01-24 11:36:38
2257,19065,6,2,품질이 생각보다 별로였어요.,2022-07-20 04:08:56
2258,19073,130,4,가격 대비 만족합니다.,2023-07-07 18:56:43
2259,19083,160,1,재구매 의사 있습니다!,2022-11-08 21:19:29
2260,19112,189,5,품질이 생각보다 별로였어요.,2022-10-25 15:17:35
2261,19114,61,1,가성비 괜찮네요.,2022-04-13 03:03:57
2262,19115,172,2,재구매 의사 있습니다!,2022-11-16 20:39:32
2263,19121,169,3,포장 상태가 아쉬웠습니다.,2022-06-01 17:21:27
2264,19122,96,4,재구매 의사 있습니다!,2023-03-27 12:04:36
2265,19141,181,2,배송이 너무 늦었어요.,2023-03-12 23:23:01
2266,19169,74,5,배송이 너무 늦었어요.,2023-04-09 02:04:49
2267,19190,80,5,재구매 의사 있습니다!,2022-03-11 07:29:28
2268,19207,54,3,가격 대비 만족합니다.,2023-05-17 20:16:38
2269,19214,132,1,친구한테 선물했는데 좋아합니다.,2022-09-22 04:43:29
2270,19216,139,4,포장 상태가 아쉬웠습니다.,2022-08-11 02:15:25
2271,19238,6,3,가성비 괜찮네요.,2022-05-04 23:44:38
2272,19240,69,1,배송이 너무 늦었어요.,2022-03-23 01:41:44
2273,19242,177,4,가격 대비 만족합니다.,2022-10-25 21:27:54
2274,19260,13,3,재구매 의사 있습니다!,2022-02-13 08:26:31
2275,19273,19,1,포장 상태가 아쉬웠습니다.,2022-05-23 08:22:10
2276,19298,187,1,배송이 빨라서 좋았어요.,2023-11-29 18:15:26
2277,19307,173,2,배송이 빨라서 좋았어요.,2023-04-18 05:43:48
2278,19319,33,4,친구한테 선물했는데 좋아합니다.,2023-05-22 03:28:28
2279,19331,40,5,가성비 괜찮네요.,2022-08-19 11:54:13
2280,19339,147,5,가격 대비 만족합니다.,2023-07-21 16:06:57
2281,19342,108,4,배송이 빨라서 좋았어요.,2022-08-22 03:42:13
2282,19353,159,5,포장 상태가 아쉬웠습니다.,2023-11-13 08:14:04
2283,19365,110,4,배송이 너무 늦었어요.,2023-10-27 00:24:10
2284,19374,28,5,포장 상태가 아쉬웠습니다.,2023-07-18 22:53:36
2285,19382,140,3,친구한테 선물했는데 좋아합니다.,2023-08-16 21:59:04
2286,19393,70,4,포장 상태가 아쉬웠습니다.,2023-07-19 15:18:57
2287,19418,170,3,재구매 의사 있습니다!,2022-08-01 15:42:32
2288,19420,85,1,재구매 의사 있습니다!,2023-03-12 17:04:38
2289,19429,165,3,가격 대비 만족합니다.,2022-08-25 01:29:11
2290,19430,131,2,재구매 의사 있습니다!,2022-07-31 11:41:39
2291,19440,120,2,재구매 의사 있습니다!,2023-01-07 21:00:42
2292,19449,61,1,배송이 빨라서 좋았어요.,2023-02-13 01:22:20
2293,19458,13,5,품질이 생각보다 별로였어요.,2022-11-21 01:13:10
2294,19459,154,5,배송이 너무 늦었어요.,2022-09-13 13:05:04
2295,19460,196,3,가격 대비 만족합니다.,2023-02-27 10:32:55
2296,19469,138,3,품질이 생각보다 별로였어요.,2023-01-18 02:52:14
2297,19478,199,4,포장 상태가 아쉬웠습니다.,2023-06-19 13:51:17
2298,19479,126,1,가성비 괜찮네요.,2022-11-09 21:51:31
2299,19495,24,3,배송이 너무 늦었어요.,2024-01-19 16:32:18
2300,19498,172,2,친구한테 선물했는데 좋아합니다.,2023-07-08 01:25:13
2301,19499,128,3,가성비 괜찮네요.,2022-09-07 03:39:48
2302,19509,34,5,가격 대비 만족합니다.,2023-02-05 11:46:37
2303,19514,86,5,품질이 생각보다 별로였어요.,2023-11-29 05:08:02
2304,19519,179,4,재구매 의사 있습니다!,2022-06-25 12:06:11
2305,19522,41,4,가격 대비 만족합니다.,2022-12-08 06:31:03
2306,19524,156,2,가성비 괜찮네요.,2022-07-22 18:51:39
2307,19532,184,1,포장 상태가 아쉬웠습니다.,2023-05-21 17:28:55
2308,19550,35,4,친구한테 선물했는데 좋아합니다.,2023-12-31 18:03:14
2309,19569,102,4,배송이 빨라서 좋았어요.,2023-09-02 01:07:00
2310,19570,76,2,배송이 빨라서 좋았어요.,2022-08-30 00:01:40
2311,19585,127,3,가성비 괜찮네요.,2023-12-07 13:13:45
2312,19589,187,5,친구한테 선물했는데 좋아합니다.,2023-09-09 10:24:46
2313,19592,151,5,품질이 생각보다 별로였어요.,2023-09-12 02:14:04
2314,19596,183,3,배송이 빨라서 좋았어요.,2023-12-31 05:19:36
2315,19603,11,3,품질이 생각보다 별로였어요.,2022-12-20 04:11:36
2316,19617,12,1,품질이 생각보다 별로였어요.,2023-06-07 18:05:34
2317,19618,151,4,포장 상태가 아쉬웠습니다.,2022-12-16 05:03:16
2318,19623,141,1,포장 상태가 아쉬웠습니다.,2022-05-22 09:43:54
2319,19624,147,2,배송이 너무 늦었어요.,2022-06-08 23:05:53
2320,19644,153,5,가격 대비 만족합니다.,2023-09-24 01:50:35
2321,19655,51,2,가격 대비 만족합니다.,2023-07-23 05:10:03
2322,19668,115,5,친구한테 선물했는데 좋아합니다.,2022-03-21 04:53:47
2323,19675,8,4,포장 상태가 아쉬웠습니다.,2023-04-21 04:29:48
2324,19690,12,5,친구한테 선물했는데 좋아합니다.,2023-01-10 08:44:07
2325,19691,198,5,재구매 의사 있습니다!,2022-08-14 19:42:58
2326,19696,21,3,친구한테 선물했는데 좋아합니다.,2023-02-18 20:08:34
2327,19703,85,5,가격 대비 만족합니다.,2022-12-04 22:13:51
2328,19720,74,4,가성비 괜찮네요.,2022-11-24 11:09:21
2329,19732,31,4,품질이 생각보다 별로였어요.,2022-09-21 20:52:29
2330,19749,135,4,배송이 너무 늦었어요.,2022-12-31 12:56:15
2331,19752,155,2,가성비 괜찮네요.,2023-11-04 11:02:10
2332,19761,143,5,가격 대비 만족합니다.,2022-11-13 09:41:33
2333,19767,88,4,품질이 생각보다 별로였어요.,2023-01-31 05:36:47
2334,19769,66,3,배송이 빨라서 좋았어요.,2023-10-02 10:25:50
2335,19774,65,5,배송이 빨라서 좋았어요.,2023-08-12 22:16:23
2336,19785,121,3,재구매 의사 있습니다!,2023-09-12 18:06:02
2337,19788,136,3,가성비 괜찮네요.,2023-03-19 23:08:13
2338,19792,158,4,가격 대비 만족합니다.,2022-06-13 02:03:45
2339,19801,71,3,가성비 괜찮네요.,2022-12-24 00:26:11
2340,19813,196,5,가격 대비 만족합니다.,2023-06-24 01:12:50
2341,19816,29,2,포장 상태가 아쉬웠습니다.,2023-12-10 06:54:26
2342,19823,33,2,품질이 생각보다 별로였어요.,2023-08-04 07:46:28
2343,19831,174,1,친구한테 선물했는데 좋아합니다.,2023-03-24 06:15:57
2344,19834,112,5,배송이 너무 늦었어요.,2022-05-06 02:12:18
2345,19865,92,5,포장 상태가 아쉬웠습니다.,2022-04-05 18:05:17
2346,19869,72,2,가격 대비 만족합니다.,2023-08-21 21:24:10
2347,19872,33,3,배송이 빨라서 좋았어요.,2023-03-26 12:15:45
2348,19873,165,1,친구한테 선물했는데 좋아합니다.,2022-05-21 13:08:17
2349,19879,36,5,가성비 괜찮네요.,2023-10-09 19:45:42
2350,19897,121,2,배송이 너무 늦었어요.,2023-04-29 12:42:51
2351,19903,118,4,친구한테 선물했는데 좋아합니다.,2023-02-25 02:33:52
2352,19918,105,1,재구매 의사 있습니다!,2023-07-10 23:24:24
2353,19924,103,3,친구한테 선물했는데 좋아합니다.,2022-11-07 17:16:08
2354,19927,151,1,재구매 의사 있습니다!,2022-07-19 07:21:34
2355,19939,133,5,배송이 빨라서 좋았어요.,2023-07-15 07:52:25
2356,19949,166,3,가성비 괜찮네요.,2022-07-07 08:51:04
2357,19953,50,5,품질이 생각보다 별로였어요.,2023-05-28 23:52:18
2358,19954,102,4,품질이 생각보다 별로였어요.,2023-06-06 14:13:49
2359,19966,142,3,가성비 괜찮네요.,2023-12-13 04:04:51
2360,19982,128,4,포장 상태가 아쉬웠습니다.,2022-04-11 21:35:11
2361,19991,106,5,가격 대비 만족합니다.,2022-05-12 23:42:57
2362,19999,189,2,품질이 생각보다 별로였어요.,2022-05-17 09:13:29
2363,20000,24,5,품질이 생각보다 별로였어요.,2022-04-17 22:16:42
2364,20010,80,2,품질이 생각보다 별로였어요.,2022-05-12 01:31:22
2365,20013,162,2,가성비 괜찮네요.,2023-03-30 21:41:07
2366,20018,66,2,재구매 의사 있습니다!,2023-05-16 18:22:12
2367,20019,182,3,친구한테 선물했는데 좋아합니다.,2022-10-11 08:48:33
2368,20022,43,2,재구매 의사 있습니다!,2022-12-17 13:09:57
2369,20023,18,3,친구한테 선물했는데 좋아합니다.,2022-08-05 13:32:19
2370,20027,27,1,배송이 빨라서 좋았어요.,2023-08-25 09:25:22
2371,20037,35,5,배송이 빨라서 좋았어요.,2022-12-02 06:41:05
2372,20038,50,1,친구한테 선물했는데 좋아합니다.,2022-04-24 09:51:34
2373,20043,156,5,배송이 너무 늦었어요.,2022-04-20 00:40:35
2374,20060,84,4,포장 상태가 아쉬웠습니다.,2022-04-17 09:29:37
2375,20083,42,3,재구매 의사 있습니다!,2022-05-19 08:56:25
2376,20098,44,2,품질이 생각보다 별로였어요.,2022-09-21 16:03:11
2377,20102,173,3,배송이 너무 늦었어요.,2023-12-25 13:59:51
2378,20120,57,1,재구매 의사 있습니다!,2022-10-08 18:14:01
2379,20122,76,4,배송이 너무 늦었어요.,2022-03-17 05:58:15
2380,20135,56,5,재구매 의사 있습니다!,2023-02-13 05:54:53
2381,20145,26,4,배송이 너무 늦었어요.,2023-10-07 20:36:04
2382,20151,3,2,가성비 괜찮네요.,2023-01-07 07:15:46
2383,20156,7,4,배송이 빨라서 좋았어요.,2023-07-01 23:40:49
2384,20164,198,5,포장 상태가 아쉬웠습니다.,2023-11-03 20:02:26
2385,20172,80,4,가성비 괜찮네요.,2023-01-08 21:48:02
2386,20184,192,4,배송이 너무 늦었어요.,2023-02-21 16:29:55
2387,20194,160,5,재구매 의사 있습니다!,2023-02-22 09:14:26
2388,20205,160,2,배송이 빨라서 좋았어요.,2022-02-04 08:23:26
2389,20223,111,1,가격 대비 만족합니다.,2023-09-13 10:08:44
2390,20225,52,2,친구한테 선물했는데 좋아합니다.,2022-08-28 18:16:50
2391,20230,85,2,배송이 너무 늦었어요.,2023-09-09 02:03:41
2392,20240,88,5,친구한테 선물했는데 좋아합니다.,2023-02-21 10:54:01
2393,20242,200,3,배송이 너무 늦었어요.,2022-03-21 14:14:43
2394,20259,86,1,친구한테 선물했는데 좋아합니다.,2022-08-24 15:43:36
2395,20261,122,2,가격 대비 만족합니다.,2022-12-16 19:14:02
2396,20264,112,5,배송이 너무 늦었어요.,2023-05-09 22:50:04
2397,20270,20,2,배송이 너무 늦었어요.,2023-01-13 15:40:17
2398,20273,165,4,친구한테 선물했는데 좋아합니다.,2022-10-17 19:50:25
2399,20275,107,1,가격 대비 만족합니다.,2022-03-21 00:47:45
2400,20284,163,5,품질이 생각보다 별로였어요.,2022-05-12 17:09:26
2401,20296,8,5,가성비 괜찮네요.,2022-03-31 04:59:24
2402,20304,120,2,배송이 너무 늦었어요.,2022-07-08 04:16:54
2403,20308,136,4,가격 대비 만족합니다.,2022-03-17 07:28:47
2404,20327,7,5,가격 대비 만족합니다.,2022-07-04 01:17:39
2405,20380,107,3,친구한테 선물했는데 좋아합니다.,2023-09-15 09:17:59
2406,20392,178,5,재구매 의사 있습니다!,2023-12-15 21:26:14
2407,20402,41,2,가성비 괜찮네요.,2023-01-13 18:53:33
2408,20427,68,1,포장 상태가 아쉬웠습니다.,2023-01-14 09:09:40
2409,20430,166,4,배송이 너무 늦었어요.,2023-09-18 08:21:10
2410,20433,164,4,배송이 너무 늦었어요.,2023-03-06 20:49:37
2411,20442,82,5,배송이 빨라서 좋았어요.,2022-05-31 00:56:40
2412,20457,132,4,친구한테 선물했는데 좋아합니다.,2022-05-05 13:15:19
2413,20462,100,4,가성비 괜찮네요.,2023-07-08 16:03:08
2414,20498,36,4,재구매 의사 있습니다!,2022-01-18 03:05:34
2415,20500,54,1,포장 상태가 아쉬웠습니다.,2022-04-12 18:57:27
2416,20504,164,1,가성비 괜찮네요.,2023-12-25 14:02:31
2417,20512,162,1,재구매 의사 있습니다!,2022-04-08 10:35:41
2418,20543,84,2,포장 상태가 아쉬웠습니다.,2022-07-13 02:33:42
2419,20552,168,4,배송이 너무 늦었어요.,2023-11-29 23:32:51
2420,20568,153,3,배송이 빨라서 좋았어요.,2023-09-27 01:16:34
2421,20573,141,3,포장 상태가 아쉬웠습니다.,2022-01-31 09:31:57
2422,20584,193,3,가격 대비 만족합니다.,2023-12-12 23:10:01
2423,20587,63,1,재구매 의사 있습니다!,2022-11-05 19:12:21
2424,20588,112,5,배송이 너무 늦었어요.,2022-10-16 04:15:42
2425,20592,183,4,포장 상태가 아쉬웠습니다.,2023-10-27 19:14:30
2426,20599,52,1,가격 대비 만족합니다.,2023-07-14 03:36:13
2427,20606,170,2,가성비 괜찮네요.,2023-03-28 04:32:33
2428,20622,197,2,배송이 빨라서 좋았어요.,2022-10-16 17:48:06
2429,20626,98,3,품질이 생각보다 별로였어요.,2022-10-10 22:23:04
2430,20636,119,5,포장 상태가 아쉬웠습니다.,2022-10-31 06:52:35
2431,20659,98,2,가격 대비 만족합니다.,2022-09-16 21:55:39
2432,20660,195,1,친구한테 선물했는데 좋아합니다.,2023-12-24 16:52:48
2433,20678,23,5,품질이 생각보다 별로였어요.,2023-03-25 14:38:23
2434,20709,155,5,친구한테 선물했는데 좋아합니다.,2023-02-03 16:05:17
2435,20729,112,5,친구한테 선물했는데 좋아합니다.,2022-12-31 18:01:40
2436,20731,37,3,친구한테 선물했는데 좋아합니다.,2023-11-06 22:49:04
2437,20742,55,1,재구매 의사 있습니다!,2022-07-30 14:11:44
2438,20749,99,1,배송이 너무 늦었어요.,2023-10-15 23:50:40
2439,20758,185,1,가격 대비 만족합니다.,2022-08-05 09:18:11
2440,20759,171,4,포장 상태가 아쉬웠습니다.,2022-05-24 16:46:38
2441,20761,112,1,가성비 괜찮네요.,2022-10-31 10:40:11
2442,20765,109,1,가성비 괜찮네요.,2022-03-19 17:22:17
2443,20768,172,2,품질이 생각보다 별로였어요.,2023-12-02 15:17:20
2444,20773,44,1,재구매 의사 있습니다!,2022-03-11 18:56:12
2445,20777,93,1,가성비 괜찮네요.,2023-10-30 08:16:46
2446,20782,44,5,포장 상태가 아쉬웠습니다.,2022-03-09 23:49:29
2447,20783,126,4,품질이 생각보다 별로였어요.,2023-01-03 04:24:45
2448,20797,173,1,배송이 너무 늦었어요.,2023-01-22 17:06:16
2449,20807,22,1,포장 상태가 아쉬웠습니다.,2022-05-29 13:44:30
2450,20815,154,5,친구한테 선물했는데 좋아합니다.,2022-11-02 15:30:12
2451,20817,78,4,포장 상태가 아쉬웠습니다.,2023-12-19 16:10:57
2452,20818,45,4,친구한테 선물했는데 좋아합니다.,2023-11-27 22:30:00
2453,20822,107,3,포장 상태가 아쉬웠습니다.,2022-08-07 21:52:58
2454,20823,140,3,배송이 너무 늦었어요.,2022-04-15 06:50:49
2455,20826,2,1,가성비 괜찮네요.,2022-08-19 07:17:12
2456,20827,150,5,배송이 빨라서 좋았어요.,2023-08-09 13:51:52
2457,20830,76,5,가격 대비 만족합니다.,2022-03-06 19:27:16
2458,20846,4,2,가성비 괜찮네요.,2023-06-17 13:04:12
2459,20882,48,2,배송이 너무 늦었어요.,2023-05-14 05:50:27
2460,20895,176,3,가성비 괜찮네요.,2022-07-19 02:53:14
2461,20897,164,3,배송이 빨라서 좋았어요.,2023-10-18 11:39:17
2462,20911,175,3,품질이 생각보다 별로였어요.,2022-09-24 15:13:43
2463,20926,10,4,품질이 생각보다 별로였어요.,2023-07-20 14:52:06
2464,20929,67,1,품질이 생각보다 별로였어요.,2022-05-24 20:48:26
2465,20935,123,5,재구매 의사 있습니다!,2022-10-23 19:45:57
2466,20938,53,5,가성비 괜찮네요.,2022-11-03 09:50:49
2467,20939,81,1,가격 대비 만족합니다.,2023-09-10 15:31:06
2468,20950,81,1,가격 대비 만족합니다.,2023-02-05 01:27:53
2469,20953,68,2,품질이 생각보다 별로였어요.,2022-04-26 10:23:34
2470,20955,165,2,배송이 빨라서 좋았어요.,2022-07-23 14:03:39
2471,20956,98,4,품질이 생각보다 별로였어요.,2022-08-12 15:55:03
2472,20975,178,4,가격 대비 만족합니다.,2023-04-22 08:30:24
2473,20986,8,4,포장 상태가 아쉬웠습니다.,2023-08-06 14:26:32
2474,20988,120,3,배송이 빨라서 좋았어요.,2022-12-05 19:25:46
2475,21002,117,5,포장 상태가 아쉬웠습니다.,2023-10-22 05:14:40
2476,21003,17,3,가성비 괜찮네요.,2023-08-09 06:15:04
2477,21009,102,3,품질이 생각보다 별로였어요.,2022-05-14 04:21:37
2478,21028,86,5,재구매 의사 있습니다!,2023-04-01 12:33:51
2479,21031,175,5,품질이 생각보다 별로였어요.,2022-05-15 20:44:34
2480,21035,123,1,친구한테 선물했는데 좋아합니다.,2022-10-11 19:08:46
2481,21046,44,2,친구한테 선물했는데 좋아합니다.,2023-04-19 04:41:38
2482,21049,33,4,가격 대비 만족합니다.,2023-05-15 00:51:19
2483,21070,194,2,배송이 빨라서 좋았어요.,2023-03-27 12:42:58
2484,21077,3,3,가성비 괜찮네요.,2022-07-12 13:11:37
2485,21078,146,5,재구매 의사 있습니다!,2024-01-03 08:50:58
2486,21092,58,1,품질이 생각보다 별로였어요.,2023-05-17 15:02:43
2487,21103,134,4,배송이 너무 늦었어요.,2023-12-08 06:14:51
2488,21114,136,4,품질이 생각보다 별로였어요.,2022-09-20 04:47:37
2489,21116,160,2,친구한테 선물했는데 좋아합니다.,2023-05-18 13:33:35
2490,21127,170,1,가격 대비 만족합니다.,2023-12-12 00:36:47
2491,21153,44,1,가성비 괜찮네요.,2022-07-19 12:35:44
2492,21157,22,3,가격 대비 만족합니다.,2022-08-31 17:33:52
2493,21173,104,5,가격 대비 만족합니다.,2023-01-28 03:28:11
2494,21186,86,4,배송이 너무 늦었어요.,2022-09-30 15:07:57
2495,21197,59,1,배송이 너무 늦었어요.,2022-04-24 15:49:01
2496,21210,104,4,배송이 빨라서 좋았어요.,2023-03-11 00:03:13
2497,21228,165,1,가성비 괜찮네요.,2023-06-09 15:44:14
2498,21230,25,4,가격 대비 만족합니다.,2022-04-07 12:08:33
2499,21241,44,3,포장 상태가 아쉬웠습니다.,2022-05-29 22:05:45
2500,21257,31,1,배송이 너무 늦었어요.,2023-04-29 03:28:31
2501,21258,83,2,친구한테 선물했는데 좋아합니다.,2022-11-15 23:13:53
2502,21266,154,4,가성비 괜찮네요.,2023-12-24 19:24:59
2503,21270,191,4,품질이 생각보다 별로였어요.,2023-11-11 16:43:34
2504,21271,53,1,재구매 의사 있습니다!,2022-02-09 01:58:47
2505,21277,195,5,가격 대비 만족합니다.,2022-11-29 11:55:59
2506,21296,75,1,포장 상태가 아쉬웠습니다.,2023-12-17 08:55:56
2507,21305,107,5,가격 대비 만족합니다.,2023-02-28 04:40:22
2508,21314,131,4,가성비 괜찮네요.,2022-10-19 11:30:36
2509,21338,12,5,가격 대비 만족합니다.,2023-10-06 10:02:44
2510,21376,68,3,가격 대비 만족합니다.,2023-06-19 20:35:59
2511,21378,88,1,재구매 의사 있습니다!,2022-08-17 19:07:21
2512,21388,6,4,배송이 너무 늦었어요.,2023-06-22 20:55:55
2513,21406,7,2,가격 대비 만족합니다.,2023-01-28 15:17:22
2514,21424,166,5,가성비 괜찮네요.,2023-10-11 15:45:43
2515,21432,69,4,재구매 의사 있습니다!,2023-02-10 20:26:05
2516,21444,123,4,가성비 괜찮네요.,2023-08-30 02:21:56
2517,21448,104,3,배송이 빨라서 좋았어요.,2023-06-26 21:25:11
2518,21464,84,1,배송이 빨라서 좋았어요.,2023-02-17 21:37:47
2519,21466,8,1,배송이 빨라서 좋았어요.,2023-10-12 18:52:18
2520,21480,47,5,친구한테 선물했는데 좋아합니다.,2023-02-25 02:01:53
2521,21489,80,3,가격 대비 만족합니다.,2023-08-09 09:14:34
2522,21492,149,4,배송이 너무 늦었어요.,2022-10-21 09:48:10
2523,21494,149,2,배송이 너무 늦었어요.,2022-08-09 19:53:42
2524,21506,155,2,가격 대비 만족합니다.,2022-02-08 07:46:01
2525,21524,200,3,가격 대비 만족합니다.,2023-05-25 17:57:58
2526,21531,62,5,친구한테 선물했는데 좋아합니다.,2022-04-25 21:25:55
2527,21537,112,2,품질이 생각보다 별로였어요.,2022-10-29 07:47:08
2528,21545,91,2,가격 대비 만족합니다.,2022-04-25 02:31:54
2529,21560,58,5,배송이 빨라서 좋았어요.,2023-06-14 00:19:18
2530,21561,121,3,가성비 괜찮네요.,2023-08-25 08:55:44
2531,21565,185,3,친구한테 선물했는데 좋아합니다.,2023-07-09 17:42:08
2532,21573,188,3,배송이 빨라서 좋았어요.,2022-12-14 13:54:49
2533,21584,66,1,가성비 괜찮네요.,2022-06-16 01:13:47
2534,21588,68,5,품질이 생각보다 별로였어요.,2022-12-31 06:11:17
2535,21613,132,3,재구매 의사 있습니다!,2022-06-02 18:20:32
2536,21619,99,4,가격 대비 만족합니다.,2022-09-09 05:55:17
2537,21622,90,5,품질이 생각보다 별로였어요.,2023-06-29 00:03:00
2538,21626,172,1,친구한테 선물했는데 좋아합니다.,2022-06-17 10:34:38
2539,21633,138,3,배송이 너무 늦었어요.,2022-12-23 13:53:03
2540,21644,114,3,포장 상태가 아쉬웠습니다.,2022-10-03 21:23:01
2541,21653,117,3,배송이 너무 늦었어요.,2022-08-08 18:10:07
2542,21663,31,3,가성비 괜찮네요.,2023-01-27 06:37:21
2543,21666,117,1,포장 상태가 아쉬웠습니다.,2022-12-05 08:08:52
2544,21669,135,3,배송이 너무 늦었어요.,2022-03-25 19:24:30
2545,21677,85,5,가격 대비 만족합니다.,2022-11-22 07:15:36
2546,21682,111,5,배송이 빨라서 좋았어요.,2023-07-27 08:31:19
2547,21730,86,3,재구매 의사 있습니다!,2023-11-10 23:27:03
2548,21732,66,3,배송이 빨라서 좋았어요.,2023-08-17 07:38:22
2549,21735,151,4,포장 상태가 아쉬웠습니다.,2023-10-30 04:04:39
2550,21736,27,3,배송이 너무 늦었어요.,2023-05-19 02:07:04
2551,21740,182,2,포장 상태가 아쉬웠습니다.,2023-02-21 18:35:38
2552,21741,26,3,가성비 괜찮네요.,2023-10-08 19:19:33
2553,21750,161,2,배송이 빨라서 좋았어요.,2023-08-30 17:34:18
2554,21757,160,3,품질이 생각보다 별로였어요.,2023-03-05 10:21:01
2555,21769,20,1,친구한테 선물했는데 좋아합니다.,2023-09-03 18:02:35
2556,21776,107,2,친구한테 선물했는데 좋아합니다.,2022-07-04 19:32:56
2557,21814,7,5,재구매 의사 있습니다!,2024-01-13 11:48:52
2558,21830,95,1,친구한테 선물했는데 좋아합니다.,2023-07-12 13:45:17
2559,21846,49,2,가격 대비 만족합니다.,2023-06-23 08:28:16
2560,21856,88,3,포장 상태가 아쉬웠습니다.,2022-08-02 01:09:41
2561,21890,106,4,품질이 생각보다 별로였어요.,2022-11-10 17:13:16
2562,21895,39,2,배송이 빨라서 좋았어요.,2023-11-19 15:54:07
2563,21916,18,3,재구매 의사 있습니다!,2023-07-21 19:43:28
2564,21928,107,5,배송이 너무 늦었어요.,2023-10-29 04:44:26
2565,21950,38,1,재구매 의사 있습니다!,2023-03-08 12:13:18
2566,21962,117,1,배송이 너무 늦었어요.,2022-04-20 12:04:51
2567,21969,104,3,가성비 괜찮네요.,2022-06-11 21:07:06
2568,21970,167,5,배송이 빨라서 좋았어요.,2022-09-23 06:58:16
2569,21975,127,2,친구한테 선물했는데 좋아합니다.,2023-01-28 12:11:54
2570,21987,40,2,품질이 생각보다 별로였어요.,2023-01-24 18:38:40
2571,22006,190,1,친구한테 선물했는데 좋아합니다.,2022-04-09 13:26:49
2572,22016,58,1,가성비 괜찮네요.,2022-08-11 18:32:15
2573,22017,155,5,배송이 빨라서 좋았어요.,2022-02-20 06:03:19
2574,22048,35,1,배송이 너무 늦었어요.,2022-06-13 12:14:37
2575,22049,114,5,가격 대비 만족합니다.,2023-08-11 19:59:57
2576,22053,196,3,포장 상태가 아쉬웠습니다.,2023-01-20 13:15:00
2577,22056,105,2,품질이 생각보다 별로였어요.,2022-06-20 18:45:29
2578,22058,183,5,포장 상태가 아쉬웠습니다.,2022-07-29 07:09:13
2579,22063,134,2,재구매 의사 있습니다!,2022-06-14 07:10:08
2580,22074,128,3,재구매 의사 있습니다!,2023-02-19 22:21:31
2581,22077,168,5,포장 상태가 아쉬웠습니다.,2023-03-29 01:18:00
2582,22084,158,1,친구한테 선물했는데 좋아합니다.,2022-04-13 23:22:18
2583,22103,28,2,가격 대비 만족합니다.,2022-03-10 19:09:56
2584,22110,91,1,배송이 너무 늦었어요.,2022-11-12 11:39:34
2585,22113,141,2,재구매 의사 있습니다!,2023-12-17 01:17:59
2586,22124,61,5,가격 대비 만족합니다.,2023-11-11 09:10:37
2587,22146,102,4,포장 상태가 아쉬웠습니다.,2022-05-14 23:26:07
2588,22147,74,3,배송이 빨라서 좋았어요.,2023-09-22 15:12:43
2589,22155,76,5,포장 상태가 아쉬웠습니다.,2022-03-02 01:50:47
2590,22157,14,3,가격 대비 만족합니다.,2023-01-14 12:57:47
2591,22171,22,3,포장 상태가 아쉬웠습니다.,2023-04-08 16:02:00
2592,22172,193,4,품질이 생각보다 별로였어요.,2022-05-08 16:14:35
2593,22173,186,1,재구매 의사 있습니다!,2023-10-03 07:46:46
2594,22178,13,2,친구한테 선물했는데 좋아합니다.,2024-01-16 08:45:27
2595,22191,16,1,배송이 빨라서 좋았어요.,2022-02-13 20:24:44
2596,22198,91,1,가성비 괜찮네요.,2023-04-20 07:03:06
2597,22201,31,5,가격 대비 만족합니다.,2022-02-15 11:15:41
2598,22216,101,5,가성비 괜찮네요.,2022-07-29 20:45:30
2599,22242,109,3,배송이 빨라서 좋았어요.,2022-03-19 07:16:27
2600,22248,132,4,친구한테 선물했는데 좋아합니다.,2023-09-21 04:21:30
2601,22254,103,4,가격 대비 만족합니다.,2022-09-08 00:36:56
2602,22267,161,2,재구매 의사 있습니다!,2022-11-22 18:07:42
2603,22285,108,2,포장 상태가 아쉬웠습니다.,2023-06-20 14:08:53
2604,22288,51,5,친구한테 선물했는데 좋아합니다.,2023-08-05 12:02:36
2605,22292,38,2,배송이 빨라서 좋았어요.,2022-03-23 15:13:16
2606,22312,65,2,가성비 괜찮네요.,2023-05-15 21:27:16
2607,22313,17,4,재구매 의사 있습니다!,2022-05-16 11:12:00
2608,22322,140,2,친구한테 선물했는데 좋아합니다.,2023-06-18 19:45:43
2609,22324,42,3,가성비 괜찮네요.,2022-01-29 00:12:06
2610,22326,66,3,친구한테 선물했는데 좋아합니다.,2023-11-05 17:38:23
2611,22329,23,4,품질이 생각보다 별로였어요.,2022-05-08 09:57:15
2612,22346,146,5,포장 상태가 아쉬웠습니다.,2022-11-19 17:45:59
2613,22347,101,1,배송이 너무 늦었어요.,2022-07-05 23:11:31
2614,22349,21,4,가성비 괜찮네요.,2023-08-28 12:58:04
2615,22357,18,3,재구매 의사 있습니다!,2023-11-20 19:44:07
2616,22363,8,1,친구한테 선물했는데 좋아합니다.,2023-10-23 18:20:48
2617,22365,135,2,가격 대비 만족합니다.,2022-10-24 17:32:05
2618,22366,165,3,품질이 생각보다 별로였어요.,2023-06-13 09:07:55
2619,22369,53,1,배송이 빨라서 좋았어요.,2023-06-15 23:30:28
2620,22373,197,4,품질이 생각보다 별로였어요.,2023-07-10 22:48:31
2621,22382,100,3,친구한테 선물했는데 좋아합니다.,2022-02-19 19:37:04
2622,22385,102,3,배송이 빨라서 좋았어요.,2022-10-22 10:11:11
2623,22386,180,3,가성비 괜찮네요.,2022-04-27 12:48:53
2624,22394,55,5,품질이 생각보다 별로였어요.,2022-09-10 12:54:13
2625,22398,165,5,가격 대비 만족합니다.,2022-01-19 10:28:46
2626,22402,153,1,배송이 빨라서 좋았어요.,2023-08-12 12:53:05
2627,22410,68,2,가격 대비 만족합니다.,2022-11-25 17:28:54
2628,22418,120,2,배송이 빨라서 좋았어요.,2023-03-21 16:19:47
2629,22421,111,5,배송이 빨라서 좋았어요.,2023-12-22 16:42:19
2630,22424,36,3,친구한테 선물했는데 좋아합니다.,2022-03-27 10:39:32
2631,22443,189,5,가성비 괜찮네요.,2022-03-25 21:20:37
2632,22444,65,1,친구한테 선물했는데 좋아합니다.,2022-10-14 20:20:01
2633,22455,12,2,배송이 빨라서 좋았어요.,2023-03-28 21:21:07
2634,22459,158,1,배송이 빨라서 좋았어요.,2023-02-17 05:10:30
2635,22464,30,4,포장 상태가 아쉬웠습니다.,2022-08-14 16:38:50
2636,22465,172,5,가격 대비 만족합니다.,2022-11-02 20:58:20
2637,22477,100,5,친구한테 선물했는데 좋아합니다.,2022-11-24 10:30:48
2638,22488,27,2,배송이 빨라서 좋았어요.,2022-09-03 06:20:48
2639,22491,54,4,품질이 생각보다 별로였어요.,2023-04-03 00:10:00
2640,22508,75,2,친구한테 선물했는데 좋아합니다.,2022-06-29 06:53:49
2641,22509,41,2,재구매 의사 있습니다!,2023-09-21 13:04:13
2642,22528,37,4,배송이 빨라서 좋았어요.,2022-03-13 06:32:16
2643,22529,20,4,배송이 너무 늦었어요.,2022-10-27 11:51:07
2644,22530,52,3,가격 대비 만족합니다.,2022-06-29 08:38:50
2645,22534,131,2,가성비 괜찮네요.,2022-10-03 05:52:17
2646,22549,122,2,배송이 너무 늦었어요.,2022-05-19 04:48:16
2647,22550,32,1,포장 상태가 아쉬웠습니다.,2023-08-10 22:49:19
2648,22572,14,1,가성비 괜찮네요.,2023-05-17 05:48:27
2649,22584,21,5,가성비 괜찮네요.,2023-11-24 22:53:51
2650,22586,78,1,배송이 빨라서 좋았어요.,2022-05-30 18:17:01
2651,22597,92,1,포장 상태가 아쉬웠습니다.,2023-01-30 10:38:49
2652,22598,124,1,배송이 너무 늦었어요.,2022-06-14 06:16:08
2653,22600,35,4,가성비 괜찮네요.,2022-05-17 17:05:31
2654,22618,142,4,포장 상태가 아쉬웠습니다.,2023-06-20 00:40:37
2655,22649,113,3,재구매 의사 있습니다!,2023-04-28 06:46:18
2656,22655,114,5,포장 상태가 아쉬웠습니다.,2023-12-01 15:11:13
2657,22656,81,5,포장 상태가 아쉬웠습니다.,2022-03-30 17:30:08
2658,22673,79,5,친구한테 선물했는데 좋아합니다.,2022-03-06 09:23:46
2659,22678,159,3,친구한테 선물했는데 좋아합니다.,2022-05-26 09:50:35
2660,22692,64,2,가성비 괜찮네요.,2023-04-27 01:19:40
2661,22706,65,5,친구한테 선물했는데 좋아합니다.,2023-12-18 03:05:07
2662,22730,72,2,가격 대비 만족합니다.,2023-07-01 20:12:35
2663,22734,1,2,재구매 의사 있습니다!,2022-10-26 06:15:02
2664,22737,182,1,가격 대비 만족합니다.,2023-10-04 16:42:01
2665,22745,7,4,가격 대비 만족합니다.,2022-12-03 00:53:57
2666,22748,63,2,품질이 생각보다 별로였어요.,2023-03-19 04:09:08
2667,22751,198,3,가성비 괜찮네요.,2022-05-21 01:40:53
2668,22762,184,2,품질이 생각보다 별로였어요.,2022-12-15 19:44:47
2669,22773,67,4,가성비 괜찮네요.,2023-04-30 03:40:56
2670,22796,26,1,가격 대비 만족합니다.,2022-03-04 08:44:56
2671,22801,70,5,가성비 괜찮네요.,2023-04-07 12:33:21
2672,22805,109,2,친구한테 선물했는데 좋아합니다.,2022-12-18 12:24:56
2673,22808,103,3,배송이 너무 늦었어요.,2023-02-26 23:10:38
2674,22835,115,1,포장 상태가 아쉬웠습니다.,2022-01-31 12:49:35
2675,22845,27,5,가격 대비 만족합니다.,2022-06-22 09:24:23
2676,22857,135,5,친구한테 선물했는데 좋아합니다.,2023-08-11 19:11:04
2677,22865,36,4,가격 대비 만족합니다.,2023-06-20 15:06:16
2678,22884,80,3,품질이 생각보다 별로였어요.,2022-07-28 08:15:41
2679,22909,69,1,친구한테 선물했는데 좋아합니다.,2022-08-07 20:20:13
2680,22916,71,2,포장 상태가 아쉬웠습니다.,2023-05-02 12:56:33
2681,22919,168,3,가격 대비 만족합니다.,2022-07-11 10:27:36
2682,22923,159,1,포장 상태가 아쉬웠습니다.,2023-12-18 17:04:43
2683,22947,96,1,가격 대비 만족합니다.,2022-06-17 05:43:27
2684,22949,39,1,가성비 괜찮네요.,2022-06-10 15:32:11
2685,22959,20,5,품질이 생각보다 별로였어요.,2022-07-12 00:33:42
2686,22964,39,1,배송이 너무 늦었어요.,2022-09-03 11:19:13
2687,22982,58,5,재구매 의사 있습니다!,2022-11-05 00:16:47
2688,22996,13,1,포장 상태가 아쉬웠습니다.,2022-05-21 00:07:41
2689,22999,55,1,친구한테 선물했는데 좋아합니다.,2022-05-14 01:17:43
2690,23004,131,2,배송이 너무 늦었어요.,2023-09-19 16:07:16
2691,23017,102,3,배송이 빨라서 좋았어요.,2023-10-29 01:25:56
2692,23019,35,4,친구한테 선물했는데 좋아합니다.,2023-10-26 15:01:14
2693,23023,70,1,가성비 괜찮네요.,2022-07-28 00:36:07
2694,23029,140,4,재구매 의사 있습니다!,2022-02-07 05:18:42
2695,23035,190,1,배송이 너무 늦었어요.,2022-09-20 07:45:26
2696,23061,94,5,배송이 너무 늦었어요.,2022-05-17 20:52:08
2697,23066,55,3,가성비 괜찮네요.,2022-04-13 00:35:21
2698,23074,28,3,포장 상태가 아쉬웠습니다.,2022-04-28 02:20:31
2699,23075,168,3,배송이 빨라서 좋았어요.,2022-12-21 16:46:18
2700,23095,168,5,품질이 생각보다 별로였어요.,2022-11-04 00:06:57
2701,23110,128,3,재구매 의사 있습니다!,2023-05-17 06:43:46
2702,23119,72,3,가격 대비 만족합니다.,2022-07-29 09:28:48
2703,23121,118,3,배송이 너무 늦었어요.,2023-09-27 22:29:03
2704,23129,55,3,재구매 의사 있습니다!,2022-06-21 17:12:52
2705,23135,149,2,포장 상태가 아쉬웠습니다.,2022-10-22 11:33:27
2706,23138,34,3,가성비 괜찮네요.,2023-09-18 09:39:28
2707,23147,81,4,가격 대비 만족합니다.,2023-10-07 05:04:18
2708,23152,44,4,품질이 생각보다 별로였어요.,2022-09-27 11:40:10
2709,23161,72,4,배송이 너무 늦었어요.,2023-08-21 06:29:55
2710,23164,95,5,가성비 괜찮네요.,2023-08-05 22:01:39
2711,23171,71,4,품질이 생각보다 별로였어요.,2022-10-16 18:58:19
2712,23181,184,5,배송이 너무 늦었어요.,2023-04-28 04:16:19
2713,23182,93,1,친구한테 선물했는데 좋아합니다.,2022-12-03 19:37:22
2714,23188,87,3,가성비 괜찮네요.,2023-03-12 12:40:05
2715,23197,196,5,배송이 빨라서 좋았어요.,2023-05-31 21:49:48
2716,23198,33,4,가격 대비 만족합니다.,2023-04-06 01:19:38
2717,23204,104,4,배송이 빨라서 좋았어요.,2023-10-05 08:07:58
2718,23207,87,1,포장 상태가 아쉬웠습니다.,2023-05-30 06:32:44
2719,23208,11,5,재구매 의사 있습니다!,2022-09-17 23:21:26
2720,23219,8,1,재구매 의사 있습니다!,2023-06-30 06:08:08
2721,23226,112,3,품질이 생각보다 별로였어요.,2022-07-05 17:06:52
2722,23228,190,4,포장 상태가 아쉬웠습니다.,2023-07-30 21:16:24
2723,23229,30,1,가성비 괜찮네요.,2023-10-13 10:03:38
2724,23230,147,2,배송이 빨라서 좋았어요.,2023-10-22 03:37:55
2725,23254,31,3,가성비 괜찮네요.,2024-01-13 13:39:36
2726,23275,41,1,배송이 빨라서 좋았어요.,2023-04-06 22:37:14
2727,23286,150,3,배송이 너무 늦었어요.,2023-01-21 23:48:12
2728,23290,71,3,배송이 빨라서 좋았어요.,2023-05-31 14:25:24
2729,23299,17,4,가성비 괜찮네요.,2022-11-14 17:59:40
2730,23301,170,5,재구매 의사 있습니다!,2023-08-29 07:13:48
2731,23311,147,5,친구한테 선물했는데 좋아합니다.,2022-10-29 01:50:39
2732,23313,9,5,친구한테 선물했는데 좋아합니다.,2022-06-19 15:44:13
2733,23332,120,3,배송이 너무 늦었어요.,2023-03-02 23:32:55
2734,23355,65,4,친구한테 선물했는데 좋아합니다.,2024-01-17 10:46:24
2735,23363,188,2,포장 상태가 아쉬웠습니다.,2023-05-13 20:20:35
2736,23367,52,5,가격 대비 만족합니다.,2022-02-12 17:51:22
2737,23380,131,2,배송이 빨라서 좋았어요.,2023-02-24 07:38:15
2738,23382,164,2,가성비 괜찮네요.,2022-12-02 12:47:26
2739,23389,147,2,배송이 빨라서 좋았어요.,2022-08-17 16:36:49
2740,23390,66,2,배송이 너무 늦었어요.,2023-04-21 19:32:18
2741,23409,142,1,배송이 너무 늦었어요.,2023-03-30 16:46:01
2742,23419,160,4,재구매 의사 있습니다!,2023-10-04 15:53:47
2743,23420,197,4,품질이 생각보다 별로였어요.,2022-08-13 07:19:42
2744,23425,109,5,포장 상태가 아쉬웠습니다.,2022-01-20 12:02:44
2745,23432,51,2,재구매 의사 있습니다!,2022-06-07 22:31:40
2746,23445,158,2,가성비 괜찮네요.,2022-12-11 14:56:54
2747,23451,133,2,가격 대비 만족합니다.,2023-01-22 22:38:18
2748,23465,173,3,품질이 생각보다 별로였어요.,2022-02-01 06:46:44
2749,23472,90,1,포장 상태가 아쉬웠습니다.,2024-01-04 19:53:58
2750,23478,14,5,배송이 너무 늦었어요.,2023-12-27 18:31:08
2751,23481,79,5,배송이 너무 늦었어요.,2022-07-04 22:09:39
2752,23482,159,3,배송이 너무 늦었어요.,2023-09-21 18:07:17
2753,23490,138,3,배송이 빨라서 좋았어요.,2023-03-26 01:41:55
2754,23499,164,1,가격 대비 만족합니다.,2022-11-20 13:26:26
2755,23508,12,1,품질이 생각보다 별로였어요.,2023-03-25 20:26:04
2756,23520,197,3,포장 상태가 아쉬웠습니다.,2022-11-24 00:57:31
2757,23527,175,1,가성비 괜찮네요.,2023-12-02 21:42:14
2758,23533,95,5,가성비 괜찮네요.,2022-12-01 09:10:31
2759,23536,119,1,배송이 너무 늦었어요.,2022-07-03 09:17:29
2760,23553,131,1,배송이 너무 늦었어요.,2023-04-15 23:44:00
2761,23559,25,1,재구매 의사 있습니다!,2022-09-01 22:02:40
2762,23574,126,5,재구매 의사 있습니다!,2022-05-13 05:50:14
2763,23575,147,3,배송이 너무 늦었어요.,2023-08-23 13:02:31
2764,23580,95,5,재구매 의사 있습니다!,2022-03-06 04:34:26
2765,23598,30,2,친구한테 선물했는데 좋아합니다.,2022-10-12 21:28:34
2766,23615,131,1,품질이 생각보다 별로였어요.,2022-04-07 19:46:27
2767,23621,29,1,배송이 빨라서 좋았어요.,2022-11-01 19:26:07
2768,23627,77,4,재구매 의사 있습니다!,2022-02-04 03:40:25
2769,23637,140,3,포장 상태가 아쉬웠습니다.,2022-04-27 00:51:19
2770,23653,163,5,배송이 너무 늦었어요.,2023-09-06 22:18:30
2771,23656,182,1,재구매 의사 있습니다!,2023-10-19 16:50:24
2772,23674,160,3,재구매 의사 있습니다!,2022-09-10 08:36:37
2773,23675,119,5,가성비 괜찮네요.,2023-05-31 12:09:22
2774,23683,134,1,배송이 빨라서 좋았어요.,2023-11-26 12:36:59
2775,23706,65,1,포장 상태가 아쉬웠습니다.,2023-10-11 17:52:31
2776,23710,100,3,친구한테 선물했는데 좋아합니다.,2023-06-13 02:45:23
2777,23727,34,4,포장 상태가 아쉬웠습니다.,2024-01-11 14:07:08
2778,23731,122,1,가성비 괜찮네요.,2023-07-06 08:11:45
2779,23755,63,1,재구매 의사 있습니다!,2023-04-20 04:00:54
2780,23756,177,1,배송이 너무 늦었어요.,2022-05-04 07:49:30
2781,23759,41,5,가성비 괜찮네요.,2022-03-12 05:25:37
2782,23768,80,2,가격 대비 만족합니다.,2022-03-23 00:29:46
2783,23774,149,1,포장 상태가 아쉬웠습니다.,2023-08-19 07:23:23
2784,23783,166,2,재구매 의사 있습니다!,2022-07-01 17:09:02
2785,23789,173,4,배송이 너무 늦었어요.,2023-03-18 05:44:07
2786,23820,136,3,친구한테 선물했는데 좋아합니다.,2023-10-04 22:49:26
2787,23829,51,3,품질이 생각보다 별로였어요.,2022-09-25 09:32:56
2788,23841,193,4,가격 대비 만족합니다.,2023-04-24 12:44:44
2789,23858,147,3,친구한테 선물했는데 좋아합니다.,2023-10-16 03:27:01
2790,23872,32,4,가격 대비 만족합니다.,2023-04-22 03:01:17
2791,23877,38,4,가성비 괜찮네요.,2023-02-05 10:52:26
2792,23878,1,1,포장 상태가 아쉬웠습니다.,2023-07-26 15:34:08
2793,23904,122,1,가격 대비 만족합니다.,2022-06-03 21:00:57
2794,23908,62,2,배송이 너무 늦었어요.,2023-03-09 14:38:00
2795,23911,5,2,가성비 괜찮네요.,2023-06-29 22:19:02
2796,23917,14,1,배송이 너무 늦었어요.,2023-08-13 13:04:56
2797,23927,3,4,재구매 의사 있습니다!,2023-04-03 04:57:48
2798,23931,86,3,친구한테 선물했는데 좋아합니다.,2022-04-07 20:16:53
2799,23934,122,4,포장 상태가 아쉬웠습니다.,2023-05-08 02:27:50
2800,23944,200,4,가성비 괜찮네요.,2022-07-21 08:39:23
2801,23958,31,1,가성비 괜찮네요.,2023-06-18 05:58:27
2802,23964,89,4,가성비 괜찮네요.,2023-12-20 08:10:12
2803,23966,47,4,포장 상태가 아쉬웠습니다.,2022-09-25 09:49:29
2804,23979,185,3,배송이 빨라서 좋았어요.,2022-08-13 16:58:26
2805,23983,11,2,가성비 괜찮네요.,2023-08-02 05:32:10
2806,23988,174,2,가격 대비 만족합니다.,2022-03-22 09:53:19
2807,23990,52,3,포장 상태가 아쉬웠습니다.,2023-12-28 02:08:56
2808,24000,40,4,가성비 괜찮네요.,2023-03-04 00:32:21
2809,24006,22,1,배송이 너무 늦었어요.,2023-05-29 06:47:00
2810,24020,158,5,포장 상태가 아쉬웠습니다.,2022-05-22 10:42:28
2811,24030,114,4,가성비 괜찮네요.,2022-12-01 11:32:21
2812,24033,176,2,배송이 빨라서 좋았어요.,2022-07-02 23:36:11
2813,24035,160,4,재구매 의사 있습니다!,2022-11-03 01:42:09
2814,24038,173,3,가성비 괜찮네요.,2023-01-13 21:58:40
2815,24044,94,2,가성비 괜찮네요.,2023-02-05 04:14:37
2816,24054,9,2,배송이 너무 늦었어요.,2023-01-15 07:54:48
2817,24056,57,5,품질이 생각보다 별로였어요.,2022-02-17 16:34:31
2818,24057,117,2,배송이 빨라서 좋았어요.,2023-09-18 07:52:42
2819,24060,29,2,품질이 생각보다 별로였어요.,2023-03-07 21:52:13
2820,24065,72,4,가성비 괜찮네요.,2023-04-20 00:36:41
2821,24069,189,3,가격 대비 만족합니다.,2022-12-09 17:53:41
2822,24091,117,4,배송이 너무 늦었어요.,2023-09-01 20:39:11
2823,24103,21,3,배송이 빨라서 좋았어요.,2023-03-01 04:13:51
2824,24113,43,3,배송이 빨라서 좋았어요.,2024-01-03 22:44:52
2825,24114,175,2,포장 상태가 아쉬웠습니다.,2023-02-01 14:23:15
2826,24125,125,5,품질이 생각보다 별로였어요.,2023-05-24 21:44:09
2827,24127,128,5,배송이 너무 늦었어요.,2022-04-13 22:45:50
2828,24131,98,2,친구한테 선물했는데 좋아합니다.,2022-07-17 17:46:44
2829,24134,27,5,친구한테 선물했는데 좋아합니다.,2022-05-22 08:29:54
2830,24135,178,3,가성비 괜찮네요.,2022-09-05 07:59:58
2831,24138,63,3,포장 상태가 아쉬웠습니다.,2023-01-19 14:01:41
2832,24144,99,3,재구매 의사 있습니다!,2022-02-05 03:40:52
2833,24156,117,3,품질이 생각보다 별로였어요.,2023-08-08 01:50:40
2834,24163,105,2,배송이 너무 늦었어요.,2022-05-31 22:11:14
2835,24164,88,5,품질이 생각보다 별로였어요.,2022-03-15 06:55:27
2836,24196,157,3,재구매 의사 있습니다!,2022-02-03 18:12:14
2837,24226,76,4,친구한테 선물했는데 좋아합니다.,2023-01-19 05:00:08
2838,24252,85,1,가격 대비 만족합니다.,2023-12-24 18:56:05
2839,24253,154,5,배송이 빨라서 좋았어요.,2022-11-16 16:40:16
2840,24262,5,3,가성비 괜찮네요.,2022-02-23 19:21:47
2841,24276,70,4,배송이 너무 늦었어요.,2023-07-28 04:18:37
2842,24294,38,1,배송이 빨라서 좋았어요.,2023-09-27 04:58:37
2843,24298,11,1,배송이 너무 늦었어요.,2023-02-28 12:31:17
2844,24299,133,3,품질이 생각보다 별로였어요.,2022-08-20 02:21:25
2845,24304,21,1,가성비 괜찮네요.,2023-12-30 04:07:00
2846,24306,21,3,배송이 빨라서 좋았어요.,2023-12-31 02:42:19
2847,24311,110,3,포장 상태가 아쉬웠습니다.,2023-08-18 15:40:43
2848,24312,99,1,재구매 의사 있습니다!,2023-04-16 00:42:16
2849,24321,46,4,가성비 괜찮네요.,2022-09-06 06:23:52
2850,24328,53,2,가성비 괜찮네요.,2023-12-11 06:45:38
2851,24335,183,1,포장 상태가 아쉬웠습니다.,2023-03-22 07:47:52
2852,24341,111,2,품질이 생각보다 별로였어요.,2022-05-17 01:12:16
2853,24347,99,1,친구한테 선물했는데 좋아합니다.,2022-07-18 20:24:47
2854,24352,74,4,친구한테 선물했는데 좋아합니다.,2022-06-21 06:52:59
2855,24356,181,3,친구한테 선물했는데 좋아합니다.,2023-01-09 20:16:39
2856,24387,80,3,포장 상태가 아쉬웠습니다.,2023-01-11 12:48:16
2857,24391,90,4,포장 상태가 아쉬웠습니다.,2023-07-06 04:56:05
2858,24408,118,1,배송이 너무 늦었어요.,2022-10-18 12:54:34
2859,24421,118,4,배송이 빨라서 좋았어요.,2022-08-23 19:26:00
2860,24462,143,3,포장 상태가 아쉬웠습니다.,2022-03-24 14:55:11
2861,24464,133,5,친구한테 선물했는데 좋아합니다.,2022-08-29 15:10:08
2862,24468,107,5,품질이 생각보다 별로였어요.,2023-04-13 20:51:19
2863,24471,35,2,품질이 생각보다 별로였어요.,2023-11-01 15:22:50
2864,24474,46,4,배송이 너무 늦었어요.,2022-04-17 08:38:07
2865,24484,38,5,가격 대비 만족합니다.,2023-05-16 13:29:37
2866,24499,191,5,배송이 빨라서 좋았어요.,2022-07-09 00:19:37
2867,24500,65,5,가격 대비 만족합니다.,2022-09-03 02:54:53
2868,24503,132,3,품질이 생각보다 별로였어요.,2023-02-03 02:49:22
2869,24507,80,4,포장 상태가 아쉬웠습니다.,2023-08-05 02:17:40
2870,24522,118,5,배송이 너무 늦었어요.,2022-08-01 20:00:52
2871,24531,77,1,포장 상태가 아쉬웠습니다.,2022-09-03 01:25:50
2872,24543,16,2,배송이 빨라서 좋았어요.,2023-10-11 09:50:35
2873,24545,188,5,배송이 빨라서 좋았어요.,2023-06-11 03:39:36
2874,24553,23,4,가격 대비 만족합니다.,2023-08-10 02:12:30
2875,24569,183,4,가성비 괜찮네요.,2023-03-04 09:22:41
2876,24583,75,3,가격 대비 만족합니다.,2022-07-04 16:37:53
2877,24585,162,5,배송이 빨라서 좋았어요.,2023-03-07 17:41:52
2878,24589,81,4,품질이 생각보다 별로였어요.,2022-04-25 03:41:27
2879,24601,2,3,가성비 괜찮네요.,2023-11-26 09:47:13
2880,24607,186,3,가격 대비 만족합니다.,2022-01-24 01:29:07
2881,24623,76,5,배송이 너무 늦었어요.,2022-12-16 05:45:01
2882,24632,134,5,가격 대비 만족합니다.,2022-07-26 02:00:34
2883,24640,59,3,가성비 괜찮네요.,2022-11-03 00:33:39
2884,24645,82,4,포장 상태가 아쉬웠습니다.,2023-05-30 13:03:33
2885,24660,141,3,품질이 생각보다 별로였어요.,2023-07-07 06:43:07
2886,24663,57,2,친구한테 선물했는데 좋아합니다.,2022-03-09 15:54:16
2887,24672,48,2,배송이 빨라서 좋았어요.,2023-07-11 01:24:11
2888,24678,165,2,배송이 빨라서 좋았어요.,2022-11-20 04:04:06
2889,24681,152,5,가성비 괜찮네요.,2023-11-20 15:50:54
2890,24692,10,1,배송이 너무 늦었어요.,2022-10-04 07:17:24
2891,24695,118,1,가격 대비 만족합니다.,2023-07-24 15:52:43
2892,24712,60,1,배송이 빨라서 좋았어요.,2022-04-15 03:12:37
2893,24713,156,1,배송이 빨라서 좋았어요.,2023-09-13 20:56:39
2894,24719,93,1,가성비 괜찮네요.,2023-08-09 02:59:44
2895,24724,41,2,가성비 괜찮네요.,2023-07-23 15:57:23
2896,24743,176,1,친구한테 선물했는데 좋아합니다.,2023-12-11 09:47:47
2897,24757,154,1,배송이 빨라서 좋았어요.,2022-07-30 19:03:43
2898,24761,47,4,친구한테 선물했는데 좋아합니다.,2022-12-18 01:15:03
2899,24771,25,2,품질이 생각보다 별로였어요.,2022-11-27 09:32:32
2900,24780,26,1,배송이 빨라서 좋았어요.,2022-12-14 07:12:12
2901,24798,71,4,재구매 의사 있습니다!,2022-09-27 03:34:10
2902,24802,169,2,재구매 의사 있습니다!,2023-09-10 00:48:48
2903,24807,35,1,친구한테 선물했는데 좋아합니다.,2023-12-26 14:57:08
2904,24815,110,5,배송이 빨라서 좋았어요.,2022-09-29 13:51:02
2905,24818,100,3,품질이 생각보다 별로였어요.,2023-02-15 17:44:17
2906,24824,12,3,배송이 빨라서 좋았어요.,2023-09-24 18:05:16
2907,24829,179,2,배송이 너무 늦었어요.,2022-07-01 13:57:33
2908,24831,101,3,재구매 의사 있습니다!,2023-02-26 20:48:26
2909,24837,188,4,품질이 생각보다 별로였어요.,2024-01-01 10:15:47
2910,24847,93,3,품질이 생각보다 별로였어요.,2023-06-18 08:58:30
2911,24854,110,5,재구매 의사 있습니다!,2023-09-29 18:14:58
2912,24858,136,4,포장 상태가 아쉬웠습니다.,2022-03-14 08:09:39
2913,24860,137,2,친구한테 선물했는데 좋아합니다.,2022-10-25 15:18:58
2914,24867,80,3,품질이 생각보다 별로였어요.,2023-04-19 13:05:40
2915,24873,40,1,가성비 괜찮네요.,2023-02-06 22:28:55
2916,24877,20,1,가격 대비 만족합니다.,2022-12-26 19:01:19
2917,24878,108,2,가성비 괜찮네요.,2023-08-12 11:09:43
2918,24920,105,1,품질이 생각보다 별로였어요.,2023-10-20 10:01:02
2919,24932,141,1,배송이 너무 늦었어요.,2023-09-02 20:33:30
2920,24936,135,1,배송이 빨라서 좋았어요.,2022-11-15 04:30:37
2921,24952,9,4,친구한테 선물했는데 좋아합니다.,2022-07-15 19:08:47
2922,24955,162,5,가성비 괜찮네요.,2023-11-29 19:13:46
2923,24964,167,2,포장 상태가 아쉬웠습니다.,2022-09-22 09:33:48
2924,24980,112,3,포장 상태가 아쉬웠습니다.,2022-10-01 12:39:18
2925,24983,121,2,가격 대비 만족합니다.,2023-02-11 19:30:49
2926,24994,37,2,배송이 빨라서 좋았어요.,2023-10-08 10:33:52
2927,25022,92,3,가격 대비 만족합니다.,2023-09-30 07:11:43
2928,25026,147,3,포장 상태가 아쉬웠습니다.,2023-12-06 11:54:29
2929,25039,184,1,가성비 괜찮네요.,2023-03-06 09:41:43
2930,25057,25,5,배송이 너무 늦었어요.,2023-08-02 16:56:42
2931,25067,104,3,품질이 생각보다 별로였어요.,2023-12-05 04:33:35
2932,25068,54,2,재구매 의사 있습니다!,2022-08-11 20:59:09
2933,25069,18,3,품질이 생각보다 별로였어요.,2024-01-26 08:10:26
2934,25081,175,1,가성비 괜찮네요.,2022-12-28 16:32:11
2935,25086,95,2,배송이 너무 늦었어요.,2023-10-12 05:21:33
2936,25095,102,4,포장 상태가 아쉬웠습니다.,2022-08-05 02:01:23
2937,25096,123,2,품질이 생각보다 별로였어요.,2023-08-07 21:13:52
2938,25098,89,1,가성비 괜찮네요.,2022-06-04 18:27:54
2939,25102,38,5,품질이 생각보다 별로였어요.,2022-02-09 08:35:45
2940,25103,37,2,친구한테 선물했는데 좋아합니다.,2023-10-06 08:28:23
2941,25106,109,2,품질이 생각보다 별로였어요.,2023-02-19 09:56:24
2942,25108,179,2,친구한테 선물했는데 좋아합니다.,2023-07-04 18:40:38
2943,25109,179,4,가성비 괜찮네요.,2022-02-11 18:02:10
2944,25116,125,4,친구한테 선물했는데 좋아합니다.,2023-08-09 07:34:55
2945,25120,157,2,배송이 너무 늦었어요.,2023-11-12 07:57:53
2946,25127,28,3,품질이 생각보다 별로였어요.,2022-03-15 02:58:02
2947,25128,187,2,품질이 생각보다 별로였어요.,2022-08-28 13:37:13
2948,25133,105,4,배송이 너무 늦었어요.,2023-09-04 05:10:53
2949,25159,85,5,친구한테 선물했는데 좋아합니다.,2022-05-15 00:28:28
2950,25165,153,4,품질이 생각보다 별로였어요.,2023-07-25 15:45:29
2951,25169,175,1,친구한테 선물했는데 좋아합니다.,2024-01-06 22:49:47
2952,25186,89,3,가성비 괜찮네요.,2023-11-08 02:56:47
2953,25197,38,4,친구한테 선물했는데 좋아합니다.,2023-02-19 06:27:12
2954,25203,148,2,재구매 의사 있습니다!,2023-01-28 10:56:08
2955,25222,177,5,배송이 빨라서 좋았어요.,2023-08-22 07:21:09
2956,25223,13,3,배송이 빨라서 좋았어요.,2022-02-02 13:59:07
2957,25228,42,2,가성비 괜찮네요.,2023-11-26 23:57:03
2958,25236,42,2,포장 상태가 아쉬웠습니다.,2023-07-16 10:52:21
2959,25250,100,2,품질이 생각보다 별로였어요.,2023-03-13 07:26:28
2960,25263,19,2,배송이 빨라서 좋았어요.,2022-08-29 06:12:49
2961,25265,40,1,재구매 의사 있습니다!,2023-11-22 05:37:35
2962,25268,127,4,가성비 괜찮네요.,2022-12-28 23:05:40
2963,25274,198,5,배송이 너무 늦었어요.,2022-08-21 21:49:58
2964,25279,10,5,재구매 의사 있습니다!,2023-05-06 00:14:10
2965,25287,172,4,가성비 괜찮네요.,2023-12-19 12:52:59
2966,25291,117,5,배송이 너무 늦었어요.,2022-04-29 11:30:32
2967,25293,33,4,재구매 의사 있습니다!,2022-05-11 20:12:20
2968,25297,136,1,친구한테 선물했는데 좋아합니다.,2022-02-16 13:40:36
2969,25309,149,4,가성비 괜찮네요.,2022-08-13 23:06:43
2970,25310,9,3,포장 상태가 아쉬웠습니다.,2022-06-07 06:24:39
2971,25311,99,3,포장 상태가 아쉬웠습니다.,2022-10-12 11:48:27
2972,25328,186,1,배송이 너무 늦었어요.,2022-04-16 22:49:15
2973,25339,37,5,배송이 빨라서 좋았어요.,2023-09-07 11:27:49
2974,25341,14,4,배송이 빨라서 좋았어요.,2023-11-14 13:57:20
2975,25348,50,4,가격 대비 만족합니다.,2023-05-16 03:44:05
2976,25353,43,3,배송이 빨라서 좋았어요.,2022-05-18 20:31:08
2977,25355,195,3,배송이 너무 늦었어요.,2022-12-19 18:46:40
2978,25357,161,5,배송이 빨라서 좋았어요.,2023-08-22 00:40:51
2979,25361,152,4,가성비 괜찮네요.,2023-08-20 15:44:23
2980,25366,144,2,품질이 생각보다 별로였어요.,2022-03-27 06:03:47
2981,25371,82,3,가성비 괜찮네요.,2023-03-14 23:30:30
2982,25386,116,3,재구매 의사 있습니다!,2022-05-04 21:17:50
2983,25407,196,5,배송이 너무 늦었어요.,2023-11-03 23:35:34
2984,25411,196,3,재구매 의사 있습니다!,2022-01-30 21:10:31
2985,25416,8,4,품질이 생각보다 별로였어요.,2022-07-30 13:59:35
2986,25417,116,1,가성비 괜찮네요.,2022-06-17 02:45:12
2987,25419,150,2,가성비 괜찮네요.,2022-07-21 11:48:00
2988,25423,88,3,포장 상태가 아쉬웠습니다.,2022-03-24 19:23:43
2989,25430,149,2,가성비 괜찮네요.,2023-06-24 19:02:55
2990,25433,196,4,친구한테 선물했는데 좋아합니다.,2022-06-18 13:59:14
2991,25438,77,5,재구매 의사 있습니다!,2023-04-01 07:22:23
2992,25439,8,4,배송이 너무 늦었어요.,2022-11-19 19:46:51
2993,25442,60,2,가격 대비 만족합니다.,2023-01-24 07:04:39
2994,25443,162,4,품질이 생각보다 별로였어요.,2024-01-06 12:37:33
2995,25447,62,2,친구한테 선물했는데 좋아합니다.,2023-11-13 08:44:41
2996,25458,168,5,가격 대비 만족합니다.,2022-09-09 19:11:56
2997,25472,185,2,가성비 괜찮네요.,2023-11-10 15:29:54
2998,25475,200,4,배송이 빨라서 좋았어요.,2023-11-15 04:48:01
2999,25482,18,5,친구한테 선물했는데 좋아합니다.,2023-09-13 10:34:26
3000,25484,73,2,가격 대비 만족합니다.,2023-11-02 20:03:00
3001,25496,39,3,품질이 생각보다 별로였어요.,2022-07-01 21:59:07
3002,25497,123,3,배송이 빨라서 좋았어요.,2024-01-11 16:18:32
3003,25507,50,1,품질이 생각보다 별로였어요.,2023-01-01 05:37:36
3004,25508,200,2,가격 대비 만족합니다.,2022-02-02 18:27:03
3005,25525,96,1,포장 상태가 아쉬웠습니다.,2023-07-06 09:33:35
3006,25531,178,4,배송이 너무 늦었어요.,2022-05-13 08:56:55
3007,25537,15,2,친구한테 선물했는데 좋아합니다.,2023-07-15 23:40:45
3008,25542,152,3,품질이 생각보다 별로였어요.,2023-09-29 02:53:10
3009,25560,81,3,포장 상태가 아쉬웠습니다.,2023-03-20 15:52:49
3010,25562,151,5,포장 상태가 아쉬웠습니다.,2023-03-18 22:57:29
3011,25564,119,4,재구매 의사 있습니다!,2023-05-20 15:04:16
3012,25574,167,3,배송이 너무 늦었어요.,2023-07-03 19:49:59
3013,25595,164,3,친구한테 선물했는데 좋아합니다.,2022-04-16 11:52:13
3014,25596,73,2,품질이 생각보다 별로였어요.,2022-08-04 21:00:07
3015,25617,70,4,친구한테 선물했는데 좋아합니다.,2023-01-18 05:14:37
3016,25618,111,1,배송이 빨라서 좋았어요.,2023-04-19 13:37:20
3017,25619,7,2,배송이 빨라서 좋았어요.,2023-09-01 18:01:44
3018,25620,45,4,친구한테 선물했는데 좋아합니다.,2023-07-10 16:03:54
3019,25621,115,5,재구매 의사 있습니다!,2023-01-18 00:36:28
3020,25628,43,5,재구매 의사 있습니다!,2022-02-09 09:39:19
3021,25630,16,5,친구한테 선물했는데 좋아합니다.,2023-07-22 02:21:07
3022,25640,113,3,가격 대비 만족합니다.,2023-06-26 01:33:12
3023,25649,84,3,포장 상태가 아쉬웠습니다.,2023-02-10 09:24:40
3024,25655,19,3,포장 상태가 아쉬웠습니다.,2023-09-25 14:23:57
3025,25660,96,2,가성비 괜찮네요.,2022-10-03 02:50:47
3026,25665,95,4,배송이 너무 늦었어요.,2024-01-03 20:24:10
3027,25687,128,4,품질이 생각보다 별로였어요.,2022-11-27 21:46:41
3028,25710,92,1,재구매 의사 있습니다!,2022-01-13 17:33:09
3029,25717,116,2,포장 상태가 아쉬웠습니다.,2022-05-29 13:50:00
3030,25721,44,1,가성비 괜찮네요.,2023-11-04 05:40:19
3031,25725,67,4,배송이 너무 늦었어요.,2022-10-30 11:22:31
3032,25728,150,1,가격 대비 만족합니다.,2022-05-26 03:18:37
3033,25736,75,3,가격 대비 만족합니다.,2023-09-13 03:48:57
3034,25744,166,1,친구한테 선물했는데 좋아합니다.,2022-11-22 05:58:01
3035,25753,56,1,친구한테 선물했는데 좋아합니다.,2022-12-10 00:42:49
3036,25759,47,3,포장 상태가 아쉬웠습니다.,2022-11-15 04:51:18
3037,25760,31,3,친구한테 선물했는데 좋아합니다.,2023-03-11 22:31:20
3038,25763,57,2,배송이 빨라서 좋았어요.,2022-06-09 19:36:22
3039,25765,189,5,친구한테 선물했는데 좋아합니다.,2023-08-07 00:14:54
3040,25794,91,1,재구매 의사 있습니다!,2023-01-09 10:37:43
3041,25830,24,1,배송이 빨라서 좋았어요.,2022-07-24 01:04:07
3042,25834,133,1,포장 상태가 아쉬웠습니다.,2022-12-04 05:39:22
3043,25850,35,3,가성비 괜찮네요.,2023-06-26 04:25:19
3044,25858,65,1,재구매 의사 있습니다!,2023-03-11 09:50:28
3045,25859,61,3,재구매 의사 있습니다!,2023-07-31 23:48:35
3046,25860,14,1,품질이 생각보다 별로였어요.,2023-06-16 13:04:35
3047,25862,86,3,배송이 너무 늦었어요.,2023-02-19 09:57:51
3048,25875,14,1,재구매 의사 있습니다!,2023-08-09 10:02:27
3049,25876,171,4,재구매 의사 있습니다!,2022-04-07 10:46:21
3050,25884,120,3,재구매 의사 있습니다!,2024-01-02 09:13:11
3051,25891,155,2,품질이 생각보다 별로였어요.,2022-11-06 08:32:13
3052,25892,95,3,가성비 괜찮네요.,2023-11-27 23:59:30
3053,25894,38,2,배송이 빨라서 좋았어요.,2022-05-21 18:15:45
3054,25904,150,4,가성비 괜찮네요.,2022-02-08 08:54:06
3055,25905,103,3,배송이 빨라서 좋았어요.,2023-05-08 03:17:57
3056,25907,143,4,재구매 의사 있습니다!,2022-04-23 10:09:08
3057,25911,153,5,친구한테 선물했는데 좋아합니다.,2022-06-29 23:16:46
3058,25936,75,3,배송이 빨라서 좋았어요.,2024-01-08 04:58:01
3059,25942,81,4,배송이 빨라서 좋았어요.,2023-07-17 16:59:59
3060,25953,122,1,배송이 너무 늦었어요.,2022-10-20 02:17:36
3061,25954,196,3,친구한테 선물했는데 좋아합니다.,2022-12-19 00:38:10
3062,25964,176,4,품질이 생각보다 별로였어요.,2022-08-05 02:54:35
3063,25971,175,1,가성비 괜찮네요.,2022-10-20 02:12:43
3064,25993,51,5,친구한테 선물했는데 좋아합니다.,2022-08-18 10:57:39
3065,26013,194,2,친구한테 선물했는데 좋아합니다.,2023-11-12 20:11:18
3066,26015,66,4,가성비 괜찮네요.,2023-04-18 06:09:53
3067,26030,59,1,품질이 생각보다 별로였어요.,2022-10-10 12:50:55
3068,26037,140,4,가격 대비 만족합니다.,2023-03-16 13:43:33
3069,26038,16,3,배송이 빨라서 좋았어요.,2023-07-07 03:50:16
3070,26051,63,4,품질이 생각보다 별로였어요.,2024-01-04 10:17:34
3071,26053,161,3,배송이 빨라서 좋았어요.,2024-01-02 05:08:15
3072,26064,126,5,친구한테 선물했는데 좋아합니다.,2023-02-23 19:54:15
3073,26066,154,4,포장 상태가 아쉬웠습니다.,2023-11-22 14:54:49
3074,26069,189,1,배송이 빨라서 좋았어요.,2022-02-01 21:55:01
3075,26073,41,1,배송이 빨라서 좋았어요.,2023-04-10 03:30:11
3076,26075,141,1,친구한테 선물했는데 좋아합니다.,2023-08-20 23:09:45
3077,26077,89,3,재구매 의사 있습니다!,2023-01-27 09:28:43
3078,26084,64,5,가성비 괜찮네요.,2023-11-17 16:57:42
3079,26088,104,1,품질이 생각보다 별로였어요.,2022-04-24 15:09:16
3080,26109,175,1,가격 대비 만족합니다.,2023-07-10 06:00:05
3081,26114,164,5,배송이 너무 늦었어요.,2022-03-11 03:16:12
3082,26120,114,2,품질이 생각보다 별로였어요.,2022-08-04 08:25:45
3083,26128,143,5,재구매 의사 있습니다!,2022-05-01 06:17:27
3084,26136,15,5,포장 상태가 아쉬웠습니다.,2022-12-18 19:18:11
3085,26146,149,3,배송이 빨라서 좋았어요.,2023-11-07 08:16:00
3086,26149,70,3,가격 대비 만족합니다.,2023-02-23 20:36:52
3087,26152,57,1,재구매 의사 있습니다!,2022-01-29 02:48:52
3088,26156,60,3,품질이 생각보다 별로였어요.,2022-06-14 18:33:35
3089,26178,188,1,재구매 의사 있습니다!,2022-10-21 08:16:10
3090,26205,89,3,품질이 생각보다 별로였어요.,2022-08-07 13:30:58
3091,26207,66,2,재구매 의사 있습니다!,2023-07-18 16:09:56
3092,26217,124,2,배송이 빨라서 좋았어요.,2022-10-06 10:35:01
3093,26223,148,3,품질이 생각보다 별로였어요.,2023-07-05 10:04:21
3094,26248,69,1,배송이 빨라서 좋았어요.,2023-05-09 16:13:54
3095,26254,103,5,포장 상태가 아쉬웠습니다.,2022-01-21 01:23:22
3096,26262,104,4,가격 대비 만족합니다.,2022-11-25 05:35:19
3097,26264,114,4,포장 상태가 아쉬웠습니다.,2022-06-06 10:31:39
3098,26272,154,1,친구한테 선물했는데 좋아합니다.,2022-06-25 18:52:03
3099,26276,55,3,품질이 생각보다 별로였어요.,2023-10-20 10:17:00
3100,26299,180,4,가격 대비 만족합니다.,2023-11-28 17:59:57
3101,26311,28,4,품질이 생각보다 별로였어요.,2022-03-17 08:51:30
3102,26330,113,1,배송이 너무 늦었어요.,2023-03-05 08:04:07
3103,26331,148,2,가격 대비 만족합니다.,2022-09-30 00:27:27
3104,26335,103,2,배송이 너무 늦었어요.,2022-04-03 03:42:53
3105,26340,21,1,가성비 괜찮네요.,2023-04-09 15:52:19
3106,26343,180,3,친구한테 선물했는데 좋아합니다.,2022-04-19 04:29:11
3107,26351,68,3,재구매 의사 있습니다!,2022-06-26 19:41:56
3108,26357,92,1,품질이 생각보다 별로였어요.,2022-03-18 22:13:16
3109,26367,188,3,친구한테 선물했는데 좋아합니다.,2023-04-03 19:51:18
3110,26372,82,5,포장 상태가 아쉬웠습니다.,2023-06-04 08:41:38
3111,26387,149,4,친구한테 선물했는데 좋아합니다.,2022-11-23 14:23:34
3112,26390,72,5,배송이 빨라서 좋았어요.,2023-04-26 03:18:46
3113,26391,104,4,가격 대비 만족합니다.,2023-05-12 06:59:55
3114,26392,115,2,가격 대비 만족합니다.,2022-04-28 03:25:26
3115,26402,161,5,배송이 너무 늦었어요.,2022-02-28 08:08:50
3116,26409,36,1,재구매 의사 있습니다!,2022-08-05 01:00:54
3117,26441,107,4,가격 대비 만족합니다.,2022-11-24 05:29:14
3118,26458,105,1,배송이 빨라서 좋았어요.,2023-10-08 01:01:20
3119,26463,54,4,가격 대비 만족합니다.,2022-04-27 23:36:33
3120,26480,5,4,가격 대비 만족합니다.,2023-04-09 06:47:15
3121,26485,178,2,친구한테 선물했는데 좋아합니다.,2022-08-10 14:02:34
3122,26487,71,2,포장 상태가 아쉬웠습니다.,2022-07-25 19:24:33
3123,26492,174,2,재구매 의사 있습니다!,2022-09-03 03:00:39
3124,26501,189,3,배송이 너무 늦었어요.,2023-01-05 06:06:07
3125,26508,129,5,배송이 빨라서 좋았어요.,2022-09-14 10:51:47
3126,26523,51,1,가격 대비 만족합니다.,2022-08-21 07:43:08
3127,26534,141,1,가성비 괜찮네요.,2023-10-15 14:39:22
3128,26536,126,4,재구매 의사 있습니다!,2022-12-02 12:19:46
3129,26559,182,2,가격 대비 만족합니다.,2022-06-21 17:58:13
3130,26571,120,2,친구한테 선물했는데 좋아합니다.,2023-12-18 08:14:49
3131,26577,87,5,배송이 빨라서 좋았어요.,2022-03-06 02:26:10
3132,26598,50,3,품질이 생각보다 별로였어요.,2023-10-01 05:17:58
3133,26608,18,3,배송이 빨라서 좋았어요.,2022-03-24 13:22:10
3134,26613,70,2,배송이 너무 늦었어요.,2022-07-08 20:15:42
3135,26618,158,5,포장 상태가 아쉬웠습니다.,2022-12-28 21:07:05
3136,26621,133,1,가격 대비 만족합니다.,2023-11-09 14:26:00
3137,26627,184,4,가성비 괜찮네요.,2023-02-18 03:10:28
3138,26633,99,1,품질이 생각보다 별로였어요.,2023-08-08 03:17:14
3139,26636,176,3,재구매 의사 있습니다!,2022-07-18 14:08:48
3140,26654,190,5,배송이 빨라서 좋았어요.,2023-06-23 17:25:17
3141,26656,102,3,품질이 생각보다 별로였어요.,2023-11-28 17:23:50
3142,26663,197,2,가격 대비 만족합니다.,2023-08-20 12:28:28
3143,26669,60,4,배송이 빨라서 좋았어요.,2022-12-27 21:00:05
3144,26682,176,2,친구한테 선물했는데 좋아합니다.,2022-03-04 09:29:00
3145,26687,12,5,품질이 생각보다 별로였어요.,2023-07-13 21:05:35
3146,26689,10,1,재구매 의사 있습니다!,2023-10-31 12:05:15
3147,26697,68,4,친구한테 선물했는데 좋아합니다.,2023-12-28 12:52:21
3148,26699,147,4,배송이 너무 늦었어요.,2023-11-06 02:45:21
3149,26715,12,1,친구한테 선물했는데 좋아합니다.,2022-02-27 00:00:45
3150,26726,9,5,배송이 빨라서 좋았어요.,2023-10-26 11:38:05
3151,26758,173,4,품질이 생각보다 별로였어요.,2024-01-15 21:57:53
3152,26765,35,2,배송이 빨라서 좋았어요.,2023-03-19 18:14:28
3153,26766,139,3,재구매 의사 있습니다!,2022-04-12 04:18:14
3154,26779,135,5,가격 대비 만족합니다.,2023-05-28 07:16:34
3155,26796,187,2,포장 상태가 아쉬웠습니다.,2022-10-19 15:03:06
3156,26797,189,2,배송이 빨라서 좋았어요.,2023-01-19 02:21:51
3157,26804,144,2,친구한테 선물했는데 좋아합니다.,2023-05-12 19:52:17
3158,26808,187,5,가격 대비 만족합니다.,2023-03-04 13:07:35
3159,26809,71,4,배송이 너무 늦었어요.,2023-02-26 08:03:26
3160,26812,101,5,배송이 너무 늦었어요.,2022-07-19 11:42:23
3161,26831,50,3,가격 대비 만족합니다.,2023-12-23 02:56:06
3162,26835,192,5,재구매 의사 있습니다!,2022-10-24 01:46:37
3163,26838,173,5,배송이 빨라서 좋았어요.,2022-12-07 11:49:30
3164,26846,56,1,친구한테 선물했는데 좋아합니다.,2023-07-12 01:13:19
3165,26849,104,5,가격 대비 만족합니다.,2023-05-28 20:43:29
3166,26852,4,3,배송이 너무 늦었어요.,2023-12-17 04:11:00
3167,26868,96,5,배송이 너무 늦었어요.,2024-01-07 01:36:08
3168,26873,119,1,가격 대비 만족합니다.,2023-09-05 23:19:34
3169,26887,176,5,포장 상태가 아쉬웠습니다.,2022-03-09 06:34:38
3170,26894,38,5,재구매 의사 있습니다!,2022-02-21 22:29:34
3171,26910,74,3,배송이 빨라서 좋았어요.,2024-01-05 17:46:30
3172,26914,167,2,배송이 너무 늦었어요.,2023-03-14 17:10:05
3173,26923,106,2,재구매 의사 있습니다!,2023-02-23 20:42:03
3174,26935,83,5,품질이 생각보다 별로였어요.,2023-09-01 12:14:47
3175,26957,144,4,배송이 빨라서 좋았어요.,2023-06-20 05:13:46
3176,26965,65,1,가격 대비 만족합니다.,2022-09-14 21:29:19
3177,26966,194,1,재구매 의사 있습니다!,2022-08-08 16:06:14
3178,26967,34,4,포장 상태가 아쉬웠습니다.,2022-07-22 04:22:04
3179,26985,94,2,품질이 생각보다 별로였어요.,2022-04-26 12:06:26
3180,26986,61,4,가격 대비 만족합니다.,2023-05-01 16:13:07
3181,26987,111,4,친구한테 선물했는데 좋아합니다.,2023-09-12 16:43:40
3182,26999,65,5,재구매 의사 있습니다!,2022-02-12 18:31:23
3183,27009,110,4,가성비 괜찮네요.,2023-10-01 21:53:08
3184,27011,38,5,배송이 너무 늦었어요.,2023-10-03 07:01:30
3185,27018,100,5,친구한테 선물했는데 좋아합니다.,2023-01-20 14:36:17
3186,27037,78,1,가격 대비 만족합니다.,2022-02-10 02:50:30
3187,27047,67,3,배송이 너무 늦었어요.,2023-03-04 07:55:48
3188,27057,5,5,포장 상태가 아쉬웠습니다.,2022-11-24 04:17:07
3189,27061,26,5,배송이 빨라서 좋았어요.,2022-05-23 10:33:57
3190,27062,28,3,배송이 너무 늦었어요.,2022-12-21 09:18:09
3191,27081,142,4,배송이 빨라서 좋았어요.,2022-11-15 08:24:44
3192,27086,31,5,배송이 너무 늦었어요.,2022-11-29 15:59:09
3193,27089,198,4,친구한테 선물했는데 좋아합니다.,2023-01-22 03:33:17
3194,27091,59,5,가격 대비 만족합니다.,2023-03-15 06:38:16
3195,27092,24,5,배송이 빨라서 좋았어요.,2022-05-11 07:37:58
3196,27116,4,2,친구한테 선물했는데 좋아합니다.,2022-09-13 22:27:28
3197,27120,188,3,포장 상태가 아쉬웠습니다.,2023-06-26 13:28:46
3198,27125,183,1,친구한테 선물했는데 좋아합니다.,2022-12-17 13:24:59
3199,27131,158,3,가격 대비 만족합니다.,2022-11-07 03:32:11
3200,27134,6,5,친구한테 선물했는데 좋아합니다.,2024-01-03 12:44:46
3201,27135,123,3,친구한테 선물했는데 좋아합니다.,2022-02-05 09:31:35
3202,27142,90,3,품질이 생각보다 별로였어요.,2022-08-19 08:48:51
3203,27144,151,5,재구매 의사 있습니다!,2022-01-16 18:38:50
3204,27152,41,5,배송이 빨라서 좋았어요.,2022-04-07 01:45:59
3205,27164,3,1,친구한테 선물했는데 좋아합니다.,2023-06-12 05:44:51
3206,27170,60,4,배송이 빨라서 좋았어요.,2023-08-22 19:45:57
3207,27198,88,5,가격 대비 만족합니다.,2023-05-09 07:07:29
3208,27204,12,4,포장 상태가 아쉬웠습니다.,2022-12-30 10:38:02
3209,27221,7,1,친구한테 선물했는데 좋아합니다.,2023-03-25 02:54:28
3210,27251,164,3,가격 대비 만족합니다.,2023-10-23 06:37:03
3211,27257,87,5,배송이 너무 늦었어요.,2022-07-26 03:13:19
3212,27258,1,4,가성비 괜찮네요.,2023-10-12 12:33:38
3213,27263,144,4,가격 대비 만족합니다.,2022-04-15 12:18:01
3214,27275,161,4,재구매 의사 있습니다!,2022-04-27 04:38:12
3215,27285,78,4,배송이 너무 늦었어요.,2022-09-14 12:17:12
3216,27287,1,2,배송이 너무 늦었어요.,2023-05-02 00:46:32
3217,27300,94,1,재구매 의사 있습니다!,2022-11-03 07:17:57
3218,27308,154,1,가격 대비 만족합니다.,2023-10-31 11:11:47
3219,27312,47,5,가성비 괜찮네요.,2022-01-29 21:38:45
3220,27335,183,3,친구한테 선물했는데 좋아합니다.,2022-03-14 21:29:26
3221,27362,52,3,가격 대비 만족합니다.,2022-01-28 14:13:58
3222,27366,179,2,품질이 생각보다 별로였어요.,2022-02-09 05:20:47
3223,27368,156,5,친구한테 선물했는데 좋아합니다.,2024-01-18 02:29:02
3224,27369,142,4,재구매 의사 있습니다!,2023-09-16 15:06:05
3225,27370,80,2,친구한테 선물했는데 좋아합니다.,2022-11-15 08:13:07
3226,27373,132,5,품질이 생각보다 별로였어요.,2023-10-08 02:14:32
3227,27383,33,5,가성비 괜찮네요.,2023-11-24 22:47:41
3228,27394,183,3,배송이 빨라서 좋았어요.,2022-03-09 00:11:13
3229,27419,170,2,포장 상태가 아쉬웠습니다.,2023-10-21 18:49:39
3230,27431,2,3,가격 대비 만족합니다.,2023-10-20 03:51:00
3231,27446,151,3,배송이 너무 늦었어요.,2022-07-05 23:16:16
3232,27449,53,1,재구매 의사 있습니다!,2023-08-31 16:13:02
3233,27466,177,5,가성비 괜찮네요.,2023-06-03 15:25:54
3234,27469,197,1,가격 대비 만족합니다.,2022-04-08 21:22:39
3235,27474,46,4,품질이 생각보다 별로였어요.,2022-04-05 10:30:40
3236,27480,127,3,배송이 너무 늦었어요.,2022-11-06 00:36:28
3237,27484,68,2,가격 대비 만족합니다.,2022-08-06 06:55:11
3238,27509,51,5,친구한테 선물했는데 좋아합니다.,2023-02-09 13:54:02
3239,27515,125,2,가성비 괜찮네요.,2023-06-11 07:46:18
3240,27525,63,1,품질이 생각보다 별로였어요.,2022-10-18 02:19:11
3241,27526,7,4,배송이 빨라서 좋았어요.,2022-12-04 02:11:01
3242,27535,31,2,품질이 생각보다 별로였어요.,2022-07-11 13:21:14
3243,27539,41,2,가격 대비 만족합니다.,2022-08-05 23:08:02
3244,27552,147,3,포장 상태가 아쉬웠습니다.,2023-03-17 19:27:55
3245,27554,96,5,친구한테 선물했는데 좋아합니다.,2023-04-11 05:23:16
3246,27558,23,2,가격 대비 만족합니다.,2022-10-09 10:37:25
3247,27563,176,3,품질이 생각보다 별로였어요.,2022-07-12 23:40:11
3248,27566,127,1,가성비 괜찮네요.,2023-08-19 07:53:45
3249,27572,6,2,배송이 너무 늦었어요.,2022-12-06 16:01:45
3250,27576,95,3,가격 대비 만족합니다.,2022-02-12 02:33:38
3251,27577,163,4,품질이 생각보다 별로였어요.,2022-06-22 16:04:23
3252,27587,47,1,품질이 생각보다 별로였어요.,2022-07-27 21:49:03
3253,27589,177,3,친구한테 선물했는데 좋아합니다.,2023-11-11 08:53:57
3254,27590,67,4,가성비 괜찮네요.,2023-01-16 16:25:21
3255,27591,83,3,포장 상태가 아쉬웠습니다.,2022-04-05 16:32:17
3256,27603,83,5,가격 대비 만족합니다.,2023-04-07 13:38:04
3257,27605,177,5,친구한테 선물했는데 좋아합니다.,2023-05-15 02:49:20
3258,27609,119,1,배송이 너무 늦었어요.,2023-03-09 07:10:58
3259,27619,26,3,가격 대비 만족합니다.,2023-08-30 10:27:59
3260,27626,18,2,배송이 빨라서 좋았어요.,2022-08-29 18:49:49
3261,27627,165,4,배송이 너무 늦었어요.,2022-07-04 03:14:17
3262,27629,61,2,품질이 생각보다 별로였어요.,2022-03-14 19:26:07
3263,27631,72,2,배송이 빨라서 좋았어요.,2022-05-12 03:23:49
3264,27633,54,2,포장 상태가 아쉬웠습니다.,2022-08-17 13:27:34
3265,27635,169,4,가성비 괜찮네요.,2023-09-09 22:38:49
3266,27662,134,2,배송이 너무 늦었어요.,2023-05-28 12:00:26
3267,27671,188,1,가격 대비 만족합니다.,2023-02-25 07:14:04
3268,27675,169,5,품질이 생각보다 별로였어요.,2022-05-17 23:22:28
3269,27677,142,2,친구한테 선물했는데 좋아합니다.,2022-03-01 17:04:02
3270,27679,191,4,가격 대비 만족합니다.,2023-04-05 07:35:48
3271,27701,62,2,가성비 괜찮네요.,2022-02-16 12:50:42
3272,27705,69,3,가격 대비 만족합니다.,2022-02-18 04:49:54
3273,27721,189,2,포장 상태가 아쉬웠습니다.,2022-01-30 11:40:36
3274,27732,164,3,배송이 너무 늦었어요.,2023-05-29 19:22:22
3275,27752,135,2,품질이 생각보다 별로였어요.,2023-06-07 02:36:16
3276,27778,179,2,친구한테 선물했는데 좋아합니다.,2023-05-30 22:11:12
3277,27787,119,2,배송이 너무 늦었어요.,2023-07-19 19:49:31
3278,27823,71,5,가격 대비 만족합니다.,2023-07-06 00:19:01
3279,27824,46,3,포장 상태가 아쉬웠습니다.,2022-06-27 19:53:35
3280,27837,18,4,품질이 생각보다 별로였어요.,2023-08-25 22:05:53
3281,27855,107,5,친구한테 선물했는데 좋아합니다.,2023-08-04 22:37:51
3282,27862,48,5,친구한테 선물했는데 좋아합니다.,2022-08-14 14:24:00
3283,27866,168,1,배송이 너무 늦었어요.,2022-06-29 11:43:59
3284,27873,68,3,배송이 너무 늦었어요.,2023-12-18 22:57:25
3285,27891,3,1,포장 상태가 아쉬웠습니다.,2022-05-01 23:07:16
3286,27913,156,5,가격 대비 만족합니다.,2022-03-08 13:08:03
3287,27928,104,5,친구한테 선물했는데 좋아합니다.,2022-09-04 19:12:19
3288,27930,194,1,배송이 빨라서 좋았어요.,2023-01-03 22:31:16
3289,27933,75,2,가격 대비 만족합니다.,2022-10-29 08:19:45
3290,27955,11,1,친구한테 선물했는데 좋아합니다.,2022-04-12 15:51:47
3291,27964,83,2,품질이 생각보다 별로였어요.,2022-12-18 15:51:54
3292,27982,59,3,배송이 너무 늦었어요.,2023-01-15 13:00:46
3293,27983,61,4,배송이 빨라서 좋았어요.,2023-03-05 01:14:23
3294,27986,122,5,친구한테 선물했는데 좋아합니다.,2022-04-07 17:43:25
3295,27987,9,3,가성비 괜찮네요.,2022-03-14 09:04:46
3296,27999,31,2,포장 상태가 아쉬웠습니다.,2022-06-26 04:07:18
3297,28020,188,1,배송이 너무 늦었어요.,2022-12-29 04:32:28
3298,28024,100,2,배송이 너무 늦었어요.,2022-02-10 17:12:54
3299,28032,182,2,배송이 빨라서 좋았어요.,2023-05-06 11:52:06
3300,28034,43,4,가성비 괜찮네요.,2022-05-01 13:02:40
3301,28044,157,5,가격 대비 만족합니다.,2023-04-21 21:45:42
3302,28051,24,2,품질이 생각보다 별로였어요.,2022-04-02 13:15:59
3303,28065,135,5,배송이 빨라서 좋았어요.,2022-08-03 08:02:06
3304,28066,105,5,가성비 괜찮네요.,2023-08-12 01:51:27
3305,28077,55,5,재구매 의사 있습니다!,2023-12-26 19:49:02
3306,28082,120,3,가성비 괜찮네요.,2024-01-05 22:26:13
3307,28092,37,5,친구한테 선물했는데 좋아합니다.,2023-05-12 01:02:10
3308,28102,19,3,배송이 빨라서 좋았어요.,2022-04-09 09:41:23
3309,28110,21,2,친구한테 선물했는데 좋아합니다.,2022-03-23 20:58:22
3310,28140,99,3,품질이 생각보다 별로였어요.,2022-01-28 21:48:54
3311,28165,191,1,가성비 괜찮네요.,2023-02-07 00:51:03
3312,28175,49,3,포장 상태가 아쉬웠습니다.,2023-04-02 15:27:54
3313,28176,133,5,친구한테 선물했는데 좋아합니다.,2022-11-29 00:09:49
3314,28180,31,4,배송이 너무 늦었어요.,2022-11-05 19:56:27
3315,28183,77,2,배송이 빨라서 좋았어요.,2023-01-08 14:28:27
3316,28196,116,1,배송이 빨라서 좋았어요.,2022-07-23 19:54:35
3317,28229,68,1,품질이 생각보다 별로였어요.,2023-04-09 01:51:08
3318,28233,107,2,품질이 생각보다 별로였어요.,2022-05-25 21:28:18
3319,28236,79,5,가성비 괜찮네요.,2023-05-08 18:08:36
3320,28238,174,1,배송이 빨라서 좋았어요.,2022-02-20 03:30:52
3321,28240,123,5,재구매 의사 있습니다!,2023-09-26 18:35:47
3322,28247,162,5,품질이 생각보다 별로였어요.,2023-04-10 12:31:16
3323,28252,143,3,품질이 생각보다 별로였어요.,2023-12-18 21:04:27
3324,28270,28,3,품질이 생각보다 별로였어요.,2022-12-19 13:21:55
3325,28276,30,2,가성비 괜찮네요.,2022-12-16 05:50:32
3326,28280,187,3,품질이 생각보다 별로였어요.,2022-05-20 08:00:24
3327,28293,159,5,배송이 빨라서 좋았어요.,2023-03-26 03:25:45
3328,28294,139,1,가격 대비 만족합니다.,2022-09-30 06:34:12
3329,28320,141,1,품질이 생각보다 별로였어요.,2023-05-29 16:40:01
3330,28329,99,2,포장 상태가 아쉬웠습니다.,2023-06-25 11:13:35
3331,28330,174,1,가성비 괜찮네요.,2023-09-15 01:26:26
3332,28337,86,2,배송이 너무 늦었어요.,2022-11-16 08:00:36
3333,28357,112,5,배송이 빨라서 좋았어요.,2023-10-29 12:29:29
3334,28409,186,1,품질이 생각보다 별로였어요.,2023-09-09 02:13:10
3335,28411,54,4,배송이 너무 늦었어요.,2022-08-22 16:06:14
3336,28413,110,4,배송이 빨라서 좋았어요.,2023-11-14 10:03:50
3337,28417,125,3,가격 대비 만족합니다.,2023-07-15 17:37:41
3338,28424,200,4,친구한테 선물했는데 좋아합니다.,2022-01-22 10:50:44
3339,28443,133,5,가격 대비 만족합니다.,2022-09-13 05:10:56
3340,28452,168,3,친구한테 선물했는데 좋아합니다.,2023-03-24 21:32:34
3341,28455,100,1,포장 상태가 아쉬웠습니다.,2023-06-22 15:13:00
3342,28469,134,1,배송이 빨라서 좋았어요.,2023-07-17 19:53:30
3343,28486,20,2,포장 상태가 아쉬웠습니다.,2022-11-15 12:20:56
3344,28490,180,3,품질이 생각보다 별로였어요.,2023-01-11 17:49:58
3345,28492,159,4,재구매 의사 있습니다!,2023-03-16 05:14:39
3346,28504,101,1,포장 상태가 아쉬웠습니다.,2022-06-26 17:54:27
3347,28510,105,5,재구매 의사 있습니다!,2022-09-07 05:08:59
3348,28515,108,5,가격 대비 만족합니다.,2023-01-27 22:10:00
3349,28548,83,5,재구매 의사 있습니다!,2023-06-23 20:43:31
3350,28550,195,2,친구한테 선물했는데 좋아합니다.,2023-01-15 00:17:32
3351,28560,88,4,가성비 괜찮네요.,2023-06-21 15:06:39
3352,28562,148,2,가성비 괜찮네요.,2022-10-11 16:18:43
3353,28563,120,1,친구한테 선물했는데 좋아합니다.,2022-10-03 08:03:00
3354,28566,43,4,배송이 너무 늦었어요.,2022-04-01 08:17:22
3355,28584,78,1,포장 상태가 아쉬웠습니다.,2022-09-06 13:31:52
3356,28593,132,4,배송이 너무 늦었어요.,2023-08-27 15:16:12
3357,28595,131,3,포장 상태가 아쉬웠습니다.,2022-08-29 23:43:58
3358,28597,132,3,가격 대비 만족합니다.,2022-04-30 00:11:59
3359,28604,18,5,배송이 너무 늦었어요.,2022-05-01 03:46:54
3360,28605,97,5,배송이 너무 늦었어요.,2024-01-02 10:07:18
3361,28612,13,4,재구매 의사 있습니다!,2022-09-19 02:56:39
3362,28613,163,3,포장 상태가 아쉬웠습니다.,2023-11-06 15:16:53
3363,28615,105,5,배송이 너무 늦었어요.,2023-01-22 21:33:41
3364,28618,141,2,친구한테 선물했는데 좋아합니다.,2022-12-20 15:59:16
3365,28623,112,3,배송이 너무 늦었어요.,2023-01-17 00:07:15
3366,28626,107,4,재구매 의사 있습니다!,2024-01-07 02:15:10
3367,28634,77,4,친구한테 선물했는데 좋아합니다.,2023-07-16 10:33:53
3368,28642,8,5,배송이 빨라서 좋았어요.,2023-09-28 07:39:13
3369,28646,136,4,배송이 빨라서 좋았어요.,2023-01-02 06:31:10
3370,28649,162,3,가성비 괜찮네요.,2022-11-06 18:09:54
3371,28654,74,1,친구한테 선물했는데 좋아합니다.,2022-10-29 10:39:38
3372,28664,166,4,배송이 빨라서 좋았어요.,2022-02-06 19:17:44
3373,28671,99,4,가성비 괜찮네요.,2023-09-02 03:21:31
3374,28672,108,2,배송이 너무 늦었어요.,2023-02-20 08:58:27
3375,28675,23,3,포장 상태가 아쉬웠습니다.,2023-01-12 12:04:08
3376,28682,2,3,친구한테 선물했는데 좋아합니다.,2023-01-27 09:33:25
3377,28687,62,1,재구매 의사 있습니다!,2023-12-12 09:13:45
3378,28729,96,3,배송이 너무 늦었어요.,2022-09-20 23:37:25
3379,28745,47,5,가격 대비 만족합니다.,2023-05-18 04:03:56
3380,28754,25,2,품질이 생각보다 별로였어요.,2022-07-19 20:47:56
3381,28757,71,5,친구한테 선물했는데 좋아합니다.,2023-12-18 19:55:38
3382,28761,178,1,포장 상태가 아쉬웠습니다.,2023-12-25 20:54:27
3383,28762,10,5,배송이 빨라서 좋았어요.,2022-09-14 20:52:22
3384,28779,63,5,가격 대비 만족합니다.,2022-06-14 12:24:51
3385,28799,195,3,배송이 너무 늦었어요.,2022-09-15 14:05:03
3386,28803,130,1,가성비 괜찮네요.,2022-07-11 00:13:36
3387,28822,189,5,배송이 빨라서 좋았어요.,2022-10-13 09:31:39
3388,28823,21,5,재구매 의사 있습니다!,2023-07-25 20:29:48
3389,28841,17,2,포장 상태가 아쉬웠습니다.,2022-02-08 03:25:43
3390,28842,170,3,가성비 괜찮네요.,2023-07-29 12:47:25
3391,28852,100,2,배송이 빨라서 좋았어요.,2022-07-05 09:49:02
3392,28853,192,3,친구한테 선물했는데 좋아합니다.,2022-05-31 02:07:42
3393,28855,170,2,친구한테 선물했는데 좋아합니다.,2023-01-21 15:06:41
3394,28865,62,5,가격 대비 만족합니다.,2022-06-13 14:31:36
3395,28870,195,4,배송이 빨라서 좋았어요.,2023-10-13 07:03:18
3396,28877,177,1,배송이 너무 늦었어요.,2022-04-12 10:21:29
3397,28883,81,4,포장 상태가 아쉬웠습니다.,2022-03-07 10:50:17
3398,28890,91,4,배송이 너무 늦었어요.,2022-04-13 23:48:32
3399,28901,170,5,재구매 의사 있습니다!,2023-04-30 04:09:39
3400,28917,70,3,배송이 너무 늦었어요.,2022-11-19 03:23:01
3401,28918,52,3,배송이 빨라서 좋았어요.,2022-05-03 08:53:23
3402,28920,98,3,재구매 의사 있습니다!,2023-03-10 23:44:19
3403,28938,170,4,가성비 괜찮네요.,2023-07-03 06:47:39
3404,28956,89,1,포장 상태가 아쉬웠습니다.,2023-04-03 06:45:39
3405,28957,138,2,가성비 괜찮네요.,2022-06-26 15:42:22
3406,28960,84,4,배송이 너무 늦었어요.,2023-08-14 18:11:22
3407,28961,137,2,재구매 의사 있습니다!,2022-11-01 13:23:33
3408,28974,169,1,품질이 생각보다 별로였어요.,2022-08-02 05:30:56
3409,28978,5,5,배송이 너무 늦었어요.,2023-12-18 22:42:19
3410,28985,165,2,친구한테 선물했는데 좋아합니다.,2023-03-04 13:04:55
3411,28994,8,5,배송이 너무 늦었어요.,2023-06-22 14:47:09
3412,28996,187,5,친구한테 선물했는데 좋아합니다.,2023-05-31 06:20:55
3413,28999,44,1,친구한테 선물했는데 좋아합니다.,2023-06-17 18:53:00
3414,29018,85,2,포장 상태가 아쉬웠습니다.,2022-04-06 21:47:47
3415,29019,37,2,가성비 괜찮네요.,2023-08-27 08:12:55
3416,29025,30,2,품질이 생각보다 별로였어요.,2023-08-24 15:56:42
3417,29044,185,2,친구한테 선물했는데 좋아합니다.,2022-05-20 10:22:36
3418,29053,35,4,포장 상태가 아쉬웠습니다.,2022-06-17 07:29:05
3419,29058,179,5,품질이 생각보다 별로였어요.,2023-12-09 16:30:44
3420,29072,197,2,친구한테 선물했는데 좋아합니다.,2022-12-15 15:00:53
3421,29073,104,1,친구한테 선물했는데 좋아합니다.,2023-09-14 14:00:25
3422,29087,100,4,포장 상태가 아쉬웠습니다.,2023-05-30 08:42:55
3423,29091,13,4,친구한테 선물했는데 좋아합니다.,2022-08-01 10:45:33
3424,29094,124,1,재구매 의사 있습니다!,2023-08-09 06:39:31
3425,29101,44,1,재구매 의사 있습니다!,2023-12-08 22:14:28
3426,29102,95,3,가격 대비 만족합니다.,2023-10-22 17:57:28
3427,29111,63,3,재구매 의사 있습니다!,2023-12-04 22:14:59
3428,29132,124,2,포장 상태가 아쉬웠습니다.,2022-08-10 12:45:02
3429,29138,161,1,가성비 괜찮네요.,2023-06-19 22:27:51
3430,29140,82,4,가격 대비 만족합니다.,2023-10-14 21:27:23
3431,29143,115,5,친구한테 선물했는데 좋아합니다.,2023-02-20 08:08:17
3432,29153,27,3,품질이 생각보다 별로였어요.,2022-05-20 02:32:35
3433,29158,142,1,품질이 생각보다 별로였어요.,2023-10-30 10:13:56
3434,29161,111,1,배송이 빨라서 좋았어요.,2023-04-14 21:54:36
3435,29173,136,3,재구매 의사 있습니다!,2022-09-09 02:48:33
3436,29198,145,3,배송이 너무 늦었어요.,2023-01-21 06:20:55
3437,29206,45,3,가격 대비 만족합니다.,2022-06-07 19:30:10
3438,29207,194,2,가성비 괜찮네요.,2022-06-21 05:38:55
3439,29208,181,5,포장 상태가 아쉬웠습니다.,2022-04-10 06:17:12
3440,29210,188,5,품질이 생각보다 별로였어요.,2023-04-03 06:59:18
3441,29215,140,2,가격 대비 만족합니다.,2022-11-19 12:23:59
3442,29221,172,4,포장 상태가 아쉬웠습니다.,2023-06-17 05:19:24
3443,29225,182,3,배송이 너무 늦었어요.,2023-05-13 18:36:39
3444,29236,128,3,친구한테 선물했는데 좋아합니다.,2022-02-28 03:45:27
3445,29246,106,5,가격 대비 만족합니다.,2022-02-19 19:39:27
3446,29259,90,5,품질이 생각보다 별로였어요.,2022-11-15 08:30:15
3447,29265,59,5,배송이 너무 늦었어요.,2022-03-08 09:10:49
3448,29268,163,1,재구매 의사 있습니다!,2023-11-13 11:51:39
3449,29283,46,4,배송이 너무 늦었어요.,2022-08-16 15:07:12
3450,29284,31,3,포장 상태가 아쉬웠습니다.,2022-09-02 16:01:06
3451,29290,14,1,포장 상태가 아쉬웠습니다.,2023-08-25 11:56:34
3452,29314,67,1,친구한테 선물했는데 좋아합니다.,2022-05-10 12:24:17
3453,29329,187,5,배송이 빨라서 좋았어요.,2022-11-12 09:19:00
3454,29333,147,4,재구매 의사 있습니다!,2022-01-29 16:11:59
3455,29341,51,3,친구한테 선물했는데 좋아합니다.,2022-11-04 12:22:47
3456,29342,193,5,가성비 괜찮네요.,2022-09-04 18:10:32
3457,29347,180,1,친구한테 선물했는데 좋아합니다.,2023-06-06 22:57:41
3458,29348,18,3,재구매 의사 있습니다!,2022-05-29 20:16:21
3459,29364,43,3,품질이 생각보다 별로였어요.,2022-10-20 01:14:50
3460,29382,32,4,가격 대비 만족합니다.,2022-11-26 16:35:30
3461,29385,20,4,배송이 빨라서 좋았어요.,2022-10-29 05:18:15
3462,29387,53,1,배송이 빨라서 좋았어요.,2023-04-28 10:09:35
3463,29390,52,1,가격 대비 만족합니다.,2024-01-07 15:47:00
3464,29401,75,2,포장 상태가 아쉬웠습니다.,2022-11-11 22:26:51
3465,29404,168,2,배송이 너무 늦었어요.,2022-05-20 07:59:26
3466,29406,93,5,친구한테 선물했는데 좋아합니다.,2023-01-22 09:48:17
3467,29408,194,2,가성비 괜찮네요.,2023-03-24 16:44:11
3468,29415,190,2,배송이 너무 늦었어요.,2023-09-04 11:41:31
3469,29418,102,1,친구한테 선물했는데 좋아합니다.,2022-02-09 02:34:20
3470,29433,103,5,배송이 너무 늦었어요.,2023-05-26 10:48:39
3471,29434,168,5,배송이 너무 늦었어요.,2023-07-09 04:42:37
3472,29438,168,5,가성비 괜찮네요.,2023-09-29 16:47:42
3473,29447,191,3,배송이 빨라서 좋았어요.,2023-06-02 08:42:59
3474,29452,53,4,포장 상태가 아쉬웠습니다.,2023-04-23 06:35:26
3475,29454,56,1,배송이 빨라서 좋았어요.,2023-02-16 11:21:37
3476,29456,49,3,품질이 생각보다 별로였어요.,2022-05-26 03:34:55
3477,29462,125,1,가성비 괜찮네요.,2022-12-17 14:46:04
3478,29466,118,2,재구매 의사 있습니다!,2022-05-01 13:22:59
3479,29469,166,2,재구매 의사 있습니다!,2022-02-21 12:54:55
3480,29487,5,4,재구매 의사 있습니다!,2022-04-10 09:09:57
3481,29488,32,2,배송이 너무 늦었어요.,2022-04-03 02:54:05
3482,29491,137,3,품질이 생각보다 별로였어요.,2023-08-19 23:24:47
3483,29496,6,1,배송이 너무 늦었어요.,2023-12-13 21:03:02
3484,29502,113,1,가성비 괜찮네요.,2023-01-01 04:49:13
3485,29518,106,2,가성비 괜찮네요.,2023-11-17 04:03:53
3486,29524,75,2,배송이 너무 늦었어요.,2022-04-12 02:32:17
3487,29527,156,4,가성비 괜찮네요.,2022-10-30 12:51:18
3488,29556,105,3,가격 대비 만족합니다.,2023-08-22 14:21:07
3489,29558,66,3,친구한테 선물했는데 좋아합니다.,2023-02-26 00:28:01
3490,29563,171,4,배송이 빨라서 좋았어요.,2023-12-02 16:25:20
3491,29574,93,3,가격 대비 만족합니다.,2022-11-06 10:11:55
3492,29595,148,3,가성비 괜찮네요.,2023-02-28 00:17:23
3493,29597,184,2,배송이 너무 늦었어요.,2023-04-02 00:06:34
3494,29602,183,4,친구한테 선물했는데 좋아합니다.,2022-10-18 16:35:20
3495,29616,108,1,품질이 생각보다 별로였어요.,2023-08-21 01:19:11
3496,29621,104,4,포장 상태가 아쉬웠습니다.,2022-01-09 04:59:54
3497,29626,80,4,가격 대비 만족합니다.,2023-08-20 13:03:34
3498,29631,60,5,친구한테 선물했는데 좋아합니다.,2022-03-21 01:53:15
3499,29642,53,5,포장 상태가 아쉬웠습니다.,2022-10-05 15:16:14
3500,29645,6,5,재구매 의사 있습니다!,2023-08-30 18:10:29
3501,29647,138,2,배송이 너무 늦었어요.,2023-04-23 05:57:00
3502,29648,196,1,배송이 빨라서 좋았어요.,2023-09-20 10:08:44
3503,29665,160,2,친구한테 선물했는데 좋아합니다.,2022-05-24 02:34:59
3504,29672,138,1,가격 대비 만족합니다.,2022-06-20 10:30:03
3505,29673,82,1,품질이 생각보다 별로였어요.,2023-08-04 04:59:43
3506,29674,134,3,품질이 생각보다 별로였어요.,2022-04-25 00:56:33
3507,29689,196,2,재구매 의사 있습니다!,2022-05-18 01:13:51
3508,29704,49,2,배송이 빨라서 좋았어요.,2023-01-21 15:23:07
3509,29717,147,3,배송이 빨라서 좋았어요.,2022-03-02 10:18:14
3510,29719,153,3,가격 대비 만족합니다.,2022-07-17 08:54:35
3511,29723,80,2,재구매 의사 있습니다!,2022-09-26 06:46:08
3512,29738,6,5,배송이 빨라서 좋았어요.,2023-10-31 23:51:16
3513,29752,11,3,배송이 너무 늦었어요.,2022-11-13 07:19:27
3514,29755,5,1,포장 상태가 아쉬웠습니다.,2022-07-08 06:26:32
3515,29761,90,1,가격 대비 만족합니다.,2023-11-24 10:05:31
3516,29763,200,2,품질이 생각보다 별로였어요.,2023-09-24 06:01:16
3517,29764,11,1,친구한테 선물했는데 좋아합니다.,2022-10-22 17:36:52
3518,29794,22,3,가성비 괜찮네요.,2023-05-10 19:33:26
3519,29797,101,3,가격 대비 만족합니다.,2022-04-08 20:54:02
3520,29799,42,1,친구한테 선물했는데 좋아합니다.,2023-04-06 04:32:28
3521,29803,158,4,가격 대비 만족합니다.,2022-05-14 20:12:24
3522,29817,16,3,배송이 너무 늦었어요.,2023-11-05 23:22:02
3523,29824,63,5,친구한테 선물했는데 좋아합니다.,2022-01-15 04:43:44
3524,29825,52,1,친구한테 선물했는데 좋아합니다.,2023-11-25 00:47:15
3525,29829,99,4,포장 상태가 아쉬웠습니다.,2023-06-24 13:09:27
3526,29833,28,5,품질이 생각보다 별로였어요.,2023-09-11 12:35:51
3527,29837,169,2,포장 상태가 아쉬웠습니다.,2022-08-24 12:08:34
3528,29839,108,5,친구한테 선물했는데 좋아합니다.,2023-05-25 15:15:18
3529,29840,35,5,포장 상태가 아쉬웠습니다.,2023-08-18 14:59:27
3530,29845,43,5,포장 상태가 아쉬웠습니다.,2023-04-26 20:16:05
3531,29851,28,3,가격 대비 만족합니다.,2022-01-27 07:52:39
3532,29856,70,3,포장 상태가 아쉬웠습니다.,2023-06-13 15:09:00
3533,29867,163,3,가격 대비 만족합니다.,2024-01-02 05:42:27
3534,29870,197,2,재구매 의사 있습니다!,2022-05-29 13:32:22
3535,29877,24,4,가성비 괜찮네요.,2022-10-18 13:34:25
3536,29878,84,1,가성비 괜찮네요.,2022-08-18 19:11:23
3537,29890,127,1,포장 상태가 아쉬웠습니다.,2023-07-16 23:21:43
3538,29899,62,1,포장 상태가 아쉬웠습니다.,2023-08-28 21:52:25
3539,29904,188,1,가성비 괜찮네요.,2023-09-02 22:24:28
3540,29912,27,4,포장 상태가 아쉬웠습니다.,2023-05-27 22:55:23
3541,29918,130,1,배송이 빨라서 좋았어요.,2022-06-09 19:16:38
3542,29921,51,3,재구매 의사 있습니다!,2022-12-07 12:40:26
3543,29936,25,3,품질이 생각보다 별로였어요.,2022-11-17 13:06:09
3544,29939,7,5,배송이 너무 늦었어요.,2022-03-06 08:10:41
3545,29941,141,5,가성비 괜찮네요.,2022-04-24 07:02:07
3546,29943,108,3,가성비 괜찮네요.,2024-01-19 19:06:19
3547,29955,68,2,배송이 빨라서 좋았어요.,2023-11-30 09:49:09
3548,29966,158,1,배송이 빨라서 좋았어요.,2023-09-20 01:53:11
3549,29967,54,5,가격 대비 만족합니다.,2022-05-03 20:35:09
3550,29980,162,3,품질이 생각보다 별로였어요.,2022-12-29 00:03:29
3551,29981,11,2,가격 대비 만족합니다.,2022-03-27 18:22:52
3552,29983,64,4,재구매 의사 있습니다!,2023-12-24 18:03:38
3553,29985,67,1,재구매 의사 있습니다!,2023-04-16 20:07:37
3554,29990,49,5,친구한테 선물했는데 좋아합니다.,2023-08-15 18:46:12
3555,29994,33,1,친구한테 선물했는데 좋아합니다.,2023-07-16 00:48:45
3556,30006,81,5,재구매 의사 있습니다!,2023-08-15 07:43:03
3557,30007,39,3,가격 대비 만족합니다.,2022-08-26 09:42:52
3558,30011,48,5,배송이 너무 늦었어요.,2023-01-28 15:33:34
3559,30012,135,2,품질이 생각보다 별로였어요.,2023-12-26 17:53:39
3560,30021,54,5,가성비 괜찮네요.,2024-01-26 02:27:50
3561,30022,24,4,가격 대비 만족합니다.,2022-12-10 10:47:49
3562,30033,97,5,가성비 괜찮네요.,2022-12-03 04:16:44
3563,30067,130,3,품질이 생각보다 별로였어요.,2022-10-26 16:17:19
3564,30071,95,5,친구한테 선물했는데 좋아합니다.,2023-08-22 11:23:48
3565,30074,146,3,가성비 괜찮네요.,2022-02-23 08:48:06
3566,30081,186,5,가격 대비 만족합니다.,2023-09-18 12:44:40
3567,30083,102,1,재구매 의사 있습니다!,2022-02-27 01:13:02
3568,30091,114,1,포장 상태가 아쉬웠습니다.,2023-10-20 09:09:16
3569,30097,49,5,배송이 빨라서 좋았어요.,2024-01-03 02:48:37
3570,30110,137,4,포장 상태가 아쉬웠습니다.,2023-09-09 06:47:31
3571,30113,32,4,배송이 너무 늦었어요.,2023-08-16 04:59:37
3572,30118,128,2,친구한테 선물했는데 좋아합니다.,2023-12-28 02:51:52
3573,30120,84,3,포장 상태가 아쉬웠습니다.,2023-08-27 10:47:19
3574,30132,77,3,배송이 너무 늦었어요.,2023-12-11 02:26:25
3575,30139,51,4,포장 상태가 아쉬웠습니다.,2023-02-14 15:24:06
3576,30143,118,5,배송이 너무 늦었어요.,2023-08-20 22:54:18
3577,30150,129,2,가성비 괜찮네요.,2022-03-26 04:59:03
3578,30161,76,4,품질이 생각보다 별로였어요.,2023-05-16 16:32:03
3579,30166,71,3,가성비 괜찮네요.,2023-05-25 04:48:42
3580,30180,39,3,재구매 의사 있습니다!,2022-04-03 02:58:52
3581,30183,87,1,포장 상태가 아쉬웠습니다.,2022-12-15 06:01:34
3582,30185,83,4,품질이 생각보다 별로였어요.,2023-08-26 23:37:42
3583,30189,114,1,가격 대비 만족합니다.,2023-01-30 15:16:13
3584,30215,83,4,배송이 너무 늦었어요.,2024-01-07 16:10:03
3585,30223,183,5,포장 상태가 아쉬웠습니다.,2022-04-20 13:15:04
3586,30225,59,5,배송이 너무 늦었어요.,2022-11-12 21:36:54
3587,30239,197,2,배송이 빨라서 좋았어요.,2022-11-28 12:56:28
3588,30242,69,5,친구한테 선물했는데 좋아합니다.,2024-01-11 16:05:21
3589,30246,120,1,배송이 너무 늦었어요.,2022-01-26 08:38:28
3590,30253,48,4,가성비 괜찮네요.,2022-02-23 16:08:50
3591,30262,128,2,포장 상태가 아쉬웠습니다.,2023-12-23 14:14:26
3592,30280,107,5,품질이 생각보다 별로였어요.,2022-07-30 07:51:51
3593,30319,193,3,친구한테 선물했는데 좋아합니다.,2022-04-12 12:31:57
3594,30320,18,5,배송이 빨라서 좋았어요.,2023-08-02 16:58:12
3595,30322,70,1,배송이 너무 늦었어요.,2023-02-25 09:57:22
3596,30323,85,2,배송이 빨라서 좋았어요.,2023-02-02 23:56:23
3597,30328,76,5,품질이 생각보다 별로였어요.,2023-11-18 12:27:46
3598,30337,200,3,배송이 너무 늦었어요.,2022-12-20 20:11:07
3599,30339,9,4,품질이 생각보다 별로였어요.,2022-12-30 06:55:10
3600,30340,96,4,포장 상태가 아쉬웠습니다.,2022-12-29 03:39:21
3601,30363,187,2,가성비 괜찮네요.,2023-01-07 13:50:18
3602,30372,188,2,배송이 너무 늦었어요.,2022-12-02 16:52:40
3603,30377,189,5,배송이 빨라서 좋았어요.,2022-06-14 13:49:19
3604,30381,23,3,포장 상태가 아쉬웠습니다.,2022-04-14 16:08:43
3605,30383,150,2,재구매 의사 있습니다!,2023-11-26 04:20:13
3606,30387,122,2,가격 대비 만족합니다.,2023-09-07 07:06:18
3607,30388,97,3,배송이 빨라서 좋았어요.,2023-09-06 15:32:54
3608,30401,164,4,가격 대비 만족합니다.,2022-09-28 10:56:03
3609,30405,189,2,가격 대비 만족합니다.,2024-01-08 23:13:53
3610,30406,37,1,품질이 생각보다 별로였어요.,2022-12-23 02:29:06
3611,30412,183,4,배송이 너무 늦었어요.,2023-10-16 20:25:37
3612,30423,60,1,가성비 괜찮네요.,2022-07-26 14:16:59
3613,30427,21,2,친구한테 선물했는데 좋아합니다.,2023-06-08 20:07:25
3614,30430,141,1,친구한테 선물했는데 좋아합니다.,2023-12-01 13:10:45
3615,30433,48,4,포장 상태가 아쉬웠습니다.,2023-07-04 09:21:00
3616,30434,7,4,배송이 너무 늦었어요.,2023-12-14 07:40:13
3617,30436,79,3,가성비 괜찮네요.,2023-11-19 03:50:45
3618,30440,27,4,배송이 빨라서 좋았어요.,2023-09-04 23:29:24
3619,30442,15,3,품질이 생각보다 별로였어요.,2023-07-24 22:37:01
3620,30444,87,5,품질이 생각보다 별로였어요.,2022-12-04 22:52:26
3621,30446,11,2,포장 상태가 아쉬웠습니다.,2023-06-05 02:27:35
3622,30450,181,2,품질이 생각보다 별로였어요.,2022-12-28 15:58:47
3623,30472,5,3,배송이 너무 늦었어요.,2022-06-30 18:25:48
3624,30497,55,5,재구매 의사 있습니다!,2023-12-11 19:03:24
3625,30499,188,3,가성비 괜찮네요.,2022-06-12 05:36:39
3626,30518,33,1,배송이 빨라서 좋았어요.,2022-11-24 04:58:26
3627,30534,77,3,재구매 의사 있습니다!,2023-01-01 22:00:01
3628,30539,85,3,배송이 빨라서 좋았어요.,2023-06-14 01:43:09
3629,30556,58,1,배송이 너무 늦었어요.,2022-12-17 14:01:02
3630,30566,58,3,가성비 괜찮네요.,2022-07-26 08:44:50
3631,30568,5,5,품질이 생각보다 별로였어요.,2022-11-02 17:32:15
3632,30571,73,1,재구매 의사 있습니다!,2022-05-08 02:39:21
3633,30580,145,3,친구한테 선물했는데 좋아합니다.,2023-07-15 12:11:51
3634,30582,70,5,품질이 생각보다 별로였어요.,2022-03-13 22:56:05
3635,30586,2,1,가성비 괜찮네요.,2022-08-09 16:13:31
3636,30603,24,4,포장 상태가 아쉬웠습니다.,2022-05-17 14:33:41
3637,30622,7,5,배송이 빨라서 좋았어요.,2023-06-29 03:50:04
3638,30630,115,1,배송이 빨라서 좋았어요.,2022-01-26 15:20:04
3639,30635,184,5,품질이 생각보다 별로였어요.,2023-05-14 10:46:20
3640,30640,122,1,재구매 의사 있습니다!,2023-01-23 18:44:40
3641,30661,36,2,가격 대비 만족합니다.,2023-04-09 21:30:54
3642,30662,49,3,포장 상태가 아쉬웠습니다.,2022-11-21 07:38:32
3643,30681,60,4,가격 대비 만족합니다.,2023-11-17 19:36:53
3644,30686,13,5,품질이 생각보다 별로였어요.,2023-05-02 00:41:22
3645,30695,110,5,재구매 의사 있습니다!,2023-10-21 23:55:26
3646,30709,156,3,가성비 괜찮네요.,2022-02-26 18:41:23
3647,30712,25,5,재구매 의사 있습니다!,2023-10-10 16:11:57
3648,30714,185,5,재구매 의사 있습니다!,2022-12-06 07:01:40
3649,30726,86,5,가성비 괜찮네요.,2023-05-18 03:35:23
3650,30747,149,3,가격 대비 만족합니다.,2023-03-18 11:09:21
3651,30753,76,4,배송이 빨라서 좋았어요.,2023-07-27 22:45:43
3652,30756,64,5,가성비 괜찮네요.,2022-04-14 03:18:10
3653,30763,4,5,재구매 의사 있습니다!,2023-01-24 09:17:23
3654,30764,197,3,배송이 빨라서 좋았어요.,2022-11-09 06:01:28
3655,30786,170,5,재구매 의사 있습니다!,2022-03-08 13:21:08
3656,30787,104,2,가성비 괜찮네요.,2024-01-09 20:35:56
3657,30802,180,4,품질이 생각보다 별로였어요.,2022-11-22 03:01:23
3658,30803,142,2,친구한테 선물했는데 좋아합니다.,2022-11-07 19:23:46
3659,30808,48,1,배송이 빨라서 좋았어요.,2022-10-28 10:26:32
3660,30815,36,4,포장 상태가 아쉬웠습니다.,2023-04-17 21:27:41
3661,30820,123,5,배송이 빨라서 좋았어요.,2023-11-12 15:25:41
3662,30833,11,3,품질이 생각보다 별로였어요.,2023-08-31 01:49:41
3663,30834,10,5,배송이 너무 늦었어요.,2023-03-27 18:28:53
3664,30842,190,4,배송이 너무 늦었어요.,2022-03-28 03:47:31
3665,30856,121,1,배송이 너무 늦었어요.,2023-11-01 02:02:43
3666,30863,88,2,친구한테 선물했는데 좋아합니다.,2023-03-24 13:37:36
3667,30870,6,4,배송이 너무 늦었어요.,2023-04-02 15:57:12
3668,30884,100,4,친구한테 선물했는데 좋아합니다.,2023-01-06 00:40:13
3669,30886,112,3,배송이 빨라서 좋았어요.,2023-05-06 13:19:27
3670,30897,194,5,가성비 괜찮네요.,2022-04-22 00:07:41
3671,30910,169,3,가성비 괜찮네요.,2022-08-02 22:23:30
3672,30916,191,1,배송이 빨라서 좋았어요.,2023-10-03 12:08:55
3673,30917,191,1,가성비 괜찮네요.,2023-07-25 12:55:43
3674,30921,38,1,품질이 생각보다 별로였어요.,2023-02-11 07:57:59
3675,30922,196,2,가격 대비 만족합니다.,2023-01-25 18:20:30
3676,30924,144,4,가성비 괜찮네요.,2023-10-07 14:15:31
3677,30944,131,2,재구매 의사 있습니다!,2022-07-10 05:27:50
3678,30973,196,3,포장 상태가 아쉬웠습니다.,2023-10-16 19:09:24
3679,31002,186,5,품질이 생각보다 별로였어요.,2022-03-11 04:20:19
3680,31020,112,5,가격 대비 만족합니다.,2023-12-29 10:04:59
3681,31023,11,4,친구한테 선물했는데 좋아합니다.,2023-10-13 03:09:53
3682,31024,113,1,포장 상태가 아쉬웠습니다.,2022-08-14 06:20:33
3683,31025,23,4,포장 상태가 아쉬웠습니다.,2022-06-09 16:06:32
3684,31026,62,2,친구한테 선물했는데 좋아합니다.,2023-12-22 07:12:29
3685,31031,57,4,가격 대비 만족합니다.,2022-10-24 05:21:09
3686,31050,57,3,친구한테 선물했는데 좋아합니다.,2023-01-27 19:34:01
3687,31080,31,4,배송이 빨라서 좋았어요.,2024-01-05 04:17:46
3688,31081,152,4,가성비 괜찮네요.,2023-02-25 20:56:19
3689,31089,185,4,배송이 너무 늦었어요.,2022-08-20 13:33:27
3690,31091,94,4,가격 대비 만족합니다.,2022-08-29 17:08:43
3691,31132,183,1,배송이 빨라서 좋았어요.,2023-05-15 10:12:16
3692,31143,14,3,가격 대비 만족합니다.,2022-06-23 04:10:37
3693,31161,114,2,품질이 생각보다 별로였어요.,2022-08-10 22:26:16
3694,31175,8,4,재구매 의사 있습니다!,2023-02-06 16:37:19
3695,31179,25,3,배송이 너무 늦었어요.,2023-11-14 18:35:54
3696,31183,161,5,가격 대비 만족합니다.,2023-11-27 15:50:12
3697,31195,25,3,가성비 괜찮네요.,2022-07-26 06:43:37
3698,31196,36,3,품질이 생각보다 별로였어요.,2022-11-12 08:10:28
3699,31202,71,3,가격 대비 만족합니다.,2023-07-23 07:17:48
3700,31203,20,1,재구매 의사 있습니다!,2022-07-21 17:23:11
3701,31204,9,3,배송이 빨라서 좋았어요.,2022-08-27 17:53:09
3702,31231,82,1,친구한테 선물했는데 좋아합니다.,2022-10-08 19:46:09
3703,31232,187,4,품질이 생각보다 별로였어요.,2022-06-26 13:28:15
3704,31246,187,5,품질이 생각보다 별로였어요.,2023-01-22 15:50:30
3705,31249,198,3,포장 상태가 아쉬웠습니다.,2022-11-07 06:07:54
3706,31260,98,2,친구한테 선물했는데 좋아합니다.,2022-06-09 23:40:43
3707,31261,161,5,친구한테 선물했는데 좋아합니다.,2022-09-21 07:19:31
3708,31267,122,3,재구매 의사 있습니다!,2022-07-11 17:42:07
3709,31272,10,5,배송이 너무 늦었어요.,2022-09-17 16:38:20
3710,31285,116,2,가성비 괜찮네요.,2023-08-04 17:12:58
3711,31286,191,1,배송이 빨라서 좋았어요.,2023-03-19 08:16:58
3712,31304,100,5,가성비 괜찮네요.,2023-07-31 21:30:49
3713,31325,133,5,배송이 너무 늦었어요.,2023-02-21 08:02:27
3714,31329,17,4,재구매 의사 있습니다!,2023-10-07 21:23:00
3715,31335,147,5,포장 상태가 아쉬웠습니다.,2023-02-13 10:40:55
3716,31344,139,5,재구매 의사 있습니다!,2023-04-04 11:32:14
3717,31357,153,5,배송이 빨라서 좋았어요.,2022-08-12 21:44:11
3718,31358,132,4,가성비 괜찮네요.,2022-02-27 02:09:38
3719,31370,56,3,가격 대비 만족합니다.,2023-04-24 05:55:06
3720,31373,90,1,가격 대비 만족합니다.,2022-03-23 20:27:15
3721,31376,100,5,가격 대비 만족합니다.,2023-10-09 03:13:59
3722,31382,30,1,배송이 빨라서 좋았어요.,2023-05-02 12:47:27
3723,31384,112,1,재구매 의사 있습니다!,2023-08-25 05:40:36
3724,31388,99,1,가성비 괜찮네요.,2022-12-24 02:39:19
3725,31391,30,4,친구한테 선물했는데 좋아합니다.,2022-09-17 20:19:07
3726,31406,41,5,포장 상태가 아쉬웠습니다.,2022-07-18 21:55:25
3727,31412,160,3,배송이 빨라서 좋았어요.,2022-06-15 03:41:43
3728,31416,94,2,품질이 생각보다 별로였어요.,2022-02-05 17:10:45
3729,31422,81,5,배송이 너무 늦었어요.,2023-05-02 17:08:59
3730,31430,55,4,포장 상태가 아쉬웠습니다.,2022-02-23 11:03:12
3731,31436,193,3,품질이 생각보다 별로였어요.,2023-02-12 19:10:15
3732,31439,189,1,배송이 빨라서 좋았어요.,2024-01-15 23:05:14
3733,31445,60,1,재구매 의사 있습니다!,2022-07-09 16:58:24
3734,31447,192,1,친구한테 선물했는데 좋아합니다.,2024-01-27 03:35:50
3735,31456,21,1,배송이 빨라서 좋았어요.,2023-07-29 22:25:56
3736,31462,55,2,가격 대비 만족합니다.,2022-07-26 15:11:54
3737,31464,162,2,재구매 의사 있습니다!,2023-05-07 03:17:12
3738,31475,25,3,재구매 의사 있습니다!,2022-04-09 13:33:14
3739,31481,37,1,가성비 괜찮네요.,2023-02-20 23:17:36
3740,31485,5,3,가격 대비 만족합니다.,2023-12-22 17:22:11
3741,31526,144,1,배송이 너무 늦었어요.,2022-09-08 12:59:40
3742,31529,200,4,가성비 괜찮네요.,2023-10-04 23:17:48
3743,31548,61,1,친구한테 선물했는데 좋아합니다.,2023-08-30 10:59:42
3744,31551,109,2,배송이 빨라서 좋았어요.,2022-04-01 17:00:32
3745,31560,59,5,가성비 괜찮네요.,2022-12-24 02:54:47
3746,31584,21,1,배송이 빨라서 좋았어요.,2023-10-09 10:16:29
3747,31592,40,1,가성비 괜찮네요.,2023-02-08 10:04:36
3748,31604,107,3,포장 상태가 아쉬웠습니다.,2022-10-30 17:41:20
3749,31609,134,3,포장 상태가 아쉬웠습니다.,2023-02-17 21:45:51
3750,31610,200,4,배송이 빨라서 좋았어요.,2023-04-04 00:32:57
3751,31614,131,5,가격 대비 만족합니다.,2023-09-13 08:38:31
3752,31627,31,4,친구한테 선물했는데 좋아합니다.,2023-11-11 16:11:37
3753,31630,118,5,배송이 빨라서 좋았어요.,2023-03-16 23:57:23
3754,31639,22,1,재구매 의사 있습니다!,2023-07-03 12:33:19
3755,31649,182,2,가격 대비 만족합니다.,2022-05-26 08:55:33
3756,31660,18,3,가성비 괜찮네요.,2023-12-07 20:31:28
3757,31668,76,5,재구매 의사 있습니다!,2023-11-27 19:23:02
3758,31673,124,5,배송이 너무 늦었어요.,2022-06-02 10:55:22
3759,31676,1,5,재구매 의사 있습니다!,2022-09-11 09:18:26
3760,31689,41,1,포장 상태가 아쉬웠습니다.,2022-06-04 16:55:30
3761,31690,10,3,포장 상태가 아쉬웠습니다.,2023-09-02 08:45:01
3762,31715,183,5,포장 상태가 아쉬웠습니다.,2022-05-22 08:34:42
3763,31723,27,3,가성비 괜찮네요.,2022-03-07 09:38:21
3764,31728,26,3,품질이 생각보다 별로였어요.,2022-11-23 02:26:28
3765,31734,1,1,배송이 빨라서 좋았어요.,2022-01-18 10:19:59
3766,31736,23,2,친구한테 선물했는데 좋아합니다.,2022-07-09 04:41:45
3767,31744,50,4,재구매 의사 있습니다!,2024-01-08 15:45:12
3768,31762,1,5,포장 상태가 아쉬웠습니다.,2023-08-06 18:27:48
3769,31768,189,5,품질이 생각보다 별로였어요.,2022-09-30 22:40:45
3770,31777,103,3,가성비 괜찮네요.,2023-11-01 06:23:41
3771,31780,115,3,친구한테 선물했는데 좋아합니다.,2024-01-08 14:23:09
3772,31809,119,1,친구한테 선물했는데 좋아합니다.,2023-10-28 05:01:42
3773,31831,90,3,배송이 빨라서 좋았어요.,2023-12-27 17:35:53
3774,31836,173,5,포장 상태가 아쉬웠습니다.,2022-05-20 13:32:38
3775,31860,136,5,가성비 괜찮네요.,2023-02-26 23:29:27
3776,31864,84,4,가격 대비 만족합니다.,2023-05-24 12:03:08
3777,31868,169,3,가성비 괜찮네요.,2022-12-26 22:53:47
3778,31869,76,4,품질이 생각보다 별로였어요.,2022-11-04 12:21:30
3779,31876,159,4,품질이 생각보다 별로였어요.,2022-05-22 10:56:27
3780,31878,153,4,배송이 빨라서 좋았어요.,2024-01-06 10:44:15
3781,31879,182,1,품질이 생각보다 별로였어요.,2022-07-21 11:33:53
3782,31902,97,3,가격 대비 만족합니다.,2022-09-04 14:05:55
3783,31909,82,1,포장 상태가 아쉬웠습니다.,2023-05-15 18:51:07
3784,31929,34,5,재구매 의사 있습니다!,2022-07-28 12:50:26
3785,31933,198,4,재구매 의사 있습니다!,2023-03-07 19:24:11
3786,31934,56,5,배송이 빨라서 좋았어요.,2023-01-25 20:03:53
3787,31956,100,5,재구매 의사 있습니다!,2022-12-24 19:25:47
3788,31957,115,5,배송이 너무 늦었어요.,2023-06-11 23:27:55
3789,31958,152,3,친구한테 선물했는데 좋아합니다.,2023-05-29 11:25:11
3790,31965,75,4,품질이 생각보다 별로였어요.,2022-07-27 23:59:55
3791,31984,173,4,친구한테 선물했는데 좋아합니다.,2023-06-10 23:18:52
3792,31999,90,1,친구한테 선물했는데 좋아합니다.,2022-04-17 09:39:25
3793,32001,83,5,품질이 생각보다 별로였어요.,2023-06-20 19:45:25
3794,32006,76,4,품질이 생각보다 별로였어요.,2023-03-24 22:53:23
3795,32031,73,5,배송이 빨라서 좋았어요.,2022-05-24 16:23:30
3796,32036,89,5,재구매 의사 있습니다!,2024-01-23 11:57:49
3797,32039,2,3,배송이 빨라서 좋았어요.,2023-12-31 09:09:51
3798,32052,162,1,품질이 생각보다 별로였어요.,2023-03-31 16:19:48
3799,32055,87,4,품질이 생각보다 별로였어요.,2023-07-21 02:51:01
3800,32058,178,3,품질이 생각보다 별로였어요.,2023-07-01 09:04:15
3801,32072,64,2,포장 상태가 아쉬웠습니다.,2023-03-29 06:51:05
3802,32082,187,1,재구매 의사 있습니다!,2022-05-22 02:29:20
3803,32083,6,5,가성비 괜찮네요.,2022-11-06 06:46:49
3804,32088,86,5,가격 대비 만족합니다.,2023-01-24 14:56:26
3805,32099,114,2,재구매 의사 있습니다!,2023-05-20 17:29:35
3806,32115,15,1,배송이 너무 늦었어요.,2022-04-28 19:14:31
3807,32120,34,2,가성비 괜찮네요.,2022-09-17 04:44:21
3808,32121,178,1,배송이 너무 늦었어요.,2022-05-21 01:53:53
3809,32135,138,5,배송이 너무 늦었어요.,2022-04-02 21:22:03
3810,32136,70,1,재구매 의사 있습니다!,2023-01-03 18:45:04
3811,32138,73,5,친구한테 선물했는데 좋아합니다.,2022-03-28 01:57:47
3812,32149,158,2,친구한테 선물했는데 좋아합니다.,2023-10-20 16:24:35
3813,32156,98,3,품질이 생각보다 별로였어요.,2022-01-16 14:59:47
3814,32158,38,5,재구매 의사 있습니다!,2023-03-09 03:57:50
3815,32159,31,4,재구매 의사 있습니다!,2023-09-16 09:55:31
3816,32166,144,5,배송이 빨라서 좋았어요.,2023-07-05 02:07:39
3817,32176,45,1,재구매 의사 있습니다!,2023-02-07 18:24:54
3818,32187,5,5,가격 대비 만족합니다.,2023-09-17 19:22:02
3819,32200,182,5,배송이 너무 늦었어요.,2023-12-31 03:11:07
3820,32203,188,4,재구매 의사 있습니다!,2022-02-27 14:38:13
3821,32217,85,4,포장 상태가 아쉬웠습니다.,2023-01-11 09:37:55
3822,32222,106,2,재구매 의사 있습니다!,2023-04-27 22:30:16
3823,32233,6,1,품질이 생각보다 별로였어요.,2023-02-06 10:20:16
3824,32239,104,5,배송이 너무 늦었어요.,2023-01-16 18:35:00
3825,32245,74,5,품질이 생각보다 별로였어요.,2022-05-10 03:53:52
3826,32248,134,2,포장 상태가 아쉬웠습니다.,2022-02-22 19:03:24
3827,32264,82,2,배송이 너무 늦었어요.,2023-12-19 08:25:31
3828,32265,122,3,배송이 너무 늦었어요.,2022-08-24 13:08:23
3829,32268,123,4,배송이 빨라서 좋았어요.,2023-04-18 16:42:58
3830,32276,66,1,배송이 너무 늦었어요.,2023-07-06 23:44:58
3831,32288,13,5,품질이 생각보다 별로였어요.,2023-02-02 22:14:20
3832,32290,86,3,포장 상태가 아쉬웠습니다.,2023-12-28 06:48:13
3833,32292,195,5,친구한테 선물했는데 좋아합니다.,2022-10-28 07:56:30
3834,32319,50,2,배송이 너무 늦었어요.,2023-06-29 09:55:22
3835,32320,144,2,품질이 생각보다 별로였어요.,2024-01-11 11:45:09
3836,32329,60,1,배송이 빨라서 좋았어요.,2022-12-11 23:32:13
3837,32336,41,5,품질이 생각보다 별로였어요.,2022-03-12 21:03:38
3838,32342,157,4,포장 상태가 아쉬웠습니다.,2023-02-10 17:19:21
3839,32350,173,4,포장 상태가 아쉬웠습니다.,2022-05-26 10:15:21
3840,32354,104,3,배송이 빨라서 좋았어요.,2023-12-06 17:49:23
3841,32356,151,5,가격 대비 만족합니다.,2023-05-04 16:53:54
3842,32367,185,1,배송이 빨라서 좋았어요.,2023-07-25 07:07:10
3843,32374,86,1,포장 상태가 아쉬웠습니다.,2022-05-06 14:51:34
3844,32392,58,1,가격 대비 만족합니다.,2023-11-19 01:27:07
3845,32406,70,1,배송이 너무 늦었어요.,2022-07-28 02:17:59
3846,32408,82,3,재구매 의사 있습니다!,2022-11-27 22:01:04
3847,32418,31,4,친구한테 선물했는데 좋아합니다.,2022-12-18 03:48:15
3848,32431,109,1,품질이 생각보다 별로였어요.,2023-11-19 21:35:01
3849,32434,75,4,품질이 생각보다 별로였어요.,2023-12-24 07:04:00
3850,32441,192,4,가격 대비 만족합니다.,2022-11-29 10:31:16
3851,32464,96,4,가성비 괜찮네요.,2023-04-03 08:57:30
3852,32469,83,2,품질이 생각보다 별로였어요.,2023-03-11 17:22:15
3853,32475,152,4,친구한테 선물했는데 좋아합니다.,2023-10-20 20:52:46
3854,32481,41,4,가성비 괜찮네요.,2022-05-13 09:31:43
3855,32509,42,1,포장 상태가 아쉬웠습니다.,2022-01-13 12:43:54
3856,32516,122,3,가격 대비 만족합니다.,2023-03-12 11:04:25
3857,32520,13,1,친구한테 선물했는데 좋아합니다.,2023-02-22 08:48:16
3858,32532,185,4,배송이 너무 늦었어요.,2023-05-13 21:02:19
3859,32545,175,2,친구한테 선물했는데 좋아합니다.,2023-07-03 08:19:04
3860,32555,77,3,친구한테 선물했는데 좋아합니다.,2022-02-03 12:17:39
3861,32568,120,4,품질이 생각보다 별로였어요.,2022-08-13 12:50:21
3862,32576,81,5,가격 대비 만족합니다.,2023-06-11 11:55:26
3863,32579,171,2,배송이 빨라서 좋았어요.,2023-11-15 03:03:38
3864,32588,65,1,가성비 괜찮네요.,2022-09-21 07:15:55
3865,32599,110,4,포장 상태가 아쉬웠습니다.,2023-12-25 21:50:36
3866,32601,131,3,배송이 빨라서 좋았어요.,2023-01-28 05:58:54
3867,32615,141,1,배송이 빨라서 좋았어요.,2022-02-07 14:59:36
3868,32618,48,2,가성비 괜찮네요.,2023-12-02 15:16:22
3869,32629,32,5,가격 대비 만족합니다.,2023-08-08 15:32:18
3870,32633,188,4,배송이 빨라서 좋았어요.,2022-05-25 00:34:11
3871,32636,59,3,친구한테 선물했는데 좋아합니다.,2022-05-06 16:38:14
3872,32641,172,4,포장 상태가 아쉬웠습니다.,2022-10-22 10:24:37
3873,32644,4,4,배송이 빨라서 좋았어요.,2022-10-03 08:58:42
3874,32649,185,1,포장 상태가 아쉬웠습니다.,2022-04-16 15:57:12
3875,32661,9,1,포장 상태가 아쉬웠습니다.,2023-06-30 06:16:22
3876,32663,168,4,가성비 괜찮네요.,2023-03-05 17:54:55
3877,32678,175,1,배송이 빨라서 좋았어요.,2022-10-22 13:57:23
3878,32682,25,1,배송이 너무 늦었어요.,2022-01-25 04:08:40
3879,32686,197,2,가격 대비 만족합니다.,2022-07-26 11:54:55
3880,32694,138,1,포장 상태가 아쉬웠습니다.,2023-10-28 09:59:12
3881,32697,98,1,품질이 생각보다 별로였어요.,2022-03-17 20:49:22
3882,32711,132,3,가격 대비 만족합니다.,2023-08-14 23:34:55
3883,32732,103,4,배송이 너무 늦었어요.,2023-09-06 18:28:58
3884,32739,70,2,가격 대비 만족합니다.,2023-11-28 09:09:35
3885,32747,118,1,친구한테 선물했는데 좋아합니다.,2023-02-16 15:14:03
3886,32748,146,1,재구매 의사 있습니다!,2022-04-12 00:12:24
3887,32749,64,1,배송이 너무 늦었어요.,2022-10-25 20:47:39
3888,32756,197,3,가성비 괜찮네요.,2022-11-12 20:01:15
3889,32773,48,4,재구매 의사 있습니다!,2023-01-14 19:14:01
3890,32776,127,4,친구한테 선물했는데 좋아합니다.,2023-09-07 01:01:10
3891,32786,16,4,배송이 빨라서 좋았어요.,2023-12-05 11:29:40
3892,32787,85,1,배송이 너무 늦었어요.,2022-05-19 19:21:13
3893,32813,82,2,품질이 생각보다 별로였어요.,2023-02-08 06:26:30
3894,32814,85,3,친구한테 선물했는데 좋아합니다.,2023-11-09 23:01:53
3895,32819,121,5,재구매 의사 있습니다!,2023-06-20 07:33:48
3896,32824,153,4,가성비 괜찮네요.,2022-02-12 03:42:17
3897,32831,176,1,배송이 빨라서 좋았어요.,2023-10-31 01:13:40
3898,32837,72,4,배송이 빨라서 좋았어요.,2022-05-08 00:45:14
3899,32841,97,2,배송이 너무 늦었어요.,2022-03-26 22:29:44
3900,32845,67,3,친구한테 선물했는데 좋아합니다.,2022-06-03 22:29:18
3901,32851,70,5,가격 대비 만족합니다.,2022-04-13 07:30:33
3902,32864,189,5,친구한테 선물했는데 좋아합니다.,2023-10-29 16:26:18
3903,32869,104,5,포장 상태가 아쉬웠습니다.,2022-08-06 22:10:47
3904,32883,11,5,배송이 빨라서 좋았어요.,2022-12-05 08:59:58
3905,32891,60,5,배송이 빨라서 좋았어요.,2022-08-26 02:50:06
3906,32906,153,5,포장 상태가 아쉬웠습니다.,2022-04-27 03:27:04
3907,32911,131,3,친구한테 선물했는데 좋아합니다.,2023-06-30 06:37:37
3908,32914,65,1,포장 상태가 아쉬웠습니다.,2022-04-07 02:17:18
3909,32916,192,4,배송이 너무 늦었어요.,2023-12-18 21:38:00
3910,32936,39,2,재구매 의사 있습니다!,2022-01-25 11:09:47
3911,32954,141,2,품질이 생각보다 별로였어요.,2022-04-01 21:33:33
3912,32965,122,3,포장 상태가 아쉬웠습니다.,2022-11-27 23:43:05
3913,32970,163,2,친구한테 선물했는데 좋아합니다.,2022-11-03 21:42:19
3914,32992,70,2,친구한테 선물했는데 좋아합니다.,2022-04-10 09:35:19
3915,32996,199,2,친구한테 선물했는데 좋아합니다.,2023-11-28 10:28:43
3916,33003,116,2,배송이 빨라서 좋았어요.,2023-07-21 19:05:49
3917,33005,179,5,배송이 너무 늦었어요.,2022-05-03 16:38:52
3918,33010,1,4,재구매 의사 있습니다!,2023-05-28 10:08:00
3919,33072,12,2,재구매 의사 있습니다!,2022-08-12 17:12:40
3920,33075,77,4,배송이 빨라서 좋았어요.,2022-12-26 06:03:45
3921,33083,18,5,배송이 너무 늦었어요.,2023-09-02 03:22:19
3922,33112,34,2,가격 대비 만족합니다.,2022-11-27 17:00:38
3923,33117,94,1,포장 상태가 아쉬웠습니다.,2022-11-13 23:24:09
3924,33129,41,4,가성비 괜찮네요.,2022-02-11 01:22:36
3925,33147,93,2,재구매 의사 있습니다!,2022-06-01 09:55:17
3926,33150,148,4,배송이 너무 늦었어요.,2022-09-07 23:00:56
3927,33153,125,5,포장 상태가 아쉬웠습니다.,2022-05-08 20:08:02
3928,33159,97,4,품질이 생각보다 별로였어요.,2023-09-30 06:38:03
3929,33162,43,1,배송이 너무 늦었어요.,2023-09-27 04:28:57
3930,33170,60,5,배송이 너무 늦었어요.,2024-01-11 22:18:33
3931,33183,39,1,배송이 너무 늦었어요.,2022-07-30 07:33:19
3932,33186,120,5,배송이 빨라서 좋았어요.,2022-07-20 12:28:03
3933,33209,180,5,친구한테 선물했는데 좋아합니다.,2023-02-21 23:34:20
3934,33214,181,4,가성비 괜찮네요.,2023-03-06 00:55:37
3935,33215,39,1,가격 대비 만족합니다.,2022-05-30 01:56:41
3936,33220,25,4,배송이 빨라서 좋았어요.,2022-06-30 22:33:39
3937,33237,17,3,품질이 생각보다 별로였어요.,2023-05-23 00:02:02
3938,33243,42,3,가성비 괜찮네요.,2023-08-28 13:15:07
3939,33248,157,3,가격 대비 만족합니다.,2023-12-23 17:45:52
3940,33272,49,2,포장 상태가 아쉬웠습니다.,2022-07-07 11:48:39
3941,33276,45,3,재구매 의사 있습니다!,2022-11-29 06:18:04
3942,33286,197,1,배송이 너무 늦었어요.,2023-12-05 12:36:10
3943,33303,55,4,친구한테 선물했는데 좋아합니다.,2022-07-08 23:41:02
3944,33307,108,5,품질이 생각보다 별로였어요.,2023-08-08 19:50:34
3945,33318,162,5,가성비 괜찮네요.,2022-11-06 12:50:30
3946,33320,97,5,품질이 생각보다 별로였어요.,2022-09-02 21:35:46
3947,33332,58,1,친구한테 선물했는데 좋아합니다.,2023-03-07 17:21:50
3948,33339,28,5,품질이 생각보다 별로였어요.,2022-08-16 15:51:27
3949,33348,93,2,배송이 빨라서 좋았어요.,2022-10-18 22:33:53
3950,33365,99,5,배송이 너무 늦었어요.,2023-06-13 11:38:42
3951,33366,70,2,배송이 빨라서 좋았어요.,2022-12-26 09:26:01
3952,33371,43,3,친구한테 선물했는데 좋아합니다.,2022-06-29 18:35:10
3953,33377,179,5,가격 대비 만족합니다.,2022-12-09 04:43:27
3954,33381,27,2,배송이 너무 늦었어요.,2022-02-22 22:54:38
3955,33382,138,4,재구매 의사 있습니다!,2023-08-15 05:32:37
3956,33390,61,5,품질이 생각보다 별로였어요.,2023-03-26 21:30:26
3957,33391,160,4,재구매 의사 있습니다!,2023-07-03 03:07:04
3958,33397,71,1,가격 대비 만족합니다.,2023-09-28 19:17:18
3959,33401,195,4,배송이 빨라서 좋았어요.,2023-12-04 05:50:29
3960,33405,31,5,배송이 너무 늦었어요.,2023-10-26 02:47:59
3961,33411,58,5,품질이 생각보다 별로였어요.,2022-10-13 13:49:25
3962,33414,176,5,가격 대비 만족합니다.,2023-07-17 11:41:53
3963,33417,61,2,배송이 너무 늦었어요.,2023-05-10 15:34:17
3964,33419,80,4,배송이 빨라서 좋았어요.,2022-09-28 09:47:24
3965,33422,141,5,배송이 빨라서 좋았어요.,2023-12-26 06:44:21
3966,33432,63,3,배송이 빨라서 좋았어요.,2022-08-22 23:03:05
3967,33434,69,2,품질이 생각보다 별로였어요.,2023-12-30 08:41:32
3968,33443,115,1,가격 대비 만족합니다.,2023-07-16 08:27:56
3969,33464,109,5,가격 대비 만족합니다.,2022-07-28 05:18:14
3970,33467,138,4,포장 상태가 아쉬웠습니다.,2022-10-17 10:35:40
3971,33469,150,2,친구한테 선물했는데 좋아합니다.,2022-05-15 23:14:32
3972,33471,75,5,재구매 의사 있습니다!,2023-03-23 21:13:14
3973,33472,1,3,포장 상태가 아쉬웠습니다.,2023-02-15 04:02:35
3974,33482,101,2,배송이 빨라서 좋았어요.,2023-10-08 05:25:59
3975,33483,172,3,친구한테 선물했는데 좋아합니다.,2022-09-12 05:17:41
3976,33486,105,4,친구한테 선물했는데 좋아합니다.,2022-12-25 21:54:35
3977,33488,9,1,가성비 괜찮네요.,2022-05-11 16:08:41
3978,33495,118,1,가격 대비 만족합니다.,2023-08-07 15:46:19
3979,33498,97,1,배송이 너무 늦었어요.,2023-01-11 03:12:51
3980,33500,67,3,배송이 빨라서 좋았어요.,2023-01-20 19:44:43
3981,33511,121,1,배송이 빨라서 좋았어요.,2023-11-12 03:23:54
3982,33516,132,4,품질이 생각보다 별로였어요.,2022-10-26 18:27:51
3983,33521,132,2,배송이 빨라서 좋았어요.,2022-02-28 05:13:09
3984,33524,19,2,친구한테 선물했는데 좋아합니다.,2023-08-15 16:47:45
3985,33526,12,5,품질이 생각보다 별로였어요.,2023-02-08 06:18:54
3986,33528,193,5,품질이 생각보다 별로였어요.,2022-11-08 08:27:37
3987,33530,128,4,포장 상태가 아쉬웠습니다.,2022-11-03 14:37:11
3988,33532,90,4,품질이 생각보다 별로였어요.,2022-05-20 10:44:07
3989,33534,64,3,가성비 괜찮네요.,2022-06-20 10:55:39
3990,33540,36,5,재구매 의사 있습니다!,2023-07-15 20:45:39
3991,33553,80,2,배송이 빨라서 좋았어요.,2023-06-28 18:50:02
3992,33556,146,1,배송이 너무 늦었어요.,2022-05-27 17:13:26
3993,33557,164,3,포장 상태가 아쉬웠습니다.,2022-11-15 00:40:08
3994,33558,87,3,배송이 빨라서 좋았어요.,2022-09-17 04:43:14
3995,33560,53,3,배송이 빨라서 좋았어요.,2022-12-15 19:12:05
3996,33565,143,4,품질이 생각보다 별로였어요.,2022-02-01 09:36:17
3997,33594,197,3,배송이 빨라서 좋았어요.,2022-05-16 06:50:14
3998,33601,103,2,가성비 괜찮네요.,2022-06-04 14:30:52
3999,33605,2,5,가격 대비 만족합니다.,2022-06-03 08:35:36
4000,33608,108,5,배송이 빨라서 좋았어요.,2022-04-10 22:21:48
4001,33609,134,5,가격 대비 만족합니다.,2023-10-27 00:16:00
4002,33617,161,3,가격 대비 만족합니다.,2022-11-04 19:02:47
4003,33630,24,1,친구한테 선물했는데 좋아합니다.,2022-10-06 05:20:57
4004,33631,107,4,품질이 생각보다 별로였어요.,2022-10-11 04:59:28
4005,33640,113,3,배송이 빨라서 좋았어요.,2023-02-18 14:46:23
4006,33641,119,5,배송이 빨라서 좋았어요.,2023-12-11 21:16:53
4007,33642,45,2,가성비 괜찮네요.,2023-03-03 03:06:08
4008,33670,144,2,배송이 빨라서 좋았어요.,2022-01-29 22:52:45
4009,33679,109,3,배송이 너무 늦었어요.,2023-02-14 20:43:47
4010,33708,97,3,재구매 의사 있습니다!,2022-03-05 23:51:32
4011,33716,3,2,가성비 괜찮네요.,2022-08-03 11:57:53
4012,33728,109,2,품질이 생각보다 별로였어요.,2022-09-23 22:10:01
4013,33729,151,5,가성비 괜찮네요.,2023-07-22 08:28:13
4014,33744,169,1,품질이 생각보다 별로였어요.,2023-05-28 21:42:17
4015,33746,92,2,친구한테 선물했는데 좋아합니다.,2023-07-23 20:35:38
4016,33748,171,3,가격 대비 만족합니다.,2023-03-15 03:41:36
4017,33752,121,4,친구한테 선물했는데 좋아합니다.,2023-09-15 22:28:04
4018,33753,134,2,가성비 괜찮네요.,2022-01-10 18:38:10
4019,33755,16,3,재구매 의사 있습니다!,2022-10-29 23:23:06
4020,33757,50,1,재구매 의사 있습니다!,2023-04-18 05:06:58
4021,33772,78,5,가성비 괜찮네요.,2023-05-28 23:01:24
4022,33783,16,5,재구매 의사 있습니다!,2023-10-02 02:07:29
4023,33789,175,4,가성비 괜찮네요.,2023-02-04 15:23:39
4024,33812,68,5,배송이 너무 늦었어요.,2022-03-07 06:38:04
4025,33820,172,3,가격 대비 만족합니다.,2023-07-05 23:36:28
4026,33823,128,1,품질이 생각보다 별로였어요.,2022-12-29 09:33:38
4027,33831,143,2,배송이 너무 늦었어요.,2023-06-05 02:49:57
4028,33840,140,3,재구매 의사 있습니다!,2022-09-10 04:36:59
4029,33848,94,4,배송이 빨라서 좋았어요.,2022-02-03 14:31:57
4030,33852,180,2,친구한테 선물했는데 좋아합니다.,2022-05-14 18:29:33
4031,33856,53,3,재구매 의사 있습니다!,2022-01-28 13:19:24
4032,33862,95,4,포장 상태가 아쉬웠습니다.,2022-11-06 01:14:23
4033,33863,61,5,친구한테 선물했는데 좋아합니다.,2023-10-16 01:10:22
4034,33865,41,5,가성비 괜찮네요.,2022-04-24 21:50:55
4035,33868,101,5,가성비 괜찮네요.,2022-11-22 21:35:04
4036,33902,33,3,친구한테 선물했는데 좋아합니다.,2022-03-01 09:18:06
4037,33909,2,4,가성비 괜찮네요.,2023-04-02 10:21:47
4038,33911,196,4,배송이 빨라서 좋았어요.,2023-03-03 21:03:05
4039,33917,33,2,가격 대비 만족합니다.,2022-05-11 15:19:31
4040,33918,126,4,품질이 생각보다 별로였어요.,2023-02-09 23:06:54
4041,33921,124,3,재구매 의사 있습니다!,2022-08-27 21:58:16
4042,33922,199,3,품질이 생각보다 별로였어요.,2022-04-10 12:51:52
4043,33938,125,5,가격 대비 만족합니다.,2022-10-31 13:04:41
4044,33950,54,2,포장 상태가 아쉬웠습니다.,2023-02-12 13:25:44
4045,33964,160,1,친구한테 선물했는데 좋아합니다.,2023-07-28 20:05:02
4046,33968,72,2,배송이 너무 늦었어요.,2022-01-11 02:33:51
4047,33972,90,3,배송이 너무 늦었어요.,2022-06-18 14:05:05
4048,33973,191,1,포장 상태가 아쉬웠습니다.,2022-09-07 20:15:43
4049,33981,129,5,가격 대비 만족합니다.,2022-05-17 23:10:01
4050,33985,149,2,친구한테 선물했는데 좋아합니다.,2022-02-16 16:30:58
4051,33988,6,3,배송이 빨라서 좋았어요.,2023-06-24 03:10:31
4052,33989,68,3,친구한테 선물했는데 좋아합니다.,2023-01-11 16:02:08
4053,33990,19,4,배송이 너무 늦었어요.,2022-12-26 14:02:27
4054,33994,131,2,포장 상태가 아쉬웠습니다.,2023-05-12 19:41:13
4055,33998,96,4,가격 대비 만족합니다.,2024-01-20 23:05:25
4056,33999,25,2,포장 상태가 아쉬웠습니다.,2023-12-29 10:42:18
4057,34006,184,2,포장 상태가 아쉬웠습니다.,2023-07-08 03:45:58
4058,34036,17,1,가격 대비 만족합니다.,2023-07-20 09:52:59
4059,34040,44,1,품질이 생각보다 별로였어요.,2022-10-19 15:22:38
4060,34091,64,2,친구한테 선물했는데 좋아합니다.,2023-07-06 23:33:56
4061,34108,90,1,가성비 괜찮네요.,2022-12-28 02:52:02
4062,34109,110,1,가성비 괜찮네요.,2023-05-23 12:59:21
4063,34112,117,2,가격 대비 만족합니다.,2023-06-21 12:32:26
4064,34115,119,1,재구매 의사 있습니다!,2022-02-21 21:16:34
4065,34146,139,1,배송이 너무 늦었어요.,2022-12-05 21:40:45
4066,34158,19,3,배송이 빨라서 좋았어요.,2022-06-24 01:31:21
4067,34159,200,2,가성비 괜찮네요.,2022-07-05 21:18:25
4068,34165,10,5,품질이 생각보다 별로였어요.,2022-12-21 05:32:42
4069,34170,169,1,재구매 의사 있습니다!,2023-08-04 23:50:30
4070,34188,197,2,배송이 너무 늦었어요.,2022-11-19 19:32:02
4071,34190,94,3,품질이 생각보다 별로였어요.,2022-12-26 08:21:41
4072,34196,34,1,친구한테 선물했는데 좋아합니다.,2023-08-20 12:16:45
4073,34214,34,1,배송이 너무 늦었어요.,2022-08-28 21:10:49
4074,34219,109,5,친구한테 선물했는데 좋아합니다.,2023-08-12 18:38:28
4075,34226,166,5,가격 대비 만족합니다.,2023-04-14 23:18:35
4076,34231,130,1,포장 상태가 아쉬웠습니다.,2023-04-27 20:10:42
4077,34235,106,4,배송이 빨라서 좋았어요.,2023-11-20 21:32:34
4078,34238,90,2,친구한테 선물했는데 좋아합니다.,2022-06-24 00:43:25
4079,34242,178,5,친구한테 선물했는데 좋아합니다.,2022-04-05 15:33:03
4080,34253,15,4,품질이 생각보다 별로였어요.,2023-06-25 23:45:22
4081,34259,6,5,배송이 빨라서 좋았어요.,2023-06-03 07:23:24
4082,34273,166,1,품질이 생각보다 별로였어요.,2023-07-27 03:18:14
4083,34276,159,5,배송이 빨라서 좋았어요.,2022-02-12 17:26:17
4084,34281,36,2,재구매 의사 있습니다!,2022-04-01 04:42:06
4085,34284,142,5,포장 상태가 아쉬웠습니다.,2022-02-27 12:36:15
4086,34287,150,4,가성비 괜찮네요.,2022-07-25 05:10:22
4087,34296,180,1,가성비 괜찮네요.,2023-02-17 04:55:36
4088,34299,7,5,재구매 의사 있습니다!,2022-04-12 15:53:17
4089,34311,84,1,가성비 괜찮네요.,2022-04-07 16:38:39
4090,34321,88,3,가격 대비 만족합니다.,2023-02-24 20:46:28
4091,34323,76,3,배송이 빨라서 좋았어요.,2023-07-20 13:27:39
4092,34336,145,2,배송이 빨라서 좋았어요.,2023-09-09 03:31:22
4093,34361,148,4,포장 상태가 아쉬웠습니다.,2022-05-17 07:49:33
4094,34368,172,5,품질이 생각보다 별로였어요.,2022-11-04 18:05:10
4095,34371,188,3,가성비 괜찮네요.,2022-09-24 19:18:42
4096,34375,116,4,품질이 생각보다 별로였어요.,2022-11-29 02:26:16
4097,34385,95,1,가격 대비 만족합니다.,2023-11-08 10:28:53
4098,34386,74,2,포장 상태가 아쉬웠습니다.,2023-04-10 02:49:12
4099,34388,82,4,가격 대비 만족합니다.,2022-01-26 08:15:38
4100,34396,194,2,가격 대비 만족합니다.,2023-02-15 07:04:07
4101,34397,60,5,가성비 괜찮네요.,2023-08-08 00:06:35
4102,34398,18,3,친구한테 선물했는데 좋아합니다.,2022-03-20 12:55:09
4103,34400,192,1,배송이 너무 늦었어요.,2022-07-10 01:02:57
4104,34437,190,3,가성비 괜찮네요.,2022-08-11 17:10:22
4105,34441,22,5,포장 상태가 아쉬웠습니다.,2023-10-20 19:40:37
4106,34446,183,3,포장 상태가 아쉬웠습니다.,2022-12-31 03:40:36
4107,34454,195,4,품질이 생각보다 별로였어요.,2022-05-08 04:52:52
4108,34460,47,1,친구한테 선물했는데 좋아합니다.,2022-03-01 22:39:56
4109,34488,126,4,재구매 의사 있습니다!,2023-06-12 00:39:10
4110,34490,150,4,품질이 생각보다 별로였어요.,2022-12-30 06:42:54
4111,34491,133,3,가격 대비 만족합니다.,2023-12-09 11:00:03
4112,34495,178,3,재구매 의사 있습니다!,2023-02-01 15:54:56
4113,34529,28,5,품질이 생각보다 별로였어요.,2022-05-08 21:04:00
4114,34534,113,1,배송이 빨라서 좋았어요.,2022-06-25 16:40:32
4115,34552,163,2,친구한테 선물했는데 좋아합니다.,2023-06-24 06:55:39
4116,34570,149,4,친구한테 선물했는데 좋아합니다.,2022-02-09 16:57:23
4117,34580,15,3,재구매 의사 있습니다!,2022-05-05 05:42:14
4118,34585,64,2,품질이 생각보다 별로였어요.,2022-09-10 21:58:11
4119,34592,107,5,품질이 생각보다 별로였어요.,2022-07-10 17:57:00
4120,34598,182,3,친구한테 선물했는데 좋아합니다.,2022-05-06 16:49:33
4121,34606,138,3,품질이 생각보다 별로였어요.,2023-03-22 17:44:15
4122,34607,120,2,가성비 괜찮네요.,2022-05-31 01:02:50
4123,34633,189,3,배송이 빨라서 좋았어요.,2022-02-20 15:28:09
4124,34634,78,4,배송이 빨라서 좋았어요.,2023-05-16 10:47:41
4125,34647,105,2,배송이 빨라서 좋았어요.,2022-02-05 09:33:46
4126,34653,87,2,배송이 너무 늦었어요.,2023-08-04 06:37:35
4127,34665,126,2,포장 상태가 아쉬웠습니다.,2023-05-02 19:45:38
4128,34675,174,1,품질이 생각보다 별로였어요.,2023-05-30 21:44:24
4129,34682,90,3,가격 대비 만족합니다.,2023-05-23 11:19:01
4130,34686,42,1,친구한테 선물했는데 좋아합니다.,2022-04-10 20:49:41
4131,34690,59,5,포장 상태가 아쉬웠습니다.,2023-03-22 15:32:25
4132,34693,73,4,배송이 빨라서 좋았어요.,2023-06-03 11:52:19
4133,34695,4,4,가성비 괜찮네요.,2024-01-14 11:06:00
4134,34698,164,2,포장 상태가 아쉬웠습니다.,2023-09-28 20:14:30
4135,34699,20,2,가성비 괜찮네요.,2022-10-11 08:20:01
4136,34721,152,3,친구한테 선물했는데 좋아합니다.,2023-10-13 05:13:57
4137,34722,157,2,가성비 괜찮네요.,2023-11-21 03:13:29
4138,34727,58,3,포장 상태가 아쉬웠습니다.,2023-02-27 11:19:01
4139,34728,51,5,친구한테 선물했는데 좋아합니다.,2023-11-28 12:58:53
4140,34737,91,4,친구한테 선물했는데 좋아합니다.,2022-11-02 02:33:14
4141,34757,151,4,품질이 생각보다 별로였어요.,2023-01-28 04:58:00
4142,34765,87,2,배송이 너무 늦었어요.,2022-04-19 05:53:18
4143,34769,18,4,품질이 생각보다 별로였어요.,2023-02-25 04:39:38
4144,34774,57,5,가성비 괜찮네요.,2022-09-17 00:50:59
4145,34778,119,4,배송이 너무 늦었어요.,2023-08-11 03:13:00
4146,34781,26,3,배송이 너무 늦었어요.,2022-12-15 15:32:38
4147,34784,32,4,가격 대비 만족합니다.,2022-08-14 08:11:15
4148,34788,63,4,친구한테 선물했는데 좋아합니다.,2023-09-20 16:00:20
4149,34794,114,3,가성비 괜찮네요.,2023-06-24 11:38:27
4150,34810,10,5,가격 대비 만족합니다.,2022-03-24 18:14:23
4151,34812,105,5,가격 대비 만족합니다.,2023-10-28 00:47:27
4152,34813,145,4,포장 상태가 아쉬웠습니다.,2023-05-27 14:58:41
4153,34815,38,2,배송이 빨라서 좋았어요.,2022-03-02 11:23:25
4154,34819,47,4,친구한테 선물했는데 좋아합니다.,2022-01-29 18:28:54
4155,34828,185,2,재구매 의사 있습니다!,2022-10-28 22:58:19
4156,34835,199,5,친구한테 선물했는데 좋아합니다.,2022-06-23 22:41:56
4157,34840,152,1,배송이 빨라서 좋았어요.,2023-03-03 07:40:04
4158,34843,52,5,배송이 너무 늦었어요.,2022-02-09 22:25:42
4159,34851,189,1,배송이 빨라서 좋았어요.,2022-03-12 19:25:44
4160,34868,118,1,가격 대비 만족합니다.,2022-03-10 05:13:19
4161,34879,136,1,가격 대비 만족합니다.,2023-03-11 03:19:38
4162,34884,80,1,재구매 의사 있습니다!,2023-04-26 01:39:48
4163,34888,66,5,친구한테 선물했는데 좋아합니다.,2022-04-06 00:12:08
4164,34914,140,1,가성비 괜찮네요.,2022-08-17 15:14:24
4165,34915,132,2,품질이 생각보다 별로였어요.,2022-06-10 22:04:39
4166,34920,88,5,배송이 너무 늦었어요.,2023-04-14 08:20:33
4167,34931,176,5,가격 대비 만족합니다.,2022-05-27 22:06:29
4168,34937,170,2,재구매 의사 있습니다!,2023-10-13 13:35:27
4169,34940,197,4,품질이 생각보다 별로였어요.,2022-09-29 10:21:15
4170,34942,25,2,재구매 의사 있습니다!,2023-03-12 00:31:41
4171,34953,148,5,재구매 의사 있습니다!,2022-07-25 18:10:44
4172,34955,99,2,가성비 괜찮네요.,2023-07-08 14:26:47
4173,34961,82,1,배송이 너무 늦었어요.,2022-10-23 18:44:06
4174,34981,16,4,가격 대비 만족합니다.,2023-11-03 03:20:24
4175,34986,147,2,재구매 의사 있습니다!,2022-07-23 03:38:55
4176,34994,94,5,재구매 의사 있습니다!,2023-08-11 21:33:28
4177,35005,106,1,포장 상태가 아쉬웠습니다.,2022-06-30 20:56:19
4178,35010,5,3,가성비 괜찮네요.,2023-03-02 15:04:01
4179,35014,198,4,포장 상태가 아쉬웠습니다.,2023-09-07 07:06:50
4180,35029,117,4,재구매 의사 있습니다!,2023-02-25 01:41:05
4181,35032,76,5,친구한테 선물했는데 좋아합니다.,2022-08-12 00:07:28
4182,35035,4,2,재구매 의사 있습니다!,2022-03-03 14:02:41
4183,35037,129,3,친구한테 선물했는데 좋아합니다.,2023-03-27 02:45:20
4184,35048,140,4,배송이 빨라서 좋았어요.,2023-01-21 23:26:53
4185,35054,168,4,배송이 빨라서 좋았어요.,2023-02-09 08:35:45
4186,35059,136,5,품질이 생각보다 별로였어요.,2023-11-07 23:04:28
4187,35061,59,4,재구매 의사 있습니다!,2023-12-02 13:03:10
4188,35064,147,2,가격 대비 만족합니다.,2022-02-21 03:39:16
4189,35065,143,3,가격 대비 만족합니다.,2023-10-11 10:23:46
4190,35077,155,5,포장 상태가 아쉬웠습니다.,2022-06-26 11:35:43
4191,35082,27,1,포장 상태가 아쉬웠습니다.,2023-06-02 06:55:56
4192,35085,181,4,배송이 빨라서 좋았어요.,2023-12-28 01:44:57
4193,35086,66,1,재구매 의사 있습니다!,2022-02-27 06:18:50
4194,35093,179,1,배송이 빨라서 좋았어요.,2023-12-31 10:38:46
4195,35114,23,4,배송이 너무 늦었어요.,2023-10-26 16:39:31
4196,35116,102,5,배송이 너무 늦었어요.,2022-04-09 09:51:51
4197,35118,164,4,재구매 의사 있습니다!,2023-12-16 11:17:46
4198,35156,13,3,배송이 너무 늦었어요.,2023-06-06 07:38:22
4199,35160,184,2,포장 상태가 아쉬웠습니다.,2023-02-12 14:50:04
4200,35161,19,4,배송이 빨라서 좋았어요.,2022-10-06 10:47:34
4201,35168,31,4,가격 대비 만족합니다.,2023-11-22 14:45:57
4202,35182,134,1,배송이 너무 늦었어요.,2023-03-15 21:41:16
4203,35189,76,3,가격 대비 만족합니다.,2023-10-24 10:13:40
4204,35192,196,5,가격 대비 만족합니다.,2022-05-10 11:01:02
4205,35198,113,1,가격 대비 만족합니다.,2023-10-30 18:35:41
4206,35200,94,4,친구한테 선물했는데 좋아합니다.,2022-10-21 09:15:43
4207,35202,122,2,배송이 너무 늦었어요.,2023-05-28 06:09:32
4208,35222,49,1,포장 상태가 아쉬웠습니다.,2023-12-09 19:55:31
4209,35228,182,3,배송이 너무 늦었어요.,2022-09-25 21:40:20
4210,35235,147,4,가격 대비 만족합니다.,2024-01-17 15:16:14
4211,35241,186,5,친구한테 선물했는데 좋아합니다.,2023-11-10 21:15:33
4212,35242,18,1,가격 대비 만족합니다.,2022-11-18 14:20:03
4213,35251,26,4,품질이 생각보다 별로였어요.,2024-01-13 23:48:03
4214,35254,25,1,포장 상태가 아쉬웠습니다.,2022-07-20 05:44:50
4215,35258,75,3,재구매 의사 있습니다!,2022-07-03 17:04:01
4216,35262,48,2,친구한테 선물했는데 좋아합니다.,2022-02-12 14:23:25
4217,35267,137,2,포장 상태가 아쉬웠습니다.,2023-07-28 16:39:55
4218,35281,135,4,재구매 의사 있습니다!,2023-06-07 00:17:04
4219,35294,168,1,배송이 너무 늦었어요.,2022-07-15 23:29:32
4220,35306,173,4,가성비 괜찮네요.,2022-03-23 15:16:10
4221,35309,141,2,가격 대비 만족합니다.,2023-11-08 16:58:13
4222,35321,110,3,재구매 의사 있습니다!,2023-09-10 23:21:43
4223,35322,141,3,재구매 의사 있습니다!,2023-10-15 04:52:11
4224,35336,166,1,친구한테 선물했는데 좋아합니다.,2022-01-06 22:11:31
4225,35342,81,1,배송이 너무 늦었어요.,2023-08-16 13:55:11
4226,35346,26,4,포장 상태가 아쉬웠습니다.,2022-02-21 20:05:08
4227,35347,196,1,가성비 괜찮네요.,2023-12-07 03:44:00
4228,35349,27,5,품질이 생각보다 별로였어요.,2022-09-27 12:51:05
4229,35387,196,2,가격 대비 만족합니다.,2023-06-02 18:52:04
4230,35390,127,2,포장 상태가 아쉬웠습니다.,2023-08-24 19:47:21
4231,35402,34,5,친구한테 선물했는데 좋아합니다.,2022-03-28 17:51:52
4232,35407,80,3,품질이 생각보다 별로였어요.,2022-02-16 21:48:38
4233,35439,181,2,배송이 너무 늦었어요.,2023-04-15 12:54:52
4234,35443,63,1,재구매 의사 있습니다!,2023-08-09 14:37:50
4235,35475,135,4,배송이 너무 늦었어요.,2022-08-14 13:15:39
4236,35477,13,1,품질이 생각보다 별로였어요.,2023-10-30 12:05:38
4237,35498,199,1,친구한테 선물했는데 좋아합니다.,2023-07-26 11:48:14
4238,35501,145,4,가성비 괜찮네요.,2023-03-28 12:59:02
4239,35510,1,3,포장 상태가 아쉬웠습니다.,2023-05-08 08:30:23
4240,35512,106,4,재구매 의사 있습니다!,2022-11-10 12:27:20
4241,35514,116,2,배송이 빨라서 좋았어요.,2023-07-08 20:34:23
4242,35526,161,3,친구한테 선물했는데 좋아합니다.,2022-10-06 16:41:37
4243,35538,81,5,품질이 생각보다 별로였어요.,2023-08-11 05:16:35
4244,35542,91,3,친구한테 선물했는데 좋아합니다.,2022-06-03 12:03:16
4245,35569,28,4,재구매 의사 있습니다!,2023-06-13 19:01:16
4246,35573,17,3,배송이 너무 늦었어요.,2022-02-12 01:25:39
4247,35577,58,1,가격 대비 만족합니다.,2023-01-16 03:47:32
4248,35587,23,3,배송이 빨라서 좋았어요.,2023-06-04 02:47:14
4249,35596,62,5,재구매 의사 있습니다!,2023-04-06 08:19:58
4250,35605,61,5,가성비 괜찮네요.,2022-04-09 18:25:45
4251,35606,163,5,가성비 괜찮네요.,2022-09-13 00:41:40
4252,35607,5,2,배송이 너무 늦었어요.,2024-01-06 08:59:13
4253,35616,36,2,친구한테 선물했는데 좋아합니다.,2022-10-19 07:50:10
4254,35618,78,3,배송이 너무 늦었어요.,2023-06-01 04:41:27
4255,35622,111,5,포장 상태가 아쉬웠습니다.,2022-06-09 07:12:30
4256,35624,120,2,가격 대비 만족합니다.,2023-01-31 08:29:16
4257,35638,94,2,가격 대비 만족합니다.,2022-08-10 23:38:15
4258,35648,159,5,품질이 생각보다 별로였어요.,2022-01-09 00:43:17
4259,35651,100,2,포장 상태가 아쉬웠습니다.,2023-11-17 09:16:16
4260,35658,24,1,배송이 너무 늦었어요.,2023-06-25 08:44:46
4261,35672,94,1,배송이 빨라서 좋았어요.,2022-10-03 09:42:07
4262,35692,110,4,친구한테 선물했는데 좋아합니다.,2022-11-28 16:08:45
4263,35711,113,4,배송이 너무 늦었어요.,2023-08-29 02:30:55
4264,35729,172,1,배송이 너무 늦었어요.,2023-01-12 10:56:47
4265,35739,34,1,가격 대비 만족합니다.,2023-08-06 06:15:15
4266,35743,118,3,배송이 빨라서 좋았어요.,2023-12-11 08:35:04
4267,35745,10,5,포장 상태가 아쉬웠습니다.,2023-06-15 03:45:20
4268,35746,28,2,배송이 너무 늦었어요.,2022-09-23 10:13:04
4269,35750,167,3,가격 대비 만족합니다.,2023-10-03 19:27:39
4270,35757,75,5,포장 상태가 아쉬웠습니다.,2022-10-06 20:29:47
4271,35774,174,4,포장 상태가 아쉬웠습니다.,2023-03-14 15:44:09
4272,35781,93,1,배송이 빨라서 좋았어요.,2022-12-19 18:13:26
4273,35784,43,3,가격 대비 만족합니다.,2022-07-10 06:18:48
4274,35794,190,5,배송이 너무 늦었어요.,2023-01-12 08:06:52
4275,35795,137,5,가성비 괜찮네요.,2022-09-12 18:14:54
4276,35807,110,2,친구한테 선물했는데 좋아합니다.,2022-03-25 08:11:54
4277,35817,43,5,배송이 빨라서 좋았어요.,2023-06-10 03:32:56
4278,35822,121,5,가격 대비 만족합니다.,2023-03-27 19:54:16
4279,35826,196,1,가격 대비 만족합니다.,2022-06-04 01:46:26
4280,35834,128,5,배송이 너무 늦었어요.,2022-10-11 21:08:05
4281,35835,36,1,가격 대비 만족합니다.,2023-01-23 19:48:29
4282,35839,164,1,재구매 의사 있습니다!,2023-10-28 21:18:21
4283,35841,84,4,품질이 생각보다 별로였어요.,2023-09-16 17:54:59
4284,35852,143,3,배송이 너무 늦었어요.,2023-06-04 07:51:42
4285,35855,193,5,가성비 괜찮네요.,2022-07-10 21:29:16
4286,35856,62,3,배송이 너무 늦었어요.,2022-09-12 21:23:25
4287,35883,152,1,친구한테 선물했는데 좋아합니다.,2023-09-08 00:51:09
4288,35884,114,3,품질이 생각보다 별로였어요.,2023-12-05 09:26:38
4289,35892,64,4,품질이 생각보다 별로였어요.,2023-10-06 10:51:14
4290,35897,120,4,품질이 생각보다 별로였어요.,2022-08-18 07:28:25
4291,35910,1,3,친구한테 선물했는데 좋아합니다.,2022-06-21 21:08:04
4292,35911,5,1,포장 상태가 아쉬웠습니다.,2022-11-19 02:51:03
4293,35922,157,5,배송이 너무 늦었어요.,2022-09-14 21:57:58
4294,35929,173,2,배송이 빨라서 좋았어요.,2022-03-19 15:14:34
4295,35955,60,1,배송이 너무 늦었어요.,2022-07-27 11:26:53
4296,35980,176,5,재구매 의사 있습니다!,2022-12-14 06:58:08
4297,35987,174,4,친구한테 선물했는데 좋아합니다.,2023-10-10 15:45:14
4298,36007,88,2,배송이 너무 늦었어요.,2022-06-27 06:21:50
4299,36012,129,4,배송이 빨라서 좋았어요.,2022-05-19 11:32:51
4300,36013,162,3,가격 대비 만족합니다.,2022-12-16 11:43:43
4301,36019,81,1,친구한테 선물했는데 좋아합니다.,2022-09-06 15:00:59
4302,36022,43,2,배송이 빨라서 좋았어요.,2023-10-26 18:51:58
4303,36025,133,5,배송이 빨라서 좋았어요.,2023-08-04 18:17:38
4304,36028,188,3,재구매 의사 있습니다!,2024-01-14 17:04:00
4305,36033,195,5,배송이 빨라서 좋았어요.,2023-05-22 15:24:18
4306,36047,144,5,가성비 괜찮네요.,2023-02-10 00:18:26
4307,36049,174,5,재구매 의사 있습니다!,2023-12-19 00:11:24
4308,36050,108,2,배송이 빨라서 좋았어요.,2022-09-17 20:31:55
4309,36086,176,1,가격 대비 만족합니다.,2022-02-04 09:10:28
4310,36090,186,2,배송이 너무 늦었어요.,2023-03-01 09:59:43
4311,36096,110,3,배송이 너무 늦었어요.,2023-04-06 07:14:01
4312,36099,173,3,배송이 너무 늦었어요.,2023-11-12 12:20:28
4313,36101,34,5,포장 상태가 아쉬웠습니다.,2023-04-15 07:20:30
4314,36133,9,3,친구한테 선물했는데 좋아합니다.,2023-10-24 16:03:08
4315,36134,192,4,가성비 괜찮네요.,2022-07-14 16:05:28
4316,36153,107,5,포장 상태가 아쉬웠습니다.,2022-04-10 22:47:51
4317,36155,64,1,가성비 괜찮네요.,2022-07-06 04:00:52
4318,36159,125,2,친구한테 선물했는데 좋아합니다.,2022-10-29 23:37:03
4319,36166,3,5,포장 상태가 아쉬웠습니다.,2023-09-02 14:41:22
4320,36174,22,5,가성비 괜찮네요.,2022-11-23 05:44:52
4321,36176,137,2,친구한테 선물했는데 좋아합니다.,2023-07-19 22:03:09
4322,36184,69,3,품질이 생각보다 별로였어요.,2023-01-22 14:25:54
4323,36199,145,1,가성비 괜찮네요.,2022-10-03 03:11:29
4324,36203,7,5,가성비 괜찮네요.,2022-12-29 07:35:32
4325,36210,163,1,가격 대비 만족합니다.,2023-01-20 10:21:54
4326,36219,22,1,가격 대비 만족합니다.,2023-12-15 10:47:34
4327,36233,141,4,가성비 괜찮네요.,2022-01-20 23:49:23
4328,36252,22,1,가성비 괜찮네요.,2023-11-22 08:00:36
4329,36256,40,1,포장 상태가 아쉬웠습니다.,2023-10-08 04:46:28
4330,36257,144,3,포장 상태가 아쉬웠습니다.,2022-11-02 20:02:21
4331,36262,49,4,포장 상태가 아쉬웠습니다.,2023-09-30 03:52:59
4332,36278,177,5,배송이 빨라서 좋았어요.,2022-01-14 14:12:15
4333,36283,141,1,친구한테 선물했는데 좋아합니다.,2023-05-11 17:26:14
4334,36285,142,4,가격 대비 만족합니다.,2022-04-14 18:52:09
4335,36287,9,4,포장 상태가 아쉬웠습니다.,2023-10-09 05:29:36
4336,36305,56,3,가성비 괜찮네요.,2023-11-22 11:10:11
4337,36307,163,3,배송이 빨라서 좋았어요.,2022-10-16 20:29:06
4338,36319,104,5,가격 대비 만족합니다.,2022-06-26 18:10:34
4339,36332,71,5,친구한테 선물했는데 좋아합니다.,2023-11-28 00:34:48
4340,36337,170,3,가성비 괜찮네요.,2023-11-19 04:57:12
4341,36350,60,3,가성비 괜찮네요.,2023-11-17 08:55:47
4342,36362,16,1,배송이 너무 늦었어요.,2023-10-19 22:25:32
4343,36364,37,5,가격 대비 만족합니다.,2023-08-14 19:04:00
4344,36365,161,3,배송이 너무 늦었어요.,2023-12-01 18:07:03
4345,36374,110,1,친구한테 선물했는데 좋아합니다.,2022-11-29 23:51:46
4346,36385,193,5,배송이 빨라서 좋았어요.,2023-08-16 21:08:36
4347,36388,21,3,배송이 너무 늦었어요.,2022-10-18 03:46:55
4348,36390,197,5,배송이 빨라서 좋았어요.,2022-08-17 12:09:38
4349,36391,30,1,가성비 괜찮네요.,2024-01-05 02:59:47
4350,36401,50,1,배송이 빨라서 좋았어요.,2022-04-24 12:51:45
4351,36407,185,3,배송이 빨라서 좋았어요.,2023-03-09 07:20:30
4352,36413,74,1,배송이 빨라서 좋았어요.,2023-03-29 04:37:54
4353,36428,24,2,배송이 빨라서 좋았어요.,2023-09-29 05:08:48
4354,36430,57,5,배송이 빨라서 좋았어요.,2022-10-16 08:24:12
4355,36433,62,1,배송이 빨라서 좋았어요.,2023-10-20 21:47:24
4356,36435,87,4,배송이 너무 늦었어요.,2022-07-10 05:43:52
4357,36439,49,2,재구매 의사 있습니다!,2022-08-23 10:20:45
4358,36442,37,3,품질이 생각보다 별로였어요.,2022-12-09 10:41:36
4359,36468,117,4,가성비 괜찮네요.,2023-06-22 00:22:08
4360,36484,178,3,배송이 빨라서 좋았어요.,2022-08-31 16:05:38
4361,36492,14,2,품질이 생각보다 별로였어요.,2022-07-18 11:05:01
4362,36495,100,5,배송이 빨라서 좋았어요.,2023-10-08 19:45:44
4363,36510,22,2,배송이 빨라서 좋았어요.,2022-10-22 23:29:02
4364,36511,38,5,가격 대비 만족합니다.,2022-08-01 23:58:14
4365,36516,82,2,품질이 생각보다 별로였어요.,2022-06-29 05:37:36
4366,36524,194,2,가성비 괜찮네요.,2023-10-06 03:22:37
4367,36527,98,3,포장 상태가 아쉬웠습니다.,2023-05-18 16:07:46
4368,36530,73,2,가격 대비 만족합니다.,2023-10-21 22:46:54
4369,36537,20,5,배송이 빨라서 좋았어요.,2022-12-18 00:13:52
4370,36552,36,3,배송이 너무 늦었어요.,2023-03-26 14:51:17
4371,36570,77,2,배송이 너무 늦었어요.,2022-06-27 12:28:06
4372,36588,74,5,가격 대비 만족합니다.,2022-04-01 05:49:17
4373,36590,16,4,가격 대비 만족합니다.,2023-12-27 14:23:56
4374,36593,94,5,가성비 괜찮네요.,2022-03-07 11:32:09
4375,36596,111,5,친구한테 선물했는데 좋아합니다.,2023-05-20 16:43:59
4376,36599,24,4,포장 상태가 아쉬웠습니다.,2023-02-25 03:07:27
4377,36607,96,3,배송이 너무 늦었어요.,2023-02-25 15:24:42
4378,36613,200,4,가격 대비 만족합니다.,2023-07-28 09:27:04
4379,36635,82,3,가격 대비 만족합니다.,2023-12-12 12:37:16
4380,36648,112,4,가격 대비 만족합니다.,2024-01-03 18:47:29
4381,36652,107,1,품질이 생각보다 별로였어요.,2022-10-24 16:47:57
4382,36667,192,4,배송이 빨라서 좋았어요.,2023-11-09 06:26:12
4383,36669,59,2,배송이 빨라서 좋았어요.,2023-08-15 02:38:41
4384,36674,39,1,친구한테 선물했는데 좋아합니다.,2022-08-12 03:18:49
4385,36676,113,1,포장 상태가 아쉬웠습니다.,2022-07-24 15:16:17
4386,36679,73,1,배송이 빨라서 좋았어요.,2022-03-27 05:25:32
4387,36687,5,3,품질이 생각보다 별로였어요.,2022-09-28 03:25:04
4388,36688,75,1,배송이 너무 늦었어요.,2022-06-01 16:51:48
4389,36697,48,4,재구매 의사 있습니다!,2023-02-03 14:52:56
4390,36720,167,1,배송이 너무 늦었어요.,2023-01-28 17:03:59
4391,36723,107,2,가격 대비 만족합니다.,2022-12-16 21:24:32
4392,36730,61,3,가격 대비 만족합니다.,2023-10-29 07:29:55
4393,36749,135,5,재구매 의사 있습니다!,2022-01-20 22:37:00
4394,36768,191,1,배송이 빨라서 좋았어요.,2022-12-15 06:17:52
4395,36778,161,1,포장 상태가 아쉬웠습니다.,2023-03-31 12:50:25
4396,36780,57,3,포장 상태가 아쉬웠습니다.,2022-04-29 05:30:39
4397,36783,42,2,포장 상태가 아쉬웠습니다.,2022-03-16 12:04:59
4398,36786,60,2,가격 대비 만족합니다.,2023-09-14 09:03:59
4399,36794,21,4,재구매 의사 있습니다!,2023-01-02 07:19:56
4400,36797,68,4,가격 대비 만족합니다.,2023-08-03 11:53:52
4401,36801,106,4,가격 대비 만족합니다.,2023-05-16 15:09:32
4402,36811,106,4,배송이 빨라서 좋았어요.,2022-08-06 15:36:37
4403,36816,131,2,가격 대비 만족합니다.,2023-04-27 01:45:15
4404,36832,137,4,배송이 너무 늦었어요.,2023-02-20 14:07:16
4405,36835,105,2,포장 상태가 아쉬웠습니다.,2023-01-27 03:58:30
4406,36836,144,5,친구한테 선물했는데 좋아합니다.,2022-11-30 02:20:47
4407,36842,57,4,배송이 너무 늦었어요.,2022-02-19 02:38:43
4408,36843,168,3,재구매 의사 있습니다!,2023-12-20 14:52:37
4409,36855,139,5,가격 대비 만족합니다.,2022-09-06 20:10:21
4410,36863,32,5,포장 상태가 아쉬웠습니다.,2022-10-03 09:05:31
4411,36866,123,4,친구한테 선물했는데 좋아합니다.,2023-07-03 22:02:07
4412,36869,80,5,가격 대비 만족합니다.,2022-11-24 17:17:40
4413,36873,156,2,가성비 괜찮네요.,2023-10-09 23:29:58
4414,36888,16,5,배송이 너무 늦었어요.,2022-06-26 11:48:09
4415,36892,3,4,포장 상태가 아쉬웠습니다.,2023-04-08 11:08:01
4416,36906,71,4,품질이 생각보다 별로였어요.,2023-11-06 20:52:06
4417,36911,192,4,친구한테 선물했는데 좋아합니다.,2022-01-24 03:50:34
4418,36912,186,3,품질이 생각보다 별로였어요.,2023-04-15 07:01:19
4419,36935,15,3,배송이 너무 늦었어요.,2023-03-09 03:43:57
4420,36970,23,4,가성비 괜찮네요.,2023-05-25 00:17:04
4421,36980,13,5,재구매 의사 있습니다!,2023-12-29 08:06:07
4422,36987,144,3,포장 상태가 아쉬웠습니다.,2023-03-10 14:08:01
4423,36993,9,1,품질이 생각보다 별로였어요.,2022-09-13 15:30:11
4424,36999,107,3,가격 대비 만족합니다.,2022-11-28 00:35:19
4425,37000,51,1,가격 대비 만족합니다.,2022-06-26 04:06:05
4426,37003,128,4,포장 상태가 아쉬웠습니다.,2023-12-10 19:30:16
4427,37008,131,2,친구한테 선물했는데 좋아합니다.,2023-04-05 15:25:45
4428,37009,6,2,배송이 빨라서 좋았어요.,2022-03-28 20:58:01
4429,37010,62,2,친구한테 선물했는데 좋아합니다.,2022-11-09 05:23:50
4430,37011,141,2,재구매 의사 있습니다!,2022-03-02 12:03:49
4431,37013,54,3,배송이 빨라서 좋았어요.,2023-04-06 22:32:21
4432,37026,97,4,재구매 의사 있습니다!,2023-03-13 15:38:21
4433,37030,72,5,배송이 너무 늦었어요.,2023-02-22 06:47:17
4434,37032,39,4,배송이 너무 늦었어요.,2022-06-12 06:21:34
4435,37035,110,3,친구한테 선물했는데 좋아합니다.,2023-07-21 15:02:43
4436,37039,70,1,배송이 빨라서 좋았어요.,2023-05-25 06:04:10
4437,37041,90,5,친구한테 선물했는데 좋아합니다.,2023-04-16 03:31:42
4438,37045,130,4,품질이 생각보다 별로였어요.,2022-12-17 08:29:21
4439,37049,132,3,배송이 너무 늦었어요.,2022-09-07 03:51:25
4440,37059,28,2,재구매 의사 있습니다!,2022-02-02 01:34:15
4441,37060,2,2,포장 상태가 아쉬웠습니다.,2023-09-30 23:44:35
4442,37082,170,4,배송이 빨라서 좋았어요.,2022-07-13 10:36:47
4443,37108,15,3,포장 상태가 아쉬웠습니다.,2023-06-24 07:46:07
4444,37110,90,5,포장 상태가 아쉬웠습니다.,2023-12-05 05:52:29
4445,37116,125,1,재구매 의사 있습니다!,2023-10-20 01:43:51
4446,37119,199,5,친구한테 선물했는데 좋아합니다.,2023-11-05 03:06:58
4447,37122,150,3,배송이 너무 늦었어요.,2022-03-09 03:37:57
4448,37153,171,2,가성비 괜찮네요.,2023-08-12 21:10:19
4449,37158,53,5,포장 상태가 아쉬웠습니다.,2022-05-14 20:18:24
4450,37166,76,4,재구매 의사 있습니다!,2023-10-20 06:14:17
4451,37168,154,1,배송이 빨라서 좋았어요.,2023-10-28 01:27:01
4452,37171,65,4,품질이 생각보다 별로였어요.,2022-01-29 16:43:23
4453,37175,88,1,재구매 의사 있습니다!,2023-01-24 10:41:30
4454,37179,129,1,품질이 생각보다 별로였어요.,2023-11-21 17:42:07
4455,37187,18,3,가격 대비 만족합니다.,2022-06-02 12:50:37
4456,37188,153,4,배송이 빨라서 좋았어요.,2022-07-17 11:06:06
4457,37192,42,2,가성비 괜찮네요.,2023-04-11 08:10:20
4458,37195,38,1,품질이 생각보다 별로였어요.,2022-03-16 05:06:32
4459,37201,139,1,배송이 빨라서 좋았어요.,2023-07-05 13:14:12
4460,37202,41,5,배송이 너무 늦었어요.,2023-06-01 20:12:24
4461,37218,105,5,가성비 괜찮네요.,2022-05-25 11:27:35
4462,37222,51,3,재구매 의사 있습니다!,2023-08-15 03:19:46
4463,37227,91,1,배송이 빨라서 좋았어요.,2022-05-02 09:51:43
4464,37238,90,5,가성비 괜찮네요.,2022-12-18 22:21:25
4465,37242,200,3,품질이 생각보다 별로였어요.,2022-12-13 09:34:44
4466,37249,158,2,품질이 생각보다 별로였어요.,2023-10-28 22:51:49
4467,37259,105,2,배송이 너무 늦었어요.,2022-02-17 14:10:19
4468,37299,106,4,품질이 생각보다 별로였어요.,2023-08-15 19:00:57
4469,37300,147,4,가격 대비 만족합니다.,2022-08-15 18:56:05
4470,37302,186,3,배송이 너무 늦었어요.,2023-07-13 23:00:59
4471,37308,187,5,배송이 너무 늦었어요.,2023-05-11 00:03:16
4472,37325,183,3,재구매 의사 있습니다!,2022-02-11 06:20:48
4473,37340,26,4,배송이 너무 늦었어요.,2023-03-24 03:20:43
4474,37341,179,4,배송이 빨라서 좋았어요.,2022-12-27 14:50:42
4475,37344,58,3,포장 상태가 아쉬웠습니다.,2023-11-22 06:09:18
4476,37371,70,5,가격 대비 만족합니다.,2022-07-30 15:13:04
4477,37375,84,4,배송이 빨라서 좋았어요.,2023-06-18 23:43:30
4478,37389,190,5,품질이 생각보다 별로였어요.,2023-10-16 21:50:15
4479,37400,98,1,친구한테 선물했는데 좋아합니다.,2022-12-11 22:07:10
4480,37420,198,2,재구매 의사 있습니다!,2022-11-02 23:27:39
4481,37426,13,4,배송이 너무 늦었어요.,2023-07-05 21:50:52
4482,37428,66,5,배송이 빨라서 좋았어요.,2022-10-20 10:42:36
4483,37441,192,5,배송이 너무 늦었어요.,2022-12-05 03:37:44
4484,37443,96,4,포장 상태가 아쉬웠습니다.,2023-12-29 23:01:12
4485,37460,90,3,배송이 너무 늦었어요.,2022-11-01 12:28:33
4486,37464,93,3,가격 대비 만족합니다.,2022-12-27 00:42:19
4487,37481,195,5,배송이 빨라서 좋았어요.,2023-05-24 17:36:37
4488,37484,88,3,친구한테 선물했는데 좋아합니다.,2023-12-17 08:52:20
4489,37488,87,5,가성비 괜찮네요.,2023-09-28 04:39:21
4490,37505,136,5,가격 대비 만족합니다.,2023-06-11 08:59:23
4491,37519,15,3,배송이 너무 늦었어요.,2023-02-26 20:36:23
4492,37528,14,5,배송이 빨라서 좋았어요.,2022-07-03 12:08:17
4493,37534,8,3,친구한테 선물했는데 좋아합니다.,2022-05-17 11:51:18
4494,37541,120,2,배송이 너무 늦었어요.,2022-03-08 09:30:49
4495,37549,49,1,품질이 생각보다 별로였어요.,2022-02-01 23:41:13
4496,37553,186,1,배송이 너무 늦었어요.,2023-08-29 22:02:12
4497,37566,107,5,배송이 너무 늦었어요.,2022-05-02 03:41:20
4498,37569,189,1,배송이 너무 늦었어요.,2022-10-22 02:45:44
4499,37570,168,4,가격 대비 만족합니다.,2022-07-31 04:26:55
4500,37573,15,2,포장 상태가 아쉬웠습니다.,2023-10-21 16:55:00
4501,37583,195,3,가격 대비 만족합니다.,2022-05-29 06:50:15
4502,37605,133,3,친구한테 선물했는데 좋아합니다.,2023-02-11 22:23:35
4503,37621,20,4,품질이 생각보다 별로였어요.,2024-01-10 21:52:09
4504,37626,16,4,가성비 괜찮네요.,2023-09-18 19:04:40
4505,37633,172,3,재구매 의사 있습니다!,2023-11-18 14:04:58
4506,37638,95,4,품질이 생각보다 별로였어요.,2023-02-19 04:13:47
4507,37641,189,2,품질이 생각보다 별로였어요.,2024-01-03 22:49:24
4508,37644,24,1,재구매 의사 있습니다!,2023-03-08 14:27:56
4509,37645,115,1,포장 상태가 아쉬웠습니다.,2022-12-18 09:38:31
4510,37665,25,5,배송이 빨라서 좋았어요.,2023-05-06 20:21:04
4511,37667,33,1,재구매 의사 있습니다!,2023-02-01 05:54:05
4512,37687,68,4,재구매 의사 있습니다!,2022-12-04 01:15:39
4513,37692,37,4,가격 대비 만족합니다.,2023-10-08 09:29:38
4514,37703,168,3,포장 상태가 아쉬웠습니다.,2022-10-31 03:47:42
4515,37704,112,4,배송이 너무 늦었어요.,2024-01-13 03:58:21
4516,37710,68,2,재구매 의사 있습니다!,2023-08-11 19:51:28
4517,37712,16,1,품질이 생각보다 별로였어요.,2023-09-25 23:59:25
4518,37725,62,2,품질이 생각보다 별로였어요.,2022-07-23 21:19:10
4519,37727,84,4,포장 상태가 아쉬웠습니다.,2023-10-06 20:16:10
4520,37732,109,5,가격 대비 만족합니다.,2022-09-03 11:54:26
4521,37735,72,5,품질이 생각보다 별로였어요.,2023-09-21 09:17:08
4522,37738,33,3,재구매 의사 있습니다!,2023-11-19 06:06:56
4523,37759,177,2,포장 상태가 아쉬웠습니다.,2022-12-28 21:34:22
4524,37764,191,1,배송이 빨라서 좋았어요.,2022-11-01 00:20:52
4525,37793,138,4,배송이 너무 늦었어요.,2022-02-15 11:53:11
4526,37811,94,4,배송이 너무 늦었어요.,2023-04-01 02:44:43
4527,37812,7,3,배송이 빨라서 좋았어요.,2023-01-15 05:40:25
4528,37830,78,5,가격 대비 만족합니다.,2023-08-20 05:51:48
4529,37839,105,5,가성비 괜찮네요.,2022-09-30 16:30:41
4530,37846,171,3,배송이 너무 늦었어요.,2022-02-02 20:58:37
4531,37853,51,2,품질이 생각보다 별로였어요.,2022-04-18 07:40:38
4532,37859,13,1,가격 대비 만족합니다.,2023-08-16 00:12:26
4533,37864,76,4,가성비 괜찮네요.,2023-02-16 20:45:04
4534,37874,141,1,포장 상태가 아쉬웠습니다.,2022-07-23 06:54:38
4535,37896,47,5,배송이 빨라서 좋았어요.,2022-06-01 14:08:00
4536,37903,44,5,가격 대비 만족합니다.,2023-01-23 16:54:43
4537,37904,110,4,배송이 너무 늦었어요.,2023-10-18 08:57:19
4538,37906,36,1,재구매 의사 있습니다!,2022-04-28 07:01:44
4539,37908,110,4,배송이 너무 늦었어요.,2023-12-21 02:33:35
4540,37911,168,1,친구한테 선물했는데 좋아합니다.,2023-08-09 12:38:27
4541,37914,41,2,가격 대비 만족합니다.,2023-02-05 13:27:27
4542,37917,161,5,재구매 의사 있습니다!,2022-06-12 22:57:20
4543,37922,181,1,가격 대비 만족합니다.,2022-07-02 10:13:19
4544,37923,185,5,재구매 의사 있습니다!,2023-03-30 13:04:07
4545,37927,119,3,가성비 괜찮네요.,2023-09-11 23:06:40
4546,37935,135,3,재구매 의사 있습니다!,2023-12-30 07:05:46
4547,37938,38,3,가격 대비 만족합니다.,2023-10-21 04:14:31
4548,37942,56,4,배송이 너무 늦었어요.,2023-05-19 10:14:09
4549,37945,48,1,친구한테 선물했는데 좋아합니다.,2023-07-29 04:46:17
4550,37948,178,4,가격 대비 만족합니다.,2023-01-03 13:30:39
4551,37950,79,4,재구매 의사 있습니다!,2023-06-20 14:07:13
4552,37954,161,5,포장 상태가 아쉬웠습니다.,2022-09-11 16:13:03
4553,37968,97,5,가격 대비 만족합니다.,2022-07-21 04:01:03
4554,37977,44,4,배송이 너무 늦었어요.,2023-06-01 19:26:15
4555,38001,48,4,품질이 생각보다 별로였어요.,2022-04-03 18:15:35
4556,38010,175,5,포장 상태가 아쉬웠습니다.,2022-12-19 23:31:45
4557,38013,113,4,포장 상태가 아쉬웠습니다.,2023-08-03 19:29:44
4558,38014,154,4,가성비 괜찮네요.,2023-04-09 13:31:01
4559,38017,97,4,품질이 생각보다 별로였어요.,2023-06-30 00:46:00
4560,38028,96,1,배송이 빨라서 좋았어요.,2023-12-16 16:05:46
4561,38035,7,4,배송이 너무 늦었어요.,2022-07-24 07:24:59
4562,38050,154,3,친구한테 선물했는데 좋아합니다.,2023-04-21 17:45:39
4563,38052,2,5,가격 대비 만족합니다.,2024-01-13 14:55:42
4564,38054,13,5,친구한테 선물했는데 좋아합니다.,2023-03-16 17:29:25
4565,38083,112,5,품질이 생각보다 별로였어요.,2023-09-17 08:00:07
4566,38092,187,2,품질이 생각보다 별로였어요.,2022-05-14 02:31:39
4567,38097,108,3,가격 대비 만족합니다.,2022-08-12 14:22:35
4568,38105,84,5,가성비 괜찮네요.,2023-02-19 05:42:50
4569,38109,54,5,배송이 너무 늦었어요.,2023-03-04 22:43:24
4570,38123,25,1,품질이 생각보다 별로였어요.,2023-06-03 14:09:18
4571,38131,107,2,포장 상태가 아쉬웠습니다.,2022-04-16 16:12:40
4572,38148,175,2,가성비 괜찮네요.,2023-07-11 13:24:06
4573,38155,100,3,품질이 생각보다 별로였어요.,2022-03-22 18:34:45
4574,38158,184,2,품질이 생각보다 별로였어요.,2022-09-07 00:46:14
4575,38160,126,5,가성비 괜찮네요.,2022-12-25 00:19:53
4576,38177,123,4,가성비 괜찮네요.,2022-10-19 09:02:34
4577,38190,120,2,배송이 너무 늦었어요.,2023-11-01 12:29:01
4578,38191,103,3,가성비 괜찮네요.,2022-12-02 19:30:48
4579,38192,70,5,친구한테 선물했는데 좋아합니다.,2022-11-10 03:31:14
4580,38195,5,3,친구한테 선물했는데 좋아합니다.,2023-08-05 13:25:30
4581,38201,75,1,가성비 괜찮네요.,2022-07-28 19:38:05
4582,38202,132,1,친구한테 선물했는데 좋아합니다.,2023-03-27 23:48:52
4583,38203,12,5,재구매 의사 있습니다!,2023-12-11 02:05:36
4584,38226,79,5,친구한테 선물했는데 좋아합니다.,2023-08-01 21:08:59
4585,38235,180,1,배송이 너무 늦었어요.,2022-09-28 13:10:59
4586,38244,35,2,품질이 생각보다 별로였어요.,2022-04-16 12:55:37
4587,38246,14,4,품질이 생각보다 별로였어요.,2022-03-29 00:46:55
4588,38248,13,5,재구매 의사 있습니다!,2022-05-17 12:40:12
4589,38262,59,5,배송이 빨라서 좋았어요.,2022-10-02 15:22:34
4590,38282,131,2,가격 대비 만족합니다.,2024-01-25 17:07:24
4591,38301,149,4,가성비 괜찮네요.,2022-07-04 20:29:32
4592,38302,21,4,가격 대비 만족합니다.,2023-08-18 00:32:52
4593,38307,112,5,친구한테 선물했는데 좋아합니다.,2023-01-19 03:26:27
4594,38326,103,5,재구매 의사 있습니다!,2023-07-30 06:25:37
4595,38333,49,1,포장 상태가 아쉬웠습니다.,2023-11-19 16:50:42
4596,38338,3,1,가성비 괜찮네요.,2024-01-02 19:29:58
4597,38351,131,4,가성비 괜찮네요.,2023-04-23 07:23:53
4598,38364,18,3,가격 대비 만족합니다.,2022-02-04 12:57:01
4599,38365,165,1,친구한테 선물했는데 좋아합니다.,2023-02-09 10:19:40
4600,38371,95,1,재구매 의사 있습니다!,2023-05-26 23:46:30
4601,38380,171,4,배송이 너무 늦었어요.,2022-02-11 15:30:39
4602,38381,64,5,재구매 의사 있습니다!,2023-06-13 03:37:38
4603,38390,42,2,재구매 의사 있습니다!,2023-09-24 12:26:30
4604,38399,142,2,포장 상태가 아쉬웠습니다.,2022-10-31 22:09:11
4605,38406,112,2,가성비 괜찮네요.,2023-09-18 01:08:19
4606,38409,15,4,친구한테 선물했는데 좋아합니다.,2023-09-03 01:49:14
4607,38411,109,5,가성비 괜찮네요.,2023-08-29 18:33:09
4608,38425,149,3,포장 상태가 아쉬웠습니다.,2022-09-10 15:52:26
4609,38430,102,5,배송이 너무 늦었어요.,2023-03-26 16:17:22
4610,38431,11,1,가격 대비 만족합니다.,2023-03-14 05:45:39
4611,38444,21,2,가격 대비 만족합니다.,2023-10-15 16:53:01
4612,38454,171,4,가격 대비 만족합니다.,2023-10-21 18:40:45
4613,38463,62,4,품질이 생각보다 별로였어요.,2023-11-25 05:53:04
4614,38478,17,1,품질이 생각보다 별로였어요.,2023-04-16 04:25:24
4615,38482,18,4,포장 상태가 아쉬웠습니다.,2023-10-17 13:47:57
4616,38484,88,5,가성비 괜찮네요.,2023-01-30 13:31:36
4617,38491,58,4,배송이 빨라서 좋았어요.,2022-10-15 09:19:35
4618,38498,8,5,재구매 의사 있습니다!,2023-02-03 23:30:17
4619,38516,36,2,배송이 너무 늦었어요.,2024-01-14 04:46:12
4620,38520,129,3,배송이 너무 늦었어요.,2022-06-14 19:28:07
4621,38546,62,5,배송이 빨라서 좋았어요.,2022-09-18 14:16:41
4622,38547,29,5,재구매 의사 있습니다!,2023-07-06 22:31:33
4623,38553,22,5,배송이 너무 늦었어요.,2023-08-02 17:13:40
4624,38554,161,3,친구한테 선물했는데 좋아합니다.,2022-12-18 11:58:07
4625,38580,172,4,배송이 너무 늦었어요.,2023-03-23 18:34:13
4626,38593,79,1,가성비 괜찮네요.,2022-10-28 23:31:04
4627,38605,7,5,품질이 생각보다 별로였어요.,2022-01-21 07:03:27
4628,38608,139,4,재구매 의사 있습니다!,2023-12-22 14:09:29
4629,38610,130,1,배송이 빨라서 좋았어요.,2022-07-08 16:39:42
4630,38611,115,3,재구매 의사 있습니다!,2023-03-12 19:49:21
4631,38620,158,2,배송이 너무 늦었어요.,2023-12-21 19:20:20
4632,38634,200,3,배송이 빨라서 좋았어요.,2023-04-27 06:50:40
4633,38647,167,2,배송이 너무 늦었어요.,2022-09-17 01:26:28
4634,38658,81,4,재구매 의사 있습니다!,2024-01-11 11:57:01
4635,38664,199,2,가성비 괜찮네요.,2022-09-06 09:37:27
4636,38665,125,4,가격 대비 만족합니다.,2023-03-28 14:02:07
4637,38670,92,2,포장 상태가 아쉬웠습니다.,2022-04-15 11:49:42
4638,38677,81,3,배송이 너무 늦었어요.,2022-02-18 00:27:00
4639,38684,126,2,가성비 괜찮네요.,2023-02-02 03:19:27
4640,38686,65,5,친구한테 선물했는데 좋아합니다.,2023-02-05 10:54:05
4641,38692,167,2,재구매 의사 있습니다!,2023-05-23 16:33:32
4642,38710,14,4,품질이 생각보다 별로였어요.,2023-12-05 21:28:01
4643,38711,152,5,친구한테 선물했는데 좋아합니다.,2022-09-11 08:58:09
4644,38721,92,1,재구매 의사 있습니다!,2022-06-04 09:43:14
4645,38729,88,1,배송이 빨라서 좋았어요.,2022-07-20 10:28:29
4646,38733,41,1,가격 대비 만족합니다.,2023-09-27 01:27:46
4647,38750,140,4,가격 대비 만족합니다.,2022-04-24 04:01:42
4648,38759,139,3,재구매 의사 있습니다!,2023-03-20 00:44:25
4649,38761,1,3,포장 상태가 아쉬웠습니다.,2023-12-21 06:57:08
4650,38766,166,4,배송이 빨라서 좋았어요.,2022-08-04 14:33:06
4651,38768,118,2,포장 상태가 아쉬웠습니다.,2023-08-08 03:19:52
4652,38774,33,5,가격 대비 만족합니다.,2023-12-12 01:43:44
4653,38775,82,5,품질이 생각보다 별로였어요.,2022-05-04 21:51:37
4654,38776,152,4,가성비 괜찮네요.,2023-05-21 00:18:31
4655,38779,79,3,친구한테 선물했는데 좋아합니다.,2023-06-11 01:34:42
4656,38789,65,2,가격 대비 만족합니다.,2022-04-20 09:41:41
4657,38791,139,3,배송이 빨라서 좋았어요.,2022-07-09 00:54:13
4658,38792,151,1,배송이 너무 늦었어요.,2023-08-22 09:56:13
4659,38793,134,5,배송이 빨라서 좋았어요.,2023-02-15 01:27:08
4660,38800,187,4,배송이 빨라서 좋았어요.,2022-04-06 09:11:31
4661,38815,45,5,재구매 의사 있습니다!,2023-05-01 11:15:29
4662,38817,199,3,친구한테 선물했는데 좋아합니다.,2023-04-07 22:38:26
4663,38825,83,1,가성비 괜찮네요.,2023-04-25 15:28:10
4664,38837,159,2,친구한테 선물했는데 좋아합니다.,2022-10-20 23:15:15
4665,38842,19,3,배송이 너무 늦었어요.,2023-05-31 15:54:19
4666,38847,58,3,재구매 의사 있습니다!,2022-07-05 02:41:42
4667,38849,44,4,가격 대비 만족합니다.,2022-12-28 00:50:17
4668,38850,44,2,가격 대비 만족합니다.,2022-10-18 10:38:55
4669,38854,112,4,배송이 너무 늦었어요.,2023-06-11 13:29:58
4670,38860,6,5,품질이 생각보다 별로였어요.,2023-10-09 01:18:33
4671,38864,55,3,배송이 빨라서 좋았어요.,2022-05-20 11:26:41
4672,38869,24,5,배송이 빨라서 좋았어요.,2022-12-11 16:12:23
4673,38871,193,4,재구매 의사 있습니다!,2022-12-23 04:54:48
4674,38875,142,3,배송이 빨라서 좋았어요.,2022-09-01 13:00:01
4675,38878,19,1,포장 상태가 아쉬웠습니다.,2022-09-27 00:32:00
4676,38896,85,3,가격 대비 만족합니다.,2023-11-20 04:57:19
4677,38905,108,3,가성비 괜찮네요.,2023-12-28 11:08:16
4678,38906,30,3,포장 상태가 아쉬웠습니다.,2022-01-28 14:00:22
4679,38914,76,3,포장 상태가 아쉬웠습니다.,2023-07-23 10:58:13
4680,38918,59,5,친구한테 선물했는데 좋아합니다.,2023-03-28 21:15:41
4681,38922,81,1,배송이 너무 늦었어요.,2023-07-18 16:43:48
4682,38942,140,1,배송이 너무 늦었어요.,2022-11-14 08:24:35
4683,38944,147,5,가격 대비 만족합니다.,2023-01-12 02:00:42
4684,38948,154,5,배송이 빨라서 좋았어요.,2022-09-08 20:04:43
4685,38951,160,4,가격 대비 만족합니다.,2022-11-10 21:47:28
4686,38957,16,5,배송이 너무 늦었어요.,2023-01-17 00:26:12
4687,38959,151,3,배송이 빨라서 좋았어요.,2023-07-27 17:49:10
4688,38967,110,5,배송이 너무 늦었어요.,2022-03-22 01:17:01
4689,38970,113,3,품질이 생각보다 별로였어요.,2023-06-02 14:16:15
4690,38976,27,2,배송이 너무 늦었어요.,2022-11-24 04:01:22
4691,38982,28,2,포장 상태가 아쉬웠습니다.,2022-12-19 23:52:52
4692,38987,139,2,품질이 생각보다 별로였어요.,2023-10-08 02:23:53
4693,38988,14,3,배송이 너무 늦었어요.,2023-08-23 17:21:22
4694,38992,77,5,재구매 의사 있습니다!,2023-08-24 08:21:54
4695,38994,117,5,포장 상태가 아쉬웠습니다.,2022-03-25 11:22:10
4696,39006,15,2,가성비 괜찮네요.,2023-12-21 06:44:52
4697,39010,88,3,친구한테 선물했는데 좋아합니다.,2023-04-13 23:14:11
4698,39028,200,1,가성비 괜찮네요.,2023-10-27 16:58:54
4699,39038,34,1,가성비 괜찮네요.,2023-06-26 11:51:07
4700,39043,69,5,친구한테 선물했는데 좋아합니다.,2023-05-29 02:43:28
4701,39070,148,5,품질이 생각보다 별로였어요.,2023-10-09 04:55:53
4702,39083,130,1,친구한테 선물했는데 좋아합니다.,2023-07-16 06:50:51
4703,39107,190,1,가성비 괜찮네요.,2023-04-18 18:51:31
4704,39112,6,3,친구한테 선물했는데 좋아합니다.,2023-09-15 09:15:29
4705,39113,187,3,가격 대비 만족합니다.,2022-07-09 14:16:17
4706,39114,139,5,가성비 괜찮네요.,2023-05-02 19:45:20
4707,39116,153,3,친구한테 선물했는데 좋아합니다.,2022-02-20 05:41:36
4708,39117,132,5,배송이 빨라서 좋았어요.,2022-08-19 22:47:01
4709,39151,48,3,품질이 생각보다 별로였어요.,2022-04-16 02:24:11
4710,39158,90,4,재구매 의사 있습니다!,2022-01-10 16:44:50
4711,39159,167,2,친구한테 선물했는데 좋아합니다.,2022-09-12 08:14:24
4712,39161,4,4,배송이 빨라서 좋았어요.,2022-07-23 22:46:22
4713,39166,153,1,배송이 너무 늦었어요.,2023-05-18 05:33:31
4714,39169,196,4,가성비 괜찮네요.,2023-11-20 16:13:48
4715,39171,49,1,배송이 빨라서 좋았어요.,2022-09-07 09:10:59
4716,39172,150,2,배송이 너무 늦었어요.,2022-06-13 11:27:27
4717,39180,80,2,친구한테 선물했는데 좋아합니다.,2022-01-26 01:30:30
4718,39186,169,2,친구한테 선물했는데 좋아합니다.,2023-11-24 18:49:46
4719,39203,43,5,포장 상태가 아쉬웠습니다.,2023-08-18 23:49:30
4720,39204,150,2,가성비 괜찮네요.,2022-12-02 15:04:13
4721,39213,138,1,배송이 너무 늦었어요.,2023-10-11 07:40:53
4722,39222,138,3,가성비 괜찮네요.,2022-04-21 09:20:37
4723,39232,151,4,포장 상태가 아쉬웠습니다.,2023-12-30 15:38:58
4724,39235,176,5,친구한테 선물했는데 좋아합니다.,2023-12-01 10:51:32
4725,39237,110,5,품질이 생각보다 별로였어요.,2022-06-08 19:43:34
4726,39239,155,4,친구한테 선물했는데 좋아합니다.,2022-11-10 16:22:17
4727,39244,99,1,친구한테 선물했는데 좋아합니다.,2022-12-04 11:49:30
4728,39249,81,2,배송이 너무 늦었어요.,2022-10-02 14:25:59
4729,39252,144,1,가성비 괜찮네요.,2023-02-06 18:44:31
4730,39254,13,2,배송이 빨라서 좋았어요.,2023-05-06 04:20:34
4731,39259,89,4,가성비 괜찮네요.,2023-05-24 22:34:34
4732,39270,97,3,포장 상태가 아쉬웠습니다.,2023-07-07 13:48:28
4733,39280,130,4,배송이 너무 늦었어요.,2022-06-30 12:56:33
4734,39290,91,4,친구한테 선물했는데 좋아합니다.,2022-05-08 09:07:02
4735,39298,46,2,포장 상태가 아쉬웠습니다.,2022-12-31 14:32:56
4736,39302,200,5,품질이 생각보다 별로였어요.,2023-10-15 11:12:23
4737,39309,125,5,포장 상태가 아쉬웠습니다.,2023-03-28 18:43:02
4738,39313,74,4,품질이 생각보다 별로였어요.,2023-01-10 18:20:11
4739,39321,30,4,배송이 너무 늦었어요.,2023-01-01 21:08:08
4740,39332,150,1,포장 상태가 아쉬웠습니다.,2023-06-29 12:56:48
4741,39338,175,1,배송이 빨라서 좋았어요.,2022-01-11 19:49:43
4742,39342,189,1,친구한테 선물했는데 좋아합니다.,2023-01-13 21:05:34
4743,39346,132,4,친구한테 선물했는데 좋아합니다.,2023-07-20 14:03:22
4744,39349,179,2,포장 상태가 아쉬웠습니다.,2022-08-12 05:13:00
4745,39351,35,4,품질이 생각보다 별로였어요.,2022-08-13 01:18:09
4746,39361,5,2,품질이 생각보다 별로였어요.,2022-07-05 23:50:40
4747,39362,138,2,재구매 의사 있습니다!,2022-07-25 22:33:25
4748,39381,24,1,배송이 너무 늦었어요.,2022-04-17 03:15:21
4749,39385,79,5,품질이 생각보다 별로였어요.,2022-12-04 04:13:54
4750,39403,88,3,가격 대비 만족합니다.,2022-11-26 14:44:06
4751,39410,11,1,친구한테 선물했는데 좋아합니다.,2022-07-08 07:45:34
4752,39418,6,4,포장 상태가 아쉬웠습니다.,2022-11-29 20:16:35
4753,39424,185,2,가성비 괜찮네요.,2023-12-20 17:28:56
4754,39428,193,4,배송이 너무 늦었어요.,2022-11-17 05:15:17
4755,39430,95,3,재구매 의사 있습니다!,2022-05-14 04:09:30
4756,39431,90,1,재구매 의사 있습니다!,2022-11-11 15:17:43
4757,39434,71,5,배송이 빨라서 좋았어요.,2022-08-01 17:49:07
4758,39436,92,1,배송이 너무 늦었어요.,2022-03-07 23:32:01
4759,39440,163,3,친구한테 선물했는데 좋아합니다.,2022-03-27 19:14:25
4760,39461,102,5,재구매 의사 있습니다!,2024-01-01 03:39:10
4761,39464,5,1,재구매 의사 있습니다!,2023-11-26 21:33:45
4762,39467,144,3,포장 상태가 아쉬웠습니다.,2024-01-02 11:04:01
4763,39469,90,3,가성비 괜찮네요.,2023-10-28 21:36:15
4764,39473,124,3,품질이 생각보다 별로였어요.,2022-04-02 04:25:41
4765,39480,40,4,배송이 빨라서 좋았어요.,2023-09-25 09:31:31
4766,39481,196,5,친구한테 선물했는데 좋아합니다.,2022-12-01 10:53:41
4767,39485,121,2,가격 대비 만족합니다.,2022-04-03 20:40:41
4768,39486,80,3,재구매 의사 있습니다!,2022-01-27 03:32:28
4769,39501,59,3,포장 상태가 아쉬웠습니다.,2022-04-23 13:32:42
4770,39502,199,3,품질이 생각보다 별로였어요.,2024-01-19 00:59:34
4771,39511,83,3,가격 대비 만족합니다.,2022-04-02 18:40:05
4772,39516,103,4,포장 상태가 아쉬웠습니다.,2023-07-27 19:42:04
4773,39517,30,2,가성비 괜찮네요.,2023-06-16 09:57:44
4774,39524,135,4,친구한테 선물했는데 좋아합니다.,2023-05-25 11:22:38
4775,39527,196,2,재구매 의사 있습니다!,2023-02-27 20:22:22
4776,39534,82,3,가격 대비 만족합니다.,2022-09-06 04:50:19
4777,39539,170,5,재구매 의사 있습니다!,2022-07-27 03:04:53
4778,39545,45,2,품질이 생각보다 별로였어요.,2022-01-26 23:31:58
4779,39554,37,2,배송이 빨라서 좋았어요.,2022-09-18 12:46:42
4780,39565,155,4,친구한테 선물했는데 좋아합니다.,2022-05-29 12:06:31
4781,39567,164,3,가격 대비 만족합니다.,2022-03-25 10:43:37
4782,39571,147,4,재구매 의사 있습니다!,2022-10-04 16:57:04
4783,39583,185,3,배송이 너무 늦었어요.,2023-03-04 04:34:00
4784,39601,151,1,품질이 생각보다 별로였어요.,2022-11-17 13:15:08
4785,39610,80,2,품질이 생각보다 별로였어요.,2023-06-13 20:49:00
4786,39622,131,1,배송이 빨라서 좋았어요.,2022-10-24 18:48:58
4787,39634,90,5,배송이 너무 늦었어요.,2022-03-02 21:06:55
4788,39649,56,2,배송이 너무 늦었어요.,2023-09-23 15:32:51
4789,39661,139,2,재구매 의사 있습니다!,2023-11-30 12:59:04
4790,39668,193,2,재구매 의사 있습니다!,2022-06-10 09:32:05
4791,39680,73,5,품질이 생각보다 별로였어요.,2022-10-22 03:52:10
4792,39690,14,3,가성비 괜찮네요.,2022-06-21 00:39:12
4793,39698,146,5,배송이 너무 늦었어요.,2022-09-18 04:00:19
4794,39702,78,3,친구한테 선물했는데 좋아합니다.,2023-11-15 19:43:45
4795,39708,110,4,친구한테 선물했는데 좋아합니다.,2024-01-10 13:54:45
4796,39718,153,1,가격 대비 만족합니다.,2023-02-14 23:31:05
4797,39729,96,2,배송이 빨라서 좋았어요.,2023-09-29 10:57:56
4798,39750,118,2,가격 대비 만족합니다.,2023-11-26 07:24:28
4799,39766,84,3,재구매 의사 있습니다!,2022-09-11 01:10:19
4800,39768,177,4,재구매 의사 있습니다!,2022-10-04 17:05:04
4801,39784,148,1,포장 상태가 아쉬웠습니다.,2023-04-17 07:23:37
4802,39792,123,3,가격 대비 만족합니다.,2022-10-07 07:29:43
4803,39806,163,3,가격 대비 만족합니다.,2022-02-01 16:12:05
4804,39817,105,1,품질이 생각보다 별로였어요.,2022-04-23 00:33:08
4805,39837,158,1,재구매 의사 있습니다!,2023-09-15 19:48:28
4806,39868,85,2,가성비 괜찮네요.,2023-09-01 07:03:40
4807,39869,19,5,배송이 너무 늦었어요.,2023-05-30 04:56:59
4808,39881,8,4,배송이 빨라서 좋았어요.,2023-11-22 15:48:07
4809,39891,196,4,배송이 너무 늦었어요.,2023-06-03 07:14:33
4810,39896,43,5,품질이 생각보다 별로였어요.,2022-11-17 20:17:37
4811,39924,15,4,친구한테 선물했는데 좋아합니다.,2022-02-23 11:52:48
4812,39925,104,5,재구매 의사 있습니다!,2022-03-17 06:18:41
4813,39943,52,2,포장 상태가 아쉬웠습니다.,2022-04-01 13:29:03
4814,39944,116,1,친구한테 선물했는데 좋아합니다.,2023-09-16 12:00:36
4815,39947,103,1,가격 대비 만족합니다.,2023-07-03 16:36:22
4816,39957,118,2,가격 대비 만족합니다.,2022-07-10 12:45:27
4817,39965,146,1,가성비 괜찮네요.,2022-01-22 20:57:23
4818,39966,145,5,포장 상태가 아쉬웠습니다.,2023-03-02 20:13:56
4819,39976,102,4,친구한테 선물했는데 좋아합니다.,2022-07-28 15:37:47
4820,39980,9,5,재구매 의사 있습니다!,2022-05-24 19:25:47
4821,39989,42,2,품질이 생각보다 별로였어요.,2022-04-20 14:10:03
4822,39997,93,2,친구한테 선물했는데 좋아합니다.,2022-03-13 14:48:16
4823,39999,35,4,가성비 괜찮네요.,2022-01-31 15:10:43
4824,40011,194,5,친구한테 선물했는데 좋아합니다.,2022-05-06 21:10:37
4825,40048,136,2,친구한테 선물했는데 좋아합니다.,2023-02-18 20:18:34
4826,40054,179,1,품질이 생각보다 별로였어요.,2023-05-14 09:57:02
4827,40058,8,2,친구한테 선물했는데 좋아합니다.,2022-11-20 02:54:27
4828,40061,26,3,친구한테 선물했는데 좋아합니다.,2023-12-21 17:16:31
4829,40066,47,4,품질이 생각보다 별로였어요.,2022-11-18 12:39:14
4830,40088,61,4,가성비 괜찮네요.,2022-05-21 23:59:31
4831,40100,19,1,배송이 너무 늦었어요.,2022-09-06 07:00:10
4832,40102,95,3,포장 상태가 아쉬웠습니다.,2023-06-12 19:03:06
4833,40103,25,4,가성비 괜찮네요.,2022-05-03 02:04:16
4834,40104,36,2,재구매 의사 있습니다!,2022-12-15 17:10:08
4835,40111,83,2,품질이 생각보다 별로였어요.,2023-01-08 07:52:28
4836,40139,183,4,배송이 빨라서 좋았어요.,2022-08-23 15:54:45
4837,40151,20,5,품질이 생각보다 별로였어요.,2024-01-01 14:22:17
4838,40155,177,2,가성비 괜찮네요.,2022-06-27 06:42:47
4839,40156,149,4,재구매 의사 있습니다!,2022-11-22 16:21:24
4840,40174,176,2,가격 대비 만족합니다.,2022-11-17 13:59:56
4841,40206,125,3,품질이 생각보다 별로였어요.,2023-10-20 16:37:54
4842,40209,9,1,친구한테 선물했는데 좋아합니다.,2022-03-01 11:27:40
4843,40224,14,4,가격 대비 만족합니다.,2022-10-09 17:01:24
4844,40228,20,3,재구매 의사 있습니다!,2023-04-04 14:54:56
4845,40232,118,4,가성비 괜찮네요.,2022-02-18 00:09:02
4846,40237,198,3,배송이 빨라서 좋았어요.,2022-06-29 04:46:33
4847,40238,114,2,배송이 빨라서 좋았어요.,2023-12-31 01:39:11
4848,40246,84,1,배송이 빨라서 좋았어요.,2022-04-18 07:13:48
4849,40250,95,1,배송이 빨라서 좋았어요.,2023-03-22 15:52:12
4850,40267,109,5,배송이 너무 늦었어요.,2023-08-12 20:52:30
4851,40282,27,3,친구한테 선물했는데 좋아합니다.,2022-05-31 21:17:15
4852,40290,143,5,포장 상태가 아쉬웠습니다.,2023-05-06 13:09:11
4853,40291,102,1,품질이 생각보다 별로였어요.,2022-10-27 14:03:57
4854,40294,112,3,포장 상태가 아쉬웠습니다.,2023-12-13 13:57:51
4855,40299,40,1,배송이 너무 늦었어요.,2022-07-16 18:40:55
4856,40310,2,2,친구한테 선물했는데 좋아합니다.,2023-03-01 11:37:23
4857,40315,35,2,배송이 너무 늦었어요.,2023-10-21 14:34:08
4858,40333,152,4,가격 대비 만족합니다.,2023-11-10 14:05:39
4859,40337,122,3,배송이 빨라서 좋았어요.,2022-12-05 10:17:48
4860,40338,190,1,재구매 의사 있습니다!,2023-07-01 10:33:30
4861,40350,109,1,가격 대비 만족합니다.,2022-07-19 04:18:15
4862,40356,178,1,품질이 생각보다 별로였어요.,2023-07-13 07:41:09
4863,40359,122,5,가성비 괜찮네요.,2023-11-22 20:07:34
4864,40369,105,5,친구한테 선물했는데 좋아합니다.,2023-11-21 21:12:59
4865,40381,107,2,품질이 생각보다 별로였어요.,2022-12-28 14:35:51
4866,40413,112,3,품질이 생각보다 별로였어요.,2022-02-07 15:07:55
4867,40418,154,1,품질이 생각보다 별로였어요.,2023-05-17 17:30:38
4868,40433,189,3,친구한테 선물했는데 좋아합니다.,2023-11-09 08:11:16
4869,40438,6,3,가격 대비 만족합니다.,2022-12-21 02:24:34
4870,40444,192,5,배송이 너무 늦었어요.,2022-12-11 03:57:50
4871,40451,144,1,재구매 의사 있습니다!,2022-09-13 21:54:36
4872,40457,30,5,품질이 생각보다 별로였어요.,2023-12-29 11:31:02
4873,40466,9,3,가성비 괜찮네요.,2022-06-03 20:03:37
4874,40473,126,1,가격 대비 만족합니다.,2022-08-21 05:47:06
4875,40477,32,1,가성비 괜찮네요.,2023-09-05 06:26:41
4876,40486,95,5,배송이 빨라서 좋았어요.,2023-12-21 00:30:51
4877,40497,72,2,배송이 너무 늦었어요.,2022-12-22 09:38:02
4878,40503,31,2,품질이 생각보다 별로였어요.,2023-09-17 00:33:25
4879,40518,113,3,배송이 빨라서 좋았어요.,2023-04-01 23:45:23
4880,40525,64,5,배송이 너무 늦었어요.,2022-10-28 02:56:08
4881,40529,133,3,가격 대비 만족합니다.,2022-03-21 13:07:22
4882,40535,154,1,친구한테 선물했는데 좋아합니다.,2022-01-18 19:45:09
4883,40547,198,3,포장 상태가 아쉬웠습니다.,2022-11-20 09:45:32
4884,40564,13,4,재구매 의사 있습니다!,2022-02-19 18:03:11
4885,40583,162,5,품질이 생각보다 별로였어요.,2023-01-08 14:03:35
4886,40589,77,3,포장 상태가 아쉬웠습니다.,2022-09-07 06:16:08
4887,40590,127,3,배송이 빨라서 좋았어요.,2022-05-21 22:32:02
4888,40592,179,1,포장 상태가 아쉬웠습니다.,2022-01-07 17:33:47
4889,40600,55,2,포장 상태가 아쉬웠습니다.,2023-08-04 03:48:36
4890,40604,198,1,품질이 생각보다 별로였어요.,2023-12-02 15:30:17
4891,40622,90,2,품질이 생각보다 별로였어요.,2023-06-04 08:26:04
4892,40625,197,3,가성비 괜찮네요.,2022-12-12 11:34:27
4893,40630,183,1,배송이 너무 늦었어요.,2022-05-03 14:38:07
4894,40636,110,5,가성비 괜찮네요.,2022-10-04 06:27:55
4895,40641,157,5,포장 상태가 아쉬웠습니다.,2022-02-17 03:43:39
4896,40645,157,4,품질이 생각보다 별로였어요.,2023-05-09 14:41:55
4897,40660,88,1,배송이 너무 늦었어요.,2022-10-08 18:39:01
4898,40665,2,3,배송이 빨라서 좋았어요.,2022-01-28 15:31:25
4899,40693,34,4,배송이 빨라서 좋았어요.,2023-07-09 11:29:14
4900,40723,86,3,가성비 괜찮네요.,2022-07-08 02:47:40
4901,40726,150,2,친구한테 선물했는데 좋아합니다.,2022-08-02 01:52:34
4902,40728,108,1,배송이 빨라서 좋았어요.,2022-02-06 07:24:58
4903,40733,30,1,포장 상태가 아쉬웠습니다.,2023-09-11 23:21:01
4904,40737,91,5,배송이 빨라서 좋았어요.,2023-08-21 00:33:20
4905,40759,159,4,가성비 괜찮네요.,2023-07-30 14:52:01
4906,40768,27,3,배송이 빨라서 좋았어요.,2022-05-31 13:41:45
4907,40784,198,4,포장 상태가 아쉬웠습니다.,2023-04-05 14:29:28
4908,40791,115,2,배송이 빨라서 좋았어요.,2023-05-23 09:48:50
4909,40795,140,5,재구매 의사 있습니다!,2022-09-20 15:54:15
4910,40833,126,3,가성비 괜찮네요.,2022-05-25 04:47:52
4911,40839,185,3,재구매 의사 있습니다!,2023-01-25 00:43:36
4912,40854,160,4,가성비 괜찮네요.,2023-09-17 17:38:32
4913,40869,11,2,재구매 의사 있습니다!,2022-09-08 01:38:11
4914,40884,71,4,배송이 빨라서 좋았어요.,2023-10-09 08:46:42
4915,40893,130,3,가성비 괜찮네요.,2022-06-01 04:27:36
4916,40912,30,1,품질이 생각보다 별로였어요.,2023-10-30 05:20:38
4917,40920,110,4,배송이 빨라서 좋았어요.,2022-11-12 14:05:30
4918,40933,38,1,가성비 괜찮네요.,2023-06-26 09:00:23
4919,40938,157,3,배송이 빨라서 좋았어요.,2024-01-04 03:03:56
4920,40955,84,5,가격 대비 만족합니다.,2022-07-13 11:17:25
4921,40957,190,5,재구매 의사 있습니다!,2023-09-14 19:32:43
4922,40960,142,1,배송이 빨라서 좋았어요.,2023-06-29 15:27:00
4923,40964,62,2,배송이 너무 늦었어요.,2023-10-01 09:12:18
4924,40984,133,2,재구매 의사 있습니다!,2023-10-21 14:58:14
4925,40990,124,1,가성비 괜찮네요.,2023-11-03 08:49:15
4926,40996,132,1,재구매 의사 있습니다!,2023-02-27 13:15:09
4927,41005,108,1,배송이 너무 늦었어요.,2022-06-14 08:59:24
4928,41035,133,2,친구한테 선물했는데 좋아합니다.,2022-05-09 12:57:34
4929,41043,143,3,가성비 괜찮네요.,2022-05-12 05:55:33
4930,41064,89,1,친구한테 선물했는데 좋아합니다.,2023-10-14 09:08:57
4931,41069,191,2,배송이 빨라서 좋았어요.,2022-05-22 04:56:40
4932,41071,181,5,재구매 의사 있습니다!,2023-11-23 03:21:17
4933,41087,27,5,가성비 괜찮네요.,2022-04-01 06:33:53
4934,41098,190,1,친구한테 선물했는데 좋아합니다.,2022-11-20 05:58:06
4935,41112,84,5,재구매 의사 있습니다!,2023-09-29 10:29:10
4936,41113,87,2,배송이 너무 늦었어요.,2022-10-14 09:45:42
4937,41132,24,1,배송이 너무 늦었어요.,2022-01-21 02:23:33
4938,41136,172,5,재구매 의사 있습니다!,2022-09-17 20:22:00
4939,41141,108,4,가격 대비 만족합니다.,2022-02-19 00:57:37
4940,41146,97,4,가격 대비 만족합니다.,2023-07-02 17:55:28
4941,41150,142,2,배송이 너무 늦었어요.,2022-04-01 21:48:45
4942,41151,119,3,친구한테 선물했는데 좋아합니다.,2023-09-15 09:16:57
4943,41162,84,4,배송이 너무 늦었어요.,2023-01-24 20:13:48
4944,41165,51,1,가성비 괜찮네요.,2023-05-18 01:38:28
4945,41176,25,2,배송이 빨라서 좋았어요.,2022-03-21 09:33:37
4946,41179,193,2,배송이 빨라서 좋았어요.,2023-01-18 21:59:56
4947,41183,30,2,가격 대비 만족합니다.,2023-05-12 04:38:59
4948,41186,197,2,가격 대비 만족합니다.,2023-07-13 08:29:09
4949,41196,198,2,포장 상태가 아쉬웠습니다.,2023-12-03 21:42:57
4950,41204,23,5,품질이 생각보다 별로였어요.,2022-08-20 11:51:33
4951,41209,34,2,포장 상태가 아쉬웠습니다.,2022-06-23 05:23:22
4952,41215,87,3,가성비 괜찮네요.,2022-07-28 12:41:21
4953,41229,129,2,친구한테 선물했는데 좋아합니다.,2023-06-16 00:04:36
4954,41252,191,4,배송이 너무 늦었어요.,2023-12-29 10:55:44
4955,41256,17,3,배송이 빨라서 좋았어요.,2023-01-23 10:42:39
4956,41259,134,4,가성비 괜찮네요.,2024-01-09 08:54:59
4957,41283,82,4,배송이 너무 늦었어요.,2022-10-18 10:27:28
4958,41286,135,5,배송이 빨라서 좋았어요.,2023-02-23 22:45:11
4959,41299,194,4,가성비 괜찮네요.,2022-05-12 00:02:42
4960,41303,47,4,배송이 빨라서 좋았어요.,2023-09-16 04:20:57
4961,41327,110,1,친구한테 선물했는데 좋아합니다.,2023-09-29 03:32:07
4962,41329,144,5,배송이 너무 늦었어요.,2022-05-22 08:22:51
4963,41333,155,2,가격 대비 만족합니다.,2022-05-05 12:20:26
4964,41340,79,4,배송이 빨라서 좋았어요.,2022-03-08 00:23:06
4965,41344,147,3,재구매 의사 있습니다!,2022-03-21 22:33:59
4966,41345,28,2,친구한테 선물했는데 좋아합니다.,2023-07-08 00:30:30
4967,41367,22,2,재구매 의사 있습니다!,2022-03-08 11:06:07
4968,41371,81,5,배송이 너무 늦었어요.,2023-10-13 11:13:53
4969,41381,135,1,가성비 괜찮네요.,2023-01-21 17:34:28
4970,41384,22,2,배송이 빨라서 좋았어요.,2022-06-10 00:29:47
4971,41390,110,1,품질이 생각보다 별로였어요.,2022-07-07 11:47:24
4972,41395,77,3,품질이 생각보다 별로였어요.,2023-10-04 16:47:21
4973,41401,134,2,배송이 너무 늦었어요.,2023-08-05 05:11:56
4974,41404,128,5,포장 상태가 아쉬웠습니다.,2023-12-20 01:41:24
4975,41409,67,1,배송이 너무 늦었어요.,2023-04-01 19:12:00
4976,41458,160,1,가격 대비 만족합니다.,2023-07-21 07:17:31
4977,41471,130,3,가성비 괜찮네요.,2023-07-13 00:35:37
4978,41475,33,5,포장 상태가 아쉬웠습니다.,2023-03-11 07:02:17
4979,41477,26,2,재구매 의사 있습니다!,2023-10-06 02:24:07
4980,41483,110,5,포장 상태가 아쉬웠습니다.,2023-06-12 13:54:06
4981,41493,151,2,품질이 생각보다 별로였어요.,2022-08-04 09:51:41
4982,41502,133,4,배송이 너무 늦었어요.,2023-12-21 13:59:49
4983,41510,159,2,품질이 생각보다 별로였어요.,2023-03-23 19:31:01
4984,41517,172,1,품질이 생각보다 별로였어요.,2022-12-24 10:29:23
4985,41537,82,2,재구매 의사 있습니다!,2022-02-22 16:38:34
4986,41542,42,4,품질이 생각보다 별로였어요.,2022-07-20 19:21:30
4987,41559,120,3,배송이 너무 늦었어요.,2022-01-15 23:03:10
4988,41560,142,3,가격 대비 만족합니다.,2022-10-19 10:55:06
4989,41602,2,2,포장 상태가 아쉬웠습니다.,2024-01-23 14:36:49
4990,41612,110,2,품질이 생각보다 별로였어요.,2023-10-03 04:41:48
4991,41614,95,5,배송이 너무 늦었어요.,2023-03-04 06:54:04
4992,41622,120,2,포장 상태가 아쉬웠습니다.,2022-05-02 19:27:28
4993,41627,146,1,배송이 너무 늦었어요.,2023-04-07 20:30:11
4994,41635,94,2,친구한테 선물했는데 좋아합니다.,2023-08-13 17:25:14
4995,41638,95,4,가격 대비 만족합니다.,2022-02-27 09:26:14
4996,41652,148,1,친구한테 선물했는데 좋아합니다.,2023-12-21 20:54:10
4997,41661,52,2,재구매 의사 있습니다!,2022-11-27 04:21:34
4998,41680,17,2,배송이 빨라서 좋았어요.,2022-07-06 11:22:10
4999,41697,37,1,가성비 괜찮네요.,2022-04-06 04:26:03
5000,41700,33,3,포장 상태가 아쉬웠습니다.,2023-09-16 00:02:19
5001,41703,37,2,가격 대비 만족합니다.,2022-03-02 05:44:02
5002,41710,61,1,품질이 생각보다 별로였어요.,2022-08-03 08:58:14
5003,41717,37,3,포장 상태가 아쉬웠습니다.,2022-06-09 18:03:18
5004,41750,158,2,배송이 빨라서 좋았어요.,2023-12-07 19:27:03
5005,41755,142,2,배송이 너무 늦었어요.,2023-03-10 14:45:28
5006,41761,57,4,친구한테 선물했는데 좋아합니다.,2023-10-10 05:32:30
5007,41762,65,1,친구한테 선물했는데 좋아합니다.,2023-07-21 07:30:28
5008,41775,96,1,품질이 생각보다 별로였어요.,2023-06-13 22:17:42
5009,41784,39,3,친구한테 선물했는데 좋아합니다.,2023-01-07 20:39:29
5010,41794,89,5,가성비 괜찮네요.,2022-11-09 01:02:05
5011,41797,107,3,포장 상태가 아쉬웠습니다.,2023-01-22 16:09:37
5012,41807,67,5,가격 대비 만족합니다.,2022-07-22 22:48:26
5013,41819,67,1,가격 대비 만족합니다.,2023-09-19 06:51:50
5014,41823,35,1,가격 대비 만족합니다.,2022-10-03 13:32:37
5015,41871,118,2,배송이 너무 늦었어요.,2022-10-31 23:36:14
5016,41873,23,3,배송이 너무 늦었어요.,2022-10-31 05:05:47
5017,41882,136,5,포장 상태가 아쉬웠습니다.,2022-12-25 02:09:58
5018,41886,65,2,가성비 괜찮네요.,2022-10-11 21:51:34
5019,41889,193,5,재구매 의사 있습니다!,2022-05-26 15:02:00
5020,41893,126,4,가격 대비 만족합니다.,2022-12-13 21:57:07
5021,41895,91,2,재구매 의사 있습니다!,2022-10-10 23:53:23
5022,41898,34,5,포장 상태가 아쉬웠습니다.,2022-08-16 03:26:48
5023,41912,15,1,배송이 너무 늦었어요.,2023-12-27 04:20:05
5024,41913,68,3,포장 상태가 아쉬웠습니다.,2023-09-28 19:57:17
5025,41924,27,4,배송이 너무 늦었어요.,2023-07-29 17:56:00
5026,41934,125,5,배송이 너무 늦었어요.,2023-07-14 09:22:45
5027,41957,15,4,배송이 빨라서 좋았어요.,2022-05-01 08:03:55
5028,41958,57,5,배송이 빨라서 좋았어요.,2022-05-27 17:35:42
5029,41963,187,1,배송이 너무 늦었어요.,2023-02-18 12:40:06
5030,41967,197,5,배송이 빨라서 좋았어요.,2023-10-01 15:32:17
5031,41968,9,3,배송이 빨라서 좋았어요.,2022-10-28 07:55:35
5032,41977,161,2,친구한테 선물했는데 좋아합니다.,2022-03-09 06:53:49
5033,41980,112,5,포장 상태가 아쉬웠습니다.,2022-10-06 02:08:05
5034,41983,162,4,배송이 빨라서 좋았어요.,2022-08-01 09:02:04
5035,41989,183,1,가성비 괜찮네요.,2022-12-05 01:59:48
5036,41991,134,2,가성비 괜찮네요.,2022-10-20 12:08:30
5037,41993,125,3,배송이 빨라서 좋았어요.,2022-09-11 14:11:02
5038,41995,128,5,품질이 생각보다 별로였어요.,2023-11-23 19:56:19
5039,42009,60,5,품질이 생각보다 별로였어요.,2023-07-16 23:35:55
5040,42018,97,2,가격 대비 만족합니다.,2022-05-31 21:58:35
5041,42027,30,4,품질이 생각보다 별로였어요.,2022-03-10 19:29:01
5042,42036,94,4,배송이 너무 늦었어요.,2022-10-11 20:54:45
5043,42057,1,3,가성비 괜찮네요.,2022-12-11 12:20:29
5044,42067,105,4,재구매 의사 있습니다!,2023-07-09 19:52:16
5045,42072,115,3,가격 대비 만족합니다.,2023-07-11 01:11:56
5046,42074,31,5,배송이 빨라서 좋았어요.,2023-01-16 21:33:00
5047,42091,4,4,포장 상태가 아쉬웠습니다.,2023-08-23 23:20:14
5048,42101,138,2,가성비 괜찮네요.,2022-10-19 15:48:54
5049,42116,195,5,배송이 빨라서 좋았어요.,2022-06-25 10:43:40
5050,42117,81,4,가성비 괜찮네요.,2023-08-29 22:24:25
5051,42124,159,1,배송이 너무 늦었어요.,2022-03-18 16:41:05
5052,42150,88,3,가성비 괜찮네요.,2022-09-18 16:52:16
5053,42193,157,2,가격 대비 만족합니다.,2022-04-09 01:50:19
5054,42198,13,3,가성비 괜찮네요.,2022-10-26 13:10:23
5055,42202,150,2,품질이 생각보다 별로였어요.,2023-12-17 16:53:39
5056,42211,4,3,배송이 빨라서 좋았어요.,2023-02-15 12:47:40
5057,42215,176,4,배송이 너무 늦었어요.,2023-11-27 12:38:03
5058,42216,130,2,품질이 생각보다 별로였어요.,2023-06-07 04:31:01
5059,42221,185,4,포장 상태가 아쉬웠습니다.,2022-07-01 03:46:27
5060,42226,59,1,가성비 괜찮네요.,2023-02-15 21:48:25
5061,42262,119,2,가격 대비 만족합니다.,2023-02-12 14:47:37
5062,42263,164,2,배송이 빨라서 좋았어요.,2022-06-29 00:43:03
5063,42293,23,4,재구매 의사 있습니다!,2023-02-10 22:39:30
5064,42313,20,1,배송이 너무 늦었어요.,2023-04-10 08:42:38
5065,42329,1,4,가성비 괜찮네요.,2022-10-13 21:40:36
5066,42334,50,4,포장 상태가 아쉬웠습니다.,2023-01-01 23:02:03
5067,42336,88,4,포장 상태가 아쉬웠습니다.,2022-10-22 23:02:05
5068,42343,52,5,품질이 생각보다 별로였어요.,2023-03-10 19:04:23
5069,42363,128,4,배송이 너무 늦었어요.,2023-09-19 19:57:37
5070,42366,86,5,친구한테 선물했는데 좋아합니다.,2022-04-04 00:48:53
5071,42374,116,4,가성비 괜찮네요.,2022-03-02 19:21:10
5072,42395,14,5,가성비 괜찮네요.,2022-08-12 05:43:15
5073,42400,97,1,배송이 너무 늦었어요.,2023-01-11 01:15:14
5074,42406,93,5,배송이 빨라서 좋았어요.,2022-08-02 09:32:36
5075,42408,23,1,가격 대비 만족합니다.,2023-09-22 23:27:44
5076,42409,17,5,재구매 의사 있습니다!,2022-02-03 09:44:01
5077,42412,21,3,재구매 의사 있습니다!,2022-06-26 23:47:30
5078,42435,3,1,가성비 괜찮네요.,2022-10-20 18:12:36
5079,42438,176,5,친구한테 선물했는데 좋아합니다.,2022-09-17 03:20:35
5080,42440,140,4,포장 상태가 아쉬웠습니다.,2023-08-17 15:55:40
5081,42456,74,4,재구매 의사 있습니다!,2023-06-08 02:10:28
5082,42477,39,3,재구매 의사 있습니다!,2022-03-18 13:05:16
5083,42478,74,2,포장 상태가 아쉬웠습니다.,2023-10-06 23:03:44
5084,42507,105,3,포장 상태가 아쉬웠습니다.,2022-12-09 03:37:24
5085,42508,142,2,친구한테 선물했는데 좋아합니다.,2022-02-14 19:25:00
5086,42509,189,1,품질이 생각보다 별로였어요.,2022-11-26 02:10:19
5087,42518,86,1,가격 대비 만족합니다.,2024-01-02 04:09:36
5088,42521,47,1,포장 상태가 아쉬웠습니다.,2024-01-11 03:54:23
5089,42523,188,5,배송이 빨라서 좋았어요.,2022-07-04 23:47:19
5090,42527,162,4,재구매 의사 있습니다!,2022-11-06 08:09:06
5091,42533,132,1,포장 상태가 아쉬웠습니다.,2023-01-08 22:07:00
5092,42541,16,5,가격 대비 만족합니다.,2023-08-25 00:00:06
5093,42547,12,2,친구한테 선물했는데 좋아합니다.,2022-03-21 06:26:13
5094,42553,195,4,친구한테 선물했는데 좋아합니다.,2023-01-08 04:46:29
5095,42555,8,5,배송이 빨라서 좋았어요.,2022-08-05 00:01:41
5096,42565,64,5,포장 상태가 아쉬웠습니다.,2023-08-05 11:07:26
5097,42570,134,4,품질이 생각보다 별로였어요.,2022-01-08 19:33:30
5098,42577,152,4,포장 상태가 아쉬웠습니다.,2023-08-06 01:10:00
5099,42579,63,3,포장 상태가 아쉬웠습니다.,2022-06-13 05:22:59
5100,42587,57,5,품질이 생각보다 별로였어요.,2023-05-14 13:23:21
5101,42612,199,3,친구한테 선물했는데 좋아합니다.,2022-09-27 10:05:51
5102,42614,142,2,가성비 괜찮네요.,2022-11-16 01:23:37
5103,42615,156,3,포장 상태가 아쉬웠습니다.,2022-11-06 06:15:39
5104,42616,110,1,품질이 생각보다 별로였어요.,2023-11-05 17:56:18
5105,42625,50,5,배송이 빨라서 좋았어요.,2023-06-01 00:13:50
5106,42628,127,3,가성비 괜찮네요.,2023-12-06 04:57:09
5107,42630,31,4,재구매 의사 있습니다!,2022-05-28 00:55:43
5108,42635,154,1,가격 대비 만족합니다.,2022-03-09 08:49:58
5109,42636,107,1,배송이 빨라서 좋았어요.,2022-06-29 13:56:46
5110,42647,71,5,포장 상태가 아쉬웠습니다.,2022-03-06 18:56:51
5111,42652,136,2,포장 상태가 아쉬웠습니다.,2022-03-24 20:46:38
5112,42658,177,1,품질이 생각보다 별로였어요.,2023-03-26 09:54:05
5113,42667,180,3,가격 대비 만족합니다.,2022-07-03 07:58:18
5114,42674,55,5,친구한테 선물했는데 좋아합니다.,2023-05-23 07:16:02
5115,42675,190,1,가격 대비 만족합니다.,2022-08-12 17:19:06
5116,42679,73,2,친구한테 선물했는데 좋아합니다.,2023-02-14 02:43:04
5117,42700,76,2,배송이 너무 늦었어요.,2022-07-07 10:23:50
5118,42704,158,5,재구매 의사 있습니다!,2022-09-29 03:29:52
5119,42705,171,3,배송이 너무 늦었어요.,2022-04-24 20:20:20
5120,42716,92,3,배송이 너무 늦었어요.,2023-05-24 08:51:56
5121,42718,25,4,배송이 빨라서 좋았어요.,2023-10-23 10:00:26
5122,42725,22,2,배송이 너무 늦었어요.,2023-08-29 10:05:56
5123,42729,3,4,배송이 너무 늦었어요.,2022-01-28 06:50:19
5124,42733,196,4,친구한테 선물했는데 좋아합니다.,2023-02-08 22:21:11
5125,42748,65,5,배송이 너무 늦었어요.,2023-06-09 01:52:54
5126,42765,148,3,재구매 의사 있습니다!,2023-04-01 17:24:39
5127,42766,37,4,배송이 너무 늦었어요.,2022-07-01 21:41:27
5128,42803,108,1,친구한테 선물했는데 좋아합니다.,2023-09-17 18:10:48
5129,42805,45,5,포장 상태가 아쉬웠습니다.,2023-07-13 21:07:28
5130,42812,23,1,가성비 괜찮네요.,2023-01-31 13:37:48
5131,42825,186,5,배송이 너무 늦었어요.,2022-11-22 05:04:35
5132,42828,97,5,재구매 의사 있습니다!,2022-02-05 14:52:57
5133,42846,64,3,가격 대비 만족합니다.,2022-10-08 23:17:24
5134,42866,70,2,배송이 빨라서 좋았어요.,2022-04-12 03:03:08
5135,42873,39,1,재구매 의사 있습니다!,2022-04-17 23:53:52
5136,42876,64,4,품질이 생각보다 별로였어요.,2023-04-23 12:24:12
5137,42888,74,5,가성비 괜찮네요.,2022-03-27 20:53:27
5138,42892,96,3,친구한테 선물했는데 좋아합니다.,2022-11-24 13:14:39
5139,42909,161,3,포장 상태가 아쉬웠습니다.,2023-01-30 22:12:52
5140,42911,164,5,배송이 빨라서 좋았어요.,2023-12-28 07:17:05
5141,42916,181,5,재구매 의사 있습니다!,2023-04-27 21:06:30
5142,42920,15,2,가성비 괜찮네요.,2022-01-19 18:10:51
5143,42921,11,2,친구한테 선물했는데 좋아합니다.,2022-11-16 08:55:50
5144,42956,80,4,배송이 빨라서 좋았어요.,2023-03-17 01:10:21
5145,42959,96,2,포장 상태가 아쉬웠습니다.,2022-07-02 09:10:55
5146,42973,16,5,배송이 빨라서 좋았어요.,2023-09-12 00:51:57
5147,42994,129,1,포장 상태가 아쉬웠습니다.,2023-08-09 14:31:50
5148,42998,196,3,친구한테 선물했는데 좋아합니다.,2024-01-03 13:43:17
5149,43007,79,4,배송이 빨라서 좋았어요.,2023-05-06 04:24:02
5150,43011,137,5,품질이 생각보다 별로였어요.,2022-10-18 03:15:10
5151,43012,50,2,품질이 생각보다 별로였어요.,2023-10-07 04:58:17
5152,43018,81,1,배송이 너무 늦었어요.,2022-12-07 03:50:07
5153,43019,24,2,가격 대비 만족합니다.,2023-10-14 18:54:35
5154,43028,4,2,친구한테 선물했는데 좋아합니다.,2023-06-17 09:11:42
5155,43038,32,3,가성비 괜찮네요.,2023-06-18 20:44:36
5156,43048,145,5,가격 대비 만족합니다.,2023-08-06 11:16:43
5157,43057,29,3,재구매 의사 있습니다!,2022-01-14 14:04:49
5158,43070,108,1,배송이 너무 늦었어요.,2023-09-20 07:07:57
5159,43071,137,1,가격 대비 만족합니다.,2023-07-07 05:34:40
5160,43087,183,5,포장 상태가 아쉬웠습니다.,2022-11-01 21:01:06
5161,43105,146,5,배송이 너무 늦었어요.,2022-12-06 09:20:30
5162,43106,99,3,포장 상태가 아쉬웠습니다.,2022-02-09 09:33:05
5163,43108,90,2,가성비 괜찮네요.,2024-01-12 16:52:24
5164,43109,59,3,가성비 괜찮네요.,2023-01-13 17:35:35
5165,43121,95,4,친구한테 선물했는데 좋아합니다.,2023-09-30 03:18:45
5166,43146,60,4,가격 대비 만족합니다.,2022-11-12 00:55:30
5167,43151,145,2,배송이 너무 늦었어요.,2023-05-23 08:30:30
5168,43155,164,2,재구매 의사 있습니다!,2023-07-17 12:23:54
5169,43167,56,4,가성비 괜찮네요.,2022-02-11 17:37:24
5170,43169,23,3,재구매 의사 있습니다!,2022-04-22 20:46:43
5171,43194,200,2,포장 상태가 아쉬웠습니다.,2023-04-23 16:40:27
5172,43210,74,4,품질이 생각보다 별로였어요.,2022-05-25 01:42:42
5173,43225,197,1,포장 상태가 아쉬웠습니다.,2022-08-20 09:44:56
5174,43228,167,3,배송이 빨라서 좋았어요.,2023-12-05 06:27:03
5175,43231,108,2,품질이 생각보다 별로였어요.,2023-11-12 11:19:19
5176,43232,75,4,배송이 너무 늦었어요.,2023-12-27 09:50:16
5177,43233,198,3,친구한테 선물했는데 좋아합니다.,2023-08-09 02:54:01
5178,43237,150,5,가격 대비 만족합니다.,2023-12-05 09:30:38
5179,43256,195,1,친구한테 선물했는데 좋아합니다.,2023-11-02 21:06:25
5180,43260,57,3,배송이 빨라서 좋았어요.,2023-11-19 04:17:57
5181,43264,46,3,포장 상태가 아쉬웠습니다.,2022-08-09 01:46:32
5182,43287,22,2,품질이 생각보다 별로였어요.,2022-05-12 15:03:21
5183,43288,108,5,가성비 괜찮네요.,2023-01-25 17:45:23
5184,43296,110,5,가격 대비 만족합니다.,2023-11-09 20:13:38
5185,43318,79,2,포장 상태가 아쉬웠습니다.,2023-07-02 16:25:44
5186,43326,168,5,가격 대비 만족합니다.,2022-05-13 09:58:31
5187,43331,191,5,가격 대비 만족합니다.,2022-06-17 11:13:35
5188,43335,20,2,포장 상태가 아쉬웠습니다.,2022-03-31 16:59:10
5189,43337,26,2,친구한테 선물했는데 좋아합니다.,2022-06-25 00:17:24
5190,43338,176,1,품질이 생각보다 별로였어요.,2023-07-22 18:19:35
5191,43349,197,3,포장 상태가 아쉬웠습니다.,2022-03-21 19:58:29
5192,43352,139,2,품질이 생각보다 별로였어요.,2022-05-27 19:55:26
5193,43362,77,1,배송이 빨라서 좋았어요.,2023-08-09 07:46:39
5194,43381,111,4,친구한테 선물했는데 좋아합니다.,2022-03-30 20:40:07
5195,43384,151,5,품질이 생각보다 별로였어요.,2023-01-30 19:11:24
5196,43390,185,2,가격 대비 만족합니다.,2023-05-13 22:17:09
5197,43391,196,1,재구매 의사 있습니다!,2023-03-27 23:22:02
5198,43393,156,1,가격 대비 만족합니다.,2023-11-09 07:06:53
5199,43404,78,4,가성비 괜찮네요.,2023-09-03 23:08:07
5200,43405,183,4,품질이 생각보다 별로였어요.,2022-10-25 04:18:39
5201,43411,102,3,배송이 너무 늦었어요.,2022-06-05 18:36:31
5202,43416,48,5,배송이 너무 늦었어요.,2023-10-12 22:01:15
5203,43424,112,2,친구한테 선물했는데 좋아합니다.,2022-12-05 07:07:35
5204,43436,119,3,배송이 빨라서 좋았어요.,2022-06-03 15:10:05
5205,43438,77,3,배송이 빨라서 좋았어요.,2023-03-24 00:34:04
5206,43440,33,3,포장 상태가 아쉬웠습니다.,2023-11-06 16:06:46
5207,43442,157,3,배송이 빨라서 좋았어요.,2022-03-21 03:21:55
5208,43448,18,2,배송이 너무 늦었어요.,2022-08-12 04:31:44
5209,43459,179,1,재구매 의사 있습니다!,2023-10-11 00:52:25
5210,43481,182,3,품질이 생각보다 별로였어요.,2022-08-23 14:55:19
5211,43498,165,2,품질이 생각보다 별로였어요.,2023-01-30 03:36:36
5212,43515,154,2,배송이 빨라서 좋았어요.,2022-10-18 07:07:05
5213,43517,100,2,가격 대비 만족합니다.,2023-04-24 06:34:44
5214,43522,12,5,재구매 의사 있습니다!,2022-01-19 12:40:18
5215,43527,183,4,친구한테 선물했는데 좋아합니다.,2023-08-08 21:46:10
5216,43531,115,2,배송이 빨라서 좋았어요.,2023-06-09 15:02:38
5217,43542,62,1,포장 상태가 아쉬웠습니다.,2022-01-23 06:28:38
5218,43545,52,5,재구매 의사 있습니다!,2023-02-08 23:57:42
5219,43558,39,1,배송이 빨라서 좋았어요.,2023-07-08 23:37:24
5220,43571,54,5,재구매 의사 있습니다!,2022-04-27 08:19:15
5221,43575,127,3,배송이 너무 늦었어요.,2023-08-29 23:58:29
5222,43577,74,5,가성비 괜찮네요.,2023-08-23 17:24:05
5223,43585,16,1,가격 대비 만족합니다.,2022-08-06 09:37:00
5224,43586,124,2,배송이 너무 늦었어요.,2023-01-01 19:56:37
5225,43587,198,2,친구한테 선물했는데 좋아합니다.,2023-05-12 06:52:07
5226,43592,74,5,배송이 빨라서 좋았어요.,2022-12-08 17:29:11
5227,43595,12,4,재구매 의사 있습니다!,2023-01-26 23:50:19
5228,43612,54,3,배송이 너무 늦었어요.,2023-01-13 10:41:17
5229,43616,126,1,가격 대비 만족합니다.,2022-03-24 03:49:31
5230,43619,79,4,배송이 빨라서 좋았어요.,2023-07-25 15:49:37
5231,43620,113,4,재구매 의사 있습니다!,2022-05-27 20:19:18
5232,43633,152,3,포장 상태가 아쉬웠습니다.,2022-05-14 15:53:38
5233,43635,173,5,재구매 의사 있습니다!,2022-12-11 16:30:22
5234,43638,152,2,배송이 빨라서 좋았어요.,2023-04-30 00:16:29
5235,43642,141,3,배송이 너무 늦었어요.,2022-11-28 07:07:24
5236,43643,10,1,가격 대비 만족합니다.,2022-10-02 04:26:32
5237,43648,79,2,배송이 빨라서 좋았어요.,2023-02-17 12:42:29
5238,43651,193,2,가격 대비 만족합니다.,2023-08-21 21:51:34
5239,43668,135,1,가격 대비 만족합니다.,2022-12-05 05:21:34
5240,43696,98,1,가성비 괜찮네요.,2023-11-26 17:01:58
5241,43699,96,2,품질이 생각보다 별로였어요.,2023-04-20 09:29:07
5242,43733,178,2,배송이 너무 늦었어요.,2023-05-29 06:24:24
5243,43757,143,3,포장 상태가 아쉬웠습니다.,2022-09-09 22:38:52
5244,43766,10,5,품질이 생각보다 별로였어요.,2022-12-14 05:45:45
5245,43767,87,2,가성비 괜찮네요.,2022-11-17 10:50:18
5246,43774,173,5,배송이 너무 늦었어요.,2023-11-26 21:36:08
5247,43785,144,3,가성비 괜찮네요.,2023-08-04 17:22:45
5248,43786,139,1,품질이 생각보다 별로였어요.,2022-09-27 10:16:44
5249,43794,128,4,포장 상태가 아쉬웠습니다.,2023-02-01 20:50:22
5250,43795,24,3,포장 상태가 아쉬웠습니다.,2023-07-04 06:17:38
5251,43806,122,1,품질이 생각보다 별로였어요.,2023-11-03 13:33:37
5252,43819,160,3,가성비 괜찮네요.,2023-03-24 09:27:53
5253,43821,33,2,가격 대비 만족합니다.,2023-09-12 19:51:57
5254,43827,174,3,재구매 의사 있습니다!,2023-05-23 13:48:17
5255,43834,105,3,가격 대비 만족합니다.,2022-07-03 15:12:20
5256,43836,54,2,친구한테 선물했는데 좋아합니다.,2023-12-09 03:30:16
5257,43837,187,1,친구한테 선물했는데 좋아합니다.,2023-10-02 22:23:42
5258,43838,117,1,가격 대비 만족합니다.,2022-12-04 10:05:25
5259,43839,2,2,가격 대비 만족합니다.,2022-01-22 05:26:05
5260,43840,143,3,배송이 빨라서 좋았어요.,2022-12-30 01:15:31
5261,43845,98,2,포장 상태가 아쉬웠습니다.,2023-10-06 20:05:18
5262,43846,23,2,배송이 빨라서 좋았어요.,2023-01-18 04:03:54
5263,43847,32,1,재구매 의사 있습니다!,2022-11-14 06:18:42
5264,43859,4,2,배송이 빨라서 좋았어요.,2023-09-26 20:15:09
5265,43863,14,4,배송이 너무 늦었어요.,2023-06-07 17:05:07
5266,43866,156,5,배송이 빨라서 좋았어요.,2022-04-20 09:56:25
5267,43878,152,3,가성비 괜찮네요.,2022-02-28 18:25:18
5268,43897,157,1,포장 상태가 아쉬웠습니다.,2023-12-25 16:21:10
5269,43900,126,5,가성비 괜찮네요.,2022-11-15 03:25:28
5270,43906,96,3,가성비 괜찮네요.,2022-04-05 12:35:10
5271,43919,20,3,배송이 빨라서 좋았어요.,2023-01-31 03:31:53
5272,43936,152,3,재구매 의사 있습니다!,2023-05-17 02:59:57
5273,43959,31,2,배송이 빨라서 좋았어요.,2023-10-18 19:52:54
5274,43960,92,3,재구매 의사 있습니다!,2023-11-29 04:51:39
5275,43962,177,3,친구한테 선물했는데 좋아합니다.,2022-03-05 14:43:04
5276,43979,12,2,친구한테 선물했는데 좋아합니다.,2023-12-17 03:41:24
5277,43987,47,5,배송이 빨라서 좋았어요.,2022-10-29 00:52:49
5278,44000,64,5,가격 대비 만족합니다.,2023-11-22 04:02:02
5279,44010,152,1,배송이 빨라서 좋았어요.,2023-07-25 12:14:37
5280,44012,8,1,친구한테 선물했는데 좋아합니다.,2022-04-13 04:08:05
5281,44035,2,4,배송이 너무 늦었어요.,2022-02-01 03:31:50
5282,44036,140,5,포장 상태가 아쉬웠습니다.,2023-07-10 10:58:15
5283,44040,137,4,포장 상태가 아쉬웠습니다.,2022-05-21 08:55:06
5284,44056,11,5,가성비 괜찮네요.,2022-04-02 00:08:14
5285,44060,144,2,친구한테 선물했는데 좋아합니다.,2022-09-19 11:12:10
5286,44117,111,1,친구한테 선물했는데 좋아합니다.,2022-08-14 16:37:25
5287,44125,178,1,배송이 빨라서 좋았어요.,2022-01-28 09:07:54
5288,44135,118,3,품질이 생각보다 별로였어요.,2023-02-20 12:13:01
5289,44150,162,5,포장 상태가 아쉬웠습니다.,2023-06-27 00:28:06
5290,44162,172,1,배송이 빨라서 좋았어요.,2022-12-31 17:41:22
5291,44169,95,2,친구한테 선물했는데 좋아합니다.,2022-11-14 02:35:20
5292,44176,175,5,포장 상태가 아쉬웠습니다.,2023-04-22 11:36:09
5293,44181,112,4,포장 상태가 아쉬웠습니다.,2023-06-20 10:54:59
5294,44182,158,3,친구한테 선물했는데 좋아합니다.,2022-01-21 14:46:16
5295,44189,43,4,가성비 괜찮네요.,2023-05-07 03:33:56
5296,44197,48,3,재구매 의사 있습니다!,2022-04-20 01:36:47
5297,44202,95,2,포장 상태가 아쉬웠습니다.,2023-01-27 04:46:13
5298,44206,78,2,품질이 생각보다 별로였어요.,2023-12-29 01:02:40
5299,44218,90,2,가격 대비 만족합니다.,2023-05-11 08:27:57
5300,44221,8,2,품질이 생각보다 별로였어요.,2023-04-23 23:06:56
5301,44235,164,3,배송이 빨라서 좋았어요.,2023-09-05 04:49:17
5302,44237,105,2,가성비 괜찮네요.,2022-05-08 07:28:10
5303,44238,187,2,배송이 너무 늦었어요.,2022-04-30 13:32:49
5304,44241,146,4,품질이 생각보다 별로였어요.,2023-03-08 21:04:39
5305,44243,195,2,배송이 빨라서 좋았어요.,2023-03-30 02:26:56
5306,44244,14,2,배송이 너무 늦었어요.,2023-06-27 15:02:11
5307,44246,149,2,가성비 괜찮네요.,2022-12-17 00:09:58
5308,44261,159,3,가격 대비 만족합니다.,2023-01-22 12:41:22
5309,44265,77,4,가격 대비 만족합니다.,2023-10-01 07:28:09
5310,44268,171,1,재구매 의사 있습니다!,2023-07-21 23:43:26
5311,44277,184,2,배송이 너무 늦었어요.,2023-06-10 04:38:31
5312,44284,46,1,품질이 생각보다 별로였어요.,2023-05-04 18:20:05
5313,44292,143,3,품질이 생각보다 별로였어요.,2022-09-24 12:08:13
5314,44298,153,3,배송이 빨라서 좋았어요.,2023-11-19 07:17:38
5315,44305,109,2,재구매 의사 있습니다!,2023-07-04 20:29:23
5316,44311,16,3,가성비 괜찮네요.,2022-09-13 17:31:33
5317,44333,31,4,품질이 생각보다 별로였어요.,2023-08-20 04:04:49
5318,44337,184,5,가격 대비 만족합니다.,2022-05-10 01:14:50
5319,44350,163,3,친구한테 선물했는데 좋아합니다.,2023-11-06 19:28:51
5320,44358,139,3,배송이 너무 늦었어요.,2023-09-01 18:38:10
5321,44360,25,5,품질이 생각보다 별로였어요.,2023-01-09 10:39:36
5322,44364,19,2,재구매 의사 있습니다!,2023-11-10 14:14:34
5323,44371,5,3,품질이 생각보다 별로였어요.,2023-05-12 02:56:41
5324,44411,16,2,재구매 의사 있습니다!,2023-07-09 22:31:38
5325,44421,81,2,포장 상태가 아쉬웠습니다.,2022-03-24 06:42:35
5326,44428,167,5,품질이 생각보다 별로였어요.,2023-09-17 09:22:04
5327,44446,156,1,재구매 의사 있습니다!,2023-11-13 06:55:26
5328,44448,113,3,재구매 의사 있습니다!,2023-07-18 01:19:26
5329,44454,130,5,친구한테 선물했는데 좋아합니다.,2023-10-25 09:37:43
5330,44457,4,3,친구한테 선물했는데 좋아합니다.,2022-10-27 09:56:51
5331,44462,120,3,친구한테 선물했는데 좋아합니다.,2023-11-03 05:55:26
5332,44465,140,2,배송이 빨라서 좋았어요.,2022-03-25 05:44:45
5333,44469,144,3,배송이 너무 늦었어요.,2022-08-14 07:30:05
5334,44472,141,1,가격 대비 만족합니다.,2023-12-06 20:22:07
5335,44489,173,3,친구한테 선물했는데 좋아합니다.,2022-08-11 09:21:37
5336,44494,67,4,배송이 빨라서 좋았어요.,2022-12-12 23:06:40
5337,44500,132,5,배송이 빨라서 좋았어요.,2023-08-26 19:26:47
5338,44502,162,1,품질이 생각보다 별로였어요.,2023-04-20 20:50:57
5339,44531,95,4,가성비 괜찮네요.,2023-12-11 17:32:11
5340,44533,91,1,재구매 의사 있습니다!,2022-07-09 16:25:49
5341,44538,113,1,포장 상태가 아쉬웠습니다.,2023-02-14 06:20:50
5342,44553,142,3,재구매 의사 있습니다!,2023-10-25 10:26:41
5343,44583,161,1,재구매 의사 있습니다!,2023-08-06 22:30:12
5344,44598,54,1,가성비 괜찮네요.,2022-04-03 18:58:49
5345,44636,109,5,재구매 의사 있습니다!,2023-09-22 19:38:24
5346,44639,80,4,배송이 너무 늦었어요.,2022-09-14 06:45:09
5347,44646,72,3,친구한테 선물했는데 좋아합니다.,2023-08-08 12:20:01
5348,44650,118,3,배송이 너무 늦었어요.,2023-06-13 02:48:31
5349,44655,73,2,가격 대비 만족합니다.,2023-07-19 18:55:47
5350,44670,11,2,친구한테 선물했는데 좋아합니다.,2022-07-03 08:40:48
5351,44675,20,2,가성비 괜찮네요.,2022-11-19 14:53:53
5352,44677,55,5,가격 대비 만족합니다.,2022-04-19 19:47:32
5353,44679,99,5,재구매 의사 있습니다!,2022-11-04 12:05:49
5354,44680,83,3,배송이 너무 늦었어요.,2023-01-13 16:46:33
5355,44685,73,4,포장 상태가 아쉬웠습니다.,2023-10-15 23:40:52
5356,44687,116,4,포장 상태가 아쉬웠습니다.,2022-03-15 01:28:08
5357,44690,67,5,친구한테 선물했는데 좋아합니다.,2023-12-28 13:31:35
5358,44697,57,5,친구한테 선물했는데 좋아합니다.,2022-06-26 14:45:05
5359,44705,198,2,배송이 빨라서 좋았어요.,2022-07-21 15:09:51
5360,44709,174,3,포장 상태가 아쉬웠습니다.,2022-06-06 13:56:40
5361,44726,44,2,가성비 괜찮네요.,2023-04-17 05:10:01
5362,44743,153,1,친구한테 선물했는데 좋아합니다.,2023-03-07 19:22:45
5363,44744,118,1,재구매 의사 있습니다!,2023-03-18 13:31:17
5364,44762,47,4,친구한테 선물했는데 좋아합니다.,2023-04-25 22:29:59
5365,44763,81,4,가성비 괜찮네요.,2023-08-25 21:24:37
5366,44790,74,3,친구한테 선물했는데 좋아합니다.,2023-03-17 19:37:22
5367,44803,125,2,가성비 괜찮네요.,2023-07-12 23:06:07
5368,44820,76,4,배송이 너무 늦었어요.,2023-12-17 00:01:05
5369,44839,11,1,포장 상태가 아쉬웠습니다.,2022-05-25 15:54:06
5370,44843,125,1,포장 상태가 아쉬웠습니다.,2023-08-03 18:27:49
5371,44846,153,5,친구한테 선물했는데 좋아합니다.,2022-06-02 05:03:22
5372,44848,45,2,배송이 빨라서 좋았어요.,2023-02-12 12:01:29
5373,44859,154,2,가격 대비 만족합니다.,2022-02-09 05:59:14
5374,44862,147,1,배송이 빨라서 좋았어요.,2023-11-01 06:33:57
5375,44865,158,4,가성비 괜찮네요.,2022-11-20 23:02:53
5376,44867,112,3,배송이 빨라서 좋았어요.,2023-11-02 23:53:14
5377,44870,18,1,품질이 생각보다 별로였어요.,2022-06-27 18:50:13
5378,44873,175,5,가격 대비 만족합니다.,2023-01-01 10:46:53
5379,44881,160,1,품질이 생각보다 별로였어요.,2023-08-03 00:30:27
5380,44882,70,2,재구매 의사 있습니다!,2023-01-19 05:34:33
5381,44887,77,2,포장 상태가 아쉬웠습니다.,2023-09-26 11:13:43
5382,44889,16,5,가성비 괜찮네요.,2023-07-03 17:41:36
5383,44900,48,2,친구한테 선물했는데 좋아합니다.,2023-03-15 08:25:47
5384,44901,136,1,가성비 괜찮네요.,2022-02-18 22:24:02
5385,44922,78,4,가성비 괜찮네요.,2023-02-03 12:56:22
5386,44929,89,2,포장 상태가 아쉬웠습니다.,2022-12-24 09:08:18
5387,44967,76,5,배송이 너무 늦었어요.,2023-03-22 17:37:55
5388,44987,132,4,가격 대비 만족합니다.,2022-09-10 09:06:21
5389,44990,8,4,가성비 괜찮네요.,2023-09-25 09:10:33
5390,44991,105,3,배송이 빨라서 좋았어요.,2023-07-07 21:30:17
5391,44992,123,5,배송이 빨라서 좋았어요.,2022-10-22 19:02:48
5392,44993,192,4,재구매 의사 있습니다!,2022-01-19 18:08:20
5393,45003,80,3,품질이 생각보다 별로였어요.,2022-11-03 23:34:01
5394,45021,15,4,재구매 의사 있습니다!,2022-12-12 01:37:05
5395,45043,51,4,가격 대비 만족합니다.,2022-10-29 14:29:58
5396,45053,184,3,재구매 의사 있습니다!,2023-10-19 22:26:24
5397,45055,94,5,가격 대비 만족합니다.,2022-04-26 18:20:10
5398,45059,196,3,재구매 의사 있습니다!,2023-01-24 13:32:19
5399,45063,87,1,배송이 빨라서 좋았어요.,2023-07-01 14:53:51
5400,45065,173,3,재구매 의사 있습니다!,2022-02-01 01:16:03
5401,45066,166,4,포장 상태가 아쉬웠습니다.,2023-05-19 03:14:11
5402,45077,44,2,가격 대비 만족합니다.,2022-04-20 17:13:51
5403,45084,6,4,재구매 의사 있습니다!,2022-04-04 10:43:18
5404,45087,192,2,가격 대비 만족합니다.,2023-06-30 00:49:08
5405,45088,97,1,가성비 괜찮네요.,2023-02-24 21:58:49
5406,45090,78,1,포장 상태가 아쉬웠습니다.,2024-01-10 19:17:23
5407,45097,108,5,가격 대비 만족합니다.,2023-09-23 12:45:33
5408,45098,44,2,가성비 괜찮네요.,2023-04-17 12:48:31
5409,45099,147,4,재구매 의사 있습니다!,2022-03-12 00:21:58
5410,45104,89,1,배송이 빨라서 좋았어요.,2022-09-26 04:14:18
5411,45108,169,3,재구매 의사 있습니다!,2022-03-18 09:30:46
5412,45116,159,2,가성비 괜찮네요.,2022-12-13 21:51:53
5413,45141,191,2,배송이 빨라서 좋았어요.,2022-01-16 19:50:16
5414,45154,32,1,포장 상태가 아쉬웠습니다.,2022-02-02 23:29:11
5415,45170,197,4,친구한테 선물했는데 좋아합니다.,2023-06-17 18:15:13
5416,45173,107,5,배송이 너무 늦었어요.,2023-05-31 08:18:54
5417,45188,186,4,가성비 괜찮네요.,2023-05-10 13:56:03
5418,45189,104,5,가격 대비 만족합니다.,2022-02-28 04:13:07
5419,45190,189,3,재구매 의사 있습니다!,2023-09-20 14:31:00
5420,45192,106,5,품질이 생각보다 별로였어요.,2023-02-20 11:03:42
5421,45208,20,5,가성비 괜찮네요.,2023-07-06 15:34:10
5422,45218,130,4,배송이 빨라서 좋았어요.,2023-11-22 14:47:34
5423,45234,129,3,품질이 생각보다 별로였어요.,2022-04-04 21:46:11
5424,45242,129,1,친구한테 선물했는데 좋아합니다.,2023-02-23 23:24:52
5425,45251,119,4,품질이 생각보다 별로였어요.,2023-11-13 02:17:48
5426,45266,96,5,배송이 빨라서 좋았어요.,2022-05-27 06:48:02
5427,45272,75,3,가성비 괜찮네요.,2022-10-24 03:03:05
5428,45291,14,5,재구매 의사 있습니다!,2022-05-01 20:58:37
5429,45299,3,1,품질이 생각보다 별로였어요.,2022-01-09 14:02:29
5430,45301,200,1,가성비 괜찮네요.,2022-06-09 16:02:30
5431,45312,121,4,포장 상태가 아쉬웠습니다.,2022-10-20 23:12:15
5432,45313,10,5,배송이 빨라서 좋았어요.,2023-12-30 22:14:33
5433,45315,50,3,배송이 빨라서 좋았어요.,2023-02-18 23:07:51
5434,45321,47,4,친구한테 선물했는데 좋아합니다.,2022-02-08 13:22:02
5435,45348,97,2,가성비 괜찮네요.,2023-08-23 00:45:15
5436,45351,160,4,배송이 너무 늦었어요.,2022-04-24 12:32:25
5437,45357,68,2,가성비 괜찮네요.,2023-03-07 19:48:51
5438,45361,37,5,품질이 생각보다 별로였어요.,2023-01-27 21:09:45
5439,45372,161,5,재구매 의사 있습니다!,2022-03-13 10:48:10
5440,45410,38,5,친구한테 선물했는데 좋아합니다.,2022-08-23 22:42:22
5441,45416,135,3,품질이 생각보다 별로였어요.,2022-09-20 22:05:30
5442,45422,45,5,품질이 생각보다 별로였어요.,2022-06-26 22:20:32
5443,45425,127,4,가격 대비 만족합니다.,2022-01-26 15:37:21
5444,45432,95,4,재구매 의사 있습니다!,2023-02-03 10:42:23
5445,45445,200,2,품질이 생각보다 별로였어요.,2022-10-21 04:20:01
5446,45451,179,4,가성비 괜찮네요.,2023-06-13 08:45:06
5447,45453,3,1,품질이 생각보다 별로였어요.,2022-08-29 22:20:07
5448,45456,80,3,친구한테 선물했는데 좋아합니다.,2022-11-14 22:06:36
5449,45462,116,4,가격 대비 만족합니다.,2023-08-22 18:28:13
5450,45463,150,3,가격 대비 만족합니다.,2022-02-03 23:04:10
5451,45491,148,4,배송이 너무 늦었어요.,2022-09-22 03:27:49
5452,45493,54,4,친구한테 선물했는데 좋아합니다.,2023-07-08 04:28:54
5453,45505,101,3,가격 대비 만족합니다.,2022-07-23 07:50:58
5454,45506,119,1,포장 상태가 아쉬웠습니다.,2023-10-18 08:45:03
5455,45515,64,1,품질이 생각보다 별로였어요.,2022-09-22 19:01:11
5456,45520,200,5,배송이 빨라서 좋았어요.,2022-03-21 15:51:20
5457,45527,7,4,포장 상태가 아쉬웠습니다.,2022-10-12 14:05:10
5458,45530,159,3,가격 대비 만족합니다.,2022-12-24 00:30:45
5459,45557,182,2,가성비 괜찮네요.,2022-04-20 11:02:15
5460,45563,177,1,배송이 너무 늦었어요.,2023-07-04 09:22:48
5461,45564,111,1,가격 대비 만족합니다.,2023-11-22 13:32:10
5462,45566,20,4,가격 대비 만족합니다.,2023-08-24 16:54:40
5463,45573,191,3,친구한테 선물했는데 좋아합니다.,2022-03-13 03:37:10
5464,45589,157,5,친구한테 선물했는데 좋아합니다.,2023-01-23 07:24:35
5465,45595,40,4,배송이 빨라서 좋았어요.,2024-01-02 11:18:38
5466,45596,43,3,품질이 생각보다 별로였어요.,2022-09-14 15:06:05
5467,45599,106,5,친구한테 선물했는데 좋아합니다.,2023-04-16 13:17:47
5468,45621,176,2,배송이 너무 늦었어요.,2022-10-29 00:07:57
5469,45622,5,2,친구한테 선물했는데 좋아합니다.,2022-05-12 23:24:26
5470,45623,62,4,재구매 의사 있습니다!,2023-11-27 05:55:09
5471,45636,3,5,배송이 너무 늦었어요.,2023-05-02 08:59:30
5472,45637,33,5,포장 상태가 아쉬웠습니다.,2023-03-15 05:11:57
5473,45676,153,2,배송이 너무 늦었어요.,2023-02-17 02:33:00
5474,45685,24,2,품질이 생각보다 별로였어요.,2023-03-16 12:36:47
5475,45699,55,3,배송이 너무 늦었어요.,2023-07-31 09:37:37
5476,45708,30,2,친구한테 선물했는데 좋아합니다.,2023-03-29 04:33:49
5477,45723,190,3,포장 상태가 아쉬웠습니다.,2022-05-29 10:56:37
5478,45740,3,5,재구매 의사 있습니다!,2023-09-05 09:27:40
5479,45745,45,2,가성비 괜찮네요.,2023-06-05 06:34:25
5480,45753,172,3,배송이 빨라서 좋았어요.,2023-11-04 06:18:34
5481,45765,160,1,품질이 생각보다 별로였어요.,2023-02-04 12:21:13
5482,45780,148,4,포장 상태가 아쉬웠습니다.,2023-12-26 07:28:10
5483,45791,172,4,가성비 괜찮네요.,2022-10-04 23:10:55
5484,45797,13,3,가격 대비 만족합니다.,2022-12-09 13:43:31
5485,45806,125,3,품질이 생각보다 별로였어요.,2022-01-18 02:07:54
5486,45816,150,2,배송이 너무 늦었어요.,2022-11-08 02:58:51
5487,45817,104,2,포장 상태가 아쉬웠습니다.,2023-02-25 05:55:21
5488,45823,50,4,가성비 괜찮네요.,2023-08-10 23:49:39
5489,45824,70,3,배송이 빨라서 좋았어요.,2022-02-20 18:14:08
5490,45836,88,1,가격 대비 만족합니다.,2023-09-14 23:10:33
5491,45841,94,3,가성비 괜찮네요.,2022-08-15 02:21:11
5492,45843,119,5,포장 상태가 아쉬웠습니다.,2022-07-25 04:14:04
5493,45845,123,3,재구매 의사 있습니다!,2023-06-04 13:18:08
5494,45850,171,4,가격 대비 만족합니다.,2022-03-28 11:52:53
5495,45856,116,2,가격 대비 만족합니다.,2022-04-03 17:44:54
5496,45857,63,3,품질이 생각보다 별로였어요.,2023-07-27 18:19:23
5497,45863,145,4,가격 대비 만족합니다.,2023-05-06 18:51:07
5498,45870,156,3,친구한테 선물했는데 좋아합니다.,2023-12-23 01:00:25
5499,45896,124,2,배송이 빨라서 좋았어요.,2022-03-22 06:09:52
5500,45899,43,4,포장 상태가 아쉬웠습니다.,2022-05-29 18:52:24
5501,45910,158,5,가성비 괜찮네요.,2023-07-23 10:07:57
5502,45920,27,2,배송이 너무 늦었어요.,2022-08-25 05:57:20
5503,45922,200,4,배송이 너무 늦었어요.,2022-03-02 07:29:40
5504,45925,103,3,포장 상태가 아쉬웠습니다.,2023-07-29 22:48:24
5505,45931,135,2,포장 상태가 아쉬웠습니다.,2022-09-21 09:39:36
5506,45936,36,2,가격 대비 만족합니다.,2022-01-31 06:58:04
5507,45944,36,2,가격 대비 만족합니다.,2023-09-09 09:59:37
5508,45957,166,3,재구매 의사 있습니다!,2023-05-21 09:28:12
5509,45965,112,1,포장 상태가 아쉬웠습니다.,2022-03-07 00:28:10
5510,45983,110,5,친구한테 선물했는데 좋아합니다.,2022-09-04 21:41:17
5511,45990,149,5,가격 대비 만족합니다.,2022-02-17 07:18:56
5512,45991,94,1,배송이 너무 늦었어요.,2022-11-06 12:08:09
5513,45998,118,1,가성비 괜찮네요.,2023-06-29 20:50:01
5514,46000,189,4,재구매 의사 있습니다!,2023-10-16 00:53:21
5515,46002,80,5,품질이 생각보다 별로였어요.,2022-03-05 16:50:09
5516,46005,118,2,가성비 괜찮네요.,2023-01-08 01:13:05
5517,46010,168,2,배송이 빨라서 좋았어요.,2022-11-05 20:52:47
5518,46013,188,3,배송이 빨라서 좋았어요.,2022-09-28 06:04:32
5519,46023,123,3,재구매 의사 있습니다!,2022-06-01 07:39:54
5520,46039,75,5,포장 상태가 아쉬웠습니다.,2023-09-27 18:40:18
5521,46040,119,1,배송이 너무 늦었어요.,2022-08-22 09:45:01
5522,46042,42,1,배송이 너무 늦었어요.,2023-09-30 03:51:23
5523,46053,197,1,가격 대비 만족합니다.,2023-03-12 11:51:39
5524,46069,148,3,품질이 생각보다 별로였어요.,2022-07-22 23:53:36
5525,46070,123,5,배송이 너무 늦었어요.,2022-11-01 06:03:04
5526,46072,176,2,재구매 의사 있습니다!,2023-05-11 13:31:52
5527,46079,140,4,재구매 의사 있습니다!,2022-07-02 21:53:46
5528,46080,97,3,배송이 너무 늦었어요.,2022-10-10 15:45:26
5529,46081,171,2,가성비 괜찮네요.,2023-04-26 10:01:28
5530,46086,63,3,재구매 의사 있습니다!,2022-07-12 06:17:38
5531,46094,7,5,품질이 생각보다 별로였어요.,2022-07-04 21:25:26
5532,46109,29,5,포장 상태가 아쉬웠습니다.,2022-04-02 00:04:20
5533,46116,14,4,배송이 빨라서 좋았어요.,2022-12-08 00:36:02
5534,46118,130,3,가격 대비 만족합니다.,2022-11-26 16:48:49
5535,46121,101,5,친구한테 선물했는데 좋아합니다.,2023-04-09 07:03:23
5536,46125,147,1,재구매 의사 있습니다!,2023-01-29 07:06:26
5537,46131,191,4,재구매 의사 있습니다!,2022-02-05 22:59:41
5538,46149,79,5,배송이 너무 늦었어요.,2023-07-10 06:17:21
5539,46158,114,1,배송이 빨라서 좋았어요.,2022-08-03 20:48:03
5540,46182,53,3,포장 상태가 아쉬웠습니다.,2022-03-09 02:34:15
5541,46193,19,4,포장 상태가 아쉬웠습니다.,2022-05-15 01:41:34
5542,46213,68,2,가성비 괜찮네요.,2022-01-19 20:05:09
5543,46217,59,4,재구매 의사 있습니다!,2023-07-24 18:24:51
5544,46227,29,3,배송이 빨라서 좋았어요.,2022-10-13 10:02:23
5545,46233,16,1,가성비 괜찮네요.,2023-10-15 07:33:46
5546,46236,78,4,배송이 빨라서 좋았어요.,2023-02-01 03:34:49
5547,46239,3,2,배송이 너무 늦었어요.,2023-09-03 12:54:59
5548,46241,167,2,포장 상태가 아쉬웠습니다.,2023-06-12 07:17:46
5549,46256,2,5,재구매 의사 있습니다!,2022-04-21 11:18:01
5550,46268,26,4,가성비 괜찮네요.,2022-08-26 07:24:06
5551,46283,103,3,배송이 너무 늦었어요.,2023-10-14 18:36:40
5552,46284,41,4,포장 상태가 아쉬웠습니다.,2022-05-20 10:01:53
5553,46289,128,1,품질이 생각보다 별로였어요.,2023-06-05 04:08:51
5554,46293,174,2,친구한테 선물했는데 좋아합니다.,2022-04-24 14:00:58
5555,46296,24,3,포장 상태가 아쉬웠습니다.,2022-03-30 06:02:28
5556,46300,43,1,재구매 의사 있습니다!,2022-12-14 20:04:32
5557,46319,107,4,포장 상태가 아쉬웠습니다.,2022-06-13 23:29:27
5558,46329,162,3,배송이 너무 늦었어요.,2022-11-30 16:15:30
5559,46342,196,1,포장 상태가 아쉬웠습니다.,2023-10-20 04:34:41
5560,46353,117,1,친구한테 선물했는데 좋아합니다.,2022-06-04 21:32:12
5561,46361,43,3,가격 대비 만족합니다.,2023-06-03 21:30:17
5562,46367,131,4,품질이 생각보다 별로였어요.,2022-01-24 03:42:11
5563,46372,160,5,가성비 괜찮네요.,2023-08-07 19:00:11
5564,46374,34,2,재구매 의사 있습니다!,2023-04-04 13:26:14
5565,46387,192,2,배송이 너무 늦었어요.,2022-02-10 05:34:29
5566,46395,46,1,재구매 의사 있습니다!,2023-09-30 16:01:44
5567,46423,104,2,재구매 의사 있습니다!,2022-11-04 21:52:22
5568,46428,48,3,포장 상태가 아쉬웠습니다.,2022-12-26 09:09:16
5569,46431,13,1,품질이 생각보다 별로였어요.,2022-08-30 16:12:53
5570,46448,22,5,배송이 너무 늦었어요.,2022-06-09 06:18:10
5571,46466,57,4,가격 대비 만족합니다.,2023-03-13 03:39:48
5572,46469,168,3,재구매 의사 있습니다!,2023-01-21 02:10:52
5573,46487,75,2,친구한테 선물했는데 좋아합니다.,2022-09-11 21:19:22
5574,46491,38,2,포장 상태가 아쉬웠습니다.,2022-09-05 23:44:25
5575,46510,107,4,가성비 괜찮네요.,2022-10-30 10:12:49
5576,46516,9,2,배송이 빨라서 좋았어요.,2022-01-18 04:38:16
5577,46521,177,2,배송이 빨라서 좋았어요.,2023-07-27 20:42:31
5578,46528,99,4,가성비 괜찮네요.,2022-12-15 21:36:15
5579,46544,62,4,포장 상태가 아쉬웠습니다.,2022-12-28 05:03:20
5580,46548,88,5,재구매 의사 있습니다!,2023-01-23 15:45:51
5581,46553,169,3,친구한테 선물했는데 좋아합니다.,2023-04-20 06:00:58
5582,46556,81,1,가성비 괜찮네요.,2023-11-10 18:43:33
5583,46566,143,4,가성비 괜찮네요.,2022-10-31 14:53:44
5584,46574,76,4,가성비 괜찮네요.,2022-02-03 16:44:37
5585,46575,44,5,재구매 의사 있습니다!,2023-01-06 07:05:53
5586,46584,12,5,포장 상태가 아쉬웠습니다.,2022-10-20 10:16:28
5587,46588,102,3,친구한테 선물했는데 좋아합니다.,2022-03-04 12:19:59
5588,46590,8,2,가격 대비 만족합니다.,2022-10-30 09:43:30
5589,46606,7,3,가격 대비 만족합니다.,2022-04-01 05:39:37
5590,46607,188,2,배송이 빨라서 좋았어요.,2022-11-24 07:23:33
5591,46608,200,2,품질이 생각보다 별로였어요.,2023-09-13 08:19:19
5592,46611,181,1,친구한테 선물했는데 좋아합니다.,2023-02-02 20:45:01
5593,46621,123,3,친구한테 선물했는데 좋아합니다.,2022-06-19 12:38:04
5594,46624,16,5,친구한테 선물했는데 좋아합니다.,2022-01-27 16:09:42
5595,46627,71,1,친구한테 선물했는데 좋아합니다.,2022-04-10 02:13:37
5596,46631,44,1,품질이 생각보다 별로였어요.,2023-04-12 04:43:17
5597,46638,65,2,가격 대비 만족합니다.,2022-06-08 14:58:27
5598,46653,97,4,친구한테 선물했는데 좋아합니다.,2022-12-08 13:41:43
5599,46654,193,2,배송이 너무 늦었어요.,2023-05-26 13:09:20
5600,46660,161,4,가성비 괜찮네요.,2024-01-27 14:30:04
5601,46688,130,5,가격 대비 만족합니다.,2022-11-22 04:09:52
5602,46691,3,1,가격 대비 만족합니다.,2022-12-22 18:57:27
5603,46702,71,2,가격 대비 만족합니다.,2022-03-11 12:20:42
5604,46707,48,5,재구매 의사 있습니다!,2022-02-04 06:55:36
5605,46709,109,1,품질이 생각보다 별로였어요.,2023-07-26 19:24:28
5606,46719,160,1,품질이 생각보다 별로였어요.,2022-02-16 15:17:10
5607,46722,121,3,재구매 의사 있습니다!,2022-03-04 21:38:13
5608,46723,166,5,가성비 괜찮네요.,2023-04-24 00:52:49
5609,46724,154,1,품질이 생각보다 별로였어요.,2023-03-25 00:24:52
5610,46729,138,5,친구한테 선물했는데 좋아합니다.,2022-05-07 02:18:44
5611,46732,63,2,가성비 괜찮네요.,2022-09-30 09:50:12
5612,46747,100,4,배송이 너무 늦었어요.,2023-06-15 01:11:36
5613,46752,103,5,배송이 너무 늦었어요.,2023-10-23 12:50:21
5614,46762,84,1,포장 상태가 아쉬웠습니다.,2023-03-17 18:49:02
5615,46769,140,4,포장 상태가 아쉬웠습니다.,2023-09-28 11:50:30
5616,46770,140,4,배송이 빨라서 좋았어요.,2022-06-17 22:58:04
5617,46781,66,2,친구한테 선물했는데 좋아합니다.,2023-03-27 01:48:24
5618,46808,85,4,품질이 생각보다 별로였어요.,2022-03-24 16:28:36
5619,46812,158,5,포장 상태가 아쉬웠습니다.,2022-08-21 11:27:49
5620,46815,17,1,가격 대비 만족합니다.,2023-09-15 07:21:26
5621,46816,39,1,가격 대비 만족합니다.,2022-12-11 16:18:03
5622,46818,122,5,가성비 괜찮네요.,2022-09-19 18:39:35
5623,46830,145,1,품질이 생각보다 별로였어요.,2023-03-31 04:28:00
5624,46833,177,2,품질이 생각보다 별로였어요.,2023-09-05 09:12:38
5625,46838,48,2,가격 대비 만족합니다.,2023-07-24 12:00:18
5626,46845,180,3,가격 대비 만족합니다.,2023-12-17 10:24:29
5627,46849,194,4,친구한테 선물했는데 좋아합니다.,2023-11-28 17:17:55
5628,46856,197,2,가격 대비 만족합니다.,2022-08-27 17:05:02
5629,46857,61,5,배송이 빨라서 좋았어요.,2023-12-27 11:09:54
5630,46859,5,5,친구한테 선물했는데 좋아합니다.,2022-11-12 18:33:32
5631,46860,76,3,배송이 빨라서 좋았어요.,2022-05-03 12:20:30
5632,46862,46,5,배송이 빨라서 좋았어요.,2022-02-26 22:55:13
5633,46867,109,3,품질이 생각보다 별로였어요.,2022-09-14 12:24:46
5634,46872,6,1,품질이 생각보다 별로였어요.,2022-06-05 17:00:18
5635,46883,98,5,배송이 너무 늦었어요.,2023-03-25 22:14:12
5636,46893,69,2,가성비 괜찮네요.,2023-11-08 22:01:54
5637,46906,59,5,가성비 괜찮네요.,2024-01-25 20:02:23
5638,46912,8,3,재구매 의사 있습니다!,2023-05-04 09:12:16
5639,46922,32,4,포장 상태가 아쉬웠습니다.,2022-10-19 19:40:02
5640,46949,1,5,친구한테 선물했는데 좋아합니다.,2023-08-27 04:37:44
5641,46952,84,1,가성비 괜찮네요.,2022-07-01 14:12:17
5642,46953,5,4,재구매 의사 있습니다!,2022-03-23 04:51:22
5643,46958,13,3,친구한테 선물했는데 좋아합니다.,2023-08-20 11:06:43
5644,46964,127,2,가격 대비 만족합니다.,2022-10-05 00:48:55
5645,46971,43,1,친구한테 선물했는데 좋아합니다.,2022-04-21 12:54:39
5646,46991,188,2,배송이 빨라서 좋았어요.,2023-09-07 05:58:42
5647,47000,157,2,포장 상태가 아쉬웠습니다.,2023-05-31 15:30:12
5648,47005,66,3,가격 대비 만족합니다.,2023-11-27 03:44:16
5649,47006,91,1,가격 대비 만족합니다.,2022-04-18 19:05:37
5650,47010,57,2,배송이 너무 늦었어요.,2023-05-28 15:33:50
5651,47020,75,4,가성비 괜찮네요.,2022-04-15 21:30:30
5652,47039,91,4,가성비 괜찮네요.,2022-10-29 06:15:29
5653,47045,2,5,재구매 의사 있습니다!,2022-07-07 02:12:49
5654,47055,42,5,배송이 너무 늦었어요.,2022-05-09 17:51:07
5655,47057,33,5,배송이 너무 늦었어요.,2022-10-14 08:42:55
5656,47058,7,3,재구매 의사 있습니다!,2022-12-26 00:43:58
5657,47067,153,3,친구한테 선물했는데 좋아합니다.,2022-01-31 11:18:49
5658,47070,50,2,배송이 빨라서 좋았어요.,2023-09-17 01:20:59
5659,47082,85,5,배송이 너무 늦었어요.,2023-03-16 06:46:53
5660,47083,140,3,가성비 괜찮네요.,2022-11-22 02:00:54
5661,47087,72,1,배송이 빨라서 좋았어요.,2022-11-30 21:52:55
5662,47093,42,1,친구한테 선물했는데 좋아합니다.,2022-07-29 01:12:16
5663,47126,123,4,포장 상태가 아쉬웠습니다.,2022-07-17 17:08:34
5664,47127,169,1,배송이 너무 늦었어요.,2023-12-09 06:21:00
5665,47135,100,3,가격 대비 만족합니다.,2022-09-03 20:06:52
5666,47138,66,5,배송이 빨라서 좋았어요.,2022-10-02 03:34:45
5667,47139,186,2,포장 상태가 아쉬웠습니다.,2023-07-20 12:58:02
5668,47147,184,2,친구한테 선물했는데 좋아합니다.,2022-03-30 00:53:10
5669,47152,129,3,가성비 괜찮네요.,2022-08-15 02:31:52
5670,47153,121,3,친구한테 선물했는데 좋아합니다.,2022-07-07 16:42:54
5671,47167,95,2,품질이 생각보다 별로였어요.,2023-03-28 15:30:39
5672,47182,149,4,포장 상태가 아쉬웠습니다.,2023-06-12 14:21:26
5673,47192,199,1,가격 대비 만족합니다.,2023-03-09 11:37:21
5674,47204,148,1,가격 대비 만족합니다.,2023-02-22 12:40:49
5675,47209,138,2,배송이 너무 늦었어요.,2023-04-03 03:03:57
5676,47221,138,3,재구매 의사 있습니다!,2023-02-20 17:12:19
5677,47230,26,2,배송이 너무 늦었어요.,2022-04-01 13:37:24
5678,47232,33,5,친구한테 선물했는데 좋아합니다.,2022-03-30 01:08:02
5679,47233,79,5,배송이 빨라서 좋았어요.,2023-09-16 06:46:29
5680,47240,103,5,가격 대비 만족합니다.,2022-04-02 15:14:40
5681,47256,23,3,친구한테 선물했는데 좋아합니다.,2023-01-29 08:52:12
5682,47258,194,1,가성비 괜찮네요.,2023-01-08 10:31:23
5683,47260,178,4,가격 대비 만족합니다.,2023-11-14 00:48:25
5684,47266,159,1,배송이 너무 늦었어요.,2023-02-18 12:25:49
5685,47269,128,5,친구한테 선물했는데 좋아합니다.,2022-07-14 14:09:36
5686,47270,20,3,가격 대비 만족합니다.,2023-05-12 12:04:14
5687,47285,6,1,품질이 생각보다 별로였어요.,2022-07-21 15:55:05
5688,47288,14,3,배송이 너무 늦었어요.,2023-06-07 21:38:58
5689,47291,42,2,재구매 의사 있습니다!,2022-06-26 18:49:46
5690,47294,71,5,가격 대비 만족합니다.,2023-01-17 09:30:53
5691,47309,132,4,배송이 너무 늦었어요.,2023-03-18 23:46:27
5692,47311,142,2,포장 상태가 아쉬웠습니다.,2022-08-21 12:32:47
5693,47315,175,2,배송이 빨라서 좋았어요.,2022-08-30 02:17:42
5694,47324,158,5,포장 상태가 아쉬웠습니다.,2022-05-14 02:54:47
5695,47326,158,2,재구매 의사 있습니다!,2022-12-18 15:19:54
5696,47335,184,2,가격 대비 만족합니다.,2022-03-13 10:07:52
5697,47344,132,4,친구한테 선물했는데 좋아합니다.,2023-09-14 08:21:43
5698,47357,156,4,배송이 너무 늦었어요.,2022-05-03 08:17:31
5699,47369,148,2,친구한테 선물했는데 좋아합니다.,2023-08-13 02:05:42
5700,47371,103,3,배송이 너무 늦었어요.,2022-06-15 10:09:06
5701,47379,83,2,재구매 의사 있습니다!,2022-06-22 21:32:01
5702,47387,15,2,배송이 너무 늦었어요.,2023-01-01 17:41:51
5703,47409,93,1,포장 상태가 아쉬웠습니다.,2023-04-10 22:41:39
5704,47412,45,2,재구매 의사 있습니다!,2023-10-13 11:31:02
5705,47418,111,1,배송이 너무 늦었어요.,2023-11-08 13:41:40
5706,47420,196,2,배송이 너무 늦었어요.,2022-03-17 14:17:53
5707,47421,182,1,재구매 의사 있습니다!,2023-11-28 15:35:59
5708,47432,148,5,가성비 괜찮네요.,2023-08-27 03:12:53
5709,47440,187,4,가격 대비 만족합니다.,2023-09-25 19:32:33
5710,47460,91,5,친구한테 선물했는데 좋아합니다.,2022-07-21 05:21:24
5711,47461,147,1,포장 상태가 아쉬웠습니다.,2022-10-03 12:16:10
5712,47464,50,4,포장 상태가 아쉬웠습니다.,2023-08-24 23:36:12
5713,47475,107,4,품질이 생각보다 별로였어요.,2023-06-17 21:29:53
5714,47476,105,4,가성비 괜찮네요.,2022-10-06 03:35:50
5715,47478,176,1,가격 대비 만족합니다.,2022-07-17 19:57:50
5716,47493,192,1,가성비 괜찮네요.,2023-06-07 14:38:37
5717,47497,13,2,포장 상태가 아쉬웠습니다.,2022-05-07 22:53:38
5718,47498,155,3,품질이 생각보다 별로였어요.,2023-05-23 01:35:19
5719,47515,23,1,배송이 너무 늦었어요.,2023-01-16 07:04:51
5720,47530,188,2,배송이 빨라서 좋았어요.,2023-04-04 20:01:52
5721,47536,187,5,포장 상태가 아쉬웠습니다.,2023-01-24 18:34:55
5722,47542,111,5,배송이 빨라서 좋았어요.,2022-03-25 11:34:51
5723,47543,102,4,포장 상태가 아쉬웠습니다.,2023-11-27 19:50:51
5724,47546,141,2,품질이 생각보다 별로였어요.,2022-02-24 23:13:58
5725,47562,195,5,배송이 너무 늦었어요.,2022-08-30 17:12:23
5726,47568,122,4,재구매 의사 있습니다!,2023-01-05 15:52:51
5727,47569,88,2,포장 상태가 아쉬웠습니다.,2022-06-10 16:00:58
5728,47570,46,4,품질이 생각보다 별로였어요.,2022-10-31 06:53:22
5729,47579,43,1,가성비 괜찮네요.,2023-01-13 08:48:10
5730,47593,47,3,포장 상태가 아쉬웠습니다.,2023-01-11 18:28:00
5731,47600,200,1,가격 대비 만족합니다.,2023-12-11 20:34:29
5732,47616,104,2,배송이 너무 늦었어요.,2022-07-09 21:53:57
5733,47618,100,4,품질이 생각보다 별로였어요.,2023-06-22 01:02:27
5734,47634,13,5,가격 대비 만족합니다.,2022-09-15 12:10:25
5735,47647,90,1,친구한테 선물했는데 좋아합니다.,2023-11-09 23:09:24
5736,47663,39,4,배송이 너무 늦었어요.,2022-06-10 11:24:50
5737,47676,163,5,가격 대비 만족합니다.,2023-09-22 19:24:53
5738,47686,15,3,가성비 괜찮네요.,2022-07-07 06:35:35
5739,47688,112,2,친구한테 선물했는데 좋아합니다.,2023-04-28 00:26:03
5740,47689,190,5,품질이 생각보다 별로였어요.,2023-12-03 03:05:47
5741,47705,188,3,포장 상태가 아쉬웠습니다.,2022-09-06 21:03:34
5742,47709,55,1,포장 상태가 아쉬웠습니다.,2023-12-20 12:32:02
5743,47712,96,3,가성비 괜찮네요.,2023-04-17 06:57:29
5744,47714,112,5,품질이 생각보다 별로였어요.,2022-10-19 23:13:04
5745,47720,15,5,친구한테 선물했는데 좋아합니다.,2023-12-12 18:07:03
5746,47735,46,2,배송이 너무 늦었어요.,2023-01-30 22:20:23
5747,47742,47,4,배송이 너무 늦었어요.,2023-10-03 20:51:14
5748,47749,86,2,배송이 너무 늦었어요.,2023-11-04 06:08:37
5749,47760,57,5,포장 상태가 아쉬웠습니다.,2022-05-15 03:21:32
5750,47766,144,2,재구매 의사 있습니다!,2023-11-21 19:21:59
5751,47774,137,3,포장 상태가 아쉬웠습니다.,2022-08-21 02:59:13
5752,47787,139,3,포장 상태가 아쉬웠습니다.,2023-10-01 12:16:02
5753,47791,37,2,가성비 괜찮네요.,2022-01-11 09:20:44
5754,47806,8,2,포장 상태가 아쉬웠습니다.,2023-11-05 01:18:31
5755,47823,71,3,가성비 괜찮네요.,2022-10-06 18:50:07
5756,47827,180,5,가격 대비 만족합니다.,2022-03-15 13:38:56
5757,47845,151,5,재구매 의사 있습니다!,2022-12-15 14:11:13
5758,47847,152,3,가성비 괜찮네요.,2023-06-21 17:16:16
5759,47853,175,1,가격 대비 만족합니다.,2024-01-11 17:29:06
5760,47857,147,2,친구한테 선물했는데 좋아합니다.,2023-08-17 01:35:11
5761,47872,150,3,가성비 괜찮네요.,2022-10-24 23:00:42
5762,47878,72,3,재구매 의사 있습니다!,2022-12-02 09:31:31
5763,47880,53,1,친구한테 선물했는데 좋아합니다.,2023-11-08 08:58:23
5764,47884,140,2,친구한테 선물했는데 좋아합니다.,2023-12-14 23:47:31
5765,47890,167,4,포장 상태가 아쉬웠습니다.,2023-10-30 16:28:19
5766,47892,75,4,배송이 빨라서 좋았어요.,2023-02-25 12:46:00
5767,47894,34,2,배송이 빨라서 좋았어요.,2022-05-24 01:14:06
5768,47919,18,2,포장 상태가 아쉬웠습니다.,2022-07-11 02:54:14
5769,47924,109,5,가격 대비 만족합니다.,2022-04-10 15:41:15
5770,47926,26,2,가격 대비 만족합니다.,2022-10-02 05:08:45
5771,47929,99,2,가격 대비 만족합니다.,2022-10-09 13:10:47
5772,47937,128,3,배송이 빨라서 좋았어요.,2023-01-16 12:27:01
5773,47939,157,4,친구한테 선물했는데 좋아합니다.,2022-10-27 19:35:37
5774,47945,90,3,포장 상태가 아쉬웠습니다.,2023-06-25 12:17:41
5775,47957,169,2,배송이 빨라서 좋았어요.,2023-10-01 09:48:41
5776,47960,101,2,품질이 생각보다 별로였어요.,2023-08-03 03:37:11
5777,47974,60,1,친구한테 선물했는데 좋아합니다.,2023-01-02 17:04:20
5778,47983,106,3,품질이 생각보다 별로였어요.,2022-11-11 12:01:17
5779,47992,74,3,배송이 빨라서 좋았어요.,2022-03-07 18:54:10
5780,48012,11,5,친구한테 선물했는데 좋아합니다.,2022-05-01 05:54:36
5781,48019,165,5,포장 상태가 아쉬웠습니다.,2023-04-11 15:38:40
5782,48023,41,4,배송이 너무 늦었어요.,2022-07-06 03:09:35
5783,48031,110,4,품질이 생각보다 별로였어요.,2022-12-03 03:40:00
5784,48036,92,5,재구매 의사 있습니다!,2023-03-23 23:08:05
5785,48037,58,1,친구한테 선물했는데 좋아합니다.,2023-12-22 12:37:10
5786,48046,95,1,재구매 의사 있습니다!,2022-03-31 07:21:39
5787,48049,78,5,가격 대비 만족합니다.,2023-11-07 23:39:01
5788,48073,85,3,배송이 빨라서 좋았어요.,2023-10-12 16:05:44
5789,48087,188,2,친구한테 선물했는데 좋아합니다.,2022-03-05 04:34:41
5790,48095,88,4,배송이 빨라서 좋았어요.,2023-02-21 03:20:59
5791,48097,71,2,가격 대비 만족합니다.,2022-07-31 12:43:18
5792,48116,139,4,배송이 너무 늦었어요.,2023-04-09 06:20:41
5793,48128,159,1,재구매 의사 있습니다!,2023-11-09 11:10:36
5794,48146,34,5,배송이 빨라서 좋았어요.,2023-04-04 00:21:23
5795,48147,133,5,배송이 빨라서 좋았어요.,2022-05-29 03:35:31
5796,48166,10,2,친구한테 선물했는데 좋아합니다.,2023-08-06 02:53:41
5797,48184,195,5,배송이 너무 늦었어요.,2022-05-29 02:38:12
5798,48189,19,5,가성비 괜찮네요.,2022-02-21 17:21:46
5799,48193,52,2,포장 상태가 아쉬웠습니다.,2022-06-04 16:13:31
5800,48205,19,2,가격 대비 만족합니다.,2022-06-24 18:14:42
5801,48213,13,1,배송이 빨라서 좋았어요.,2023-11-14 03:36:14
5802,48215,68,5,가성비 괜찮네요.,2023-08-26 19:22:03
5803,48235,197,1,재구매 의사 있습니다!,2023-01-03 13:54:08
5804,48256,184,2,품질이 생각보다 별로였어요.,2022-07-14 16:32:49
5805,48262,118,2,재구매 의사 있습니다!,2022-06-01 14:04:18
5806,48266,128,4,재구매 의사 있습니다!,2022-03-29 03:45:14
5807,48267,89,4,친구한테 선물했는데 좋아합니다.,2023-10-12 15:20:29
5808,48282,74,2,가격 대비 만족합니다.,2023-12-08 10:19:33
5809,48286,54,1,배송이 빨라서 좋았어요.,2022-11-12 13:53:49
5810,48310,43,3,배송이 빨라서 좋았어요.,2023-09-08 19:17:54
5811,48311,90,4,가성비 괜찮네요.,2023-12-14 13:16:01
5812,48321,154,1,배송이 빨라서 좋았어요.,2023-09-20 13:52:58
5813,48330,166,1,가성비 괜찮네요.,2022-02-05 19:59:02
5814,48337,194,3,포장 상태가 아쉬웠습니다.,2022-11-01 02:17:41
5815,48341,190,2,가격 대비 만족합니다.,2023-01-10 23:46:58
5816,48342,88,5,친구한테 선물했는데 좋아합니다.,2023-12-08 18:26:06
5817,48352,34,1,배송이 빨라서 좋았어요.,2023-12-14 21:47:59
5818,48358,172,5,배송이 너무 늦었어요.,2022-12-15 16:56:01
5819,48360,179,1,재구매 의사 있습니다!,2023-03-17 03:57:46
5820,48362,101,4,배송이 너무 늦었어요.,2022-08-12 03:31:30
5821,48379,185,1,배송이 빨라서 좋았어요.,2022-02-19 06:29:45
5822,48381,5,2,배송이 빨라서 좋았어요.,2023-03-04 20:27:51
5823,48385,82,3,가격 대비 만족합니다.,2022-12-20 21:06:53
5824,48413,53,5,재구매 의사 있습니다!,2022-04-17 21:06:34
5825,48425,74,1,배송이 빨라서 좋았어요.,2024-01-15 14:14:05
5826,48436,149,5,가성비 괜찮네요.,2023-11-08 09:49:07
5827,48464,80,4,배송이 너무 늦었어요.,2023-01-26 07:28:27
5828,48465,42,4,가격 대비 만족합니다.,2023-09-29 13:55:15
5829,48470,198,4,가성비 괜찮네요.,2022-02-02 00:59:55
5830,48481,144,2,재구매 의사 있습니다!,2022-12-27 08:40:32
5831,48489,67,1,배송이 빨라서 좋았어요.,2022-03-13 17:41:25
5832,48491,58,2,배송이 빨라서 좋았어요.,2023-07-26 11:32:42
5833,48494,108,5,포장 상태가 아쉬웠습니다.,2022-10-15 16:29:01
5834,48495,133,2,재구매 의사 있습니다!,2023-11-29 16:42:43
5835,48500,193,2,친구한테 선물했는데 좋아합니다.,2023-03-06 19:53:08
5836,48504,58,3,품질이 생각보다 별로였어요.,2023-04-17 00:17:55
5837,48505,166,3,가격 대비 만족합니다.,2023-03-17 22:12:31
5838,48538,78,5,재구매 의사 있습니다!,2022-06-25 14:24:17
5839,48550,85,5,품질이 생각보다 별로였어요.,2023-02-03 12:28:01
5840,48555,10,3,가성비 괜찮네요.,2022-08-01 20:47:31
5841,48560,127,4,배송이 빨라서 좋았어요.,2022-11-12 16:22:23
5842,48566,141,3,배송이 너무 늦었어요.,2023-03-17 04:07:12
5843,48567,168,5,품질이 생각보다 별로였어요.,2023-05-06 00:17:52
5844,48574,182,3,친구한테 선물했는데 좋아합니다.,2023-01-31 01:01:30
5845,48584,178,1,가격 대비 만족합니다.,2023-12-11 06:22:22
5846,48600,46,2,재구매 의사 있습니다!,2023-09-30 21:52:11
5847,48601,84,3,배송이 너무 늦었어요.,2023-10-11 01:02:38
5848,48607,93,4,포장 상태가 아쉬웠습니다.,2023-04-04 02:30:57
5849,48618,103,2,품질이 생각보다 별로였어요.,2022-05-23 23:34:14
5850,48627,130,1,배송이 빨라서 좋았어요.,2023-03-10 09:29:23
5851,48628,110,1,포장 상태가 아쉬웠습니다.,2023-10-13 12:11:20
5852,48629,88,5,배송이 빨라서 좋았어요.,2022-06-21 06:19:06
5853,48631,183,4,포장 상태가 아쉬웠습니다.,2023-10-20 13:08:52
5854,48636,51,2,가격 대비 만족합니다.,2023-04-25 04:59:03
5855,48643,2,3,배송이 빨라서 좋았어요.,2023-12-04 08:57:11
5856,48644,20,1,포장 상태가 아쉬웠습니다.,2023-09-13 17:44:25
5857,48657,77,2,포장 상태가 아쉬웠습니다.,2022-01-19 05:53:58
5858,48670,30,1,가성비 괜찮네요.,2022-05-11 02:16:26
5859,48700,136,5,품질이 생각보다 별로였어요.,2022-02-10 01:38:40
5860,48712,88,5,품질이 생각보다 별로였어요.,2022-06-21 02:42:10
5861,48719,194,2,품질이 생각보다 별로였어요.,2022-09-27 14:17:38
5862,48726,66,3,배송이 너무 늦었어요.,2022-04-12 05:11:49
5863,48732,142,4,품질이 생각보다 별로였어요.,2023-12-18 05:55:36
5864,48738,171,1,가성비 괜찮네요.,2023-05-08 09:47:19
5865,48740,24,5,포장 상태가 아쉬웠습니다.,2022-08-26 08:55:40
5866,48746,181,4,포장 상태가 아쉬웠습니다.,2023-06-17 14:34:39
5867,48748,150,5,가성비 괜찮네요.,2022-06-12 17:27:28
5868,48759,198,4,가격 대비 만족합니다.,2022-02-23 12:24:51
5869,48799,109,2,가격 대비 만족합니다.,2023-08-18 07:04:15
5870,48803,110,3,친구한테 선물했는데 좋아합니다.,2022-02-12 22:14:17
5871,48809,75,4,가성비 괜찮네요.,2023-08-29 10:15:28
5872,48818,35,2,배송이 너무 늦었어요.,2023-05-15 17:37:25
5873,48825,107,5,가성비 괜찮네요.,2023-04-06 07:40:46
5874,48833,101,4,가격 대비 만족합니다.,2022-11-03 14:16:47
5875,48834,3,1,가성비 괜찮네요.,2022-03-28 00:56:15
5876,48836,25,3,품질이 생각보다 별로였어요.,2022-09-22 04:01:42
5877,48837,47,1,가격 대비 만족합니다.,2022-02-09 08:40:22
5878,48838,70,1,가격 대비 만족합니다.,2022-06-14 14:25:05
5879,48842,185,1,배송이 빨라서 좋았어요.,2023-11-12 14:11:42
5880,48846,188,2,품질이 생각보다 별로였어요.,2022-07-04 12:38:56
5881,48867,193,3,가성비 괜찮네요.,2023-09-21 09:25:54
5882,48871,31,1,배송이 빨라서 좋았어요.,2022-09-14 09:19:33
5883,48874,11,3,배송이 너무 늦었어요.,2023-10-13 23:24:58
5884,48876,38,3,포장 상태가 아쉬웠습니다.,2022-08-05 23:08:10
5885,48898,111,1,품질이 생각보다 별로였어요.,2023-03-29 17:12:28
5886,48940,2,4,친구한테 선물했는데 좋아합니다.,2023-07-19 06:54:12
5887,48941,125,1,배송이 너무 늦었어요.,2023-07-20 04:41:42
5888,48961,154,2,친구한테 선물했는데 좋아합니다.,2023-07-26 01:45:11
5889,48964,171,1,배송이 너무 늦었어요.,2023-09-11 18:55:14
5890,48965,53,5,품질이 생각보다 별로였어요.,2022-06-12 10:34:49
5891,48969,144,5,재구매 의사 있습니다!,2023-01-27 16:02:49
5892,48976,187,1,가격 대비 만족합니다.,2022-05-10 13:22:16
5893,48989,148,2,가성비 괜찮네요.,2022-12-21 10:18:59
5894,48990,153,3,배송이 빨라서 좋았어요.,2023-06-27 22:24:19
5895,49001,156,5,재구매 의사 있습니다!,2022-01-16 03:31:24
5896,49013,15,1,포장 상태가 아쉬웠습니다.,2022-04-25 02:40:37
5897,49019,141,2,배송이 빨라서 좋았어요.,2023-05-04 04:35:51
5898,49027,198,2,포장 상태가 아쉬웠습니다.,2022-02-17 02:59:43
5899,49029,135,2,배송이 너무 늦었어요.,2023-04-11 06:47:47
5900,49031,55,4,배송이 빨라서 좋았어요.,2024-01-02 02:40:56
5901,49038,190,3,재구매 의사 있습니다!,2022-09-05 16:37:04
5902,49041,25,3,친구한테 선물했는데 좋아합니다.,2022-07-24 21:56:40
5903,49044,68,1,가격 대비 만족합니다.,2022-02-24 18:57:20
5904,49050,57,5,가격 대비 만족합니다.,2023-09-12 09:06:08
5905,49060,85,5,배송이 빨라서 좋았어요.,2022-09-14 18:33:08
5906,49066,144,1,품질이 생각보다 별로였어요.,2022-07-02 20:52:26
5907,49079,115,5,품질이 생각보다 별로였어요.,2023-06-03 18:07:21
5908,49081,161,2,가성비 괜찮네요.,2022-06-07 16:36:05
5909,49084,134,4,재구매 의사 있습니다!,2022-11-16 23:01:00
5910,49085,155,5,배송이 너무 늦었어요.,2023-02-17 16:55:32
5911,49086,52,5,가성비 괜찮네요.,2022-04-02 15:53:01
5912,49087,31,3,배송이 너무 늦었어요.,2023-06-04 01:55:25
5913,49099,84,4,품질이 생각보다 별로였어요.,2022-10-11 09:19:17
5914,49120,13,2,배송이 너무 늦었어요.,2022-05-17 12:36:53
5915,49135,77,4,배송이 너무 늦었어요.,2023-05-27 14:25:25
5916,49141,100,2,가격 대비 만족합니다.,2023-12-25 04:24:14
5917,49155,43,4,품질이 생각보다 별로였어요.,2022-01-31 12:42:42
5918,49162,152,1,가격 대비 만족합니다.,2023-06-12 02:00:17
5919,49165,174,4,품질이 생각보다 별로였어요.,2023-08-22 06:23:08
5920,49166,151,5,가성비 괜찮네요.,2023-10-11 10:35:54
5921,49170,76,3,품질이 생각보다 별로였어요.,2023-05-26 23:03:28
5922,49193,89,5,가성비 괜찮네요.,2022-05-25 12:12:18
5923,49195,62,4,재구매 의사 있습니다!,2023-06-09 08:44:05
5924,49202,25,4,배송이 빨라서 좋았어요.,2023-03-21 20:12:07
5925,49209,139,5,가격 대비 만족합니다.,2022-05-11 16:58:37
5926,49217,109,3,배송이 빨라서 좋았어요.,2022-03-03 04:37:40
5927,49223,198,1,배송이 너무 늦었어요.,2023-04-03 15:15:59
5928,49242,30,2,배송이 빨라서 좋았어요.,2022-02-15 14:54:55
5929,49245,60,3,배송이 빨라서 좋았어요.,2022-05-28 16:02:17
5930,49274,183,1,재구매 의사 있습니다!,2023-07-29 01:26:46
5931,49286,100,1,품질이 생각보다 별로였어요.,2022-10-15 09:32:43
5932,49294,158,4,가격 대비 만족합니다.,2023-12-14 17:46:30
5933,49302,198,3,배송이 빨라서 좋았어요.,2023-09-26 05:36:24
5934,49320,135,4,배송이 빨라서 좋았어요.,2023-07-17 21:09:21
5935,49323,189,2,재구매 의사 있습니다!,2023-01-16 19:39:39
5936,49343,132,5,포장 상태가 아쉬웠습니다.,2023-10-24 17:04:06
5937,49344,1,4,품질이 생각보다 별로였어요.,2023-06-26 05:07:40
5938,49350,175,5,품질이 생각보다 별로였어요.,2022-06-30 17:20:08
5939,49368,140,2,친구한테 선물했는데 좋아합니다.,2023-07-10 17:46:43
5940,49370,58,1,재구매 의사 있습니다!,2023-06-18 22:40:54
5941,49379,169,3,품질이 생각보다 별로였어요.,2023-11-25 02:28:54
5942,49386,127,2,가성비 괜찮네요.,2022-08-26 14:46:41
5943,49398,146,3,재구매 의사 있습니다!,2022-03-09 12:49:48
5944,49401,139,5,가격 대비 만족합니다.,2022-11-20 09:21:00
5945,49451,99,1,재구매 의사 있습니다!,2022-07-06 08:46:29
5946,49465,29,1,가성비 괜찮네요.,2023-11-30 19:32:05
5947,49466,98,5,친구한테 선물했는데 좋아합니다.,2023-02-22 21:04:46
5948,49474,139,1,포장 상태가 아쉬웠습니다.,2022-08-04 22:47:46
5949,49479,199,4,품질이 생각보다 별로였어요.,2022-01-17 09:25:15
5950,49484,107,5,재구매 의사 있습니다!,2024-01-10 17:28:26
5951,49487,60,2,재구매 의사 있습니다!,2022-10-11 07:02:40
5952,49515,42,5,가성비 괜찮네요.,2023-04-04 20:24:29
5953,49516,167,2,품질이 생각보다 별로였어요.,2023-04-10 23:15:09
5954,49530,179,4,품질이 생각보다 별로였어요.,2022-08-19 06:12:57
5955,49538,50,3,가격 대비 만족합니다.,2023-05-30 09:37:17
5956,49566,21,2,배송이 빨라서 좋았어요.,2023-07-05 10:32:50
5957,49572,164,3,배송이 너무 늦었어요.,2022-10-30 04:56:45
5958,49581,60,5,품질이 생각보다 별로였어요.,2022-11-29 04:54:48
5959,49587,197,2,가성비 괜찮네요.,2024-01-02 12:48:24
5960,49590,26,5,재구매 의사 있습니다!,2023-03-28 14:10:50
5961,49602,114,3,배송이 빨라서 좋았어요.,2023-09-10 15:48:54
5962,49626,65,2,품질이 생각보다 별로였어요.,2022-09-04 08:06:49
5963,49641,153,1,친구한테 선물했는데 좋아합니다.,2022-12-20 00:35:57
5964,49645,130,1,품질이 생각보다 별로였어요.,2022-03-27 22:57:32
5965,49689,41,4,품질이 생각보다 별로였어요.,2022-04-08 08:17:41
5966,49704,167,4,배송이 너무 늦었어요.,2023-11-09 12:49:19
5967,49713,125,2,배송이 너무 늦었어요.,2022-02-03 11:41:59
5968,49742,93,3,가성비 괜찮네요.,2022-02-27 22:16:45
5969,49751,52,2,품질이 생각보다 별로였어요.,2023-02-22 22:49:47
5970,49752,84,5,품질이 생각보다 별로였어요.,2023-12-05 03:59:22
5971,49762,156,4,친구한테 선물했는데 좋아합니다.,2023-01-14 22:41:04
5972,49766,176,1,가성비 괜찮네요.,2023-05-29 07:48:19
5973,49767,47,3,배송이 너무 늦었어요.,2022-06-26 15:38:27
5974,49786,22,3,품질이 생각보다 별로였어요.,2022-04-03 07:29:47
5975,49789,199,5,품질이 생각보다 별로였어요.,2022-08-12 20:09:43
5976,49805,47,2,친구한테 선물했는데 좋아합니다.,2022-02-17 01:22:23
5977,49818,157,2,품질이 생각보다 별로였어요.,2023-10-21 04:13:55
5978,49822,72,5,재구매 의사 있습니다!,2023-08-12 12:14:55
5979,49826,157,1,가격 대비 만족합니다.,2023-03-07 18:01:11
5980,49835,124,4,가성비 괜찮네요.,2023-05-11 03:32:21
5981,49844,81,2,배송이 빨라서 좋았어요.,2022-02-28 19:08:19
5982,49846,148,1,배송이 빨라서 좋았어요.,2023-09-20 04:44:01
5983,49847,90,2,포장 상태가 아쉬웠습니다.,2023-09-04 01:14:35
5984,49878,174,1,재구매 의사 있습니다!,2023-02-02 01:03:17
5985,49892,156,2,포장 상태가 아쉬웠습니다.,2023-01-08 05:22:31
5986,49901,160,2,배송이 너무 늦었어요.,2022-09-26 13:22:37
5987,49903,56,4,재구매 의사 있습니다!,2023-12-30 15:46:03
5988,49927,95,1,가성비 괜찮네요.,2023-02-13 06:49:18
5989,49934,52,2,배송이 빨라서 좋았어요.,2023-09-04 18:19:17
5990,49947,188,4,가격 대비 만족합니다.,2023-03-13 03:22:46
5991,49952,109,3,품질이 생각보다 별로였어요.,2023-06-29 08:41:01
5992,49968,161,4,재구매 의사 있습니다!,2022-12-13 08:39:06
5993,49971,105,5,친구한테 선물했는데 좋아합니다.,2024-01-12 17:50:36
5994,49980,183,1,가격 대비 만족합니다.,2023-11-17 08:53:04
5995,49987,83,5,친구한테 선물했는데 좋아합니다.,2023-07-21 06:03:24
5996,49995,200,5,품질이 생각보다 별로였어요.,2022-07-14 06:24:15
